"Date","BKLN.Open","BKLN.High","BKLN.Low","BKLN.Close","BKLN.Volume","BKLN.Adjusted"
2011-03-03,31.91,32.024,31.885,25.129999,1509700,19.759073
2011-03-04,31.961,31.961,31.808,25.08,189100,19.719753
2011-03-07,32.088,32.088,31.808,25.059999,58100,19.704037
2011-03-08,31.859,31.885,31.808,25.01,178600,19.664717
2011-03-09,31.834,31.872,31.796,25.059999,263200,19.704037
2011-03-10,31.846,31.859,31.808,25.030001,373800,19.680447
2011-03-11,31.834,31.846,31.757,24.99,52700,19.648993
2011-03-14,31.783,31.796,31.694,24.92,65000,19.593958
2011-03-15,31.528,31.77,31.249,24.59,177700,19.334482
2011-03-16,31.35,31.376,31.096,24.530001,66100,19.28731
2011-03-17,31.376,31.401,31.287,24.67,79900,19.397387
2011-03-18,31.427,31.592,31.376,24.83,94500,19.52319
2011-03-21,31.668,31.668,31.541,24.879999,48900,19.56251
2011-03-22,31.656,31.668,31.592,24.9,61900,19.578232
2011-03-23,31.732,31.745,31.516,24.940001,43500,19.609682
2011-03-24,31.745,31.77,31.706,24.969999,37400,19.633278
2011-03-25,31.77,31.834,31.757,25.02,40700,19.672581
2011-03-28,31.846,31.859,31.808,25.040001,146600,19.688311
2011-03-29,31.846,31.872,31.796,25.059999,43900,19.704037
2011-03-30,31.923,31.935,31.872,25.110001,75900,19.743345
2011-03-31,31.986,31.986,31.846,25.120001,238500,19.751213
2011-04-01,31.935,31.935,31.859,25.1,83400,19.735483
2011-04-04,32.05,32.05,31.935,25.190001,70300,19.80625
2011-04-05,32.075,32.075,31.974,25.190001,108700,19.80625
2011-04-06,31.999,32.113,31.999,25.24,91900,19.84556
2011-04-07,32.152,32.177,32.101,25.280001,128800,19.877008
2011-04-08,32.177,32.19,32.126,25.290001,158500,19.88488
2011-04-11,32.177,32.215,32.139,25.309999,213300,19.9006
2011-04-12,32.139,32.203,32.139,25.280001,71400,19.877008
2011-04-13,32.177,32.19,32.126,25.309999,240700,19.9006
2011-04-14,32.152,32.19,32.113,25.299999,181400,19.89274
2011-04-15,32.083,32.083,32.007,25.27,182000,19.927433
2011-04-18,31.905,32.159,31.88,25.219999,196800,19.88801
2011-04-19,32.02,32.032,31.994,25.25,153400,19.911671
2011-04-20,32.058,32.058,31.981,25.280001,136000,19.935326
2011-04-21,32.045,32.058,32.02,25.280001,113900,19.935326
2011-04-25,32.058,32.058,32.02,25.27,65200,19.927433
2011-04-26,32.045,32.058,31.982,25.26,117500,19.91955
2011-04-27,32.058,32.058,32.02,25.26,99800,19.91955
2011-04-28,32.045,32.058,32.032,25.280001,232900,19.935326
2011-04-29,32.045,32.07,32.032,25.280001,101000,19.935326
2011-05-02,32.032,32.07,32.02,25.280001,103000,19.935326
2011-05-03,32.083,32.083,32.007,25.27,130000,19.927433
2011-05-04,32.058,32.058,32.02,25.27,58000,19.927433
2011-05-05,32.045,32.045,32.007,25.25,61700,19.911671
2011-05-06,32.007,32.045,32.007,25.27,66300,19.927433
2011-05-09,32.096,32.096,32.02,25.280001,72000,19.935326
2011-05-10,32.07,32.07,32.02,25.280001,265300,19.935326
2011-05-11,32.083,32.083,32.02,25.27,83700,19.927433
2011-05-12,32.058,32.058,32.02,25.25,71000,19.911671
2011-05-13,31.885,31.885,31.822,25.209999,340400,19.940138
2011-05-16,31.885,31.885,31.835,25.200001,150900,19.93224
2011-05-17,31.873,31.873,31.835,25.200001,138600,19.93224
2011-05-18,31.847,31.847,31.822,25.190001,112500,19.924326
2011-05-19,31.847,31.847,31.797,25.17,111500,19.908504
2011-05-20,31.835,31.835,31.784,25.16,101000,19.900593
2011-05-23,31.746,31.809,31.734,25.139999,95900,19.884771
2011-05-24,31.734,31.771,31.721,25.129999,189900,19.876867
2011-05-25,31.746,31.759,31.683,25.09,210200,19.845222
2011-05-26,31.67,31.721,31.62,25.049999,88700,19.813585
2011-05-27,31.696,31.696,31.607,25.049999,146800,19.813585
2011-05-31,31.696,31.708,31.67,25.08,82200,19.837317
2011-06-01,31.721,31.734,31.696,25.1,80200,19.853134
2011-06-02,31.708,31.721,31.683,25.09,107000,19.845222
2011-06-03,31.696,31.696,31.645,25.059999,144800,19.821495
2011-06-06,31.683,31.683,31.607,25.030001,94200,19.79777
2011-06-07,31.594,31.658,31.506,25.01,237300,19.781952
2011-06-08,31.62,31.62,31.557,24.98,51100,19.758223
2011-06-09,31.544,31.582,31.506,24.969999,54300,19.750309
2011-06-10,31.531,31.544,31.443,24.92,192700,19.710764
2011-06-13,31.531,31.531,31.455,24.879999,69500,19.679121
2011-06-14,31.519,31.519,31.455,24.93,92800,19.718674
2011-06-15,31.32,31.333,31.257,24.84,66200,19.708357
2011-06-16,31.295,31.295,31.182,24.74,70100,19.629015
2011-06-17,31.157,31.245,31.094,24.719999,128200,19.613148
2011-06-20,31.194,31.207,31.131,24.73,36100,19.621082
2011-06-21,31.207,31.245,31.131,24.76,1582000,19.644886
2011-06-22,31.144,31.207,31.119,24.74,99800,19.629015
2011-06-23,31.157,31.169,31.018,24.620001,427300,19.53381
2011-06-24,31.094,31.131,31.043,24.700001,44400,19.597275
2011-06-27,31.157,31.182,31.106,24.690001,132200,19.589346
2011-06-28,31.169,31.169,31.119,24.719999,34700,19.613148
2011-06-29,31.182,31.194,31.131,24.75,92700,19.636944
2011-06-30,31.257,31.295,31.207,24.83,84600,19.700426
2011-07-01,31.194,31.396,31.194,24.879999,100800,19.740095
2011-07-05,31.421,31.421,31.346,24.92,96700,19.77183
2011-07-06,31.409,31.421,31.333,24.93,33800,19.77976
2011-07-07,31.421,31.459,31.32,24.85,206400,19.716291
2011-07-08,31.333,31.434,31.333,24.9,86200,19.75596
2011-07-11,31.371,31.396,31.308,24.9,35900,19.75596
2011-07-12,31.232,31.32,31.232,24.84,34700,19.708357
2011-07-13,31.245,31.346,31.245,24.870001,56600,19.732159
2011-07-14,31.27,31.396,31.27,24.889999,102600,19.748022
2011-07-15,31.212,31.237,31.175,24.83,90600,19.760756
2011-07-18,31.112,31.162,31.112,24.77,62600,19.713009
2011-07-19,31.074,31.175,31.074,24.809999,78200,19.744839
2011-07-20,31.087,31.187,31.087,24.82,80400,19.752802
2011-07-21,31.175,31.2,31.162,24.82,56600,19.752802
2011-07-22,31.225,31.225,31.124,24.83,32400,19.760756
2011-07-25,31.137,31.25,31.137,24.809999,70200,19.744839
2011-07-26,31.237,31.237,31.162,24.85,46500,19.77668
2011-07-27,31.2,31.237,31.149,24.809999,65000,19.744839
2011-07-28,31.187,31.187,31.087,24.790001,77900,19.728924
2011-07-29,31.087,31.112,31.024,24.700001,107600,19.657305
2011-08-01,31.087,31.137,30.961,24.700001,75300,19.657305
2011-08-02,30.986,31.049,30.848,24.6,187200,19.577715
2011-08-03,30.848,30.911,30.785,24.57,69300,19.553839
2011-08-04,30.722,30.798,30.458,24.26,146600,19.307135
2011-08-05,30.458,30.471,29.792,23.93,195100,19.044502
2011-08-08,29.616,30.006,28.837,22.99,146000,18.296417
2011-08-09,28.913,29.415,28.913,23.41,94200,18.630667
2011-08-10,28.31,29.302,28.31,23.18,55700,18.447626
2011-08-11,28.837,29.126,28.561,23.18,78400,18.447626
2011-08-12,28.925,29.34,28.888,23.27,40000,18.519253
2011-08-15,29.022,29.361,29.022,23.42,250800,18.705341
2011-08-16,29.06,29.348,29.06,23.32,167500,18.625469
2011-08-17,29.361,29.486,29.235,23.5,221200,18.769239
2011-08-18,29.173,29.373,28.922,23.15,206800,18.4897
2011-08-19,29.073,29.073,28.86,23.16,51000,18.497675
2011-08-22,29.06,29.135,28.922,23.190001,74700,18.521643
2011-08-23,28.96,29.085,28.76,23.200001,150400,18.529631
2011-08-24,29.173,29.173,28.509,23.02,174600,18.38587
2011-08-25,28.547,29.511,28.509,22.85,71300,18.250084
2011-08-26,28.484,28.659,28.459,22.799999,67400,18.210159
2011-08-29,28.547,28.709,28.472,22.889999,1496300,18.282038
2011-08-30,28.735,28.735,28.497,22.940001,177500,18.321972
2011-08-31,28.897,29.035,28.697,23.1,231700,18.449759
2011-09-01,28.997,29.235,28.997,23.33,72500,18.633457
2011-09-02,29.135,29.774,29.135,23.389999,231700,18.681377
2011-09-06,29.298,29.298,28.985,23.15,38200,18.4897
2011-09-07,29.148,29.31,29.098,23.34,83700,18.641445
2011-09-08,29.235,29.323,29.135,23.27,159700,18.585535
2011-09-09,29.26,29.285,29.11,23.34,23500,18.641445
2011-09-12,29.423,29.423,28.997,23.299999,86000,18.609499
2011-09-13,29.411,29.411,29.073,23.25,125000,18.569561
2011-09-14,29.323,29.448,29.085,23.5,204400,18.769239
2011-09-15,29.291,29.303,29.166,23.42,88700,18.774054
2011-09-16,29.34,29.353,29.141,23.360001,121400,18.72595
2011-09-19,29.004,29.253,29.004,23.4,31100,18.758011
2011-09-20,29.178,29.228,29.128,23.42,79400,18.774054
2011-09-21,29.253,29.315,29.078,23.309999,138000,18.685862
2011-09-22,29.041,29.166,28.841,23.17,65500,18.573645
2011-09-23,28.879,29.153,28.854,23.209999,85400,18.605703
2011-09-26,28.879,29.029,28.879,23.18,29500,18.581657
2011-09-27,29.091,29.103,28.979,23.290001,93300,18.669838
2011-09-28,28.991,29.041,28.792,23.16,49000,18.565624
2011-09-29,29.066,29.066,28.792,23.09,95900,18.50951
2011-09-30,28.779,28.841,28.654,23,43200,18.437366
2011-10-03,28.817,28.817,28.405,22.790001,37900,18.269012
2011-10-04,28.33,28.442,28.068,22.700001,334400,18.196878
2011-10-05,28.13,28.43,28.13,22.790001,63800,18.269012
2011-10-06,28.23,28.604,28.23,22.85,75000,18.317125
2011-10-07,28.455,28.692,28.018,22.84,106100,18.309103
2011-10-10,28.617,29.004,28.592,23.15,67300,18.557606
2011-10-11,28.929,28.929,28.704,23.120001,57200,18.533556
2011-10-12,28.941,29.091,28.866,23.309999,61000,18.685862
2011-10-13,29.041,29.241,29.004,23.389999,98500,18.750002
2011-10-14,29.133,29.133,28.835,23.41,123700,18.859564
2011-10-17,29.058,29.381,28.909,23.41,148000,18.859564
2011-10-18,29.096,29.182,28.909,23.469999,57100,18.907898
2011-10-19,29.17,29.654,28.984,23.469999,53300,18.907898
2011-10-20,29.158,29.22,29.046,23.52,63400,18.948175
2011-10-21,29.133,29.369,29.133,23.65,40300,19.052908
2011-10-24,29.48,29.791,29.096,24,368200,19.334877
2011-10-25,29.691,29.691,29.468,23.82,57600,19.189863
2011-10-26,29.542,29.654,28.587,23.879999,133300,19.238199
2011-10-27,29.753,29.94,29.753,24.040001,240200,19.367098
2011-10-28,30.039,30.039,29.741,24.129999,56800,19.439611
2011-10-31,29.952,29.952,29.741,24,89800,19.334877
2011-11-01,29.791,29.791,29.394,23.860001,99400,19.22209
2011-11-02,29.766,29.766,29.542,23.940001,39000,19.286545
2011-11-03,29.667,29.878,29.667,24.07,42900,19.391277
2011-11-04,29.828,29.952,29.667,24.030001,109900,19.359049
2011-11-07,29.902,29.989,29.853,24.120001,27100,19.431557
2011-11-08,30.039,30.039,29.791,24.02,1e+05,19.350996
2011-11-09,29.741,29.989,29.716,23.940001,67300,19.286545
2011-11-10,29.816,29.952,29.816,24.120001,52000,19.431557
2011-11-11,30.039,30.151,29.53,24.25,52600,19.536291
2011-11-14,29.965,30.151,29.902,24.17,35400,19.47183
2011-11-15,29.824,30.035,29.651,23.99,64300,19.409534
2011-11-16,29.787,29.787,29.355,24.049999,52600,19.458076
2011-11-17,29.738,29.738,29.553,24.02,131000,19.433811
2011-11-18,29.701,29.701,29.602,23.98,56600,19.401453
2011-11-21,29.627,29.627,29.441,23.860001,54200,19.304354
2011-11-22,29.515,29.528,29.342,23.799999,53000,19.255808
2011-11-23,29.392,29.404,29.219,23.65,103300,19.134449
2011-11-25,29.194,29.392,29.194,23.74,84900,19.207277
2011-11-28,29.342,29.553,29.305,23.799999,271300,19.255808
2011-11-29,29.404,29.627,29.268,23.709999,61500,19.182997
2011-11-30,29.528,29.565,29.367,23.91,67400,19.34481
2011-12-01,29.478,29.577,29.478,23.9,71200,19.336712
2011-12-02,29.602,29.602,29.417,23.799999,119100,19.255808
2011-12-05,29.429,29.577,29.429,23.92,127000,19.352903
2011-12-06,29.565,29.614,29.478,23.93,42400,19.360991
2011-12-07,29.553,29.565,29.478,23.91,18500,19.34481
2011-12-08,29.515,29.54,29.392,23.870001,62900,19.312445
2011-12-09,29.491,29.577,29.281,23.91,81000,19.34481
2011-12-12,29.478,29.54,29.33,23.9,62400,19.336712
2011-12-13,29.404,29.515,29.404,23.860001,121200,19.304354
2011-12-14,29.392,29.454,29.318,23.799999,81800,19.255808
2011-12-15,29.15,29.15,29.052,23.690001,86900,19.260689
2011-12-16,29.064,29.236,29.04,23.65,102600,19.228167
2011-12-19,29.261,29.261,29.003,23.719999,85600,19.285078
2011-12-20,29.249,29.285,29.126,23.700001,136300,19.268824
2011-12-21,29.126,29.298,29.126,23.82,40800,19.366383
2011-12-22,29.335,29.445,29.236,23.889999,216800,19.423296
2011-12-23,29.458,29.458,29.31,23.85,124100,19.390779
2011-12-27,29.273,29.384,29.212,23.77,173800,19.325733
2011-12-28,29.335,29.408,29.212,23.889999,226900,19.423296
2011-12-29,29.372,29.372,29.199,23.74,115900,19.301344
2011-12-30,29.236,29.396,29.199,23.809999,304100,19.358255
2012-01-03,29.322,29.47,29.322,23.93,199800,19.455816
2012-01-04,29.458,29.507,29.421,23.99,109300,19.504602
2012-01-05,29.507,29.593,29.495,24.059999,90500,19.561512
2012-01-06,29.581,29.605,29.544,24.07,114200,19.569649
2012-01-09,29.63,29.716,29.581,24.129999,251700,19.618429
2012-01-10,29.642,29.753,29.642,24.18,149700,19.659081
2012-01-11,29.753,29.765,29.654,24.200001,271600,19.675341
2012-01-12,29.777,29.777,29.679,24.139999,113300,19.626547
2012-01-13,29.409,29.568,29.409,24.1,115600,19.675539
2012-01-17,29.519,29.532,29.483,24.07,82600,19.651047
2012-01-18,29.532,29.581,29.483,24.07,52900,19.651047
2012-01-19,29.544,29.581,29.47,24.07,128500,19.651047
2012-01-20,29.544,29.581,29.519,24.139999,47600,19.7082
2012-01-23,29.642,29.642,29.544,24.120001,52700,19.691868
2012-01-24,29.666,29.691,29.568,24.219999,95900,19.773506
2012-01-25,29.642,29.764,29.593,24.23,145100,19.781679
2012-01-26,29.887,29.887,29.666,24.23,109300,19.781679
2012-01-27,29.813,29.887,29.74,24.389999,69300,19.912306
2012-01-30,29.862,29.936,29.813,24.389999,116600,19.912306
2012-01-31,29.875,30.022,29.764,24.42,95600,19.936792
2012-02-01,29.875,29.948,29.875,24.42,149100,19.936792
2012-02-02,29.985,30.022,29.948,24.5,97400,20.0021
2012-02-03,29.985,30.095,29.985,24.540001,148000,20.034761
2012-02-06,30.058,30.058,29.948,24.48,139500,19.985773
2012-02-07,29.936,30.071,29.936,24.49,64500,19.993942
2012-02-08,30.046,30.132,30.022,24.59,70000,20.075583
2012-02-09,30.071,30.12,30.046,24.57,264000,20.059254
2012-02-10,30.034,30.071,29.96,24.530001,111700,20.026598
2012-02-13,30.071,30.107,29.997,24.57,88500,20.059254
2012-02-14,30.034,30.083,29.948,24.559999,88800,20.051088
2012-02-15,29.752,29.923,29.752,24.48,216900,20.0683
2012-02-16,29.801,29.862,29.74,24.440001,121800,20.035515
2012-02-17,29.813,29.825,29.74,24.450001,79200,20.043711
2012-02-21,29.886,29.886,29.752,24.450001,130800,20.043711
2012-02-22,29.788,29.825,29.788,24.440001,120700,20.035515
2012-02-23,29.801,29.874,29.776,24.43,226500,20.027325
2012-02-24,29.825,29.837,29.788,24.43,316200,20.027325
2012-02-27,29.825,29.898,29.788,24.48,170300,20.0683
2012-02-28,29.886,29.898,29.837,24.469999,74200,20.060114
2012-02-29,29.898,29.898,29.788,24.459999,137800,20.051918
2012-03-01,29.862,29.947,29.825,24.5,115000,20.084702
2012-03-02,29.923,29.971,29.898,24.549999,91600,20.125689
2012-03-05,29.959,29.959,29.898,24.540001,215900,20.117493
2012-03-06,29.886,29.898,29.788,24.42,99700,20.019119
2012-03-07,29.874,29.898,29.813,24.48,128100,20.0683
2012-03-08,29.898,29.923,29.849,24.49,116400,20.076504
2012-03-09,29.91,29.971,29.874,24.530001,1590900,20.109299
2012-03-12,29.923,29.935,29.874,24.530001,272800,20.109299
2012-03-13,29.959,29.959,29.898,24.540001,141100,20.117493
2012-03-14,29.971,30.02,29.91,24.57,191300,20.14208
2012-03-15,29.727,29.787,29.714,24.5,323300,20.167601
2012-03-16,29.739,29.775,29.739,24.48,192600,20.15114
2012-03-19,29.739,29.836,29.654,24.5,348400,20.167601
2012-03-20,29.739,29.812,29.714,24.52,590400,20.184069
2012-03-21,29.775,29.8,29.751,24.5,303200,20.167601
2012-03-22,29.751,29.787,29.751,24.5,122600,20.167601
2012-03-23,29.787,29.787,29.763,24.51,149300,20.175837
2012-03-26,29.787,29.824,29.763,24.540001,251700,20.200531
2012-03-27,29.824,29.824,29.787,24.52,160900,20.184069
2012-03-28,29.848,29.848,29.775,24.549999,183500,20.208755
2012-03-29,29.848,29.872,29.787,24.559999,332000,20.216991
2012-03-30,29.824,29.885,29.812,24.58,724900,20.233458
2012-04-02,29.86,29.921,29.812,24.6,298900,20.24992
2012-04-03,29.848,29.885,29.775,24.549999,127200,20.208755
2012-04-04,29.824,29.848,29.714,24.530001,201200,20.192301
2012-04-05,29.86,29.86,29.775,24.530001,95000,20.192301
2012-04-09,29.812,29.812,29.714,24.5,114300,20.167601
2012-04-10,29.812,29.812,29.642,24.41,210100,20.093519
2012-04-11,29.775,29.824,29.654,24.52,95800,20.184069
2012-04-12,29.763,29.812,29.763,24.540001,127200,20.200531
2012-04-13,29.5,29.549,29.452,24.360001,759400,20.140175
2012-04-16,29.524,29.561,29.464,24.360001,429800,20.140175
2012-04-17,29.512,29.585,29.512,24.4,131300,20.173239
2012-04-18,29.573,29.597,29.488,24.379999,108100,20.15671
2012-04-19,29.549,29.585,29.476,24.370001,156500,20.148443
2012-04-20,29.561,29.573,29.5,24.450001,130200,20.214588
2012-04-23,29.476,29.573,29.476,24.43,110800,20.198044
2012-04-24,29.524,29.585,29.512,24.42,119900,20.189781
2012-04-25,29.549,29.67,29.537,24.51,213400,20.264196
2012-04-26,29.633,29.706,29.609,24.559999,332800,20.305527
2012-04-27,29.67,29.73,29.609,24.57,122700,20.313801
2012-04-30,29.706,29.742,29.633,24.59,164000,20.330332
2012-05-01,29.754,29.815,29.742,24.65,794400,20.37994
2012-05-02,29.839,29.839,29.766,24.639999,135000,20.371677
2012-05-03,29.875,29.911,29.766,24.690001,142000,20.41301
2012-05-04,29.887,29.972,29.815,24.77,470300,20.479153
2012-05-07,29.887,29.996,29.778,24.76,419000,20.470881
2012-05-08,29.972,29.972,29.827,24.66,159800,20.388205
2012-05-09,29.887,29.899,29.803,24.719999,70200,20.437807
2012-05-10,29.96,29.972,29.851,24.68,4607100,20.404739
2012-05-11,29.936,29.96,29.827,24.68,131000,20.404739
2012-05-14,29.936,29.936,29.827,24.68,205700,20.404739
2012-05-15,29.688,29.724,29.604,24.6,250700,20.425497
2012-05-16,29.628,29.7,29.592,24.57,254500,20.400587
2012-05-17,29.592,29.592,29.375,24.389999,610900,20.251129
2012-05-18,29.315,29.375,29.134,24.190001,671800,20.085077
2012-05-21,29.266,29.339,29.158,24.34,288500,20.209621
2012-05-22,29.363,29.375,29.302,24.35,197400,20.217924
2012-05-23,29.266,29.327,29.134,24.25,238000,20.134893
2012-05-24,29.266,29.266,29.146,24.280001,144400,20.1598
2012-05-25,29.194,29.29,29.194,24.32,179900,20.193018
2012-05-29,29.315,29.339,29.182,24.26,200600,20.1432
2012-05-30,29.194,29.23,29.074,24.139999,213400,20.043554
2012-05-31,29.182,29.218,28.989,24.139999,128600,20.043554
2012-06-01,28.893,29.146,28.423,23.75,783600,19.719736
2012-06-04,28.797,28.977,28.58,23.799999,310800,19.761253
2012-06-05,28.628,28.773,28.544,23.889999,544300,19.835993
2012-06-06,28.7,28.881,28.7,23.959999,108200,19.894106
2012-06-07,28.929,28.965,28.7,24.040001,381900,19.960529
2012-06-08,29.001,29.086,28.785,24.15,240900,20.051868
2012-06-11,28.989,29.086,28.941,24.120001,128200,20.026953
2012-06-12,28.989,29.23,28.905,24.27,188900,20.151499
2012-06-13,29.194,29.23,29.074,24.23,181700,20.118288
2012-06-14,29.11,29.266,29.11,24.299999,76200,20.176403
2012-06-15,28.966,29.074,28.966,24.190001,180100,20.168072
2012-06-18,28.906,28.978,28.822,24.120001,173000,20.109713
2012-06-19,29.002,29.026,28.954,24.200001,153100,20.176405
2012-06-20,29.062,29.074,28.99,24.23,281000,20.20142
2012-06-21,29.062,29.062,28.942,24.139999,200200,20.126381
2012-06-22,29.122,29.17,28.966,24.209999,278300,20.184746
2012-06-25,29.074,29.146,28.978,24.200001,169700,20.176405
2012-06-26,29.026,29.134,28.978,24.16,197900,20.143064
2012-06-27,28.99,29.146,28.978,24.299999,783800,20.259779
2012-06-28,29.122,29.17,29.062,24.309999,234800,20.268122
2012-06-29,29.11,29.254,29.11,24.379999,213600,20.326481
2012-07-02,29.17,29.326,29.17,24.42,221400,20.359827
2012-07-03,29.29,29.314,29.218,24.440001,87500,20.376509
2012-07-05,29.326,29.338,29.278,24.450001,468200,20.384844
2012-07-06,29.35,29.362,29.29,24.440001,110600,20.376509
2012-07-09,29.374,29.374,29.302,24.49,106700,20.418186
2012-07-10,29.374,29.41,29.35,24.49,158600,20.418186
2012-07-11,29.506,29.518,29.362,24.48,191000,20.409855
2012-07-12,29.362,29.482,29.326,24.49,208000,20.418186
2012-07-13,29.249,29.297,29.165,24.459999,287700,20.48015
2012-07-16,29.177,29.285,29.177,24.459999,181200,20.48015
2012-07-17,29.297,29.38,29.225,24.49,421700,20.505274
2012-07-18,29.261,29.285,29.225,24.5,259500,20.513639
2012-07-19,29.297,29.345,29.273,24.57,150400,20.57225
2012-07-20,29.333,29.333,29.309,24.549999,254900,20.555508
2012-07-23,29.321,29.321,29.225,24.52,213300,20.530394
2012-07-24,29.285,29.309,29.213,24.540001,177700,20.547136
2012-07-25,29.297,29.309,29.285,24.530001,181700,20.538759
2012-07-26,29.297,29.333,29.297,24.530001,270900,20.538759
2012-07-27,29.345,29.369,29.285,24.549999,254500,20.555508
2012-07-30,29.345,29.369,29.309,24.540001,209600,20.547136
2012-07-31,29.38,29.392,29.345,24.57,318400,20.57225
2012-08-01,29.452,29.5,29.285,24.559999,339800,20.563877
2012-08-02,29.38,29.392,29.321,24.57,224200,20.57225
2012-08-03,29.416,29.44,29.369,24.65,139800,20.639236
2012-08-06,29.452,29.476,29.44,24.65,245900,20.639236
2012-08-07,29.5,29.548,29.452,24.73,476400,20.706223
2012-08-08,29.512,29.536,29.5,24.73,271900,20.706223
2012-08-09,29.5,29.536,29.416,24.709999,401200,20.689474
2012-08-10,29.56,29.56,29.524,24.73,177500,20.706223
2012-08-13,29.464,29.524,29.464,24.719999,193600,20.697851
2012-08-14,29.583,29.583,29.488,24.74,266800,20.714594
2012-08-15,29.344,29.344,29.272,24.65,430600,20.715433
2012-08-16,29.356,29.356,29.308,24.65,753200,20.715433
2012-08-17,29.344,29.344,29.308,24.66,269400,20.723831
2012-08-20,29.368,29.368,29.094,24.68,190400,20.740637
2012-08-21,29.368,29.391,29.344,24.700001,161800,20.757456
2012-08-22,29.415,29.439,29.391,24.73,313200,20.782663
2012-08-23,29.427,29.439,29.403,24.719999,294800,20.774256
2012-08-24,29.391,29.463,29.391,24.75,355500,20.799467
2012-08-27,29.439,29.451,29.391,24.73,200900,20.782663
2012-08-28,29.439,29.475,29.415,24.75,585500,20.799467
2012-08-29,29.475,29.487,29.439,24.76,256600,20.807871
2012-08-30,29.475,29.522,29.463,24.809999,1171800,20.849895
2012-08-31,29.522,29.534,29.475,24.77,413900,20.81628
2012-09-04,29.534,29.546,29.475,24.82,570100,20.858297
2012-09-05,29.522,29.558,29.522,24.84,266800,20.875103
2012-09-06,29.558,29.617,29.558,24.879999,200900,20.908724
2012-09-07,29.582,29.629,29.57,24.9,232100,20.925529
2012-09-10,29.641,29.665,29.641,24.92,911300,20.942333
2012-09-11,29.677,29.689,29.665,24.940001,913600,20.959143
2012-09-12,29.736,29.748,29.677,24.99,3196700,21.001167
2012-09-13,29.748,29.808,29.701,25.049999,561700,21.05159
2012-09-14,29.593,29.628,29.569,24.98,1112700,21.069302
2012-09-17,29.64,29.688,29.593,25.01,472600,21.094601
2012-09-18,29.688,29.7,29.64,25.049999,366800,21.128334
2012-09-19,29.7,29.7,29.664,25.040001,732600,21.119907
2012-09-20,29.688,29.7,29.664,25.040001,930900,21.119907
2012-09-21,29.676,29.688,29.664,25.040001,464200,21.119907
2012-09-24,29.688,29.7,29.664,25.040001,681000,21.119907
2012-09-25,29.664,29.688,29.64,25.01,1406600,21.094601
2012-09-26,29.593,29.628,29.569,24.950001,615400,21.043995
2012-09-27,29.628,29.64,29.569,24.969999,1528500,21.060863
2012-09-28,29.617,29.617,29.569,24.950001,724400,21.043995
2012-10-01,29.581,29.64,29.581,24.959999,1062900,21.052431
2012-10-02,29.605,29.64,29.569,24.969999,536200,21.060863
2012-10-03,29.628,29.64,29.593,24.98,783800,21.069302
2012-10-04,29.617,29.617,29.593,24.969999,697500,21.060863
2012-10-05,29.593,29.617,29.593,24.98,821000,21.069302
2012-10-08,29.628,29.628,29.581,24.950001,237200,21.043995
2012-10-09,29.628,29.64,29.617,25,614000,21.086168
2012-10-10,29.617,29.64,29.617,24.99,767300,21.077734
2012-10-11,29.64,29.64,29.617,24.99,614200,21.077734
2012-10-12,29.64,29.7,29.628,24.99,695600,21.077734
2012-10-15,29.447,29.447,29.4,24.91,777100,21.097212
2012-10-16,29.435,29.447,29.424,24.93,659100,21.114147
2012-10-17,29.471,29.471,29.435,24.950001,1714200,21.131096
2012-10-18,29.459,29.471,29.447,24.950001,2542600,21.131096
2012-10-19,29.447,29.447,29.4,24.93,2245100,21.114147
2012-10-22,29.435,29.435,29.412,24.93,1278900,21.114147
2012-10-23,29.412,29.412,29.388,24.889999,616900,21.080273
2012-10-24,29.365,29.388,29.353,24.870001,1294100,21.063334
2012-10-25,29.376,29.376,29.365,24.879999,463800,21.071806
2012-10-26,29.353,29.365,29.329,24.860001,448100,21.054867
2012-10-31,29.294,29.329,29.294,24.84,578300,21.03793
2012-11-01,29.306,29.353,29.294,24.860001,3872600,21.054867
2012-11-02,29.317,29.329,29.294,24.83,1763900,21.029457
2012-11-05,29.329,29.353,29.306,24.860001,903700,21.054867
2012-11-06,29.353,29.365,29.329,24.870001,1002800,21.063334
2012-11-07,29.376,29.388,29.341,24.860001,744400,21.054867
2012-11-08,29.365,29.365,29.341,24.860001,2559800,21.054867
2012-11-09,29.365,29.365,29.306,24.84,2166100,21.03793
2012-11-12,29.294,29.306,29.247,24.82,409400,21.020988
2012-11-13,29.199,29.294,29.164,24.719999,5663800,20.936287
2012-11-14,29.211,29.223,28.951,24.57,934300,20.809252
2012-11-15,28.857,28.857,28.739,24.51,544100,20.843277
2012-11-16,28.787,28.881,28.751,24.530001,672800,20.86027
2012-11-19,28.904,29.022,28.834,24.65,1866800,20.962324
2012-11-20,28.939,28.939,28.916,24.59,381900,20.911301
2012-11-21,28.951,28.963,28.951,24.629999,462300,20.945318
2012-11-23,29.01,29.057,28.939,24.700001,132600,21.004845
2012-11-26,29.01,29.01,28.951,24.639999,267400,20.953817
2012-11-27,28.986,28.998,28.975,24.66,712800,20.970823
2012-11-28,29.022,29.022,28.916,24.6,2226200,20.919809
2012-11-29,29.01,29.069,28.963,24.68,1759900,20.987829
2012-11-30,29.045,29.069,29.033,24.719999,614200,21.021851
2012-12-03,29.104,29.128,29.057,24.77,616700,21.064371
2012-12-04,29.128,29.198,29.104,24.82,718900,21.106892
2012-12-05,29.175,29.198,29.128,24.83,535200,21.115398
2012-12-06,29.233,29.269,29.186,24.860001,584000,21.140911
2012-12-07,29.28,29.316,29.245,24.9,1786100,21.174929
2012-12-10,29.316,29.339,29.28,24.940001,280700,21.208939
2012-12-11,29.316,29.351,29.269,24.959999,457500,21.225952
2012-12-12,29.327,29.327,29.28,24.93,696000,21.200439
2012-12-13,29.327,29.327,29.292,24.93,815600,21.200439
2012-12-14,29.083,29.118,29.072,24.860001,501800,21.22434
2012-12-17,29.154,29.189,29.142,24.92,495200,21.275564
2012-12-18,29.142,29.212,29.142,24.940001,697500,21.292646
2012-12-19,29.189,29.212,29.165,24.93,820600,21.284109
2012-12-20,29.189,29.236,29.165,24.940001,605000,21.292646
2012-12-21,29.165,29.189,29.154,24.91,583700,21.267027
2012-12-24,29.212,29.212,29.165,24.93,604600,21.284109
2012-12-26,29.2,29.236,29.165,24.92,232300,21.275564
2012-12-27,29.212,29.236,29.142,24.950001,573100,21.301184
2012-12-28,29.189,29.2,29.189,24.93,759400,21.284109
2012-12-31,29.2,29.271,29.2,24.98,744600,21.326782
2013-01-02,29.318,29.329,29.318,25.040001,1073600,21.378016
2013-01-03,29.329,29.329,29.259,25,700800,21.343864
2013-01-04,29.318,29.353,29.318,25.059999,986100,21.395096
2013-01-07,29.388,29.411,29.341,25.09,1005000,21.420706
2013-01-08,29.435,29.446,29.4,25.129999,1782200,21.454851
2013-01-09,29.458,29.493,29.423,25.16,1716400,21.480471
2013-01-10,29.493,29.517,29.493,25.200001,888600,21.514618
2013-01-11,29.505,29.517,29.47,25.200001,1715100,21.514618
2013-01-14,29.528,29.54,29.517,25.219999,786600,21.531691
2013-01-15,29.288,29.311,29.276,25.110001,1707000,21.528271
2013-01-16,29.299,29.311,29.206,25.110001,1116700,21.528271
2013-01-17,29.334,29.346,29.299,25.139999,2954400,21.553982
2013-01-18,29.358,29.381,29.323,25.190001,2942200,21.596857
2013-01-22,29.369,29.381,29.346,25.190001,1390800,21.596857
2013-01-23,29.369,29.369,29.323,25.17,1337100,21.579708
2013-01-24,29.393,29.416,29.369,25.219999,1585500,21.622576
2013-01-25,29.404,29.428,29.404,25.219999,2486900,21.622576
2013-01-28,29.428,29.451,29.416,25.219999,1588400,21.622576
2013-01-29,29.393,29.416,29.393,25.219999,1947500,21.622576
2013-01-30,29.381,29.393,29.334,25.17,1325200,21.579708
2013-01-31,29.358,29.358,29.323,25.139999,2120400,21.553982
2013-02-01,29.323,29.323,29.299,25.129999,2629600,21.545404
2013-02-04,29.288,29.288,29.229,25.09,2307600,21.511116
2013-02-05,29.253,29.276,29.253,25.09,3268800,21.511116
2013-02-06,29.241,29.241,29.218,25.059999,2544800,21.485397
2013-02-07,29.206,29.206,29.148,25,2456900,21.433962
2013-02-08,29.159,29.171,29.136,25.01,2189100,21.442524
2013-02-11,29.159,29.159,29.136,24.99,1555800,21.425377
2013-02-12,29.148,29.183,29.148,25.02,5071400,21.451103
2013-02-13,29.183,29.183,29.148,25.02,4505900,21.451103
2013-02-14,29.183,29.218,29.183,25.049999,1399000,21.476822
2013-02-15,28.985,28.996,28.962,24.93,4732600,21.459604
2013-02-19,29.008,29.031,28.996,24.99,3456000,21.511259
2013-02-20,29.031,29.031,28.996,24.959999,1726500,21.48543
2013-02-21,29.02,29.02,28.985,24.98,1367900,21.502645
2013-02-22,29.043,29.043,29.02,25,1167600,21.519861
2013-02-25,29.043,29.066,29.02,24.98,5806800,21.502645
2013-02-26,29.031,29.043,28.996,25,1103700,21.519861
2013-02-27,29.043,29.055,29.031,25,1102400,21.519861
2013-02-28,29.031,29.055,29.02,25,3563400,21.519861
2013-03-01,29.02,29.043,29.02,24.98,1531900,21.502645
2013-03-04,29.055,29.055,29.031,25.01,3384800,21.528465
2013-03-05,29.043,29.055,29.043,25.01,2233200,21.528465
2013-03-06,29.078,29.078,29.066,25.030001,1739000,21.545696
2013-03-07,29.078,29.113,29.066,25.059999,2457000,21.571508
2013-03-08,29.124,29.136,29.089,25.07,2096400,21.580122
2013-03-11,29.159,29.171,29.147,25.110001,2216700,21.61455
2013-03-12,29.171,29.182,29.147,25.120001,2426500,21.623154
2013-03-13,29.182,29.206,29.171,25.139999,1866000,21.640375
2013-03-14,29.229,29.229,29.206,25.16,2201800,21.657587
2013-03-15,29.002,29.013,28.978,25.059999,4630900,21.654131
2013-03-18,28.99,29.025,28.99,25.08,2141600,21.671417
2013-03-19,29.013,29.013,28.978,25.059999,3837700,21.654131
2013-03-20,29.002,29.025,29.002,25.07,1803500,21.662773
2013-03-21,29.013,29.025,29.002,25.08,2072300,21.671417
2013-03-22,29.013,29.025,29.002,25.08,2199500,21.671417
2013-03-25,29.059,29.059,29.002,25.07,1944900,21.662773
2013-03-26,29.059,29.059,29.025,25.110001,2052000,21.697338
2013-03-27,29.048,29.059,29.002,25.07,1852400,21.662773
2013-03-28,29.002,29.059,29.002,25.1,3965500,21.6887
2013-04-01,29.059,29.071,29.025,25.1,2179100,21.6887
2013-04-02,29.071,29.083,29.059,25.120001,2555100,21.705975
2013-04-03,29.071,29.071,29.036,25.110001,3561600,21.697338
2013-04-04,29.071,29.083,29.071,25.120001,1640500,21.705975
2013-04-05,29.059,29.083,29.059,25.129999,1678200,21.714619
2013-04-08,29.083,29.083,29.048,25.129999,2628100,21.714619
2013-04-09,29.083,29.083,29.059,25.129999,1976900,21.714619
2013-04-10,29.083,29.094,29.071,25.139999,2009900,21.723263
2013-04-11,29.094,29.106,29.071,25.15,4018700,21.731899
2013-04-12,29.152,29.152,29.117,25.18,1900100,21.757818
2013-04-15,28.95,28.95,28.915,25.09,3049600,21.762157
2013-04-16,28.95,28.961,28.938,25.120001,2734400,21.788183
2013-04-17,28.95,28.95,28.904,25.1,7269600,21.770832
2013-04-18,28.95,28.95,28.927,25.1,1683700,21.770832
2013-04-19,28.938,28.961,28.927,25.110001,2550700,21.779512
2013-04-22,28.961,28.961,28.938,25.120001,3539900,21.788183
2013-04-23,28.961,28.984,28.961,25.129999,6685900,21.796856
2013-04-24,28.973,28.984,28.973,25.139999,4902600,21.805531
2013-04-25,28.973,28.996,28.973,25.15,3339800,21.814205
2013-04-26,28.996,28.996,28.961,25.120001,2675900,21.788183
2013-04-29,29.007,29.019,28.996,25.17,1941200,21.831551
2013-04-30,29.03,29.042,29.007,25.190001,2037300,21.848896
2013-05-01,29.03,29.042,29.03,25.18,5172400,21.840229
2013-05-02,29.054,29.077,29.054,25.209999,1517200,21.866251
2013-05-03,29.088,29.088,29.077,25.23,2971800,21.883595
2013-05-06,29.111,29.123,29.1,25.26,1958600,21.909615
2013-05-07,29.123,29.134,29.111,25.26,1744100,21.909615
2013-05-08,29.123,29.157,29.123,25.290001,2896700,21.935638
2013-05-09,29.18,29.18,29.157,25.299999,2824500,21.944311
2013-05-10,29.192,29.192,29.157,25.32,1944000,21.961657
2013-05-13,29.18,29.192,29.169,25.309999,2155300,21.952978
2013-05-14,29.157,29.169,29.157,25.299999,2019500,21.944311
2013-05-15,28.959,28.959,28.948,25.200001,2582200,21.937344
2013-05-16,28.948,28.959,28.936,25.209999,2390700,21.946045
2013-05-17,28.948,28.959,28.948,25.209999,1843100,21.946045
2013-05-20,28.971,28.971,28.959,25.219999,1703900,21.954752
2013-05-21,28.971,28.982,28.959,25.219999,3931600,21.954752
2013-05-22,28.994,28.994,28.948,25.23,4361000,21.963455
2013-05-23,28.959,28.982,28.948,25.209999,5034700,21.946045
2013-05-24,28.936,28.948,28.867,25.139999,3018400,21.885113
2013-05-28,28.913,28.913,28.89,25.16,3405600,21.902517
2013-05-29,28.902,28.902,28.845,25.139999,3027200,21.885113
2013-05-30,28.822,28.833,28.81,25.1,2512600,21.850292
2013-05-31,28.822,28.822,28.73,25.08,4120200,21.832882
2013-06-03,28.787,28.81,28.753,25.07,5484900,21.824175
2013-06-04,28.776,28.787,28.718,25.030001,3099900,21.789358
2013-06-05,28.741,28.753,28.672,24.98,5735200,21.745827
2013-06-06,28.672,28.684,28.569,24.93,6662200,21.702301
2013-06-07,28.638,28.672,28.58,24.959999,5139600,21.728413
2013-06-10,28.695,28.718,28.661,24.99,3221000,21.754536
2013-06-11,28.661,28.695,28.626,24.969999,2528400,21.737125
2013-06-12,28.649,28.649,28.569,24.940001,3694100,21.711
2013-06-13,28.649,28.672,28.603,24.959999,4795600,21.728413
2013-06-14,28.466,28.466,28.443,24.860001,2840400,21.719679
2013-06-17,28.5,28.512,28.431,24.860001,2186700,21.719679
2013-06-18,28.454,28.512,28.454,24.9,3922500,21.754627
2013-06-19,28.512,28.512,28.328,24.77,2218600,21.641052
2013-06-20,28.42,28.431,28.168,24.709999,7774500,21.588627
2013-06-21,28.283,28.294,28.18,24.629999,3840300,21.518738
2013-06-24,28.225,28.248,28.031,24.65,7732900,21.536209
2013-06-25,28.134,28.26,28.065,24.639999,3866200,21.527468
2013-06-26,28.237,28.328,28.214,24.65,3886800,21.536209
2013-06-27,28.283,28.317,28.26,24.74,5090700,21.614838
2013-06-28,28.283,28.328,28.18,24.75,2505600,21.623571
2013-07-01,28.294,28.328,28.283,24.74,2113400,21.614838
2013-07-02,28.283,28.34,28.283,24.74,2491000,21.614838
2013-07-03,28.317,28.351,28.294,24.76,1070200,21.632313
2013-07-05,28.317,28.34,28.283,24.75,1402100,21.623571
2013-07-08,28.306,28.328,28.294,24.74,1467200,21.614838
2013-07-09,28.328,28.409,28.306,24.799999,6175700,21.667257
2013-07-10,28.374,28.386,28.34,24.76,2266500,21.632313
2013-07-11,28.397,28.466,28.397,24.84,3800000,21.702204
2013-07-12,28.523,28.523,28.443,24.92,3962100,21.772104
2013-07-15,28.317,28.34,28.306,24.85,2940400,21.78964
2013-07-16,28.317,28.352,28.295,24.83,1390700,21.772104
2013-07-17,28.352,28.42,28.295,24.85,5338100,21.78964
2013-07-18,28.397,28.454,28.34,24.940001,3369400,21.868557
2013-07-19,28.431,28.466,28.409,24.959999,2913300,21.886086
2013-07-22,28.443,28.488,28.443,24.950001,1989700,21.877325
2013-07-23,28.466,28.5,28.466,24.99,1819200,21.912399
2013-07-24,28.488,28.488,28.454,24.959999,2131100,21.886086
2013-07-25,28.443,28.477,28.431,24.969999,3179300,21.894859
2013-07-26,28.431,28.466,28.409,24.940001,4078300,21.868557
2013-07-29,28.443,28.454,28.409,24.940001,2926600,21.868557
2013-07-30,28.443,28.454,28.42,24.950001,2921000,21.877325
2013-07-31,28.443,28.466,28.42,24.950001,3791900,21.877325
2013-08-01,28.454,28.466,28.431,24.940001,3014200,21.868557
2013-08-02,28.454,28.477,28.431,24.959999,3083900,21.886086
2013-08-05,28.443,28.454,28.397,24.93,3315100,21.859789
2013-08-06,28.42,28.42,28.374,24.9,3902700,21.833481
2013-08-07,28.386,28.386,28.363,24.879999,2050200,21.815945
2013-08-08,28.374,28.386,28.34,24.85,3197300,21.78964
2013-08-09,28.374,28.397,28.352,24.9,2037500,21.833481
2013-08-12,28.397,28.397,28.386,24.9,2129300,21.833481
2013-08-13,28.374,28.386,28.352,24.879999,2824400,21.815945
2013-08-14,28.386,28.386,28.34,24.879999,1533200,21.815945
2013-08-15,28.181,28.181,28.101,24.780001,2298100,21.807148
2013-08-16,28.09,28.147,28.09,24.76,2482100,21.789539
2013-08-19,28.135,28.135,27.851,24.530001,5667100,21.587139
2013-08-20,27.965,28.067,27.92,24.690001,3840100,21.727938
2013-08-21,28.045,28.079,27.999,24.639999,1504100,21.683937
2013-08-22,28.045,28.079,27.988,24.709999,2275300,21.745537
2013-08-23,28.044,28.067,27.999,24.65,2303500,21.692741
2013-08-26,28.056,28.067,27.999,24.65,1712400,21.692741
2013-08-27,28.022,28.067,27.942,24.610001,2165100,21.657537
2013-08-28,28.022,28.056,27.976,24.66,2009400,21.701536
2013-08-29,28.056,28.113,28.033,24.719999,5219200,21.754339
2013-08-30,28.113,28.113,28.067,24.719999,2173100,21.754339
2013-09-03,28.113,28.135,28.079,24.76,1334200,21.789539
2013-09-04,28.135,28.147,28.113,24.77,2753200,21.798347
2013-09-05,28.124,28.147,28.09,24.76,4183300,21.789539
2013-09-06,28.135,28.158,28.124,24.76,2626000,21.789539
2013-09-09,28.147,28.204,28.147,24.809999,3536200,21.833546
2013-09-10,28.113,28.192,28.113,24.799999,2520700,21.824739
2013-09-11,28.192,28.204,28.17,24.82,1953300,21.84234
2013-09-12,28.192,28.204,28.17,24.799999,2423000,21.824739
2013-09-13,28.019,28.019,27.996,24.74,2060200,21.845053
2013-09-16,28.041,28.064,28.03,24.780001,5508300,21.880377
2013-09-17,28.075,28.087,28.053,24.790001,1692300,21.88921
2013-09-18,28.075,28.121,28.03,24.799999,5720400,21.898026
2013-09-19,28.098,28.098,28.041,24.780001,1996500,21.880377
2013-09-20,28.098,28.121,28.075,24.82,2717900,21.915689
2013-09-23,28.064,28.098,28.053,24.809999,1619200,21.906862
2013-09-24,28.075,28.109,28.064,24.790001,4605200,21.88921
2013-09-25,28.064,28.075,28.019,24.76,1965800,21.862715
2013-09-26,28.019,28.03,27.962,24.700001,2230800,21.809736
2013-09-27,27.996,28.007,27.951,24.719999,1405900,21.827391
2013-09-30,27.973,27.973,27.939,24.68,1688100,21.79208
2013-10-01,27.951,27.973,27.894,24.66,5427400,21.774414
2013-10-02,27.951,27.985,27.917,24.709999,1689400,21.818563
2013-10-03,27.973,27.985,27.928,24.700001,1598000,21.809736
2013-10-04,27.973,27.996,27.951,24.719999,1164600,21.827391
2013-10-07,27.996,28.019,27.985,24.73,1093000,21.836227
2013-10-08,28.007,28.007,27.951,24.719999,2174400,21.827391
2013-10-09,28.007,28.007,27.962,24.709999,2045000,21.818563
2013-10-10,27.973,28.007,27.962,24.709999,1712700,21.818563
2013-10-11,27.996,28.007,27.973,24.709999,1585200,21.818563
2013-10-14,27.996,28.019,27.973,24.719999,1194000,21.827391
2013-10-15,27.834,27.846,27.8,24.65,1197700,21.838911
2013-10-16,27.823,27.857,27.8,24.639999,1711400,21.83005
2013-10-17,27.823,27.868,27.789,24.68,4057500,21.865492
2013-10-18,27.902,27.902,27.846,24.709999,2526500,21.892067
2013-10-21,27.902,27.913,27.891,24.719999,3233600,21.900925
2013-10-22,27.925,27.947,27.902,24.75,3756100,21.927504
2013-10-23,27.925,27.97,27.925,24.780001,4685600,21.954086
2013-10-24,27.958,27.97,27.936,24.76,5177700,21.936365
2013-10-25,27.947,27.981,27.936,24.780001,4692400,21.954086
2013-10-28,27.992,28.015,27.97,24.809999,4167200,21.980661
2013-10-29,28.015,28.026,27.992,24.82,4358400,21.989519
2013-10-30,28.026,28.037,28.004,24.82,4476400,21.989519
2013-10-31,28.037,28.037,28.004,24.83,1593000,21.998384
2013-11-01,28.026,28.037,28.004,24.83,2739400,21.998384
2013-11-04,28.049,28.071,28.037,24.860001,1429500,22.024963
2013-11-05,28.037,28.071,28.026,24.860001,2514800,22.024963
2013-11-06,28.071,28.083,28.026,24.870001,3360300,22.033825
2013-11-07,28.071,28.094,28.026,24.83,2426800,21.998384
2013-11-08,28.037,28.094,28.037,24.84,2369100,22.007246
2013-11-11,28.083,28.083,28.06,24.870001,1022500,22.033825
2013-11-12,28.094,28.094,28.071,24.889999,1101200,22.051537
2013-11-13,28.094,28.128,28.094,24.92,2122600,22.078121
2013-11-14,28.083,28.116,28.083,24.879999,4492500,22.042673
2013-11-15,27.909,27.931,27.898,24.83,2786800,22.072906
2013-11-18,27.931,27.931,27.898,24.82,2085900,22.064022
2013-11-19,27.931,27.931,27.898,24.82,1444900,22.064022
2013-11-20,27.92,27.931,27.909,24.809999,2632000,22.055124
2013-11-21,27.898,27.943,27.898,24.82,4242500,22.064022
2013-11-22,27.931,27.943,27.92,24.83,2196400,22.072906
2013-11-25,27.931,27.954,27.931,24.83,3393800,22.072906
2013-11-26,27.954,27.954,27.931,24.85,2022900,22.090687
2013-11-27,27.954,27.954,27.92,24.82,2574000,22.064022
2013-11-29,27.92,27.943,27.92,24.82,716700,22.064022
2013-12-02,27.954,27.954,27.898,24.84,2785400,22.081797
2013-12-03,27.954,27.954,27.92,24.85,1970500,22.090687
2013-12-04,27.943,27.954,27.909,24.83,3274600,22.072906
2013-12-05,27.931,27.954,27.909,24.84,1350600,22.081797
2013-12-06,27.943,27.954,27.92,24.84,2154200,22.081797
2013-12-09,27.943,27.976,27.931,24.870001,1747900,22.108461
2013-12-10,27.965,27.976,27.954,24.870001,2246600,22.108461
2013-12-11,27.954,27.976,27.954,24.870001,2864300,22.108461
2013-12-12,27.976,27.976,27.943,24.84,3637700,22.081797
2013-12-13,27.781,27.781,27.747,24.77,2147100,22.09428
2013-12-16,27.759,27.781,27.747,24.77,1313900,22.09428
2013-12-17,27.781,27.792,27.747,24.790001,2323800,22.11212
2013-12-18,27.77,27.826,27.759,24.82,2365200,22.138884
2013-12-19,27.792,27.815,27.759,24.780001,3169200,22.103205
2013-12-20,27.781,27.826,27.77,24.82,4989600,22.138884
2013-12-23,27.815,27.826,27.803,24.82,2179100,22.138884
2013-12-24,27.803,27.837,27.803,24.82,1080300,22.138884
2013-12-26,27.826,27.848,27.815,24.83,1493600,22.147797
2013-12-27,27.837,27.859,27.826,24.85,1286900,22.165644
2013-12-30,27.859,27.871,27.848,24.860001,1820900,22.174562
2013-12-31,27.871,27.893,27.871,24.879999,2250300,22.1924
2014-01-02,27.882,27.893,27.871,24.879999,4278200,22.1924
2014-01-03,27.893,27.927,27.871,24.9,1953600,22.210239
2014-01-06,27.916,27.938,27.882,24.870001,3454200,22.183479
2014-01-07,27.927,27.949,27.916,24.92,1789500,22.228081
2014-01-08,27.96,27.983,27.949,24.950001,3197700,22.254839
2014-01-09,27.994,28.005,27.983,24.98,1904700,22.281601
2014-01-10,27.994,28.016,27.983,24.969999,2173300,22.272678
2014-01-13,28.005,28.016,27.994,24.99,2223000,22.290516
2014-01-14,28.016,28.028,27.994,25,2711200,22.299438
2014-01-15,27.833,27.844,27.822,24.92,3143800,22.303019
2014-01-16,27.844,27.844,27.822,24.92,1970900,22.303019
2014-01-17,27.833,27.855,27.833,24.93,1903300,22.311968
2014-01-21,27.878,27.878,27.855,24.940001,2348700,22.320921
2014-01-22,27.855,27.866,27.855,24.940001,1729900,22.320921
2014-01-23,27.866,27.878,27.855,24.93,1757100,22.311968
2014-01-24,27.855,27.866,27.822,24.92,3546200,22.303019
2014-01-27,27.844,27.844,27.822,24.91,2474700,22.294067
2014-01-28,27.822,27.844,27.777,24.879999,4210900,22.267216
2014-01-29,27.811,27.822,27.788,24.9,2126300,22.285118
2014-01-30,27.799,27.822,27.766,24.889999,2468100,22.276169
2014-01-31,27.822,27.833,27.799,24.91,2061000,22.294067
2014-02-03,27.833,27.833,27.799,24.889999,2197600,22.276169
2014-02-04,27.822,27.822,27.766,24.85,3199700,22.240368
2014-02-05,27.777,27.811,27.755,24.889999,3436200,22.276169
2014-02-06,27.777,27.811,27.766,24.879999,2503300,22.267216
2014-02-07,27.811,27.833,27.788,24.9,3686900,22.285118
2014-02-10,27.833,27.833,27.811,24.9,2187600,22.285118
2014-02-11,27.822,27.833,27.822,24.91,2271000,22.294067
2014-02-12,27.811,27.844,27.799,24.92,3161600,22.303019
2014-02-13,27.833,27.844,27.799,24.9,2480100,22.285118
2014-02-14,27.651,27.651,27.618,24.83,2901700,22.296795
2014-02-18,27.651,27.651,27.64,24.82,1627600,22.287813
2014-02-19,27.64,27.651,27.629,24.82,3282400,22.287813
2014-02-20,27.651,27.662,27.64,24.83,1458100,22.296795
2014-02-21,27.651,27.662,27.618,24.82,2432000,22.287813
2014-02-24,27.662,27.662,27.651,24.84,1299100,22.305771
2014-02-25,27.662,27.662,27.64,24.84,1752000,22.305771
2014-02-26,27.662,27.673,27.651,24.85,1775300,22.314756
2014-02-27,27.684,27.696,27.673,24.870001,2503000,22.332714
2014-02-28,27.684,27.696,27.673,24.870001,2831400,22.332714
2014-03-03,27.673,27.696,27.673,24.870001,4076000,22.332714
2014-03-04,27.673,27.684,27.673,24.85,2881700,22.314756
2014-03-05,27.673,27.696,27.673,24.870001,10836200,22.332714
2014-03-06,27.684,27.696,27.662,24.860001,7775100,22.323729
2014-03-07,27.696,27.696,27.662,24.860001,8082400,22.323729
2014-03-10,27.696,27.707,27.673,24.85,1544900,22.314756
2014-03-11,27.684,27.696,27.684,24.870001,1886700,22.332714
2014-03-12,27.707,27.707,27.684,24.870001,1784900,22.332714
2014-03-13,27.696,27.696,27.673,24.85,1896200,22.314756
2014-03-14,27.514,27.525,27.47,24.77,3199500,22.317459
2014-03-17,27.514,27.514,27.503,24.780001,1436200,22.326464
2014-03-18,27.503,27.525,27.481,24.780001,3872900,22.326464
2014-03-19,27.514,27.514,27.492,24.780001,1393200,22.326464
2014-03-20,27.503,27.525,27.481,24.799999,2663200,22.344481
2014-03-21,27.503,27.525,27.492,24.799999,1124000,22.344481
2014-03-24,27.525,27.548,27.514,24.809999,1842900,22.353495
2014-03-25,27.536,27.548,27.514,24.790001,1432000,22.335472
2014-03-26,27.514,27.536,27.514,24.799999,2231700,22.344481
2014-03-27,27.536,27.548,27.525,24.82,931600,22.362505
2014-03-28,27.536,27.548,27.536,24.82,1273500,22.362505
2014-03-31,27.548,27.559,27.536,24.809999,1259000,22.353495
2014-04-01,27.559,27.57,27.536,24.84,2671900,22.380524
2014-04-02,27.57,27.581,27.536,24.84,3055300,22.380524
2014-04-03,27.57,27.57,27.548,24.84,1960000,22.380524
2014-04-04,27.559,27.57,27.548,24.82,1256600,22.362505
2014-04-07,27.57,27.581,27.514,24.790001,3354900,22.335472
2014-04-08,27.514,27.548,27.492,24.780001,4492000,22.326464
2014-04-09,27.514,27.548,27.492,24.82,3890600,22.362505
2014-04-10,27.536,27.559,27.514,24.790001,3846000,22.335472
2014-04-11,27.548,27.548,27.47,24.75,3516400,22.299438
2014-04-14,27.514,27.514,27.448,24.74,2850000,22.290426
2014-04-15,27.326,27.337,27.248,24.629999,3775800,22.263306
2014-04-16,27.293,27.326,27.27,24.66,3475000,22.290426
2014-04-17,27.293,27.293,27.259,24.66,3016000,22.290426
2014-04-21,27.281,27.315,27.281,24.67,2233300,22.299459
2014-04-22,27.304,27.326,27.293,24.67,2857400,22.299459
2014-04-23,27.293,27.304,27.281,24.67,1977100,22.299459
2014-04-24,27.293,27.304,27.248,24.65,2284600,22.281385
2014-04-25,27.293,27.293,27.248,24.65,2187000,22.281385
2014-04-28,27.293,27.326,27.27,24.700001,1545700,22.326582
2014-04-29,27.315,27.326,27.293,24.690001,3007200,22.317541
2014-04-30,27.326,27.381,27.304,24.74,4254700,22.362738
2014-05-01,27.37,27.392,27.348,24.76,3364000,22.380816
2014-05-02,27.392,27.414,27.381,24.780001,2576000,22.398897
2014-05-05,27.414,27.447,27.392,24.799999,2347900,22.416969
2014-05-06,27.425,27.47,27.425,24.82,1719800,22.435047
2014-05-07,27.47,27.492,27.447,24.84,5638800,22.453127
2014-05-08,27.481,27.481,27.458,24.84,2347400,22.453127
2014-05-09,27.458,27.514,27.447,24.870001,2518300,22.480247
2014-05-12,27.492,27.525,27.481,24.870001,1826400,22.480247
2014-05-13,27.503,27.514,27.47,24.83,3952600,22.444084
2014-05-14,27.492,27.503,27.47,24.85,1391900,22.462164
2014-05-15,27.325,27.325,27.281,24.75,1447300,22.444937
2014-05-16,27.303,27.325,27.292,24.77,1027100,22.463074
2014-05-19,27.314,27.347,27.281,24.75,3082400,22.444937
2014-05-20,27.303,27.325,27.292,24.75,3188900,22.444937
2014-05-21,27.314,27.314,27.292,24.77,2440400,22.463074
2014-05-22,27.303,27.325,27.292,24.780001,1601700,22.472141
2014-05-23,27.325,27.347,27.303,24.790001,1729800,22.481213
2014-05-27,27.336,27.358,27.325,24.799999,2331300,22.490284
2014-05-28,27.336,27.358,27.336,24.809999,920000,22.499344
2014-05-29,27.358,27.369,27.314,24.780001,3585500,22.472141
2014-05-30,27.325,27.391,27.325,24.83,2506400,22.517487
2014-06-02,27.38,27.38,27.336,24.809999,1938000,22.499344
2014-06-03,27.358,27.391,27.358,24.809999,1511100,22.499344
2014-06-04,27.369,27.413,27.358,24.85,2836200,22.535625
2014-06-05,27.391,27.457,27.38,24.9,4471700,22.580963
2014-06-06,27.435,27.468,27.435,24.91,1497500,22.590031
2014-06-09,27.457,27.479,27.446,24.91,1437100,22.590031
2014-06-10,27.468,27.479,27.446,24.91,1628700,22.590031
2014-06-11,27.468,27.468,27.435,24.91,1372700,22.590031
2014-06-12,27.457,27.501,27.446,24.9,3001900,22.580963
2014-06-13,27.302,27.313,27.28,24.85,2254600,22.609171
2014-06-16,27.302,27.324,27.302,24.85,1204100,22.609171
2014-06-17,27.313,27.324,27.302,24.85,822600,22.609171
2014-06-18,27.324,27.324,27.258,24.85,2763500,22.609171
2014-06-19,27.28,27.324,27.28,24.85,1410000,22.609171
2014-06-20,27.313,27.324,27.28,24.83,1490500,22.590973
2014-06-23,27.313,27.324,27.302,24.85,2003700,22.609171
2014-06-24,27.335,27.335,27.28,24.83,1786900,22.590973
2014-06-25,27.302,27.335,27.291,24.84,2126200,22.600075
2014-06-26,27.313,27.313,27.302,24.84,836000,22.600075
2014-06-27,27.313,27.324,27.291,24.83,1798400,22.590973
2014-06-30,27.335,27.357,27.302,24.870001,3102800,22.627369
2014-07-01,27.313,27.357,27.313,24.889999,2063300,22.645565
2014-07-02,27.368,27.379,27.357,24.91,1365100,22.663759
2014-07-03,27.368,27.39,27.346,24.91,1590700,22.663759
2014-07-07,27.357,27.368,27.324,24.860001,1471300,22.618269
2014-07-08,27.346,27.357,27.313,24.860001,1774900,22.618269
2014-07-09,27.346,27.368,27.335,24.9,1552000,22.654659
2014-07-10,27.335,27.368,27.302,24.860001,3001500,22.618269
2014-07-11,27.335,27.335,27.302,24.85,2111800,22.609171
2014-07-14,27.335,27.368,27.313,24.889999,1793900,22.645565
2014-07-15,27.179,27.19,27.157,24.82,2998300,22.656513
2014-07-16,27.179,27.19,27.157,24.799999,2016100,22.638264
2014-07-17,27.168,27.179,27.07,24.709999,3605600,22.556108
2014-07-18,27.124,27.135,27.081,24.719999,4520700,22.565235
2014-07-21,27.091,27.135,27.081,24.75,4038200,22.592617
2014-07-22,27.124,27.157,27.102,24.790001,3927900,22.629135
2014-07-23,27.135,27.179,27.124,24.809999,3536900,22.647385
2014-07-24,27.168,27.19,27.135,24.77,2120000,22.61088
2014-07-25,27.157,27.157,27.135,24.780001,1213700,22.620005
2014-07-28,27.179,27.179,27.081,24.75,2050500,22.592617
2014-07-29,27.113,27.135,27.091,24.73,2993100,22.574368
2014-07-30,27.113,27.113,27.026,24.67,5503700,22.519594
2014-07-31,27.026,27.037,26.938,24.610001,8164000,22.464821
2014-08-01,26.971,26.993,26.894,24.559999,6197500,22.41918
2014-08-04,26.894,26.916,26.861,24.559999,5116300,22.41918
2014-08-05,26.927,26.938,26.894,24.549999,4386100,22.410053
2014-08-06,26.916,26.938,26.905,24.59,3535900,22.446566
2014-08-07,26.96,26.96,26.916,24.58,1702800,22.437439
2014-08-08,26.927,26.971,26.927,24.58,1748900,22.437439
2014-08-11,26.927,26.982,26.927,24.59,2233600,22.446566
2014-08-12,26.949,26.96,26.916,24.57,1645300,22.428308
2014-08-13,26.927,26.971,26.927,24.610001,1571100,22.464821
2014-08-14,26.96,26.96,26.938,24.59,1242500,22.446566
2014-08-15,26.802,26.813,26.759,24.559999,2106200,22.496021
2014-08-18,26.781,26.792,26.77,24.530001,2888700,22.46855
2014-08-19,26.792,26.846,26.781,24.58,4141100,22.514343
2014-08-20,26.824,26.89,26.824,24.629999,3504900,22.560141
2014-08-21,26.857,26.944,26.857,24.68,2704500,22.605946
2014-08-22,26.966,26.966,26.933,24.690001,2048000,22.615099
2014-08-25,26.999,26.999,26.955,24.719999,1726700,22.642582
2014-08-26,26.999,27.01,26.977,24.73,4212100,22.651743
2014-08-27,27.01,27.021,26.977,24.74,3180100,22.660892
2014-08-28,26.999,27.021,26.988,24.73,5359800,22.651743
2014-08-29,26.999,26.999,26.977,24.73,1755600,22.651743
2014-09-02,26.988,27.01,26.977,24.74,2059100,22.660892
2014-09-03,27.021,27.021,26.999,24.74,1282800,22.660892
2014-09-04,26.988,26.999,26.89,24.639999,5754300,22.569305
2014-09-05,26.901,26.923,26.879,24.629999,3263600,22.560141
2014-09-08,26.912,26.912,26.835,24.58,2972900,22.514343
2014-09-09,26.835,26.912,26.835,24.639999,3562900,22.569305
2014-09-10,26.912,26.912,26.846,24.59,1889700,22.523506
2014-09-11,26.846,26.868,26.813,24.559999,2645300,22.496021
2014-09-12,26.824,26.846,26.792,24.559999,2904600,22.496021
2014-09-15,26.665,26.665,26.611,24.459999,2009800,22.483154
2014-09-16,26.611,26.632,26.611,24.469999,2294900,22.492352
2014-09-17,26.611,26.632,26.589,24.440001,2311400,22.464773
2014-09-18,26.6,26.632,26.589,24.459999,3578000,22.483154
2014-09-19,26.622,26.665,26.611,24.48,2348600,22.501543
2014-09-22,26.632,26.654,26.611,24.459999,2133300,22.483154
2014-09-23,26.611,26.632,26.6,24.450001,1764000,22.473967
2014-09-24,26.611,26.622,26.567,24.440001,1430400,22.464773
2014-09-25,26.567,26.567,26.447,24.32,5254800,22.354471
2014-09-26,26.437,26.458,26.328,24.27,7197800,22.308514
2014-09-29,26.382,26.447,26.36,24.27,8583400,22.308514
2014-09-30,26.415,26.437,26.382,24.280001,4299700,22.317707
2014-10-01,26.437,26.469,26.415,24.290001,2903700,22.326897
2014-10-02,26.437,26.469,26.415,24.280001,5413500,22.317707
2014-10-03,26.447,26.491,26.437,24.35,3144700,22.382048
2014-10-06,26.502,26.545,26.491,24.389999,2114100,22.418812
2014-10-07,26.545,26.545,26.491,24.360001,3044500,22.391241
2014-10-08,26.502,26.556,26.491,24.41,2034500,22.437201
2014-10-09,26.535,26.556,26.491,24.35,2277600,22.382048
2014-10-10,26.458,26.48,26.437,24.299999,2168100,22.336086
2014-10-13,26.393,26.426,26.35,24.24,2161500,22.280939
2014-10-14,26.35,26.404,26.317,24.190001,2893400,22.23498
2014-10-15,26.047,26.09,25.949,23.969999,4955600,22.11412
2014-10-16,25.862,25.927,25.808,23.91,8618700,22.058769
2014-10-17,25.949,26.112,25.949,24.09,6661300,22.224833
2014-10-20,26.155,26.231,26.123,24.18,2640100,22.307863
2014-10-21,26.177,26.339,26.177,24.290001,3676600,22.409348
2014-10-22,26.339,26.339,26.231,24.26,3603300,22.381668
2014-10-23,26.22,26.339,26.22,24.290001,1973800,22.409348
2014-10-24,26.307,26.35,26.274,24.299999,1775500,22.41857
2014-10-27,26.263,26.35,26.253,24.299999,1847300,22.41857
2014-10-28,26.328,26.372,26.307,24.27,5445500,22.390894
2014-10-29,26.339,26.35,26.253,24.25,3194900,22.372442
2014-10-30,26.318,26.361,26.307,24.299999,2036200,22.41857
2014-10-31,26.372,26.437,26.35,24.379999,3762700,22.49238
2014-11-03,26.404,26.448,26.404,24.389999,1349700,22.501606
2014-11-04,26.437,26.469,26.415,24.4,1715200,22.510832
2014-11-05,26.459,26.459,26.404,24.4,2804000,22.510832
2014-11-06,26.426,26.469,26.426,24.42,1927500,22.529285
2014-11-07,26.448,26.469,26.426,24.389999,996200,22.501606
2014-11-10,26.448,26.469,26.404,24.370001,1622200,22.48315
2014-11-11,26.404,26.437,26.404,24.370001,656600,22.48315
2014-11-12,26.437,26.448,26.394,24.4,1170300,22.510832
2014-11-13,26.448,26.513,26.426,24.440001,3066300,22.547737
2014-11-14,26.34,26.34,26.264,24.34,2186700,22.529221
2014-11-17,26.275,26.329,26.264,24.35,2441100,22.538481
2014-11-18,26.307,26.329,26.264,24.35,1574700,22.538481
2014-11-19,26.286,26.286,26.231,24.280001,1454000,22.473686
2014-11-20,26.242,26.275,26.21,24.32,3170400,22.510708
2014-11-21,26.286,26.307,26.253,24.309999,1555100,22.501455
2014-11-24,26.307,26.35,26.264,24.33,3591200,22.519966
2014-11-25,26.286,26.35,26.253,24.389999,2757400,22.575504
2014-11-26,26.307,26.361,26.275,24.389999,2667600,22.575504
2014-11-28,26.307,26.361,26.286,24.35,1396600,22.538481
2014-12-01,26.253,26.318,26.242,24.290001,2916500,22.482944
2014-12-02,26.221,26.242,26.167,24.219999,3404500,22.418146
2014-12-03,26.156,26.21,26.145,24.26,2132500,22.455172
2014-12-04,26.156,26.167,26.113,24.17,1911900,22.371868
2014-12-05,26.123,26.145,26.08,24.139999,2375100,22.344105
2014-12-08,26.08,26.113,26.069,24.129999,3055000,22.334843
2014-12-09,26.026,26.037,25.94,24.030001,5522500,22.242281
2014-12-10,25.929,25.94,25.864,23.950001,5372400,22.168236
2014-12-11,25.843,25.886,25.821,23.92,5991700,22.140467
2014-12-12,25.756,25.767,25.681,23.83,5517000,22.057163
2014-12-15,25.534,25.599,25.469,23.66,3790400,21.969873
2014-12-16,25.372,25.437,25.297,23.5,6523400,21.821304
2014-12-17,25.308,25.62,25.276,23.690001,6100500,21.997732
2014-12-18,25.588,25.717,25.577,23.809999,3065400,22.109159
2014-12-19,25.706,25.889,25.706,24.030001,3741500,22.313444
2014-12-22,25.814,25.879,25.803,24,4492700,22.285585
2014-12-23,25.792,25.846,25.771,23.959999,4091100,22.248442
2014-12-24,25.792,25.857,25.782,23.959999,1757500,22.248442
2014-12-26,25.857,25.857,25.782,23.940001,1499800,22.229877
2014-12-29,25.792,25.857,25.792,23.98,2389600,22.267017
2014-12-30,25.814,25.846,25.76,23.93,2572400,22.220591
2014-12-31,25.771,25.879,25.728,24.030001,3180200,22.313444
2015-01-02,25.846,25.943,25.825,23.99,1058000,22.276304
2015-01-05,25.814,25.846,25.76,23.93,1680900,22.220591
2015-01-06,25.739,25.782,25.642,23.860001,2627600,22.155592
2015-01-07,25.717,25.728,25.652,23.85,1941300,22.146305
2015-01-08,25.696,25.792,25.685,23.9,2539400,22.192732
2015-01-09,25.782,25.814,25.728,23.92,1796300,22.2113
2015-01-12,25.803,25.803,25.749,23.91,1753300,22.202019
2015-01-13,25.782,25.792,25.76,23.940001,1763700,22.229877
2015-01-14,25.76,25.814,25.749,23.93,1595500,22.220591
2015-01-15,25.604,25.615,25.54,23.790001,2359300,22.160044
2015-01-16,25.551,25.658,25.551,23.9,3713300,22.262503
2015-01-20,25.647,25.679,25.615,23.91,3179100,22.271822
2015-01-21,25.647,25.679,25.626,23.92,1955800,22.281139
2015-01-22,25.679,25.733,25.647,23.969999,2175300,22.327707
2015-01-23,25.722,25.787,25.658,24.02,3964800,22.374287
2015-01-26,25.765,25.797,25.722,24.030001,2665200,22.383602
2015-01-27,25.722,25.787,25.712,24,2405700,22.355656
2015-01-28,25.733,25.776,25.722,23.959999,2271500,22.318394
2015-01-29,25.744,25.787,25.722,24.02,1160500,22.374287
2015-01-30,25.755,25.765,25.722,23.969999,2831900,22.327707
2015-02-02,25.722,25.797,25.722,24.02,1883800,22.374287
2015-02-03,25.765,25.83,25.744,24.059999,3021000,22.411539
2015-02-04,25.819,25.84,25.733,23.969999,2081000,22.327707
2015-02-05,25.765,25.84,25.744,24.059999,2297700,22.411539
2015-02-06,25.84,25.851,25.755,24.02,3675800,22.374287
2015-02-09,25.798,25.851,25.776,24.049999,1534800,22.402227
2015-02-10,25.798,25.83,25.776,24.059999,2016700,22.411539
2015-02-11,25.84,25.84,25.787,24.07,842200,22.420856
2015-02-12,25.851,25.883,25.83,24.1,2196600,22.448809
2015-02-13,25.74,25.793,25.686,24.02,1598900,22.443201
2015-02-17,25.718,25.815,25.665,24.120001,2254800,22.536633
2015-02-18,25.793,25.836,25.761,24.110001,2225000,22.52729
2015-02-19,25.847,25.847,25.772,24.139999,1797500,22.555319
2015-02-20,25.868,25.868,25.761,24.16,1439500,22.574005
2015-02-23,25.815,25.847,25.804,24.139999,1388400,22.555319
2015-02-24,25.815,25.879,25.815,24.17,2110200,22.583349
2015-02-25,25.825,25.879,25.815,24.139999,1068000,22.555319
2015-02-26,25.9,25.9,25.847,24.18,1288900,22.592691
2015-02-27,25.879,25.932,25.847,24.190001,2026000,22.602037
2015-03-02,25.879,25.932,25.836,24.16,2895000,22.574005
2015-03-03,25.879,25.879,25.793,24.1,1829600,22.517944
2015-03-04,25.825,25.847,25.793,24.1,3382000,22.517944
2015-03-05,25.825,25.836,25.815,24.139999,1865700,22.555319
2015-03-06,25.879,25.879,25.793,24.1,3450500,22.517944
2015-03-09,25.815,25.847,25.793,24.139999,2002200,22.555319
2015-03-10,25.772,25.825,25.772,24.129999,2578600,22.54598
2015-03-11,25.825,25.836,25.793,24.129999,2375700,22.54598
2015-03-12,25.815,25.857,25.793,24.16,2512700,22.574005
2015-03-13,25.705,25.737,25.651,24.059999,2417300,22.548698
2015-03-16,25.673,25.683,25.598,23.99,5463000,22.483101
2015-03-17,25.566,25.598,25.555,23.969999,3931000,22.464355
2015-03-18,25.566,25.673,25.566,24.059999,4524700,22.548698
2015-03-19,25.641,25.662,25.587,24.030001,1439300,22.520588
2015-03-20,25.63,25.662,25.609,24.01,2857500,22.501842
2015-03-23,25.609,25.641,25.598,24.01,5608300,22.501842
2015-03-24,25.609,25.651,25.609,24,3366900,22.492464
2015-03-25,25.619,25.662,25.609,24.030001,2915200,22.520588
2015-03-26,25.641,25.662,25.619,24.040001,1457500,22.529961
2015-03-27,25.641,25.683,25.63,24.040001,963700,22.529961
2015-03-30,25.683,25.769,25.662,24.129999,2925500,22.614309
2015-03-31,25.715,25.758,25.694,24.09,4456200,22.576818
2015-04-01,25.758,25.779,25.705,24.15,3794000,22.633049
2015-04-02,25.779,25.801,25.715,24.18,4849900,22.661169
2015-04-06,25.79,25.833,25.779,24.18,6432700,22.661169
2015-04-07,25.801,25.833,25.79,24.209999,3902400,22.689283
2015-04-08,25.854,25.865,25.833,24.24,4487700,22.717396
2015-04-09,25.875,25.886,25.833,24.25,4811500,22.726768
2015-04-10,25.865,25.907,25.865,24.280001,8355400,22.754887
2015-04-13,25.875,25.907,25.865,24.27,5207900,22.745516
2015-04-14,25.897,25.897,25.875,24.26,861500,22.736139
2015-04-15,25.723,25.776,25.723,24.219999,1989000,22.767162
2015-04-16,25.755,25.787,25.723,24.219999,1658200,22.767162
2015-04-17,25.766,25.766,25.659,24.129999,1905600,22.68256
2015-04-20,25.702,25.744,25.67,24.17,1955400,22.720161
2015-04-21,25.712,25.734,25.659,24.120001,2217600,22.673161
2015-04-22,25.68,25.734,25.67,24.190001,1721200,22.738962
2015-04-23,25.744,25.744,25.702,24.190001,1569200,22.738962
2015-04-24,25.723,25.755,25.691,24.190001,1551100,22.738962
2015-04-27,25.744,25.744,25.702,24.18,1699300,22.729559
2015-04-28,25.744,25.744,25.702,24.18,1514600,22.729559
2015-04-29,25.712,25.734,25.712,24.190001,863400,22.738962
2015-04-30,25.723,25.734,25.68,24.18,1779800,22.729559
2015-05-01,25.691,25.787,25.691,24.24,2118100,22.785965
2015-05-04,25.787,25.808,25.744,24.25,2421700,22.795362
2015-05-05,25.797,25.797,25.617,24.08,9723700,22.635555
2015-05-06,25.659,25.723,25.638,24.139999,4014200,22.691961
2015-05-07,25.691,25.755,25.649,24.17,2746600,22.720161
2015-05-08,25.691,25.744,25.68,24.190001,880600,22.738962
2015-05-11,25.734,25.797,25.712,24.219999,1864300,22.767162
2015-05-12,25.723,25.776,25.712,24.18,1280700,22.729559
2015-05-13,25.723,25.776,25.691,24.15,1153500,22.701357
2015-05-14,25.723,25.787,25.702,24.200001,1292500,22.748362
2015-05-15,25.613,25.613,25.57,24.120001,1605200,22.742702
2015-05-18,25.613,25.634,25.591,24.139999,1146800,22.761564
2015-05-19,25.591,25.591,25.538,24.09,1352600,22.714417
2015-05-20,25.57,25.581,25.538,24.09,1907100,22.714417
2015-05-21,25.581,25.613,25.559,24.139999,1086300,22.761564
2015-05-22,25.613,25.613,25.581,24.139999,1679600,22.761564
2015-05-26,25.613,25.613,25.538,24.09,1907500,22.714417
2015-05-27,25.591,25.602,25.549,24.1,857700,22.723841
2015-05-28,25.602,25.602,25.538,24.09,884600,22.714417
2015-05-29,25.57,25.602,25.549,24.139999,1289400,22.761564
2015-06-01,25.602,25.623,25.581,24.16,2597400,22.780416
2015-06-02,25.591,25.613,25.559,24.120001,779400,22.742702
2015-06-03,25.591,25.591,25.528,24.09,1033100,22.714417
2015-06-04,25.528,25.549,25.496,24.040001,1847000,22.667271
2015-06-05,25.443,25.496,25.443,23.99,2972600,22.620123
2015-06-08,25.432,25.475,25.422,23.969999,3003200,22.601271
2015-06-09,25.453,25.464,25.411,23.969999,2210700,22.601271
2015-06-10,25.422,25.475,25.422,23.969999,2445500,22.601271
2015-06-11,25.432,25.464,25.411,23.98,3658000,22.610695
2015-06-12,25.411,25.453,25.4,23.950001,1749600,22.582411
2015-06-15,25.236,25.279,25.194,23.83,2723700,22.539848
2015-06-16,25.215,25.247,25.183,23.85,1348200,22.558765
2015-06-17,25.247,25.247,25.173,23.82,1040500,22.530388
2015-06-18,25.194,25.215,25.183,23.82,2541700,22.530388
2015-06-19,25.194,25.215,25.162,23.809999,1872000,22.520929
2015-06-22,25.183,25.226,25.183,23.85,1349900,22.558765
2015-06-23,25.215,25.236,25.194,23.83,2679200,22.539848
2015-06-24,25.205,25.215,25.194,23.85,1166800,22.558765
2015-06-25,25.194,25.226,25.194,23.85,1165600,22.558765
2015-06-26,25.205,25.226,25.205,23.860001,1316900,22.568222
2015-06-29,25.152,25.162,25.099,23.74,1877800,22.454718
2015-06-30,25.152,25.183,25.131,23.790001,5389500,22.502012
2015-07-01,25.194,25.215,25.152,23.82,2143900,22.530388
2015-07-02,25.162,25.205,25.162,23.83,1363100,22.539848
2015-07-06,25.162,25.215,25.152,23.85,1112500,22.558765
2015-07-07,25.226,25.279,25.194,23.91,11406600,22.615515
2015-07-08,25.226,25.247,25.215,23.870001,2994900,22.577682
2015-07-09,25.194,25.257,25.162,23.84,1927300,22.549305
2015-07-10,25.215,25.279,25.215,23.9,1403400,22.606054
2015-07-13,25.279,25.321,25.268,23.940001,3460900,22.643892
2015-07-14,25.3,25.331,25.289,23.950001,1460200,22.653349
2015-07-15,25.125,25.156,25.093,23.85,6801700,22.630579
2015-07-16,25.135,25.188,25.114,23.889999,1586800,22.66853
2015-07-17,25.156,25.209,25.135,23.92,3026200,22.696999
2015-07-20,25.177,25.198,25.167,23.9,1338800,22.678022
2015-07-21,25.156,25.177,25.135,23.85,1277100,22.630579
2015-07-22,25.114,25.135,25.093,23.82,1756000,22.60211
2015-07-23,25.104,25.104,24.967,23.700001,3007100,22.488245
2015-07-24,24.924,25.03,24.924,23.67,1774600,22.459782
2015-07-27,24.945,24.967,24.903,23.639999,1245800,22.431316
2015-07-28,24.914,24.967,24.903,23.690001,1070700,22.478758
2015-07-29,24.924,24.998,24.924,23.690001,2427600,22.478758
2015-07-30,24.977,24.998,24.945,23.68,1091100,22.469271
2015-07-31,24.998,25.009,24.967,23.690001,1195400,22.478758
2015-08-03,24.988,24.988,24.914,23.639999,1789100,22.431316
2015-08-04,24.914,24.956,24.903,23.629999,1727200,22.421822
2015-08-05,24.903,24.924,24.872,23.610001,12054300,22.402847
2015-08-06,24.882,24.903,24.882,23.610001,2196600,22.402847
2015-08-07,24.882,24.882,24.83,23.57,1620700,22.364891
2015-08-10,24.819,24.861,24.808,23.58,774800,22.374378
2015-08-11,24.819,24.84,24.808,23.559999,1609800,22.355406
2015-08-12,24.766,24.819,24.735,23.5,2756800,22.298471
2015-08-13,24.766,24.787,24.724,23.459999,2570200,22.260519
2015-08-14,24.568,24.621,24.568,23.42,1464600,22.2967
2015-08-17,24.6,24.663,24.568,23.469999,1516000,22.344297
2015-08-18,24.642,24.673,24.61,23.48,1791500,22.353817
2015-08-19,24.61,24.663,24.6,23.43,2356700,22.306215
2015-08-20,24.61,24.631,24.547,23.370001,2185900,22.249094
2015-08-21,24.579,24.579,24.484,23.309999,3316200,22.191971
2015-08-24,24.138,24.4,24.138,23.110001,4589800,22.001568
2015-08-25,24.379,24.463,24.022,23.18,4014400,22.068209
2015-08-26,24.379,24.442,24.348,23.26,1625900,22.144369
2015-08-27,24.432,24.526,24.421,23.35,2893300,22.230047
2015-08-28,24.516,24.589,24.484,23.35,3479000,22.230047
2015-08-31,24.558,24.568,24.495,23.379999,1737300,22.258615
2015-09-01,24.474,24.547,24.474,23.309999,3236800,22.191971
2015-09-02,24.516,24.558,24.505,23.360001,5768400,22.239571
2015-09-03,24.547,24.61,24.547,23.42,11935600,22.2967
2015-09-04,24.568,24.621,24.568,23.43,2699400,22.306215
2015-09-08,24.61,24.652,24.6,23.469999,950000,22.344297
2015-09-09,24.652,24.673,24.6,23.440001,1258700,22.315737
2015-09-10,24.642,24.673,24.621,23.440001,1027500,22.315737
2015-09-11,24.631,24.673,24.61,23.440001,726800,22.315737
2015-09-14,24.642,24.736,24.61,23.43,1298900,22.306215
2015-09-15,24.454,24.475,24.444,23.379999,698600,22.33392
2015-09-16,24.444,24.465,24.444,23.370001,620900,22.324366
2015-09-17,24.465,24.486,24.391,23.370001,2032600,22.324366
2015-09-18,24.423,24.454,24.349,23.26,1600000,22.21929
2015-09-21,24.381,24.402,24.349,23.27,1511800,22.228838
2015-09-22,24.339,24.381,24.255,23.17,1684100,22.133316
2015-09-23,24.287,24.297,24.245,23.18,2830500,22.142866
2015-09-24,24.255,24.287,24.234,23.18,2308100,22.142866
2015-09-25,24.308,24.308,24.255,23.18,718200,22.142866
2015-09-28,24.224,24.234,24.109,23.030001,2835900,21.999578
2015-09-29,24.182,24.182,24.119,23.040001,1655400,22.009134
2015-09-30,24.088,24.171,24.088,23.049999,2487600,22.018682
2015-10-01,24.119,24.151,24.067,23.02,2559900,21.990026
2015-10-02,23.973,24.14,23.973,23.049999,3938000,22.018682
2015-10-05,24.088,24.224,24.077,23.120001,9199600,22.085552
2015-10-06,24.182,24.192,24.161,23.110001,3926700,22.075998
2015-10-07,24.192,24.213,24.182,23.129999,2483100,22.095102
2015-10-08,24.203,24.245,24.171,23.16,4104400,22.123762
2015-10-09,24.234,24.255,24.213,23.16,1947800,22.123762
2015-10-12,24.213,24.297,24.203,23.129999,486200,22.095102
2015-10-13,24.203,24.234,24.182,23.15,600300,22.11421
2015-10-14,24.203,24.245,24.192,23.139999,1078800,22.104656
2015-10-15,24.036,24.067,24.025,23.049999,1102200,22.095068
2015-10-16,24.015,24.077,24.004,23.08,1209100,22.123829
2015-10-19,24.015,24.057,23.994,23.059999,2016300,22.104656
2015-10-20,24.077,24.14,24.025,23.129999,1593300,22.171759
2015-10-21,24.119,24.14,24.077,23.110001,1487300,22.152584
2015-10-22,24.098,24.119,24.057,23.08,1149200,22.123829
2015-10-23,24.067,24.109,24.046,23.08,2916100,22.123829
2015-10-26,24.098,24.109,24.057,23.059999,1125500,22.104656
2015-10-27,24.067,24.077,24.025,23.030001,2060700,22.075899
2015-10-28,24.025,24.057,23.994,23.02,2639600,22.066317
2015-10-29,24.004,24.015,23.994,23,855100,22.04714
2015-10-30,24.036,24.046,23.984,23,1976500,22.04714
2015-11-02,24.025,24.036,23.984,22.99,3873000,22.037556
2015-11-03,23.973,24.025,23.973,22.99,2800800,22.037556
2015-11-04,23.984,24.015,23.952,22.959999,2588200,22.008797
2015-11-05,23.984,24.036,23.973,22.98,3571700,22.027969
2015-11-06,23.963,24.004,23.942,22.950001,1397500,21.999212
2015-11-09,23.931,23.952,23.9,22.92,942100,21.970455
2015-11-10,23.911,23.973,23.911,22.940001,1042200,21.989632
2015-11-11,23.952,23.952,23.869,22.879999,1757400,21.932112
2015-11-12,23.858,23.869,23.827,22.860001,2693700,21.912945
2015-11-13,23.649,23.701,23.628,22.73,1976200,21.865805
2015-11-16,23.597,23.691,23.587,22.780001,1754400,21.913904
2015-11-17,23.649,23.691,23.639,22.76,1570600,21.894665
2015-11-18,23.649,23.66,23.628,22.76,1240700,21.894665
2015-11-19,23.628,23.66,23.618,22.73,1072800,21.865805
2015-11-20,23.597,23.628,23.535,22.65,3841200,21.788847
2015-11-23,23.556,23.639,23.556,22.68,3209900,21.817707
2015-11-24,23.628,23.628,23.566,22.709999,3830200,21.846563
2015-11-25,23.566,23.597,23.545,22.66,1617400,21.798468
2015-11-27,23.566,23.597,23.514,22.68,969100,21.817707
2015-11-30,23.608,23.608,23.545,22.690001,2749300,21.827326
2015-12-01,23.608,23.628,23.566,22.709999,2188400,21.846563
2015-12-02,23.566,23.67,23.566,22.77,5812500,21.904284
2015-12-03,23.649,23.712,23.639,22.799999,7221900,21.933144
2015-12-04,23.67,23.701,23.649,22.790001,1570800,21.923523
2015-12-07,23.68,23.691,23.597,22.719999,3407500,21.856186
2015-12-08,23.524,23.545,23.389,22.51,7377400,21.654169
2015-12-09,23.389,23.472,23.358,22.469999,4464900,21.615686
2015-12-10,23.348,23.431,23.327,22.51,2623800,21.654169
2015-12-11,23.348,23.348,23.14,22.290001,8390700,21.442532
2015-12-14,23.129,23.15,22.89,22.07,8726700,21.2309
2015-12-15,22.918,23.022,22.918,22.15,4702400,21.38829
2015-12-16,22.939,23.053,22.897,22.23,3683200,21.46554
2015-12-17,23.073,23.073,22.96,22.190001,2874900,21.426916
2015-12-18,23.022,23.022,22.949,22.17,3002200,21.407606
2015-12-21,22.97,23.032,22.939,22.219999,2295900,21.455887
2015-12-22,22.991,23.125,22.96,22.32,2269300,21.552448
2015-12-23,23.105,23.187,23.105,22.370001,2601600,21.600727
2015-12-24,23.136,23.187,23.136,22.360001,1444900,21.591072
2015-12-28,23.115,23.198,23.115,22.34,2804500,21.57176
2015-12-29,23.156,23.229,23.146,22.41,1237300,21.639351
2015-12-30,23.208,23.25,23.167,22.43,2806800,21.658667
2015-12-31,23.187,23.25,23.177,22.4,1591000,21.629696
2016-01-04,23.208,23.218,23.115,22.41,2381000,21.639351
2016-01-05,23.198,23.208,23.156,22.360001,1406100,21.591072
2016-01-06,23.125,23.187,23.084,22.32,4667000,21.552448
2016-01-07,23.115,23.146,23.073,22.290001,2289000,21.523481
2016-01-08,23.084,23.156,23.084,22.309999,1225100,21.542788
2016-01-11,23.125,23.177,23.115,22.360001,1629800,21.591072
2016-01-12,23.136,23.208,23.136,22.41,1975800,21.639351
2016-01-13,23.167,23.218,23.146,22.379999,3048800,21.610384
2016-01-14,23.136,23.177,23.073,22.290001,2849400,21.523481
2016-01-15,22.832,22.852,22.739,22.049999,3187100,21.372271
2016-01-19,22.78,22.821,22.749,22.07,3996800,21.391657
2016-01-20,22.739,22.77,22.656,22.030001,6657100,21.352886
2016-01-21,22.739,22.76,22.687,22.040001,2892500,21.362583
2016-01-22,22.708,22.914,22.708,22.190001,3074800,21.507973
2016-01-25,22.801,22.883,22.801,22.16,2344300,21.478891
2016-01-26,22.821,22.873,22.821,22.139999,2305800,21.459509
2016-01-27,NA,NA,NA,0,NA,0
2016-01-28,NA,NA,NA,0,NA,0
2016-01-29,NA,NA,NA,0,NA,0
2016-02-01,NA,NA,NA,0,NA,0
2016-02-02,NA,NA,NA,0,NA,0
2016-02-03,NA,NA,NA,0,NA,0
2016-02-04,NA,NA,NA,0,NA,0
2016-02-05,NA,NA,NA,0,NA,0
2016-02-08,NA,NA,NA,0,NA,0
2016-02-09,NA,NA,NA,0,NA,0
2016-02-10,NA,NA,NA,0,NA,0
2016-02-11,NA,NA,NA,0,NA,0
2016-02-12,NA,NA,NA,0,NA,0
2016-02-16,NA,NA,NA,0,NA,0
2016-02-17,NA,NA,NA,0,NA,0
2016-02-18,NA,NA,NA,0,NA,0
2016-02-19,NA,NA,NA,0,NA,0
2016-02-22,NA,NA,NA,0,NA,0
2016-02-23,NA,NA,NA,0,NA,0
2016-02-24,NA,NA,NA,0,NA,0
2016-02-25,NA,NA,NA,0,NA,0
2016-02-26,NA,NA,NA,0,NA,0
2016-02-29,NA,NA,NA,0,NA,0
2016-03-01,NA,NA,NA,0,NA,0
2016-03-02,NA,NA,NA,0,NA,0
2016-03-03,NA,NA,NA,0,NA,0
2016-03-04,NA,NA,NA,0,NA,0
2016-03-07,NA,NA,NA,0,NA,0
2016-03-08,NA,NA,NA,0,NA,0
2016-03-09,NA,NA,NA,0,NA,0
2016-03-10,NA,NA,NA,0,NA,0
2016-03-11,NA,NA,NA,0,NA,0
2016-03-14,NA,NA,NA,0,NA,0
2016-03-15,NA,NA,NA,0,NA,0
2016-03-16,NA,NA,NA,0,NA,0
2016-03-17,NA,NA,NA,0,NA,0
2016-03-18,NA,NA,NA,0,NA,0
2016-03-21,NA,NA,NA,0,NA,0
2016-03-22,NA,NA,NA,0,NA,0
2016-03-23,NA,NA,NA,0,NA,0
2016-03-24,NA,NA,NA,0,NA,0
2016-03-28,NA,NA,NA,0,NA,0
2016-03-29,NA,NA,NA,0,NA,0
2016-03-30,NA,NA,NA,0,NA,0
2016-03-31,NA,NA,NA,0,NA,0
2016-04-01,NA,NA,NA,0,NA,0
2016-04-04,NA,NA,NA,0,NA,0
2016-04-05,NA,NA,NA,0,NA,0
2016-04-06,NA,NA,NA,0,NA,0
2016-04-07,NA,NA,NA,0,NA,0
2016-04-08,NA,NA,NA,0,NA,0
2016-04-11,NA,NA,NA,0,NA,0
2016-04-12,NA,NA,NA,0,NA,0
2016-04-13,NA,NA,NA,0,NA,0
2016-04-14,NA,NA,NA,0,NA,0
2016-04-15,NA,NA,NA,0,NA,0
2016-04-18,NA,NA,NA,0,NA,0
2016-04-19,NA,NA,NA,0,NA,0
2016-04-20,NA,NA,NA,0,NA,0
2016-04-21,NA,NA,NA,0,NA,0
2016-04-22,NA,NA,NA,0,NA,0
2016-04-25,NA,NA,NA,0,NA,0
2016-04-26,NA,NA,NA,0,NA,0
2016-04-27,NA,NA,NA,0,NA,0
2016-04-28,NA,NA,NA,0,NA,0
2016-04-29,NA,NA,NA,0,NA,0
2016-05-02,NA,NA,NA,0,NA,0
2016-05-03,NA,NA,NA,0,NA,0
2016-05-04,NA,NA,NA,0,NA,0
2016-05-05,NA,NA,NA,0,NA,0
2016-05-06,NA,NA,NA,0,NA,0
2016-05-09,NA,NA,NA,0,NA,0
2016-05-10,NA,NA,NA,0,NA,0
2016-05-11,NA,NA,NA,0,NA,0
2016-05-12,NA,NA,NA,0,NA,0
2016-05-13,NA,NA,NA,0,NA,0
2016-05-16,NA,NA,NA,0,NA,0
2016-05-17,NA,NA,NA,0,NA,0
2016-05-18,NA,NA,NA,0,NA,0
2016-05-19,NA,NA,NA,0,NA,0
2016-05-20,NA,NA,NA,0,NA,0
2016-05-23,NA,NA,NA,0,NA,0
2016-05-24,NA,NA,NA,0,NA,0
2016-05-25,NA,NA,NA,0,NA,0
2016-05-26,NA,NA,NA,0,NA,0
2016-05-27,NA,NA,NA,0,NA,0
2016-05-31,NA,NA,NA,0,NA,0
2016-06-01,NA,NA,NA,0,NA,0
2016-06-02,NA,NA,NA,0,NA,0
2016-06-03,NA,NA,NA,0,NA,0
2016-06-06,NA,NA,NA,0,NA,0
2016-06-07,NA,NA,NA,0,NA,0
2016-06-08,NA,NA,NA,0,NA,0
2016-06-09,NA,NA,NA,0,NA,0
2016-06-10,NA,NA,NA,0,NA,0
2016-06-13,NA,NA,NA,0,NA,0
2016-06-14,NA,NA,NA,0,NA,0
2016-06-15,NA,NA,NA,0,NA,0
2016-06-16,NA,NA,NA,0,NA,0
2016-06-17,NA,NA,NA,0,NA,0
2016-06-20,NA,NA,NA,0,NA,0
2016-06-21,NA,NA,NA,0,NA,0
2016-06-22,NA,NA,NA,0,NA,0
2016-06-23,NA,NA,NA,0,NA,0
2016-06-24,NA,NA,NA,0,NA,0
2016-06-27,NA,NA,NA,0,NA,0
2016-06-28,NA,NA,NA,0,NA,0
2016-06-29,NA,NA,NA,0,NA,0
2016-06-30,NA,NA,NA,0,NA,0
2016-07-01,NA,NA,NA,0,NA,0
2016-07-05,NA,NA,NA,0,NA,0
2016-07-06,NA,NA,NA,0,NA,0
2016-07-07,NA,NA,NA,0,NA,0
2016-07-08,NA,NA,NA,0,NA,0
2016-07-11,NA,NA,NA,0,NA,0
2016-07-12,NA,NA,NA,0,NA,0
2016-07-13,NA,NA,NA,0,NA,0
2016-07-14,NA,NA,NA,0,NA,0
2016-07-15,NA,NA,NA,0,NA,0
2016-07-18,NA,NA,NA,0,NA,0
2016-07-19,NA,NA,NA,0,NA,0
2016-07-20,NA,NA,NA,0,NA,0
2016-07-21,NA,NA,NA,0,NA,0
2016-07-22,NA,NA,NA,0,NA,0
2016-07-25,NA,NA,NA,0,NA,0
2016-07-26,NA,NA,NA,0,NA,0
2016-07-27,NA,NA,NA,0,NA,0
2016-07-28,NA,NA,NA,0,NA,0
2016-07-29,NA,NA,NA,0,NA,0
2016-08-01,NA,NA,NA,0,NA,0
2016-08-02,NA,NA,NA,0,NA,0
2016-08-03,NA,NA,NA,0,NA,0
2016-08-04,NA,NA,NA,0,NA,0
2016-08-05,NA,NA,NA,0,NA,0
2016-08-08,NA,NA,NA,0,NA,0
2016-08-09,NA,NA,NA,0,NA,0
2016-08-10,NA,NA,NA,0,NA,0
2016-08-11,NA,NA,NA,0,NA,0
2016-08-12,NA,NA,NA,0,NA,0
2016-08-15,NA,NA,NA,0,NA,0
2016-08-16,NA,NA,NA,0,NA,0
2016-08-17,NA,NA,NA,0,NA,0
2016-08-18,NA,NA,NA,0,NA,0
2016-08-19,23.915,23.925,23.884,23.16,1580200,22.448158
2016-08-22,23.925,23.925,23.884,23.18,4122600,22.467541
2016-08-23,23.925,23.925,23.894,23.17,2597700,22.457848
2016-08-24,23.905,23.925,23.894,23.18,3755400,22.467541
2016-08-25,23.936,23.946,23.905,23.18,8260300,22.467541
2016-08-26,23.936,23.946,23.915,23.18,2376800,22.467541
2016-08-29,23.946,23.967,23.936,23.23,1395400,22.516003
2016-08-30,23.967,23.977,23.946,23.23,2188400,22.516003
2016-08-31,23.967,23.977,23.946,23.23,5152200,22.516003
2016-09-01,23.977,23.977,23.936,23.209999,2801300,22.496614
2016-09-02,23.987,23.998,23.956,23.23,3828500,22.516003
2016-09-06,23.987,24.008,23.977,23.25,5479500,22.535389
2016-09-07,23.987,24.018,23.977,23.24,4135900,22.525696
2016-09-08,23.998,23.998,23.967,23.25,7978300,22.535389
2016-09-09,23.987,23.987,23.946,23.219999,5672000,22.506313
2016-09-12,23.977,24.008,23.956,23.27,3009100,22.554779
2016-09-13,23.977,23.977,23.905,23.200001,10070800,22.486925
2016-09-14,23.956,23.956,23.905,23.190001,1276500,22.477234
2016-09-15,23.753,23.784,23.722,23.15,7454300,22.533201
2016-09-16,23.753,23.763,23.722,23.129999,1432000,22.513735
2016-09-19,23.763,23.773,23.753,23.139999,1994900,22.523468
2016-09-20,23.784,23.784,23.753,23.139999,1710300,22.523468
2016-09-21,23.773,23.825,23.773,23.18,2487300,22.562405
2016-09-22,23.815,23.835,23.804,23.18,5461500,22.562405
2016-09-23,23.835,23.835,23.815,23.18,2554600,22.562405
2016-09-26,23.835,23.835,23.794,23.18,2752600,22.562405
2016-09-27,23.825,23.845,23.804,23.200001,2700000,22.581869
2016-09-28,23.835,23.876,23.815,23.24,7723600,22.6208
2016-09-29,23.856,23.866,23.815,23.200001,5509900,22.581869
2016-09-30,23.866,23.876,23.815,23.209999,2154100,22.591602
2016-10-03,23.825,23.845,23.815,23.209999,4346900,22.591602
2016-10-04,23.825,23.835,23.794,23.190001,4712100,22.572136
2016-10-05,23.825,23.845,23.815,23.200001,2820900,22.581869
2016-10-06,23.845,23.856,23.815,23.209999,2763700,22.591602
2016-10-07,23.835,23.866,23.815,23.219999,3732500,22.601334
2016-10-10,23.866,23.866,23.845,23.219999,972400,22.601334
2016-10-11,23.845,23.856,23.825,23.219999,2837900,22.601334
2016-10-12,23.835,23.856,23.825,23.209999,4358700,22.591602
2016-10-13,23.856,23.876,23.825,23.24,10424600,22.6208
2016-10-14,23.709,23.709,23.679,23.139999,4575300,22.60371
2016-10-17,23.709,23.72,23.679,23.15,1554200,22.613478
2016-10-18,23.74,23.74,23.679,23.16,2914400,22.623247
2016-10-19,23.699,23.74,23.699,23.18,1535500,22.642784
2016-10-20,23.74,23.74,23.709,23.190001,8617100,22.65255
2016-10-21,23.74,23.75,23.73,23.200001,1401300,22.662319
2016-10-24,23.75,23.771,23.74,23.209999,7813900,22.672087
2016-10-25,23.771,23.781,23.761,23.219999,3217900,22.681854
2016-10-26,23.761,23.771,23.73,23.18,4131400,22.642784
2016-10-27,23.761,23.761,23.709,23.16,2384400,22.623247
2016-10-28,23.74,23.771,23.73,23.200001,4175700,22.662319
2016-10-31,23.75,23.761,23.72,23.18,2971400,22.642784
2016-11-01,23.73,23.74,23.689,23.15,6833200,22.613478
2016-11-02,23.699,23.72,23.607,23.059999,6162500,22.52556
2016-11-03,23.638,23.648,23.566,23.02,4194400,22.486492
2016-11-04,23.587,23.597,23.505,22.98,5120800,22.447422
2016-11-07,23.566,23.669,23.566,23.08,3632600,22.545099
2016-11-08,23.617,23.658,23.597,23.07,2680400,22.53533
2016-11-09,23.617,23.648,23.587,23.07,2804700,22.53533
2016-11-10,23.628,23.648,23.556,23.02,5192500,22.486492
2016-11-11,23.576,23.617,23.525,23.02,2266300,22.486492
2016-11-14,23.597,23.648,23.556,23.059999,4667800,22.52556
2016-11-15,23.504,23.545,23.473,23.049999,4708300,22.585392
2016-11-16,23.494,23.534,23.494,23.040001,3215800,22.575596
2016-11-17,23.514,23.555,23.514,23.049999,4429700,22.585392
2016-11-18,23.555,23.555,23.504,23.049999,3933100,22.585392
2016-11-21,23.555,23.596,23.545,23.110001,4159400,22.644184
2016-11-22,23.596,23.636,23.555,23.16,3408800,22.693174
2016-11-23,23.585,23.616,23.575,23.1,3390000,22.634384
2016-11-25,23.565,23.596,23.534,23.07,1915900,22.604992
2016-11-28,23.596,23.626,23.575,23.110001,4644700,22.644184
2016-11-29,23.596,23.626,23.575,23.110001,3693200,22.644184
2016-11-30,23.606,23.636,23.585,23.139999,4267800,22.673576
2016-12-01,23.657,23.667,23.616,23.190001,4644100,22.722569
2016-12-02,23.687,23.708,23.677,23.219999,4523400,22.751965
2016-12-05,23.718,23.738,23.687,23.26,6819700,22.791161
2016-12-06,23.749,23.779,23.718,23.290001,9406700,22.820557
2016-12-07,23.8,23.81,23.759,23.32,5798200,22.849951
2016-12-08,23.769,23.8,23.769,23.32,5530500,22.849951
2016-12-09,23.81,23.81,23.8,23.32,4824700,22.849951
2016-12-12,23.81,23.82,23.8,23.33,4078300,22.859749
2016-12-13,23.83,23.851,23.81,23.360001,5173600,22.889147
2016-12-14,23.841,23.861,23.82,23.360001,7120800,22.889147
2016-12-15,23.698,23.708,23.678,23.299999,5742200,22.908817
2016-12-16,23.698,23.728,23.678,23.290001,7930000,22.898987
2016-12-19,23.698,23.718,23.698,23.32,3456800,22.928482
2016-12-20,23.728,23.728,23.698,23.33,4552500,22.938313
2016-12-21,23.728,23.739,23.698,23.32,6305800,22.928482
2016-12-22,23.718,23.728,23.698,23.32,4857000,22.928482
2016-12-23,23.718,23.739,23.688,23.33,2936800,22.938313
2016-12-27,23.749,23.769,23.728,23.34,1913700,22.948145
2016-12-28,23.759,23.759,23.739,23.35,2682100,22.957979
2016-12-29,23.769,23.769,23.739,23.35,1625600,22.957979
2016-12-30,23.769,23.779,23.749,23.360001,2510500,22.967812
2017-01-03,23.789,23.789,23.759,23.389999,10740500,22.997305
2017-01-04,23.789,23.789,23.759,23.389999,9249500,22.997305
2017-01-05,23.8,23.8,23.779,23.379999,5244800,22.987474
2017-01-06,23.789,23.82,23.779,23.42,6601200,23.026804
2017-01-09,23.83,23.83,23.789,23.389999,4043700,22.997305
2017-01-10,23.81,23.82,23.769,23.379999,4013500,22.987474
2017-01-11,23.8,23.8,23.759,23.370001,3521800,22.97764
2017-01-12,23.8,23.82,23.779,23.41,4365900,23.01697
2017-01-13,23.688,23.688,23.647,23.360001,2379400,23.036695
2017-01-17,23.698,23.708,23.657,23.35,3357800,23.026834
2017-01-18,23.668,23.688,23.657,23.35,2494400,23.026834
2017-01-19,23.678,23.678,23.647,23.34,5402400,23.01697
2017-01-20,23.668,23.668,23.647,23.33,2620200,23.007111
2017-01-23,23.668,23.668,23.647,23.33,4874300,23.007111
2017-01-24,23.657,23.668,23.637,23.34,3111000,23.01697
2017-01-25,23.678,23.688,23.657,23.35,3463300,23.026834
2017-01-26,23.668,23.678,23.657,23.34,3253700,23.01697
2017-01-27,23.668,23.688,23.637,23.32,4634600,22.997246
2017-01-30,23.678,23.678,23.647,23.32,2580400,22.997246
2017-01-31,23.668,23.668,23.617,23.299999,3807400,22.977526
2017-02-01,23.647,23.647,23.607,23.290001,4454800,22.967665
2017-02-02,23.637,23.637,23.607,23.290001,3442900,22.967665
2017-02-03,23.617,23.617,23.597,23.27,4075600,22.947939
2017-02-06,23.617,23.617,23.597,23.290001,3291200,22.967665
2017-02-07,23.617,23.617,23.586,23.27,4267100,22.947939
2017-02-08,23.597,23.617,23.576,23.26,7863500,22.93808
2017-02-09,23.617,23.617,23.586,23.290001,2408000,22.967665
2017-02-10,23.617,23.617,23.586,23.290001,2457100,22.967665
2017-02-13,23.627,23.627,23.617,23.290001,3221600,22.967665
2017-02-14,23.617,23.627,23.597,23.280001,5958100,22.957802
2017-02-15,23.487,23.518,23.467,23.26,4536000,23.005278
2017-02-16,23.518,23.528,23.497,23.27,4339700,23.015167
2017-02-17,23.538,23.538,23.518,23.26,2091000,23.005278
2017-02-21,23.538,23.548,23.528,23.280001,4961200,23.025057
2017-02-22,23.528,23.558,23.518,23.290001,3131700,23.03495
2017-02-23,23.568,23.578,23.548,23.309999,2462100,23.054728
2017-02-24,23.588,23.588,23.558,23.32,7490400,23.064619
2017-02-27,23.609,23.619,23.609,23.360001,3404300,23.104183
2017-02-28,23.619,23.629,23.609,23.370001,3082600,23.114073
2017-03-01,23.629,23.669,23.619,23.41,7693600,23.153633
2017-03-02,23.679,23.679,23.629,23.370001,7887600,23.114073
2017-03-03,23.679,23.72,23.649,23.42,10504400,23.163523
2017-03-06,23.669,23.689,23.659,23.4,4618800,23.143742
2017-03-07,23.679,23.679,23.609,23.360001,4640800,23.104183
2017-03-08,23.649,23.659,23.609,23.35,2989400,23.094292
2017-03-09,23.629,23.639,23.558,23.299999,4825700,23.044838
2017-03-10,23.568,23.588,23.507,23.25,8003100,22.995386
2017-03-13,23.548,23.568,23.538,23.309999,2769800,23.054728
2017-03-14,23.558,23.568,23.548,23.290001,2412700,23.03495
2017-03-15,23.452,23.482,23.432,23.290001,5837200,23.099417
2017-03-16,23.452,23.492,23.452,23.27,4024000,23.07958
2017-03-17,23.492,23.502,23.442,23.25,7290700,23.059742
2017-03-20,23.482,23.482,23.452,23.280001,5253600,23.089497
2017-03-21,23.462,23.462,23.361,23.18,5786800,22.990316
2017-03-22,23.422,23.422,23.341,23.17,4721200,22.980396
2017-03-23,23.391,23.401,23.321,23.139999,4768000,22.950642
2017-03-24,23.351,23.401,23.321,23.200001,9079600,23.010153
2017-03-27,23.371,23.381,23.341,23.17,5994300,22.980396
2017-03-28,23.381,23.381,23.351,23.190001,5699400,23.000235
2017-03-29,23.381,23.412,23.371,23.219999,2586100,23.029987
2017-03-30,23.422,23.432,23.391,23.23,2771000,23.039906
2017-03-31,23.442,23.452,23.412,23.26,3809200,23.069662
2017-04-03,23.482,23.482,23.442,23.280001,6264600,23.089497
2017-04-04,23.472,23.492,23.452,23.299999,7096300,23.109333
2017-04-05,23.512,23.512,23.482,23.309999,8285600,23.119251
2017-04-06,23.502,23.512,23.462,23.309999,6117700,23.119251
2017-04-07,23.502,23.502,23.462,23.290001,4242000,23.099417
2017-04-10,23.492,23.512,23.482,23.32,4689000,23.129169
2017-04-11,23.502,23.522,23.482,23.32,1838600,23.129169
2017-04-12,23.512,23.512,23.492,23.309999,3049900,23.119251
2017-04-13,23.366,23.397,23.356,23.23,3463200,23.104332
2017-04-17,23.376,23.387,23.356,23.26,2036000,23.134171
2017-04-18,23.387,23.397,23.366,23.27,5009700,23.144117
2017-04-19,23.387,23.407,23.336,23.219999,3326000,23.094385
2017-04-20,23.366,23.387,23.356,23.26,3465600,23.134171
2017-04-21,23.387,23.387,23.356,23.26,3907800,23.134171
2017-04-24,23.407,23.407,23.387,23.27,3529000,23.144117
2017-04-25,23.407,23.407,23.366,23.280001,3758000,23.154062
2017-04-26,23.397,23.397,23.366,23.24,5178400,23.114277
2017-04-27,23.387,23.397,23.366,23.24,2136600,23.114277
2017-04-28,23.387,23.407,23.376,23.280001,4150700,23.154062
2017-05-01,23.407,23.417,23.387,23.27,3400600,23.144117
2017-05-02,23.407,23.417,23.387,23.27,3976600,23.144117
2017-05-03,23.397,23.407,23.366,23.24,9999200,23.114277
2017-05-04,23.376,23.387,23.346,23.23,3594100,23.104332
2017-05-05,23.387,23.387,23.336,23.23,3320400,23.104332
2017-05-08,23.387,23.407,23.366,23.280001,2835400,23.154062
2017-05-09,23.427,23.427,23.387,23.27,4613400,23.144117
2017-05-10,23.417,23.437,23.397,23.299999,3614000,23.173952
2017-05-11,23.417,23.437,23.407,23.280001,1630300,23.154062
2017-05-12,23.417,23.447,23.417,23.299999,1602100,23.173952
2017-05-15,23.323,23.333,23.303,23.25,1630000,23.186918
2017-05-16,23.333,23.343,23.313,23.280001,3009900,23.216837
2017-05-17,23.333,23.333,23.313,23.27,2263900,23.206863
2017-05-18,23.333,23.333,23.293,23.25,4339900,23.186918
2017-05-19,23.323,23.323,23.273,23.219999,5026500,23.157
2017-05-22,23.303,23.343,23.303,23.280001,4343900,23.216837
2017-05-23,23.343,23.353,23.323,23.26,4281900,23.196892
2017-05-24,23.333,23.353,23.313,23.280001,2771500,23.216837
2017-05-25,23.353,23.363,23.343,23.299999,1675900,23.236782
2017-05-26,23.373,23.373,23.343,23.299999,1928700,23.236782
2017-05-30,23.353,23.363,23.333,23.290001,1827800,23.22681
2017-05-31,23.353,23.373,23.343,23.309999,3502400,23.246756
2017-06-01,23.363,23.373,23.343,23.280001,6905400,23.216837
2017-06-02,23.363,23.383,23.343,23.309999,7928300,23.246756
2017-06-05,23.353,23.383,23.333,23.27,9635300,23.206863
2017-06-06,23.323,23.343,23.303,23.25,4034400,23.186918
2017-06-07,23.333,23.333,23.273,23.219999,5864600,23.157
2017-06-08,23.283,23.303,23.283,23.23,2863800,23.166971
2017-06-09,23.323,23.323,23.283,23.219999,3638600,23.157
2017-06-12,23.283,23.313,23.283,23.25,1241400,23.186918
2017-06-13,23.323,23.323,23.303,23.26,2531200,23.196892
2017-06-14,23.313,23.313,23.273,23.219999,2669500,23.157
2017-06-15,23.18,23.18,23.14,23.139999,3057700,23.139999
2017-06-16,23.15,23.16,23.14,23.15,2615600,23.15
2017-06-19,23.15,23.16,23.14,23.139999,3255300,23.139999
2017-06-20,23.14,23.14,23.09,23.1,5718000,23.1
2017-06-21,23.11,23.11,23.04,23.040001,7421900,23.040001
2017-06-22,23.03,23.09,23.03,23.07,3714300,23.07
2017-06-23,23.08,23.09,23.06,23.059999,3130500,23.059999
2017-06-26,23.09,23.12,23.09,23.1,4455200,23.1
2017-06-27,23.1,23.13,23.09,23.120001,4712800,23.120001
2017-06-28,23.12,23.12,23.1,23.1,2724500,23.1
2017-06-29,23.09,23.1,23.08,23.08,3943600,23.08
2017-06-30,NA,NA,NA,NA,NA,NA
2017-07-03,23.12,23.17,23.12,23.120001,1335400,23.120001
2017-07-07,23.09,23.16,23.115,23.139999,6579404,23.139999
