"Date","BNDX.Open","BNDX.High","BNDX.Low","BNDX.Close","BNDX.Volume","BNDX.Adjusted"
2013-06-04,53.974,53.974,53.59,50.299999,44300,47.155651
2013-06-05,53.761,53.761,53.654,50.360001,62500,47.211903
2013-06-06,53.697,53.707,53.622,50.290001,106800,47.146282
2013-06-07,53.686,53.686,53.537,50.189999,70800,47.052536
2013-06-10,53.611,53.611,53.121,49.830002,128800,46.715042
2013-06-11,53.441,53.441,53.121,49.82,50800,46.705662
2013-06-12,53.334,53.547,53.206,50.02,196200,46.893166
2013-06-13,53.345,53.377,53.174,49.849998,105400,46.733788
2013-06-14,53.473,53.473,53.302,49.970001,99900,46.846294
2013-06-17,53.441,53.441,53.227,50.009998,99400,46.883778
2013-06-18,53.387,53.387,53.163,49.93,138400,46.808788
2013-06-19,53.451,53.451,53.014,49.810001,86100,46.696297
2013-06-20,53.014,53.014,52.747,49.650002,125300,46.546291
2013-06-21,53.334,53.334,52.705,49.549999,217900,46.452534
2013-06-24,52.79,52.854,52.395,49.529999,312900,46.433804
2013-06-25,52.897,52.897,52.63,49.369999,262900,46.283791
2013-06-26,52.758,52.822,52.63,49.349998,1223000,46.265026
2013-06-27,52.939,52.939,52.587,49.470001,2004500,46.377529
2013-06-28,52.747,52.747,52.587,49.41,2443200,46.321293
2013-07-01,52.775,52.775,52.69,49.459999,2231000,46.418903
2013-07-02,52.541,52.754,52.541,49.419998,90000,46.381363
2013-07-03,52.871,52.881,52.636,49.580002,37200,46.531528
2013-07-05,52.658,52.658,52.285,49.34,139400,46.306278
2013-07-08,52.839,52.839,52.69,49.490002,202800,46.447048
2013-07-09,52.881,52.881,52.69,49.529999,62400,46.484589
2013-07-10,53.063,53.063,52.722,49.549999,57000,46.503372
2013-07-11,52.956,53.009,52.764,49.619999,89000,46.569065
2013-07-12,52.903,52.956,52.786,49.57,423300,46.522144
2013-07-15,52.935,53.052,52.743,49.549999,1037900,46.503372
2013-07-16,52.956,53.02,52.775,49.650002,586200,46.597218
2013-07-17,52.967,52.977,52.892,49.700001,230000,46.644142
2013-07-18,52.977,52.999,52.743,49.68,161500,46.625374
2013-07-19,52.967,52.977,52.711,49.5,91100,46.456429
2013-07-22,52.977,52.999,52.796,49.650002,54000,46.597218
2013-07-23,53.02,53.041,52.754,49.740002,88100,46.681683
2013-07-24,52.945,52.945,52.743,49.619999,98000,46.569065
2013-07-25,52.892,52.892,52.53,49.560001,108900,46.512756
2013-07-26,52.743,52.956,52.572,49.700001,53000,46.644142
2013-07-29,52.945,52.945,52.743,49.619999,635200,46.569065
2013-07-30,52.85,52.881,52.69,49.599998,80100,46.550289
2013-07-31,52.892,52.903,52.53,49.490002,76500,46.447048
2013-08-01,52.871,52.871,52.562,49.450001,65600,46.47525
2013-08-02,52.764,52.817,52.615,49.639999,57100,46.65382
2013-08-05,52.817,52.817,52.668,49.560001,71400,46.578632
2013-08-06,52.775,52.775,52.636,49.540001,86100,46.559834
2013-08-07,52.796,52.817,52.615,49.549999,65500,46.569241
2013-08-08,52.785,52.785,52.668,49.57,45800,46.588043
2013-08-09,52.53,52.817,52.53,49.630001,43100,46.644421
2013-08-12,52.849,52.849,52.7,49.639999,47500,46.65382
2013-08-13,52.7,52.775,52.519,49.490002,56600,46.51284
2013-08-14,52.658,52.69,52.339,49.450001,64200,46.47525
2013-08-15,52.53,52.541,52.296,49.360001,54800,46.390675
2013-08-16,52.466,52.551,52.253,49.34,57400,46.371872
2013-08-19,52.573,52.573,52.2,49.150002,94100,46.193302
2013-08-20,52.285,52.562,52.2,49.310001,71800,46.343685
2013-08-21,52.466,52.477,52.221,49.18,63200,46.221493
2013-08-22,52.37,52.487,52.051,49.09,131200,46.136913
2013-08-23,52.296,52.296,52.051,49.07,118300,46.118126
2013-08-26,52.296,52.296,52.094,49.060001,58900,46.108719
2013-08-27,52.19,52.551,52.19,49.130001,38400,46.174503
2013-08-28,52.317,52.498,52.232,49.099998,52400,46.146309
2013-08-29,52.253,52.562,52.253,49.25,75300,46.28727
2013-08-30,52.551,52.573,52.307,49.330002,79700,46.362473
2013-09-03,52.403,52.403,52.063,49.02,152700,46.116928
2013-09-04,52.446,52.446,52.297,49.259998,84300,46.342712
2013-09-05,52.212,52.212,51.904,48.849998,35500,45.957001
2013-09-06,52.085,52.276,52.063,49.119999,66000,46.211002
2013-09-09,52.276,52.276,51.946,49.07,51800,46.163967
2013-09-10,52.435,52.435,51.564,48.950001,540400,46.051056
2013-09-11,52.17,52.191,51.978,49.09,85000,46.18277
2013-09-12,52.01,52.361,52.01,49.16,137400,46.248631
2013-09-13,51.989,52.276,51.957,49.150002,87300,46.239231
2013-09-16,52.457,52.457,52.148,49.209999,43100,46.29567
2013-09-17,52.393,52.393,52.233,49.23,77500,46.314484
2013-09-18,52.382,52.818,52.031,49.610001,116900,46.671993
2013-09-19,52.818,52.818,52.584,49.549999,75500,46.615532
2013-09-20,52.361,52.574,52.116,49.43,101100,46.502644
2013-09-23,52.669,52.754,52.574,49.630001,76700,46.690792
2013-09-24,52.797,52.85,52.616,49.669998,115500,46.728436
2013-09-25,52.722,52.829,52.69,49.700001,40600,46.756657
2013-09-26,52.829,52.829,52.69,49.650002,256700,46.709625
2013-09-27,52.871,52.892,52.627,49.720001,66700,46.775455
2013-09-30,52.797,52.797,52.69,49.650002,86700,46.709625
2013-10-01,52.681,52.713,52.543,49.650002,91200,46.774624
2013-10-02,52.776,52.872,52.66,49.75,208500,46.868832
2013-10-03,52.638,52.776,52.628,49.669998,112900,46.793465
2013-10-04,52.776,52.776,52.585,49.650002,228000,46.774624
2013-10-07,52.893,52.904,52.607,49.740002,82100,46.859398
2013-10-08,52.341,52.734,52.331,49.66,53500,46.784042
2013-10-09,52.819,52.819,52.384,49.66,100500,46.784042
2013-10-10,52.755,52.755,52.596,49.66,40600,46.784042
2013-10-11,52.66,52.734,52.469,49.470001,52600,46.605042
2013-10-14,52.819,52.819,52.543,49.580002,54200,46.708664
2013-10-15,52.776,52.776,52.543,49.5,64400,46.633305
2013-10-16,52.787,52.787,52.394,49.709999,90300,46.83115
2013-10-17,52.914,52.914,52.596,49.700001,53900,46.821724
2013-10-18,52.84,52.84,52.649,49.77,93300,46.887672
2013-10-21,52.883,52.883,52.649,49.73,64200,46.849979
2013-10-22,52.957,52.999,52.745,49.91,54500,47.019558
2013-10-23,52.999,53.042,52.819,49.93,68500,47.038406
2013-10-24,52.978,53.074,52.914,49.970001,107600,47.076092
2013-10-25,53.074,53.074,52.978,49.990002,43400,47.094929
2013-10-28,53.116,53.116,52.968,49.970001,49200,47.076092
2013-10-29,53.095,53.116,52.978,50.040001,89800,47.14204
2013-10-30,53.19,53.254,53.031,50.080002,69300,47.179726
2013-10-31,53.254,53.254,52.968,50.09,454300,47.18914
2013-11-01,53.091,53.101,53.006,50.080002,99900,47.240067
2013-11-04,53.027,53.091,53.006,50.049999,71100,47.211781
2013-11-05,52.932,52.985,52.879,49.950001,120300,47.117447
2013-11-06,52.921,52.995,52.794,49.900002,68100,47.07029
2013-11-07,52.995,53.069,52.9,49.959999,85400,47.126877
2013-11-08,53.038,53.038,52.804,49.900002,79700,47.07029
2013-11-11,52.857,53.016,52.857,49.93,79200,47.098576
2013-11-12,52.932,52.942,52.836,49.93,88500,47.098576
2013-11-13,52.889,52.985,52.879,49.970001,112700,47.136314
2013-11-14,52.985,53.006,52.847,49.970001,72800,47.136314
2013-11-15,52.995,53.006,52.9,49.98,163700,47.145744
2013-11-18,53.006,53.027,52.91,50,133400,47.164616
2013-11-19,53.006,53.006,52.9,49.950001,130800,47.117447
2013-11-20,52.942,53.038,52.879,49.91,73200,47.079716
2013-11-21,52.836,52.953,52.804,49.889999,88800,47.060856
2013-11-22,52.921,52.953,52.847,49.900002,86500,47.07029
2013-11-25,52.953,53.016,52.921,49.970001,102900,47.136314
2013-11-26,53.006,53.059,52.974,50.040001,78000,47.202358
2013-11-27,53.048,53.048,52.942,49.990002,70700,47.155167
2013-11-29,53.059,53.059,52.974,50.02,56900,47.183483
2013-12-02,52.932,52.932,52.762,49.880001,295200,47.098495
2013-12-03,52.9,52.911,52.836,49.939999,105300,47.155136
2013-12-04,52.794,52.805,52.678,49.790001,717900,47.013519
2013-12-05,52.625,52.699,52.614,49.709999,71000,46.937988
2013-12-06,52.699,52.72,52.635,49.759998,77400,46.98518
2013-12-09,52.773,52.773,52.709,49.790001,184800,47.013519
2013-12-10,52.762,52.815,52.72,49.830002,80200,47.051289
2013-12-11,52.815,52.836,52.741,49.849998,99700,47.070171
2013-12-12,52.773,52.794,52.688,49.82,234900,47.041847
2013-12-13,52.783,52.815,52.762,49.860001,69300,47.079613
2013-12-16,52.826,52.847,52.773,49.849998,189200,47.070171
2013-12-17,52.815,52.858,52.752,49.84,96900,47.06073
2013-12-18,52.805,52.836,52.678,49.84,626400,47.06073
2013-12-19,52.72,52.752,52.656,49.740002,222000,46.966301
2013-12-20,52.656,52.762,52.656,49.740002,86400,46.966301
2013-12-23,52.741,52.783,52.603,49.779999,239000,47.004082
2013-12-24,52.579,52.579,52.473,49.709999,55300,47.006912
2013-12-26,52.516,52.569,52.473,49.709999,103400,47.006912
2013-12-27,52.484,52.505,52.378,49.57,111300,46.874535
2013-12-30,52.547,52.547,52.378,49.599998,122600,46.902889
2013-12-31,52.494,52.494,52.378,49.619999,93300,46.921806
2014-01-02,52.526,52.537,52.431,49.639999,123600,46.94072
2014-01-03,52.558,52.569,52.399,49.599998,82400,46.902889
2014-01-06,52.547,52.621,52.495,49.720001,134300,47.016357
2014-01-07,52.695,52.706,52.621,49.84,148400,47.129848
2014-01-08,52.685,52.727,52.537,49.720001,139800,47.016357
2014-01-09,52.632,52.674,52.537,49.759998,154600,47.054195
2014-01-10,52.738,52.759,52.632,49.889999,73100,47.177113
2014-01-13,52.822,52.854,52.717,49.93,103700,47.214947
2014-01-14,52.854,52.854,52.769,49.91,135400,47.196037
2014-01-15,52.801,52.843,52.717,49.889999,109200,47.177113
2014-01-16,52.854,52.928,52.822,50.02,108300,47.300064
2014-01-17,52.928,52.939,52.812,50.060001,106500,47.337875
2014-01-21,52.96,52.981,52.896,50.07,112500,47.347332
2014-01-22,52.949,52.949,52.865,49.990002,220800,47.271683
2014-01-23,52.981,53.002,52.918,50.110001,112300,47.385159
2014-01-24,52.992,53.14,52.992,50.209999,194100,47.479725
2014-01-27,53.034,53.034,52.907,50.130001,146400,47.404072
2014-01-28,53.013,53.066,52.939,50.169998,90000,47.441898
2014-01-29,53.097,53.161,53.034,50.220001,132000,47.48917
2014-01-30,53.161,53.192,53.076,50.259998,86100,47.526997
2014-01-31,53.224,53.266,53.161,50.330002,85600,47.593201
2014-02-03,53.215,53.215,53.035,50.34,139900,47.658524
2014-02-04,53.151,53.151,53.077,50.290001,152900,47.611176
2014-02-05,53.151,53.172,53.077,50.290001,67700,47.611176
2014-02-06,53.13,53.13,53.003,50.220001,99600,47.544914
2014-02-07,53.088,53.172,53.035,50.299999,128200,47.620663
2014-02-10,53.162,53.162,53.035,50.23,127300,47.554382
2014-02-11,53.024,53.12,53.024,50.259998,108100,47.582775
2014-02-12,53.067,53.088,52.94,50.18,153700,47.507034
2014-02-13,53.098,53.172,52.982,50.32,131400,47.639599
2014-02-14,53.088,53.098,52.982,50.259998,92700,47.582775
2014-02-18,53.067,53.162,53.056,50.32,119500,47.639599
2014-02-19,53.246,53.246,53.141,50.32,134500,47.639599
2014-02-20,53.12,53.12,52.887,50.099998,343400,47.431309
2014-02-21,52.993,53.12,52.993,50.27,83000,47.592255
2014-02-24,53.183,53.183,53.035,50.279999,104200,47.601707
2014-02-25,53.183,53.236,53.13,50.389999,80900,47.705872
2014-02-26,53.278,53.299,53.204,50.459999,103400,47.772121
2014-02-27,53.405,53.436,53.299,50.57,103500,47.876274
2014-02-28,53.394,53.394,53.267,50.509998,133900,47.819462
2014-03-03,53.31,53.383,53.204,50.59,106800,47.952156
2014-03-04,53.341,53.341,53.236,50.490002,99400,47.85738
2014-03-05,53.289,53.32,53.236,50.5,85700,47.866863
2014-03-06,53.246,53.246,53.12,50.439999,111700,47.809978
2014-03-07,53.12,53.215,53.078,50.389999,98000,47.7626
2014-03-10,53.183,53.215,53.12,50.419998,77300,47.791031
2014-03-11,53.172,53.246,53.12,50.439999,232400,47.809978
2014-03-12,53.257,53.32,53.215,50.509998,76700,47.876343
2014-03-13,53.257,53.352,53.215,50.529999,145600,47.895294
2014-03-14,53.436,53.436,53.289,50.549999,67800,47.914249
2014-03-17,53.341,53.352,53.289,50.549999,134000,47.914249
2014-03-18,53.32,53.352,53.278,50.57,114200,47.933208
2014-03-19,53.352,53.352,53.141,50.439999,139000,47.809978
2014-03-20,53.172,53.215,53.099,50.419998,70800,47.791031
2014-03-21,53.236,53.289,53.151,50.5,98500,47.866863
2014-03-24,53.236,53.331,53.225,50.540001,90600,47.904774
2014-03-25,53.373,53.373,53.236,50.549999,87200,47.914249
2014-03-26,53.373,53.394,53.267,50.599998,164100,47.961647
2014-03-27,53.426,53.436,53.383,50.650002,93000,48.009037
2014-03-28,53.426,53.436,53.299,50.599998,96500,47.961647
2014-03-31,53.32,53.405,53.278,50.610001,128300,47.971107
2014-04-01,53.231,53.262,53.167,50.509998,484700,47.937904
2014-04-02,53.199,53.199,53.073,50.450001,155000,47.880966
2014-04-03,53.178,53.241,53.167,50.52,1e+05,47.947399
2014-04-04,53.241,53.357,53.22,50.599998,224300,48.023319
2014-04-07,53.389,53.389,53.315,50.650002,128200,48.070763
2014-04-08,53.336,53.347,53.283,50.610001,100900,48.032806
2014-04-09,53.315,53.378,53.22,50.599998,1055500,48.023319
2014-04-10,53.462,53.462,53.325,50.700001,120500,48.118229
2014-04-11,53.484,53.526,53.357,50.77,102900,48.184666
2014-04-14,53.484,53.484,53.357,50.689999,112800,48.108742
2014-04-15,53.462,53.578,53.389,50.82,83900,48.232128
2014-04-16,53.494,53.515,53.42,50.77,90400,48.184666
2014-04-17,53.462,53.547,53.378,50.689999,126400,48.108742
2014-04-21,53.505,53.505,53.42,50.73,164200,48.146706
2014-04-22,53.431,53.462,53.41,50.73,102200,48.146706
2014-04-23,53.462,53.515,53.42,50.740002,178900,48.156185
2014-04-24,53.452,53.494,53.42,50.740002,389300,48.156185
2014-04-25,53.462,53.526,53.452,50.799999,192700,48.213131
2014-04-28,53.505,53.515,53.441,50.75,247800,48.16568
2014-04-29,53.462,53.494,53.441,50.77,199300,48.184666
2014-04-30,53.536,53.599,53.473,50.849998,235200,48.260593
2014-05-01,53.454,53.486,53.412,50.82,118800,48.296703
2014-05-02,53.444,53.528,53.401,50.830002,100400,48.306206
2014-05-05,53.486,53.549,53.433,50.810001,4175100,48.287197
2014-05-06,53.496,53.517,53.454,50.84,158400,48.315716
2014-05-07,53.486,53.507,53.454,50.84,145300,48.315716
2014-05-08,53.528,53.58,53.475,50.91,221800,48.38224
2014-05-09,53.559,53.559,53.507,50.880001,158800,48.353725
2014-05-12,53.486,53.538,53.475,50.860001,102800,48.334728
2014-05-13,53.538,53.665,53.517,51,332300,48.467762
2014-05-14,53.665,53.759,53.622,51.040001,128800,48.505787
2014-05-15,53.791,53.833,53.675,51.130001,139900,48.59132
2014-05-16,53.749,53.759,53.696,51.040001,247600,48.505787
2014-05-19,53.759,53.759,53.696,51.049999,116600,48.515289
2014-05-20,53.654,53.675,53.601,51,172600,48.467762
2014-05-21,53.643,53.665,53.601,50.98,100600,48.44875
2014-05-22,53.633,53.665,53.57,50.959999,96400,48.429756
2014-05-23,53.696,53.707,53.58,50.98,78300,48.44875
2014-05-27,53.77,53.791,53.643,51.080002,134600,48.543793
2014-05-28,53.812,54.064,53.812,51.380001,147100,48.828899
2014-05-29,54.012,54.012,53.833,51.189999,116900,48.648338
2014-05-30,53.843,53.885,53.801,51.16,306400,48.619827
2014-06-02,53.812,53.812,53.654,51.09,132400,48.610306
2014-06-03,53.665,53.665,53.57,51.029999,162800,48.553219
2014-06-04,53.581,53.612,53.496,50.93,186800,48.458073
2014-06-05,53.56,53.707,53.539,51.09,113000,48.610306
2014-06-06,53.801,53.843,53.707,51.200001,126900,48.714977
2014-06-09,53.812,53.854,53.77,51.189999,149400,48.705452
2014-06-10,53.791,53.812,53.738,51.16,168200,48.67691
2014-06-11,53.77,53.78,53.675,51.110001,291500,48.629341
2014-06-12,53.749,53.801,53.675,51.18,139800,48.695942
2014-06-13,53.749,53.812,53.686,51.200001,103100,48.714977
2014-06-16,53.822,53.822,53.728,51.18,134900,48.695942
2014-06-17,53.801,53.801,53.728,51.139999,137900,48.657871
2014-06-18,53.822,53.822,53.728,51.189999,802100,48.705452
2014-06-19,53.896,53.917,53.759,51.279999,189900,48.791077
2014-06-20,53.801,53.833,53.759,51.18,160200,48.695942
2014-06-23,53.896,53.896,53.822,51.259998,172600,48.77206
2014-06-24,53.885,53.917,53.801,51.290001,123000,48.80061
2014-06-25,54.011,54.032,53.927,51.380001,157600,48.886242
2014-06-26,54.032,54.054,53.969,51.419998,141000,48.924309
2014-06-27,54.085,54.085,53.969,51.389999,139800,48.895756
2014-06-30,53.969,54.064,53.969,51.41,290200,48.914776
2014-07-01,53.834,53.981,53.834,51.32,92000,48.885235
2014-07-02,53.834,53.887,53.792,51.27,179100,48.837616
2014-07-03,53.782,53.813,53.75,51.240002,97800,48.80904
2014-07-07,53.876,53.897,53.834,51.32,177600,48.885235
2014-07-08,53.949,53.949,53.886,51.380001,113800,48.942425
2014-07-09,53.908,53.992,53.908,51.369999,99700,48.932869
2014-07-10,54.033,54.033,53.96,51.419998,66500,48.980499
2014-07-11,54.023,54.054,53.928,51.459999,131100,49.018612
2014-07-14,53.981,54.012,53.95,51.43,148100,48.990025
2014-07-15,54.012,54.033,53.97,51.450001,141400,49.00909
2014-07-16,54.033,54.065,53.981,51.490002,148400,49.047188
2014-07-17,54.107,54.18,54.075,51.59,243300,49.142426
2014-07-18,54.159,54.18,54.065,51.580002,128000,49.132908
2014-07-21,54.222,54.222,54.149,51.599998,142800,49.151974
2014-07-22,54.201,54.201,54.149,51.610001,358400,49.161491
2014-07-23,54.233,54.254,54.18,51.650002,342300,49.199589
2014-07-24,54.18,54.18,54.149,51.59,147900,49.142426
2014-07-25,54.212,54.275,54.18,51.68,307100,49.228172
2014-07-28,54.275,54.285,54.201,51.650002,204400,49.199589
2014-07-29,54.317,54.327,54.233,51.73,209300,49.275799
2014-07-30,54.285,54.285,54.18,51.630001,158200,49.180542
2014-07-31,54.212,54.222,54.138,51.610001,137000,49.161491
2014-08-01,54.081,54.175,54.039,51.599998,109700,49.223492
2014-08-04,54.175,54.175,54.081,51.630001,288600,49.252117
2014-08-05,54.102,54.102,54.018,51.59,230700,49.213955
2014-08-06,54.102,54.154,54.018,51.599998,247200,49.223492
2014-08-07,54.133,54.165,54.07,51.66,133200,49.280739
2014-08-08,54.238,54.259,54.175,51.73,166000,49.347515
2014-08-11,54.217,54.217,54.154,51.709999,196100,49.328419
2014-08-12,54.217,54.238,54.196,51.709999,173100,49.328419
2014-08-13,54.259,54.322,54.217,51.790001,159800,49.404747
2014-08-14,54.353,54.385,54.311,51.860001,158000,49.471535
2014-08-15,54.437,54.448,54.28,51.849998,383600,49.461975
2014-08-18,54.385,54.385,54.311,51.849998,162900,49.461975
2014-08-19,54.416,54.448,54.374,51.889999,629300,49.500134
2014-08-20,54.427,54.437,54.364,51.900002,315400,49.509682
2014-08-21,54.427,54.448,54.374,51.919998,167200,49.528751
2014-08-22,54.479,54.49,54.385,51.98,126700,49.585999
2014-08-25,54.552,54.605,54.521,52.07,131400,49.671844
2014-08-26,54.636,54.636,54.573,52.110001,336700,49.710011
2014-08-27,54.72,54.762,54.636,52.23,139200,49.824478
2014-08-28,54.794,54.815,54.752,52.25,197700,49.843571
2014-08-29,54.731,54.794,54.678,52.240002,1331800,49.834019
2014-09-02,54.538,54.59,54.454,52.02,2744800,49.685028
2014-09-03,54.465,54.517,54.391,52.009998,216100,49.675461
2014-09-04,54.486,54.507,54.287,52,312500,49.665928
2014-09-05,54.59,54.59,54.454,52.119999,436100,49.780521
2014-09-08,54.58,54.59,54.475,52.060001,246700,49.723228
2014-09-09,54.402,54.412,54.36,51.950001,184700,49.618172
2014-09-10,54.37,54.402,54.297,51.93,138900,49.599068
2014-09-11,54.37,54.381,54.287,51.880001,216300,49.551311
2014-09-12,54.245,54.276,54.172,51.799999,327500,49.474903
2014-09-15,54.287,54.308,54.182,51.77,343500,49.446243
2014-09-16,54.308,54.318,54.245,51.849998,570300,49.52264
2014-09-17,54.308,54.391,54.245,51.860001,170000,49.5322
2014-09-18,54.266,54.297,54.234,51.84,300100,49.513119
2014-09-19,54.37,54.423,54.318,51.950001,162300,49.618172
2014-09-22,54.444,54.486,54.391,52.02,462500,49.685028
2014-09-23,54.486,54.496,54.433,52.029999,2306300,49.694572
2014-09-24,54.507,54.507,54.37,52,262300,49.665928
2014-09-25,54.528,54.58,54.507,52.130001,265700,49.790081
2014-09-26,54.528,54.59,54.423,52.080002,532100,49.742336
2014-09-29,54.486,54.601,54.465,52.110001,1023000,49.770981
2014-09-30,54.611,54.611,54.528,52.110001,186000,49.770981
2014-10-01,54.543,54.616,54.501,52.200001,282600,49.909626
2014-10-02,54.606,54.606,54.491,52.16,266400,49.871384
2014-10-03,54.533,54.595,54.449,52.189999,528400,49.900063
2014-10-06,54.585,54.595,54.501,52.169998,242000,49.880947
2014-10-07,54.595,54.658,54.501,52.259998,287200,49.966991
2014-10-08,54.679,54.731,54.616,52.279999,688100,49.986118
2014-10-09,54.711,54.731,54.669,52.310001,2435100,50.014809
2014-10-10,54.669,54.711,54.637,52.279999,364400,49.986118
2014-10-13,54.763,54.815,54.7,52.349998,197700,50.053043
2014-10-14,54.784,54.836,54.711,52.380001,176700,50.081722
2014-10-15,54.982,55.087,54.857,52.610001,752700,50.301643
2014-10-16,54.972,54.972,54.658,52.330002,314900,50.033932
2014-10-17,54.669,54.669,54.554,52.169998,333900,49.880947
2014-10-20,54.69,54.7,54.564,52.240002,235100,49.947861
2014-10-21,54.648,54.669,54.564,52.240002,671200,49.947861
2014-10-22,54.637,54.679,54.585,52.23,260700,49.938301
2014-10-23,54.616,54.637,54.543,52.240002,182800,49.947861
2014-10-24,54.637,54.658,54.595,52.220001,248200,49.928741
2014-10-27,54.679,54.679,54.595,52.220001,204400,49.928741
2014-10-28,54.627,54.658,54.595,52.220001,159700,49.928741
2014-10-29,54.637,54.669,54.606,52.240002,153600,49.947861
2014-10-30,54.69,54.731,54.679,52.299999,416700,50.005222
2014-10-31,54.69,54.805,54.69,52.369999,497200,50.072155
2014-11-03,54.696,54.696,54.581,52.299999,362900,50.075985
2014-11-04,54.717,54.717,54.644,52.32,443100,50.09515
2014-11-05,54.591,54.654,54.571,52.310001,627100,50.085564
2014-11-06,54.665,54.675,54.633,52.330002,4332600,50.104729
2014-11-07,54.633,54.706,54.623,52.360001,1289900,50.133453
2014-11-10,54.759,54.779,54.685,52.380001,576700,50.152596
2014-11-11,54.685,54.706,54.623,52.369999,417500,50.143009
2014-11-12,54.738,54.769,54.685,52.389999,204600,50.162163
2014-11-13,54.748,54.769,54.696,52.400002,507100,50.171738
2014-11-14,54.738,54.769,54.675,52.439999,290400,50.210037
2014-11-17,54.821,54.821,54.748,52.470001,2032200,50.23877
2014-11-18,54.8,54.832,54.727,52.439999,407100,50.210037
2014-11-19,54.706,54.759,54.685,52.389999,250900,50.162163
2014-11-20,54.8,54.832,54.717,52.5,377300,50.267494
2014-11-21,54.905,54.915,54.832,52.560001,319600,50.324947
2014-11-24,54.884,54.926,54.842,52.540001,460600,50.305794
2014-11-25,54.915,55.061,54.905,52.700001,328800,50.458984
2014-11-26,55.103,55.103,54.957,52.75,362800,50.506866
2014-11-28,55.218,55.218,55.082,52.77,188700,50.526012
2014-12-01,55.098,55.108,55.025,52.779999,740000,50.617115
2014-12-02,55.004,55.004,54.848,52.669998,376300,50.511612
2014-12-03,54.921,54.983,54.889,52.68,266100,50.52121
2014-12-04,54.941,54.973,54.837,52.650002,666700,50.492439
2014-12-05,55.056,55.056,54.639,52.48,942300,50.329407
2014-12-08,54.754,55.004,54.754,52.560001,506300,50.406132
2014-12-09,55.046,55.067,54.827,52.66,329100,50.502033
2014-12-10,54.952,55.067,54.921,52.810001,344400,50.645893
2014-12-11,55.077,55.087,54.962,52.790001,300500,50.626701
2014-12-12,55.046,55.192,55.025,52.860001,241900,50.693832
2014-12-15,55.16,55.233,55.046,52.93,1221400,50.76096
2014-12-16,55.296,55.327,55.16,53.040001,320500,50.866463
2014-12-17,55.317,55.379,55.265,53.040001,339000,50.866463
2014-12-18,55.275,55.306,55.192,52.98,861200,50.808926
2014-12-19,55.265,55.327,55.223,53.049999,523600,50.876053
2014-12-22,55.369,55.4,55.296,53.119999,481600,50.943188
2014-12-23,55.137,55.199,55.116,52.990002,1281000,50.907639
2014-12-24,55.105,55.137,55.074,52.959999,283000,50.878822
2014-12-26,55.168,55.22,55.105,53.02,241200,50.936462
2014-12-29,55.324,55.334,55.22,53.080002,552700,50.994099
2014-12-30,55.324,55.387,55.272,53.139999,468200,51.051735
2014-12-31,55.355,55.397,55.168,53.110001,644100,51.022926
2015-01-02,55.303,55.532,55.303,53.349998,448200,51.253487
2015-01-05,55.511,55.522,55.439,53.330002,650400,51.234276
2015-01-06,55.501,55.668,55.501,53.450001,523000,51.349552
2015-01-07,55.657,55.657,55.449,53.41,391800,51.311131
2015-01-08,55.605,55.605,55.48,53.389999,2174700,51.291908
2015-01-09,55.511,55.584,55.491,53.360001,328300,51.263092
2015-01-12,55.636,55.709,55.584,53.48,429400,51.378376
2015-01-13,55.751,55.772,55.688,53.529999,695200,51.426422
2015-01-14,55.865,55.886,55.74,53.66,348500,51.551308
2015-01-15,55.834,55.907,55.595,53.41,1302700,51.311131
2015-01-16,55.803,55.969,55.792,53.720001,433100,51.608948
2015-01-20,55.907,55.99,55.886,53.700001,935600,51.589733
2015-01-21,55.98,56.011,55.897,53.779999,572500,51.666588
2015-01-22,56.042,56.053,55.897,53.709999,567600,51.59935
2015-01-23,56.209,56.344,56.032,54.029999,816300,51.906769
2015-01-26,56.198,56.209,56.105,53.959999,603700,51.839516
2015-01-27,56.178,56.334,56.094,53.91,480800,51.791485
2015-01-28,56.198,56.25,56.105,54.029999,601100,51.906769
2015-01-29,56.209,56.271,56.157,53.98,608500,51.858734
2015-01-30,56.261,56.334,56.198,54.060001,863800,51.935589
2015-02-02,56.196,56.217,56.155,54.07,1147300,52.014477
2015-02-03,56.165,56.186,56.051,53.950001,2686400,51.899033
2015-02-04,56.051,56.072,55.926,53.900002,1260100,51.850933
2015-02-05,56.051,56.072,55.885,53.799999,627200,51.75473
2015-02-06,55.905,55.926,55.76,53.639999,456700,51.600822
2015-02-09,55.884,55.968,55.687,53.610001,562900,51.571968
2015-02-10,55.645,55.77,55.49,53.48,681400,51.446892
2015-02-11,55.749,55.801,55.469,53.630001,529000,51.591198
2015-02-12,55.77,55.874,55.666,53.709999,513000,51.668163
2015-02-13,55.822,55.843,55.718,53.599998,420300,51.56234
2015-02-17,55.729,55.781,55.645,53.59,543800,51.552731
2015-02-18,55.697,55.697,55.573,53.52,517900,51.485374
2015-02-19,55.656,55.718,55.614,53.540001,460900,51.504631
2015-02-20,55.697,55.739,55.635,53.57,1136200,51.533489
2015-02-23,55.749,55.781,55.708,53.650002,406800,51.610443
2015-02-24,55.822,55.864,55.76,53.73,462100,51.687397
2015-02-25,55.957,55.978,55.885,53.849998,2125800,51.802837
2015-02-26,55.999,56.03,55.936,53.860001,581200,51.812462
2015-02-27,56.02,56.103,55.895,53.889999,916700,51.841309
2015-03-02,56.017,56.017,55.675,53.700001,1036500,51.718037
2015-03-03,55.727,55.727,55.581,53.59,1064600,51.612095
2015-03-04,55.592,55.675,55.581,53.59,590500,51.612095
2015-03-05,55.675,55.716,55.623,53.66,674200,51.679523
2015-03-06,55.716,55.716,55.498,53.540001,758000,51.563942
2015-03-09,55.633,55.696,55.613,53.639999,524400,51.660255
2015-03-10,55.748,55.914,55.748,53.830002,425300,51.843243
2015-03-11,55.914,55.986,55.841,53.91,522800,51.920284
2015-03-12,55.997,56.059,55.924,53.91,531700,51.920284
2015-03-13,55.986,56.038,55.966,53.900002,346800,51.91066
2015-03-16,56.059,56.069,55.654,53.720001,9946600,51.737312
2015-03-17,55.841,55.841,55.654,53.650002,781300,51.66988
2015-03-18,55.779,55.966,55.748,53.900002,734900,51.91066
2015-03-19,56.069,56.132,55.997,54.02,1105900,52.026226
2015-03-20,56.111,56.194,56.09,54.07,525400,52.074387
2015-03-23,56.184,56.267,56.09,54.049999,1416200,52.055122
2015-03-24,56.132,56.142,56.038,54.029999,787000,52.035858
2015-03-25,56.121,56.121,56.028,54.009998,370000,52.016609
2015-03-26,56.017,56.069,55.966,53.970001,526100,51.978081
2015-03-27,56.017,56.101,55.945,53.939999,528600,51.949181
2015-03-30,56.08,56.08,55.976,53.970001,524200,51.978081
2015-03-31,56.049,56.184,56.017,54.09,848400,52.093643
2015-04-01,56.115,56.157,56.022,54.049999,2931100,52.109081
2015-04-02,56.115,56.115,55.887,53.950001,1229900,52.012661
2015-04-06,56.063,56.105,56.011,54.060001,387100,52.118713
2015-04-07,56.022,56.063,55.949,54.02,396700,52.080151
2015-04-08,56.115,56.167,56.053,54.09,1291200,52.147636
2015-04-09,56.157,56.157,56.053,54.07,460200,52.128353
2015-04-10,56.074,56.157,56.053,54.119999,322400,52.176559
2015-04-13,56.157,56.157,56.084,54.139999,399100,52.195835
2015-04-14,56.167,56.208,56.167,54.189999,911300,52.244045
2015-04-15,56.229,56.271,56.188,54.23,349500,52.282608
2015-04-16,56.219,56.24,56.146,54.139999,1622900,52.195835
2015-04-17,56.115,56.198,56.011,54.16,1783100,52.215118
2015-04-20,56.208,56.208,56.032,54.09,493400,52.147636
2015-04-21,56.032,56.146,55.959,54,1825700,52.060867
2015-04-22,55.98,55.98,55.877,53.900002,384200,51.964455
2015-04-23,55.897,55.908,55.845,53.869999,383800,51.935532
2015-04-24,55.897,56.074,55.877,54.060001,371900,52.118713
2015-04-27,56.022,56.032,55.959,54.02,378300,52.080151
2015-04-28,55.991,56.022,55.918,53.970001,487200,52.031944
2015-04-29,55.825,55.825,55.41,53.549999,1496000,51.627022
2015-04-30,55.493,55.596,55.337,53.48,671700,51.559544
2015-05-01,55.398,55.44,55.264,53.419998,733900,51.560501
2015-05-04,55.357,55.357,55.139,53.259998,1084800,51.406067
2015-05-05,55.067,55.17,54.849,53.07,700300,51.222691
2015-05-06,54.839,54.88,54.642,52.779999,648000,50.94278
2015-05-07,54.683,54.829,54.652,52.919998,484100,51.077911
2015-05-08,54.901,54.953,54.86,53.029999,826300,51.184074
2015-05-11,54.891,54.891,54.694,52.880001,732100,51.039303
2015-05-12,54.58,54.59,54.487,52.639999,623000,50.807648
2015-05-13,54.683,54.683,54.414,52.560001,338700,50.730446
2015-05-14,54.456,54.518,54.362,52.560001,521900,50.730446
2015-05-15,54.642,54.766,54.59,52.860001,357300,51.019993
2015-05-18,54.735,54.808,54.652,52.77,413200,50.933128
2015-05-19,54.652,54.797,54.652,52.880001,379500,51.039303
2015-05-20,54.787,54.787,54.673,52.82,529700,50.981388
2015-05-21,54.694,54.797,54.652,52.810001,411600,50.971737
2015-05-22,54.766,54.797,54.704,52.830002,854800,50.991051
2015-05-26,54.797,54.901,54.777,52.98,355700,51.135826
2015-05-27,54.891,54.911,54.808,53,461000,51.155136
2015-05-28,54.88,54.984,54.86,53.029999,459400,51.184074
2015-05-29,55.088,55.119,55.005,53.139999,474500,51.290249
2015-06-01,54.962,55.004,54.807,52.98,763200,51.184944
2015-06-02,54.662,54.672,54.548,52.75,383500,50.96273
2015-06-03,54.414,54.414,54.196,52.400002,363000,50.624607
2015-06-04,54.186,54.279,54.155,52.389999,584800,50.614941
2015-06-05,54.145,54.207,54.072,52.34,345900,50.566635
2015-06-08,54.051,54.124,54.031,52.259998,454100,50.489334
2015-06-09,54.082,54.082,53.917,52.16,372400,50.392727
2015-06-10,53.855,53.896,53.793,52.009998,393300,50.247807
2015-06-11,54.01,54.082,53.793,52.18,606500,50.412045
2015-06-12,54,54.176,53.948,52.330002,389000,50.556961
2015-06-15,54.145,54.186,54.02,52.349998,420600,50.576283
2015-06-16,54.113,54.155,53.917,52.200001,827500,50.431374
2015-06-17,54.113,54.186,54.041,52.32,332000,50.547306
2015-06-18,54.041,54.134,53.969,52.200001,989800,50.431374
2015-06-19,54.072,54.227,54.041,52.389999,987000,50.614941
2015-06-22,54.082,54.082,53.938,52.18,327200,50.412045
2015-06-23,53.927,54.082,53.927,52.25,439200,50.479679
2015-06-24,54.02,54.082,53.958,52.25,307000,50.479679
2015-06-25,54.02,54.113,53.958,52.27,578600,50.499001
2015-06-26,53.896,54.041,53.875,52.099998,326400,50.334759
2015-06-29,53.896,54.093,53.896,52.200001,503300,50.431374
2015-06-30,54.113,54.238,54.031,52.369999,388800,50.595623
2015-07-01,54.018,54.101,53.915,52.220001,3400400,50.510494
2015-07-02,53.905,53.925,53.76,52.049999,657100,50.346062
2015-07-06,53.905,54.06,53.812,52.130001,5259600,50.423435
2015-07-07,54.163,54.339,54.153,52.450001,800500,50.732967
2015-07-08,54.204,54.267,54.163,52.41,923600,50.694275
2015-07-09,54.225,54.267,54.153,52.389999,744000,50.674927
2015-07-10,54.029,54.07,53.884,52.299999,561000,50.587872
2015-07-13,53.915,54.07,53.874,52.279999,1189600,50.568527
2015-07-14,54.07,54.091,53.967,52.27,692400,50.558865
2015-07-15,54.111,54.277,54.091,52.490002,482200,50.771656
2015-07-16,54.225,54.329,54.142,52.509998,440200,50.790989
2015-07-17,54.287,54.391,54.287,52.549999,635400,50.829685
2015-07-20,54.401,54.453,54.38,52.650002,355500,50.926418
2015-07-21,54.391,54.432,54.37,52.619999,376000,50.8974
2015-07-22,54.422,54.494,54.401,52.669998,561300,50.945759
2015-07-23,54.515,54.577,54.463,52.779999,267300,51.052151
2015-07-24,54.659,54.701,54.618,52.880001,459700,51.148888
2015-07-27,54.732,54.732,54.608,52.900002,469600,51.168232
2015-07-28,54.587,54.69,54.587,52.849998,562200,51.119865
2015-07-29,54.618,54.649,54.587,52.830002,276500,51.100521
2015-07-30,54.701,54.742,54.649,52.950001,411800,51.216595
2015-07-31,54.835,54.845,54.742,52.98,506100,51.245613
2015-08-03,54.576,54.71,54.576,52.959999,858000,51.275627
2015-08-04,54.71,54.71,54.576,52.93,526300,51.24659
2015-08-05,54.565,54.576,54.38,52.73,367900,51.052937
2015-08-06,54.421,54.71,54.421,52.970001,270500,51.285316
2015-08-07,54.627,54.689,54.503,52.900002,778700,51.217545
2015-08-10,54.627,54.638,54.524,52.810001,318200,51.130394
2015-08-11,54.545,54.782,54.534,53.009998,520300,51.324028
2015-08-12,54.741,54.824,54.7,53.02,444200,51.333717
2015-08-13,54.7,54.762,54.679,52.990002,279400,51.304676
2015-08-14,54.731,54.731,54.648,52.919998,1013300,51.236908
2015-08-17,54.731,54.782,54.71,53.009998,675600,51.324028
2015-08-18,54.638,54.72,54.596,52.950001,571500,51.265942
2015-08-19,54.586,54.793,54.586,53.040001,739900,51.353077
2015-08-20,54.813,54.865,54.793,53.099998,414000,51.411186
2015-08-21,54.782,54.875,54.762,53.07,1226100,51.382137
2015-08-24,54.782,55.041,54.555,52.950001,1662600,51.265942
2015-08-25,54.514,54.545,54.38,52.650002,2320300,50.975487
2015-08-26,54.483,54.565,54.421,52.700001,762000,51.023895
2015-08-27,54.431,54.493,54.359,52.669998,911200,50.99485
2015-08-28,54.462,54.607,54.4,52.689999,1692100,51.014206
2015-08-31,54.483,54.565,54.287,52.560001,904700,50.888348
2015-09-01,54.331,54.341,54.217,52.639999,1272300,51.02113
2015-09-02,54.29,54.413,54.166,52.619999,2503200,51.00174
2015-09-03,54.372,54.444,54.29,52.740002,1286100,51.118061
2015-09-04,54.475,54.599,54.465,52.900002,435400,51.273136
2015-09-08,54.537,54.692,54.465,53.009998,908600,51.379745
2015-09-09,54.455,54.527,54.434,52.84,692700,51.214985
2015-09-10,54.517,54.527,54.444,52.810001,723400,51.185898
2015-09-11,54.506,54.568,54.475,52.849998,435000,51.224678
2015-09-14,54.527,54.527,54.465,52.82,275700,51.195606
2015-09-15,54.424,54.496,54.331,52.75,563000,51.127747
2015-09-16,54.269,54.351,54.269,52.599998,396400,50.982372
2015-09-17,54.269,54.434,54.207,52.650002,1589700,51.030823
2015-09-18,54.506,54.682,54.434,52.959999,674100,51.331295
2015-09-21,54.578,54.599,54.455,52.82,517800,51.195606
2015-09-22,54.558,54.702,54.558,52.990002,462300,51.360371
2015-09-23,54.548,54.64,54.548,52.889999,424000,51.263447
2015-09-24,54.702,54.723,54.578,52.950001,524200,51.321602
2015-09-25,54.527,54.609,54.475,52.880001,422400,51.253757
2015-09-28,54.548,54.63,54.517,52.900002,411500,51.273136
2015-09-29,54.671,54.671,54.568,52.98,1567100,51.350681
2015-09-30,54.609,54.651,54.517,52.93,571900,51.302219
2015-10-01,54.824,54.824,54.515,52.900002,1146900,51.333271
2015-10-02,54.669,54.782,54.618,53.09,532600,51.517639
2015-10-05,54.659,54.659,54.525,53,910300,51.430302
2015-10-06,54.494,54.556,54.473,52.939999,1714600,51.372082
2015-10-07,54.504,54.545,54.453,52.919998,645100,51.352673
2015-10-08,54.587,54.618,54.494,52.91,433200,51.342972
2015-10-09,54.473,54.556,54.411,52.810001,4803900,51.245941
2015-10-12,54.535,54.576,54.411,52.919998,981700,51.352673
2015-10-13,54.556,54.618,54.494,52.98,982300,51.4109
2015-10-14,54.618,54.731,54.618,53.110001,313000,51.537048
2015-10-15,54.669,54.741,54.628,53.040001,437000,51.469116
2015-10-16,54.669,54.721,54.628,53.02,376300,51.449711
2015-10-19,54.618,54.875,54.587,53.029999,716800,51.459415
2015-10-20,54.566,54.607,54.515,52.93,548700,51.362377
2015-10-21,54.576,54.875,54.535,53.009998,384900,51.440018
2015-10-22,54.721,54.886,54.649,53.189999,610300,51.614674
2015-10-23,54.855,54.947,54.721,53.189999,431100,51.614674
2015-10-26,54.813,54.855,54.772,53.169998,650700,51.595264
2015-10-27,54.927,54.947,54.844,53.299999,641500,51.721416
2015-10-28,55.02,55.03,54.865,53.290001,446700,51.711712
2015-10-29,54.844,54.916,54.71,53.119999,797900,51.546745
2015-10-30,54.824,54.834,54.69,53.18,577400,51.604969
2015-11-02,54.627,54.627,54.452,52.970001,1769700,51.479607
2015-11-03,54.483,54.534,54.421,52.93,609600,51.440735
2015-11-04,54.452,54.534,54.298,52.810001,661200,51.324104
2015-11-05,54.401,54.432,54.298,52.860001,794300,51.3727
2015-11-06,54.287,54.359,54.061,52.66,486100,51.178326
2015-11-09,54.133,54.246,54.061,52.639999,704700,51.158882
2015-11-10,54.277,54.37,54.174,52.759998,737300,51.275513
2015-11-11,54.38,54.38,54.267,52.82,355300,51.333824
2015-11-12,54.39,54.442,54.287,52.84,469700,51.353256
2015-11-13,54.421,54.534,54.411,52.939999,771200,51.450443
2015-11-16,54.534,54.576,54.493,53.009998,1035200,51.518478
2015-11-17,54.555,54.586,54.493,53.040001,385600,51.547634
2015-11-18,54.555,54.658,54.514,53.119999,559100,51.625385
2015-11-19,54.74,54.74,54.627,53.150002,502300,51.654537
2015-11-20,54.73,54.74,54.658,53.119999,417200,51.625385
2015-11-23,54.699,54.73,54.576,53.110001,1218700,51.615662
2015-11-24,54.637,54.72,54.617,53.18,382500,51.683697
2015-11-25,54.74,54.771,54.689,53.220001,624700,51.722569
2015-11-27,54.792,54.874,54.74,53.25,380100,51.751728
2015-11-30,54.792,54.843,54.658,53.200001,1686300,51.703133
2015-12-01,54.524,54.689,54.452,53.240002,3921500,51.84922
2015-12-02,54.678,54.678,54.606,53.209999,383700,51.82
2015-12-03,54.422,54.648,54.103,52.700001,1378100,51.323326
2015-12-04,54.165,54.206,54.073,52.700001,739500,51.323326
2015-12-07,54.298,54.442,54.134,53,624700,51.615479
2015-12-08,54.463,54.524,54.37,53.029999,785500,51.644699
2015-12-09,54.494,54.504,54.381,53.029999,759000,51.644699
2015-12-10,54.422,54.483,54.411,52.990002,661300,51.605747
2015-12-11,54.37,54.606,54.37,53.07,786100,51.683659
2015-12-14,54.504,54.504,54.268,52.98,2012600,51.596012
2015-12-15,54.278,54.37,54.175,52.869999,1248200,51.48888
2015-12-16,54.278,54.298,54.185,52.84,614400,51.459663
2015-12-17,54.268,54.442,54.268,52.919998,1237400,51.537575
2015-12-18,54.442,54.535,54.432,53.060001,484000,51.673916
2015-12-21,54.452,54.535,54.452,53.110001,589700,51.72261
2015-12-22,54.524,54.524,54.381,53.060001,638300,51.673916
2015-12-23,54.293,54.293,54.068,52.84,892400,51.590927
2015-12-24,54.109,54.119,54.027,52.84,404200,51.590927
2015-12-28,54.191,54.304,54.13,53.02,780800,51.76667
2015-12-29,54.099,54.171,53.996,52.77,695100,51.522591
2015-12-30,54.109,54.14,54.048,52.790001,715300,51.54211
2015-12-31,54.037,54.232,54.037,52.880001,1152100,51.629982
2016-01-04,54.222,54.273,54.13,52.990002,1245800,51.737389
2016-01-05,54.293,54.355,54.222,52.959999,1116500,51.708088
2016-01-06,54.427,54.447,54.324,53.16,584000,51.903362
2016-01-07,54.386,54.416,54.293,53.080002,1310700,51.825253
2016-01-08,54.355,54.447,54.355,53.07,1294400,51.815487
2016-01-11,54.396,54.396,54.252,53.009998,687600,51.756901
2016-01-12,54.273,54.386,54.242,53.080002,401600,51.825253
2016-01-13,54.355,54.519,54.355,53.200001,547800,51.94241
2016-01-14,54.334,54.457,54.283,53.029999,1203600,51.776432
2016-01-15,54.416,54.457,54.314,53.099998,784100,51.844772
2016-01-19,54.334,54.396,54.222,52.939999,1154000,51.688564
2016-01-20,54.314,54.437,54.283,53.099998,650000,51.844772
2016-01-21,54.396,54.529,54.375,53.150002,788100,51.893597
2016-01-22,54.396,54.437,54.293,53.040001,682800,51.786198
2016-01-25,54.447,54.468,54.355,53.169998,588000,51.91312
2016-01-26,54.416,54.549,54.396,53.130001,643000,51.874077
2016-01-27,54.488,54.601,54.447,53.290001,433700,52.030289
2016-01-28,54.58,54.693,54.56,53.400002,571300,52.137691
2016-01-29,54.703,54.98,54.703,53.57,992900,52.303665
2016-02-01,54.861,54.891,54.677,53.509998,1783100,52.299755
2016-02-02,54.748,54.881,54.707,53.599998,1616800,52.387722
2016-02-03,54.891,54.943,54.83,53.68,718400,52.465916
2016-02-04,54.943,54.943,54.861,53.68,1372300,52.465916
2016-02-05,54.891,54.943,54.851,53.689999,495500,52.475689
2016-02-08,54.943,55.045,54.912,53.790001,746700,52.573433
2016-02-09,55.055,55.127,54.984,53.82,1136800,52.602745
2016-02-10,54.902,55.004,54.861,53.759998,650400,52.544102
2016-02-11,55.158,55.168,54.943,53.84,716400,52.622292
2016-02-12,55.045,55.045,54.779,53.610001,558300,52.397495
2016-02-16,54.83,54.943,54.799,53.639999,779700,52.426819
2016-02-17,54.861,54.922,54.82,53.68,448600,52.465916
2016-02-18,54.779,55.065,54.779,53.799999,727600,52.583206
2016-02-19,55.055,55.117,55.045,53.849998,435500,52.632072
2016-02-22,55.137,55.198,55.045,53.900002,551200,52.680935
2016-02-23,55.086,55.168,55.065,53.91,592400,52.69072
2016-02-24,55.198,55.311,55.198,53.98,690800,52.759129
2016-02-25,55.25,55.321,55.219,54.07,471900,52.847092
2016-02-26,55.311,55.342,55.26,54.07,540100,52.847092
2016-02-29,55.352,55.444,55.342,54.189999,423600,52.964375
2016-03-01,55.367,55.367,55.224,54.119999,979000,52.949707
2016-03-02,55.204,55.234,55.112,53.959999,579000,52.793159
2016-03-03,55.142,55.245,55.091,53.990002,416900,52.822517
2016-03-04,55.214,55.245,55.112,54.009998,1397500,52.842079
2016-03-07,55.234,55.234,55.163,54.029999,458600,52.861645
2016-03-08,55.306,55.408,55.296,54.169998,581200,52.998623
2016-03-09,55.347,55.347,55.204,54.029999,665000,52.861645
2016-03-10,55.275,55.316,54.979,53.84,908000,52.675762
2016-03-11,55.142,55.234,55.112,54.02,927100,52.851864
2016-03-14,55.214,55.265,55.142,54,974500,52.832306
2016-03-15,55.245,55.285,55.142,54,628600,52.832306
2016-03-16,55.265,55.408,55.224,54.130001,613100,52.959496
2016-03-17,55.439,55.49,55.418,54.240002,633000,53.067116
2016-03-18,55.51,55.623,55.51,54.349998,405900,53.174717
2016-03-21,55.602,55.674,55.531,54.349998,553300,53.174717
2016-03-22,55.602,55.643,55.551,54.41,739000,53.233429
2016-03-23,55.592,55.643,55.521,54.400002,453600,53.223652
2016-03-24,55.684,55.725,55.592,54.459999,519200,53.282352
2016-03-28,55.582,55.664,55.551,54.369999,560200,53.194305
2016-03-29,55.725,55.786,55.653,54.57,533900,53.389977
2016-03-30,55.766,55.797,55.715,54.580002,615600,53.399757
2016-03-31,55.725,55.817,55.684,54.540001,781600,53.360622
2016-04-01,55.709,55.739,55.555,54.459999,2183400,53.33712
2016-04-04,55.658,55.739,55.055,54.450001,838900,53.32732
2016-04-05,55.739,55.76,55.668,54.57,882000,53.444855
2016-04-06,55.658,55.729,55.607,54.529999,997000,53.40567
2016-04-07,55.668,55.719,55.627,54.549999,1376600,53.425259
2016-04-08,55.729,55.76,55.698,54.560001,725000,53.435055
2016-04-11,55.719,55.719,55.637,54.529999,402500,53.40567
2016-04-12,55.668,55.668,55.566,54.450001,462900,53.32732
2016-04-13,55.617,55.678,55.576,54.509998,432300,53.386086
2016-04-14,55.647,55.698,55.607,54.52,612100,53.395878
2016-04-15,55.678,55.729,55.668,54.580002,586500,53.454639
2016-04-18,55.647,55.709,55.627,54.5,504000,53.376286
2016-04-19,55.688,55.688,55.627,54.529999,580200,53.40567
2016-04-20,55.739,55.78,55.688,54.57,581800,53.444855
2016-04-21,55.535,55.576,55.504,54.389999,463400,53.268551
2016-04-22,55.586,55.586,55.453,54.330002,1763800,53.209793
2016-04-25,55.413,55.433,55.351,54.279999,472600,53.160831
2016-04-26,55.453,55.453,55.341,54.209999,787800,53.09227
2016-04-27,55.351,55.464,55.29,54.27,509900,53.151035
2016-04-28,55.504,55.576,55.402,54.259998,2271100,53.141232
2016-04-29,55.413,55.504,55.321,54.34,963200,53.219589
2016-05-02,55.396,55.468,55.335,54.349998,586900,53.284298
2016-05-03,55.59,55.621,55.498,54.470001,631300,53.401943
2016-05-04,55.58,55.59,55.498,54.459999,839800,53.392143
2016-05-05,55.59,55.661,55.508,54.549999,738700,53.480377
2016-05-06,55.733,55.743,55.6,54.599998,595400,53.529392
2016-05-09,55.774,55.774,55.61,54.599998,501100,53.529392
2016-05-10,55.621,55.763,55.621,54.580002,470800,53.509789
2016-05-11,55.723,55.774,55.682,54.639999,478800,53.568607
2016-05-12,55.682,55.763,55.661,54.630001,395500,53.558815
2016-05-13,55.743,55.794,55.682,54.610001,491500,53.539192
2016-05-16,55.702,55.743,55.672,54.610001,373500,53.539192
2016-05-17,55.723,55.763,55.682,54.630001,621600,53.558815
2016-05-18,55.692,55.692,55.457,54.439999,448300,53.372528
2016-05-19,55.58,55.621,55.508,54.5,452900,53.431355
2016-05-20,55.672,55.702,55.59,54.57,1930700,53.499985
2016-05-23,55.631,55.682,55.59,54.59,360600,53.519588
2016-05-24,55.692,55.733,55.61,54.560001,622100,53.490185
2016-05-25,55.712,55.753,55.641,54.639999,386700,53.568607
2016-05-26,55.733,55.825,55.712,54.709999,489500,53.637234
2016-05-27,55.876,55.876,55.743,54.75,617700,53.676449
2016-05-31,55.702,55.855,55.692,54.689999,700600,53.617626
2016-06-01,55.779,55.789,55.667,54.73,925800,53.710861
2016-06-02,57.378,57.378,55.697,54.790001,471900,53.769745
2016-06-03,55.83,56.033,55.83,54.990002,457800,53.966022
2016-06-06,55.942,55.972,55.87,54.889999,526100,53.867878
2016-06-07,56.033,56.033,55.952,54.93,642100,53.907139
2016-06-08,56.064,56.064,55.85,54.900002,2334900,53.877693
2016-06-09,56.156,56.156,56.003,54.98,759500,53.956203
2016-06-10,56.125,56.156,56.033,55.029999,570500,54.005272
2016-06-13,56.156,56.176,56.044,55.110001,582600,54.08379
2016-06-14,56.207,56.227,56.044,55.049999,557800,54.024902
2016-06-15,56.135,56.594,56.084,55.25,513400,54.221172
2016-06-16,56.349,56.349,56.145,55.18,1023500,54.152481
2016-06-17,56.156,56.258,56.064,55.07,428200,54.044525
2016-06-20,56.084,56.135,55.962,55.040001,478800,54.015095
2016-06-21,56.044,56.125,55.942,54.959999,977900,53.936577
2016-06-22,55.982,56.033,55.881,54.959999,361400,53.936577
2016-06-23,56.084,56.084,55.86,54.82,552300,53.799183
2016-06-24,56.033,56.258,56.033,55.040001,562200,54.015095
2016-06-27,56.502,56.553,56.288,55.470001,700500,54.437077
2016-06-28,56.696,56.706,56.512,55.650002,1623100,54.613731
2016-06-29,56.726,56.818,56.655,55.740002,697200,54.702053
2016-06-30,56.737,56.828,56.655,55.700001,794200,54.6628
2016-07-01,56.567,56.781,56.527,55.779999,1380800,54.796394
2016-07-05,57.046,57.046,56.802,55.990002,517000,55.002693
2016-07-06,56.944,57.046,56.944,56.040001,583900,55.051815
2016-07-07,56.964,57.005,56.802,55.939999,949200,54.953579
2016-07-08,57.046,57.117,56.944,56.099998,695600,55.110756
2016-07-11,57.046,57.107,56.944,56.040001,1123600,55.051815
2016-07-12,56.842,56.964,56.812,55.82,521900,54.835697
2016-07-13,56.893,57.026,56.873,55.98,442400,54.992882
2016-07-14,56.934,56.964,56.812,55.91,713100,54.92411
2016-07-15,56.832,56.832,56.659,55.759998,2282800,54.776756
2016-07-18,56.791,56.802,56.659,55.709999,502800,54.727638
2016-07-19,56.964,56.964,56.761,55.84,552100,54.855343
2016-07-20,56.842,56.893,56.771,55.84,477300,54.855343
2016-07-21,56.791,56.842,56.669,55.82,585100,54.835697
2016-07-22,56.822,56.893,56.73,55.860001,428300,54.874992
2016-07-25,56.934,56.934,56.791,55.799999,526900,54.816048
2016-07-26,56.893,56.903,56.812,55.880001,472900,54.894634
2016-07-27,56.975,57.158,56.893,56.150002,481000,55.159878
2016-07-28,57.097,57.117,57.026,56.110001,474000,55.120575
2016-07-29,57.138,57.148,57.015,56.099998,580900,55.110756
2016-08-01,57.087,57.087,56.771,55.82,2950900,54.884609
2016-08-02,56.639,56.751,56.548,55.610001,2348900,54.678135
2016-08-03,56.659,56.68,56.537,55.689999,704400,54.756783
2016-08-04,56.771,56.873,56.67,55.810001,909300,54.874779
2016-08-05,56.781,56.853,56.69,55.790001,596100,54.855118
2016-08-08,56.802,56.853,56.68,55.869999,397300,54.933773
2016-08-09,56.934,56.975,56.853,56.02,707400,55.081268
2016-08-10,57.056,57.148,56.995,56.16,2041900,55.218914
2016-08-11,57.198,57.219,56.985,56.110001,746400,55.16975
2016-08-12,57.137,57.148,56.995,56.099998,288000,55.15992
2016-08-15,56.782,57.076,56.782,56.009998,495400,55.071426
2016-08-16,57.076,57.076,56.802,55.990002,840100,55.051762
2016-08-17,56.924,57.005,56.812,56.040001,366600,55.100929
2016-08-18,57.046,57.076,56.954,56.099998,376300,55.15992
2016-08-19,57.036,57.056,56.853,56,398900,55.061592
2016-08-22,57.015,57.076,56.965,56.080002,445100,55.140263
2016-08-23,57.107,57.148,57.005,56.16,472600,55.218914
2016-08-24,57.178,57.178,57.005,56.09,534700,55.150085
2016-08-25,57.087,57.107,57.026,56.09,599300,55.150085
2016-08-26,57.087,57.117,56.893,56.040001,524000,55.100929
2016-08-29,56.995,57.087,56.934,56.130001,407900,55.189423
2016-08-30,57.087,57.158,57.005,56.18,869300,55.238586
2016-08-31,57.087,57.107,57.005,56.09,822700,55.150085
2016-09-01,56.887,56.928,56.816,55.98,1044600,55.096939
2016-09-02,56.806,56.837,56.735,55.880001,813900,54.998516
2016-09-06,56.826,56.928,56.796,55.970001,668900,55.087093
2016-09-07,56.948,57.019,56.898,56.110001,757800,55.224895
2016-09-08,56.959,56.959,56.745,55.91,653000,55.028038
2016-09-09,56.694,56.694,56.522,55.700001,915700,54.821358
2016-09-12,56.461,56.511,56.41,55.610001,536300,54.732773
2016-09-13,56.532,56.542,56.217,55.490002,875200,54.614674
2016-09-14,56.43,56.532,56.308,55.560001,482300,54.683563
2016-09-15,56.369,56.44,56.268,55.5,453500,54.624512
2016-09-16,56.481,56.491,56.318,55.560001,2058500,54.683563
2016-09-19,56.45,56.491,56.39,55.549999,970600,54.673725
2016-09-20,56.542,56.583,56.491,55.639999,489100,54.762302
2016-09-21,56.572,56.654,56.491,55.759998,584100,54.880409
2016-09-22,56.765,56.867,56.765,55.950001,654000,55.067413
2016-09-23,56.806,56.857,56.765,55.919998,472900,55.037884
2016-09-26,56.959,56.959,56.867,56.029999,519000,55.146145
2016-09-27,57.009,57.009,56.928,56.099998,576000,55.215038
2016-09-28,57.07,57.07,56.898,56.099998,528300,55.215038
2016-09-29,56.989,57.009,56.908,56.110001,658800,55.224895
2016-09-30,57.091,57.091,56.877,56.040001,912100,55.155994
2016-10-03,56.82,56.82,56.607,55.779999,1126400,54.955013
2016-10-04,56.668,56.78,56.536,55.75,950700,54.925453
2016-10-05,56.485,56.567,56.364,55.630001,760100,54.807232
2016-10-06,56.445,56.536,56.404,55.619999,556100,54.797371
2016-10-07,56.414,56.445,56.353,55.580002,396600,54.757973
2016-10-10,56.353,56.425,56.272,55.470001,399700,54.649593
2016-10-11,56.374,56.384,56.282,55.509998,549300,54.689003
2016-10-12,56.353,56.353,56.191,55.450001,507400,54.629887
2016-10-13,56.394,56.414,56.323,55.560001,513300,54.738258
2016-10-14,56.364,56.364,56.232,55.400002,406700,54.580631
2016-10-17,56.272,56.303,56.211,55.439999,444400,54.620033
2016-10-18,56.343,56.364,56.252,55.509998,814200,54.689003
2016-10-19,56.404,56.404,56.323,55.540001,508000,54.718563
2016-10-20,56.404,56.435,56.232,55.57,540900,54.748116
2016-10-21,56.414,56.445,56.374,55.549999,749400,54.728405
2016-10-24,56.546,56.546,56.353,55.540001,529900,54.718563
2016-10-25,56.404,56.445,56.364,55.549999,517600,54.728405
2016-10-26,56.384,56.384,56.242,55.439999,465200,54.620033
2016-10-27,56.15,56.161,56.039,55.209999,714200,54.393436
2016-10-28,56.059,56.11,55.998,55.23,757600,54.413147
2016-10-31,56.11,56.12,56.029,55.279999,1109900,54.462402
2016-11-01,55.876,55.957,55.825,55.110001,649100,54.354904
2016-11-02,55.977,56.119,55.906,55.25,1162200,54.492977
2016-11-03,56.038,56.038,55.876,55.16,805900,54.404217
2016-11-04,55.957,56.089,55.947,55.209999,503700,54.453529
2016-11-07,55.926,56.038,55.886,55.209999,564100,54.453529
2016-11-08,56.018,56.018,55.865,55.139999,481800,54.384487
2016-11-09,55.724,55.906,55.561,54.799999,1188900,54.049145
2016-11-10,55.369,55.511,55.186,54.580002,901500,53.832165
2016-11-11,55.298,55.379,55.176,54.5,513400,53.753258
2016-11-14,55.125,55.267,54.994,54.360001,767800,53.615173
2016-11-15,55.257,55.359,55.125,54.529999,2458200,53.782848
2016-11-16,55.369,55.369,55.156,54.470001,598800,53.723667
2016-11-17,55.328,55.328,55.135,54.450001,408400,53.703938
2016-11-18,55.247,55.257,55.044,54.380001,607200,53.634903
2016-11-21,55.166,55.227,55.044,54.330002,1022700,53.58559
2016-11-22,55.298,55.318,55.135,54.540001,1404800,53.792706
2016-11-23,55.206,55.206,54.983,54.419998,2030800,53.674351
2016-11-25,55.257,55.277,55.115,54.439999,452100,53.694077
2016-11-28,55.267,55.328,55.227,54.529999,1002800,53.782848
2016-11-29,55.206,55.429,55.206,54.66,624500,53.911057
2016-11-30,55.328,55.369,55.227,54.529999,679300,53.782848
2016-12-01,55.079,55.079,54.775,54.139999,1166900,53.462891
2016-12-02,54.805,55.089,54.775,54.380001,958600,53.699894
2016-12-05,54.826,55.038,54.755,54.330002,600300,53.65052
2016-12-06,55.038,55.038,54.684,54.16,824100,53.482647
2016-12-07,55.069,55.129,54.917,54.32,547100,53.64064
2016-12-08,55.008,55.008,54.846,54.240002,582600,53.561646
2016-12-09,54.907,54.978,54.846,54.18,754100,53.502396
2016-12-12,54.684,54.785,54.623,54.049999,1064200,53.37402
2016-12-13,54.998,54.998,54.654,54.209999,806600,53.532021
2016-12-14,55.079,55.14,54.846,54.220001,770200,53.541893
2016-12-15,54.927,54.988,54.735,54.209999,1096200,53.532021
2016-12-16,55.079,55.099,54.907,54.32,643100,53.64064
2016-12-19,55.079,55.19,55.008,54.5,600500,53.818394
2016-12-20,55.109,55.2,55.069,54.470001,837000,53.788769
2016-12-21,55.19,55.231,55.099,54.5,715500,53.818394
2016-12-22,54.359,54.429,54.319,54.060001,668400,53.782581
2016-12-23,54.459,54.47,54.319,54.169998,620300,53.89201
2016-12-27,54.459,54.459,54.339,54.16,849400,53.882065
2016-12-28,54.419,54.53,54.399,54.240002,613200,53.961662
2016-12-29,54.63,54.661,54.53,54.34,884000,54.061142
2016-12-30,54.61,54.61,54.419,54.290001,600900,54.011398
2017-01-03,54.53,54.57,54.289,54.099998,1066900,53.822369
2017-01-04,54.449,54.51,54.319,54.130001,897000,53.852215
2017-01-05,54.389,54.449,54.289,54.09,1477100,53.81242
2017-01-06,54.289,54.349,54.208,53.950001,1511200,53.673141
2017-01-09,54.379,54.429,54.268,54.09,683100,53.81242
2017-01-10,54.349,54.399,54.258,54.029999,937500,53.752731
2017-01-11,54.439,54.459,54.329,54.130001,1309500,53.852215
2017-01-12,54.429,54.48,54.339,54.09,1673900,53.81242
2017-01-13,54.339,54.389,54.279,54.029999,1181900,53.752731
2017-01-17,54.53,54.54,54.329,54.080002,1454100,53.802479
2017-01-18,54.369,54.399,54.299,54.029999,2632800,53.752731
2017-01-19,54.238,54.268,54.108,53.919998,1451400,53.643299
2017-01-20,54.098,54.218,54.037,53.849998,1225500,53.57365
2017-01-23,54.178,54.319,54.138,54.02,1237600,53.742783
2017-01-24,54.258,54.268,54.128,53.919998,1663100,53.643299
2017-01-25,54.057,54.128,53.957,53.73,922000,53.454269
2017-01-26,53.977,53.997,53.846,53.669998,1885800,53.394581
2017-01-27,54.017,54.027,53.957,53.75,928800,53.474171
2017-01-30,54.007,54.027,53.887,53.66,2053800,53.384632
2017-01-31,53.937,54.047,53.917,53.759998,4451500,53.484112
2017-02-01,53.841,53.902,53.791,53.66,1381600,53.429352
2017-02-02,53.942,53.992,53.862,53.66,1626500,53.429352
2017-02-03,54.002,54.002,53.841,53.68,1206700,53.449268
2017-02-06,53.932,53.972,53.821,53.630001,843100,53.399483
2017-02-07,53.942,53.992,53.882,53.759998,858800,53.528919
2017-02-08,54.012,54.153,54.012,53.869999,617300,53.638451
2017-02-09,54.123,54.173,54.072,53.880001,841200,53.648411
2017-02-10,53.982,54.062,53.982,53.810001,804900,53.578709
2017-02-13,54.042,54.082,53.992,53.810001,812900,53.578709
2017-02-14,54.072,54.103,53.912,53.779999,1320200,53.548836
2017-02-15,53.992,54.032,53.942,53.779999,889400,53.548836
2017-02-16,54.042,54.113,54.012,53.849998,1043600,53.618534
2017-02-17,54.163,54.193,54.093,53.919998,987700,53.688232
2017-02-21,54.163,54.163,54.022,53.82,1111900,53.588665
2017-02-22,54.133,54.213,54.103,53.98,965600,53.747978
2017-02-23,54.273,54.323,54.243,54.07,746500,53.837593
2017-02-24,54.404,54.484,54.374,54.23,1239900,53.996902
2017-02-27,54.504,54.514,54.404,54.220001,910700,53.986946
2017-02-28,54.474,54.494,54.404,54.189999,1095100,53.957077
2017-03-01,54.237,54.277,54.197,54.080002,1596800,53.893299
2017-03-02,54.227,54.267,54.167,54.02,1127400,53.833504
2017-03-03,54.207,54.247,54.147,54.029999,764600,53.843464
2017-03-06,54.247,54.257,54.197,54.049999,1244700,53.863403
2017-03-07,54.227,54.237,54.167,54.029999,730400,53.843464
2017-03-08,54.057,54.077,54.006,53.880001,1225400,53.693989
2017-03-09,53.986,54.027,53.896,53.77,906800,53.58437
2017-03-10,53.976,53.976,53.816,53.66,1107400,53.474747
2017-03-13,53.876,53.886,53.776,53.610001,1468900,53.424919
2017-03-14,53.856,53.916,53.816,53.720001,1130100,53.534542
2017-03-15,53.976,54.147,53.956,53.93,1061000,53.743813
2017-03-16,54.027,54.067,53.936,53.779999,1312400,53.594334
2017-03-17,53.966,53.966,53.906,53.73,769700,53.544506
2017-03-20,53.916,54.006,53.906,53.790001,1115800,53.604294
2017-03-21,54.006,54.067,53.996,53.869999,819200,53.684021
2017-03-22,54.187,54.197,54.107,54,800900,53.813576
2017-03-23,54.207,54.237,54.107,53.970001,479000,53.78368
2017-03-24,54.167,54.217,54.137,54.02,545900,53.833504
2017-03-27,54.277,54.287,54.197,54.049999,586300,53.863403
2017-03-28,54.287,54.307,54.187,54.049999,1175300,53.863403
2017-03-29,54.307,54.378,54.267,54.189999,821400,54.002914
2017-03-30,54.348,54.378,54.307,54.150002,629000,53.963055
2017-03-31,54.338,54.388,54.287,54.130001,632200,53.943127
2017-04-03,54.261,54.392,54.211,54.25,1299400,54.108692
2017-04-04,54.422,54.452,54.362,54.23,828500,54.088741
2017-04-05,54.342,54.422,54.301,54.279999,543700,54.138615
2017-04-06,54.422,54.452,54.352,54.299999,794800,54.158558
2017-04-07,54.502,54.542,54.432,54.310001,572800,54.168537
2017-04-10,54.452,54.482,54.402,54.299999,520100,54.158558
2017-04-11,54.492,54.522,54.412,54.330002,788700,54.188488
2017-04-12,54.492,54.562,54.432,54.41,586100,54.268276
2017-04-13,54.572,54.622,54.542,54.48,707500,54.338089
2017-04-17,54.642,54.702,54.592,54.48,576900,54.338089
2017-04-18,54.652,54.723,54.592,54.580002,581900,54.437832
2017-04-19,54.672,54.682,54.602,54.52,570700,54.377987
2017-04-20,54.542,54.612,54.542,54.459999,806400,54.318142
2017-04-21,54.612,54.632,54.592,54.459999,642100,54.318142
2017-04-24,54.542,54.592,54.512,54.43,619500,54.288219
2017-04-25,54.502,54.542,54.442,54.299999,716200,54.158558
2017-04-26,54.432,54.472,54.402,54.32,493300,54.178509
2017-04-27,54.482,54.562,54.472,54.400002,654700,54.258301
2017-04-28,54.562,54.562,54.482,54.349998,648800,54.208427
2017-05-01,54.446,54.516,54.396,54.310001,670500,54.214424
2017-05-02,54.456,54.496,54.426,54.400002,889400,54.30426
2017-05-03,54.506,54.566,54.456,54.43,651300,54.334209
2017-05-04,54.446,54.476,54.376,54.32,498600,54.2244
2017-05-05,54.456,54.476,54.396,54.34,672900,54.24437
2017-05-08,54.406,54.416,54.356,54.259998,502000,54.164509
2017-05-09,54.346,54.346,54.286,54.23,936700,54.134563
2017-05-10,54.416,54.426,54.326,54.27,648800,54.174492
2017-05-11,54.286,54.326,54.245,54.189999,449600,54.094631
2017-05-12,54.396,54.446,54.286,54.349998,497200,54.254349
2017-05-15,54.406,54.416,54.346,54.27,1102000,54.174492
2017-05-16,54.356,54.406,54.336,54.27,945000,54.174492
2017-05-17,54.496,54.576,54.446,54.48,606400,54.384121
2017-05-18,54.616,54.646,54.576,54.52,629200,54.424049
2017-05-19,54.576,54.616,54.546,54.470001,382200,54.374142
2017-05-22,54.566,54.566,54.506,54.43,624200,54.334209
2017-05-23,54.586,54.596,54.506,54.43,520500,54.334209
2017-05-24,54.576,54.576,54.486,54.459999,526600,54.364155
2017-05-25,54.626,54.646,54.586,54.540001,406700,54.444016
2017-05-26,54.736,54.776,54.676,54.66,462900,54.563805
2017-05-30,54.746,54.786,54.726,54.669998,860200,54.573788
2017-05-31,54.786,54.806,54.726,54.700001,632700,54.603737
2017-06-01,54.599,54.639,54.569,54.580002,793800,54.530804
2017-06-02,54.639,54.699,54.609,54.59,674700,54.540794
2017-06-05,54.619,54.659,54.599,54.580002,837800,54.530804
2017-06-06,54.729,54.749,54.709,54.689999,531900,54.640701
2017-06-07,54.709,54.759,54.679,54.66,466700,54.610729
2017-06-08,54.709,54.769,54.659,54.709999,714100,54.660683
2017-06-09,54.779,54.789,54.739,54.73,803900,54.680664
2017-06-12,54.819,54.839,54.769,54.77,1319700,54.720631
2017-06-13,54.759,54.779,54.729,54.73,621100,54.680664
2017-06-14,54.869,54.909,54.839,54.830002,706700,54.780579
2017-06-15,54.789,54.799,54.729,54.75,650000,54.700649
2017-06-16,54.779,54.799,54.749,54.73,532500,54.680664
2017-06-19,54.789,54.819,54.769,54.75,532000,54.700649
2017-06-20,54.869,54.92,54.829,54.860001,558100,54.810551
2017-06-21,54.909,54.93,54.859,54.869999,875300,54.820538
2017-06-22,54.96,54.99,54.94,54.91,464700,54.860504
2017-06-23,54.93,54.95,54.899,54.869999,627500,54.820538
2017-06-26,54.98,55.01,54.909,54.900002,870200,54.850513
2017-06-27,54.859,54.879,54.649,54.66,553300,54.610729
2017-06-28,54.699,54.729,54.599,54.630001,507800,54.580757
2017-06-29,54.499,54.529,54.359,54.310001,828500,54.261047
2017-06-30,54.429,54.459,54.359,54.360001,810700,54.311001
2017-07-03,54.33,54.34,54.2,54.209999,619400,54.209999
2017-07-05,54.2,54.26,54.18,54.220001,937800,54.220001
2017-07-06,54.1,54.13,54.05,54.119999,725700,54.119999
2017-07-07,54.01,54.09,53.96,54.029999,1326154,54.029999
