"Date","EMLC.Open","EMLC.High","EMLC.Low","EMLC.Close","EMLC.Volume","EMLC.Adjusted"
2010-07-23,35.706,36.046,35.706,25.450001,1000,17.990053
2010-07-26,36.3,36.711,36.3,25.9,20100,18.30814
2010-07-27,37.107,37.107,36.583,25.93,767000,18.329348
2010-07-28,36.725,36.739,36.47,25.870001,220900,18.286942
2010-07-29,36.159,36.626,36.159,25.790001,67000,18.230381
2010-07-30,36.513,36.541,36.414,25.809999,75700,18.244535
2010-08-02,36.555,36.64,36.484,25.809999,150500,18.244535
2010-08-03,36.697,36.697,36.569,25.9,53800,18.30814
2010-08-04,36.697,36.697,36.612,25.9,82800,18.30814
2010-08-05,36.781,36.781,36.612,25.92,99400,18.322287
2010-08-06,36.81,36.81,36.682,26,48300,18.378841
2010-08-09,36.965,36.965,36.824,26.110001,227500,18.456589
2010-08-10,36.923,36.923,36.852,26.09,50900,18.442453
2010-08-11,36.711,36.725,36.442,25.76,88500,18.209177
2010-08-12,36.399,36.64,36.187,25.58,18200,18.081938
2010-08-13,36.47,36.569,36.286,25.68,24600,18.15263
2010-08-16,36.499,36.513,36.385,25.75,24300,18.202105
2010-08-17,36.668,36.781,36.668,26,19900,18.378841
2010-08-18,36.866,36.866,36.796,26.040001,14300,18.407103
2010-08-19,36.866,36.994,36.753,26.01,10000,18.385902
2010-08-20,36.697,36.767,36.626,25.99,26500,18.371769
2010-08-23,36.81,36.895,36.569,25.92,47800,18.322287
2010-08-24,36.569,36.739,36.555,25.969999,97800,18.357622
2010-08-25,36.668,36.697,36.598,25.940001,102800,18.336422
2010-08-26,36.824,36.88,36.767,26,214400,18.378841
2010-08-27,36.753,36.838,36.64,26.02,36200,18.392963
2010-08-30,36.725,36.838,36.668,25.93,22800,18.329348
2010-08-31,36.711,36.711,36.456,25.780001,104400,18.22332
2010-09-01,36.599,36.67,36.43,25.969999,14100,18.434855
2010-09-02,36.543,36.627,36.543,25.98,43200,18.441957
2010-09-03,36.641,36.782,36.641,26.110001,28800,18.534239
2010-09-07,36.684,36.81,36.67,26.049999,43700,18.491642
2010-09-08,36.74,36.74,36.43,25.870001,35400,18.363871
2010-09-09,36.74,36.768,36.627,26.030001,17600,18.477444
2010-09-10,36.768,36.825,36.627,26.139999,21600,18.555532
2010-09-13,36.881,37.078,36.853,26.309999,14200,18.676205
2010-09-14,37.05,37.332,36.965,26.49,20700,18.803984
2010-09-15,37.219,37.318,37.163,26.379999,50600,18.725897
2010-09-16,37.247,37.247,37.106,26.379999,56700,18.725897
2010-09-17,37.177,37.219,37.12,26.379999,22500,18.725897
2010-09-20,37.233,37.332,37.177,26.49,74200,18.803984
2010-09-21,37.374,37.473,37.318,26.6,90100,18.882063
2010-09-22,37.585,37.853,37.501,26.82,643300,19.038227
2010-09-23,37.613,37.656,37.557,26.690001,52900,18.945946
2010-09-24,37.754,37.797,37.684,26.799999,42200,19.024029
2010-09-27,37.994,37.994,37.825,26.860001,103700,19.066622
2010-09-28,37.937,38.008,37.825,26.969999,29400,19.144703
2010-09-29,38.121,38.121,37.98,26.99,56900,19.158903
2010-09-30,38.092,38.149,37.98,27.030001,56400,19.187296
2010-10-01,38.303,38.303,38.064,27.139999,157900,19.322575
2010-10-04,38.261,38.261,38.008,27.08,106500,19.279856
2010-10-05,38.275,38.401,38.19,27.34,99600,19.464962
2010-10-06,38.584,38.766,37.629,27.42,189100,19.521917
2010-10-07,38.752,38.752,38.513,27.48,64700,19.564632
2010-10-08,38.556,38.752,38.556,27.549999,44100,19.614475
2010-10-11,38.345,38.64,38.345,27.450001,51200,19.543276
2010-10-12,38.556,38.696,38.499,27.52,94400,19.593117
2010-10-13,38.822,38.935,38.724,27.709999,62100,19.728376
2010-10-14,39.061,39.117,38.935,27.809999,73100,19.79958
2010-10-15,38.977,39.033,38.837,27.67,82100,19.699905
2010-10-18,38.766,38.851,38.696,27.629999,54800,19.671434
2010-10-19,38.766,38.766,38.499,27.49,79700,19.571754
2010-10-20,38.682,38.682,38.612,27.49,59200,19.571754
2010-10-21,38.837,38.837,38.204,27.360001,238700,19.479197
2010-10-22,38.261,38.415,38.261,27.33,23900,19.45784
2010-10-25,38.837,38.851,38.626,27.6,113800,19.65007
2010-10-26,38.528,38.626,38.485,27.41,58600,19.514795
2010-10-27,38.359,38.429,38.148,27.190001,51700,19.358166
2010-10-28,38.415,38.443,38.218,27.32,53900,19.45072
2010-10-29,38.471,38.528,38.401,27.370001,79900,19.486317
2010-11-01,38.275,38.275,38.149,27.35,158600,19.543488
2010-11-02,38.485,38.485,38.331,27.450001,66000,19.614941
2010-11-03,38.709,38.793,38.499,27.67,98200,19.772146
2010-11-04,39.016,39.198,38.835,27.959999,103500,19.979366
2010-11-05,39.044,39.044,38.835,27.83,49800,19.886478
2010-11-08,38.751,38.779,38.625,27.65,105200,19.757858
2010-11-09,38.849,38.849,38.499,27.51,92100,19.65782
2010-11-10,38.611,38.611,38.317,27.450001,50700,19.614941
2010-11-11,38.471,38.471,38.247,27.34,93600,19.536337
2010-11-12,38.107,38.345,37.995,27.219999,60100,19.450586
2010-11-15,37.883,38.009,37.127,26.629999,176200,19.028996
2010-11-16,36.987,37.099,36.623,26.440001,160800,18.89323
2010-11-17,37.071,37.407,37.071,26.719999,54300,19.093306
2010-11-18,37.659,37.715,37.393,26.91,93500,19.229069
2010-11-19,37.757,37.897,37.715,27.059999,28800,19.33626
2010-11-22,37.869,37.883,37.715,27.01,22900,19.300539
2010-11-23,37.477,37.477,37.183,26.58,80100,18.993269
2010-11-24,37.239,37.379,37.225,26.639999,44300,19.036142
2010-11-26,37.225,37.225,36.595,26.15,42100,18.686003
2010-11-29,36.525,36.595,36.386,26.08,96000,18.635979
2010-11-30,36.497,36.609,36.386,26.15,65500,18.686003
2010-12-01,36.532,36.574,36.462,26.219999,68900,18.811556
2010-12-02,36.56,36.853,36.56,26.440001,33200,18.969402
2010-12-03,36.936,37.09,36.881,26.549999,35400,19.048317
2010-12-06,36.895,36.978,36.602,26.51,43500,19.019615
2010-12-07,37.159,37.159,36.936,26.549999,63400,19.048317
2010-12-08,36.964,36.964,36.699,26.43,30900,18.962214
2010-12-09,36.881,36.895,36.658,26.33,43500,18.890474
2010-12-10,36.783,36.895,36.616,26.450001,65700,18.976576
2010-12-13,36.895,36.964,36.797,26.450001,274000,18.976576
2010-12-14,37.006,37.076,36.727,26.370001,85900,18.91917
2010-12-15,36.713,36.713,36.518,26.200001,42300,18.797209
2010-12-16,36.685,36.685,36.239,26.040001,74200,18.682419
2010-12-17,36.476,36.518,36.337,26.129999,24600,18.746984
2010-12-20,36.393,36.462,36.267,26.09,47200,18.718292
2010-12-21,36.56,36.588,36.379,26.209999,1840200,18.804386
2010-12-22,36.63,36.741,36.56,26.33,141300,18.890474
2010-12-23,36.685,36.825,36.644,26.41,132500,18.947878
2010-12-27,36.713,36.713,36.588,26.280001,24100,18.854603
2010-12-28,36.811,36.839,36.574,26.32,51100,18.883297
2010-12-29,36.929,36.943,36.471,26.41,80100,19.015785
2010-12-30,36.985,36.985,36.832,26.549999,95600,19.116581
2010-12-31,37.041,37.179,36.666,26.66,33000,19.195795
2011-01-03,36.916,37.11,36.902,26.57,164300,19.130993
2011-01-04,37.082,37.179,36.916,26.65,202500,19.188591
2011-01-05,36.971,36.971,36.777,26.540001,65800,19.109392
2011-01-06,36.721,36.985,36.707,26.48,2316100,19.066185
2011-01-07,36.818,36.832,36.735,26.49,545000,19.073391
2011-01-10,36.554,36.554,36.332,26.219999,74500,18.878981
2011-01-11,36.471,36.61,36.402,26.360001,159600,18.97978
2011-01-12,36.679,36.804,36.652,26.5,117200,19.080582
2011-01-13,36.846,36.86,36.666,26.42,102800,19.022978
2011-01-14,36.638,36.777,36.638,26.469999,42700,19.058987
2011-01-18,36.874,36.888,36.679,26.440001,49200,19.037386
2011-01-19,36.832,36.86,36.638,26.4,39100,19.008589
2011-01-20,36.527,36.541,36.402,26.299999,48200,18.936583
2011-01-21,36.416,36.554,36.416,26.26,61400,18.907782
2011-01-24,36.429,36.638,36.429,26.370001,73500,18.986986
2011-01-25,36.527,36.61,36.513,26.290001,375900,18.92938
2011-01-26,36.346,36.61,36.346,26.299999,190000,18.936583
2011-01-27,36.735,36.749,36.624,26.440001,359400,19.037386
2011-01-28,36.624,36.624,36.318,26.25,68800,18.900578
2011-01-31,36.513,36.513,36.235,26.18,86100,18.85018
2011-02-01,36.417,36.417,36.072,26.16,112700,18.913805
2011-02-02,36.113,36.348,36.086,26.16,99300,18.913805
2011-02-03,36.155,36.196,36.03,26.059999,48100,18.841507
2011-02-04,36.03,36.168,35.92,26.120001,60700,18.884892
2011-02-07,36.003,36.113,35.754,25.9,93600,18.725828
2011-02-08,35.85,36.058,35.795,26,184100,18.798122
2011-02-09,36.279,36.279,35.864,26.01,94400,18.805355
2011-02-10,36.044,36.044,35.574,25.860001,59700,18.696903
2011-02-11,36.016,36.016,35.629,25.84,34500,18.682444
2011-02-14,35.767,35.92,35.74,25.959999,50200,18.769196
2011-02-15,35.947,35.947,35.74,25.860001,60900,18.696903
2011-02-16,35.961,36.196,35.933,26.17,73200,18.92104
2011-02-17,36.155,36.597,36.155,26.35,93700,19.051172
2011-02-18,36.459,36.722,36.431,26.549999,111800,19.19578
2011-02-22,36.639,36.666,36.196,26.25,176800,18.978868
2011-02-23,36.334,36.334,36.113,26.219999,58300,18.957184
2011-02-24,36.279,36.307,36.21,26.25,141600,18.978868
2011-02-25,36.321,36.417,36.168,26.280001,146700,19.00057
2011-02-28,36.583,36.583,36.417,26.370001,35600,19.065639
2011-03-01,36.165,36.234,36.041,26.219999,70600,19.038771
2011-03-02,36.151,36.151,36.069,26.24,168100,19.053286
2011-03-03,36.275,36.317,36.179,26.32,142600,19.111376
2011-03-04,36.316,36.344,36.234,26.360001,169600,19.140429
2011-03-07,36.358,36.358,36.096,26.23,80800,19.046034
2011-03-08,36.165,36.33,36.055,26.35,128000,19.133165
2011-03-09,36.358,36.468,36.193,26.440001,614700,19.198521
2011-03-10,36.358,36.358,36.22,26.34,90600,19.125898
2011-03-11,36.275,36.413,36.22,26.4,51700,19.169474
2011-03-14,36.73,36.73,36.234,26.41,55600,19.176729
2011-03-15,36,36.33,35.945,26.290001,47900,19.089596
2011-03-16,36.193,36.206,35.807,26.040001,60400,18.908066
2011-03-17,35.958,36.22,35.697,25.950001,143600,18.842716
2011-03-18,36.124,36.137,35.876,26.08,84500,18.937113
2011-03-21,36.193,36.248,36.096,26.23,91600,19.046034
2011-03-22,36.358,36.399,36.137,26.41,40800,19.176729
2011-03-23,36.316,36.482,36.206,26.4,28600,19.169474
2011-03-24,36.427,36.633,36.372,26.6,166900,19.314695
2011-03-25,36.743,36.743,36.619,26.629999,44000,19.336477
2011-03-28,36.592,36.826,36.564,26.67,74300,19.365517
2011-03-29,36.702,36.743,36.509,26.57,100800,19.292917
2011-03-30,36.771,36.854,36.702,26.76,83400,19.430872
2011-03-31,36.95,37.129,36.936,26.9,920000,19.532532
2011-04-01,36.848,36.944,36.656,26.860001,157800,19.60112
2011-04-04,36.944,37.122,36.807,26.860001,359600,19.60112
2011-04-05,36.807,36.999,36.739,26.889999,29700,19.623018
2011-04-06,37.013,37.383,37.013,27.110001,242300,19.783564
2011-04-07,37.232,37.314,37.081,27.15,47600,19.812756
2011-04-08,37.465,37.52,37.314,27.27,97900,19.90032
2011-04-11,37.396,37.533,37.396,27.290001,57500,19.914915
2011-04-12,37.465,37.533,37.273,27.200001,54900,19.849237
2011-04-13,37.328,37.506,37.328,27.290001,101200,19.914915
2011-04-14,37.177,37.437,37.136,27.32,232700,19.936808
2011-04-15,37.424,37.574,37.3,27.360001,67900,19.966003
2011-04-18,37.136,37.259,36.944,26.959999,195200,19.674103
2011-04-19,37.273,37.369,37.067,27.25,85400,19.885733
2011-04-20,37.588,37.67,37.547,27.41,68500,20.002495
2011-04-21,37.588,37.766,37.533,27.49,89600,20.060867
2011-04-25,37.821,37.821,37.602,27.440001,95600,20.024382
2011-04-26,37.807,37.821,37.753,27.58,58800,20.126545
2011-04-27,37.999,38.095,37.684,27.77,296200,20.265202
2011-04-28,38.04,38.136,37.835,27.790001,128400,20.279789
2011-04-29,38.246,38.287,38.123,27.91,107000,20.367367
2011-05-02,37.97,37.97,37.86,27.799999,77000,20.376162
2011-05-03,37.765,37.847,37.519,27.530001,468400,20.178257
2011-05-04,37.765,37.86,37.506,27.51,145000,20.163601
2011-05-05,37.41,37.424,37.055,27.16,189200,19.90707
2011-05-06,37.506,37.506,37.001,27.139999,261200,19.892408
2011-05-09,37.192,37.315,37.11,27.34,116000,20.038998
2011-05-10,37.369,37.41,37.287,27.379999,177200,20.068316
2011-05-11,37.451,37.465,37.083,27.200001,137700,19.936384
2011-05-12,37.165,37.178,37.028,27.25,48000,19.97303
2011-05-13,37.028,37.055,36.742,27.01,99600,19.797125
2011-05-16,36.905,36.974,36.714,26.950001,300300,19.753151
2011-05-17,36.878,36.96,36.728,27,92200,19.789795
2011-05-18,37.124,37.137,36.905,27.18,100200,19.921734
2011-05-19,37.206,37.356,37.096,27.379999,56000,20.068316
2011-05-20,37.342,37.397,37.206,27.360001,268900,20.053665
2011-05-23,36.974,37.083,36.919,27.15,253200,19.899731
2011-05-24,37.083,37.165,37.042,27.16,49900,19.90707
2011-05-25,36.905,37.178,36.837,27.030001,78800,19.811785
2011-05-26,37.028,37.124,36.919,27.15,42700,19.899731
2011-05-27,37.151,37.26,37.11,27.27,50400,19.987694
2011-05-31,37.369,37.547,37.369,27.5,138000,20.156265
2011-06-01,37.337,37.404,37.187,27.4,82700,20.181318
2011-06-02,37.323,37.445,37.309,27.58,90800,20.31389
2011-06-03,38.178,38.178,37.35,27.610001,139800,20.335987
2011-06-06,37.527,37.581,37.309,27.48,124400,20.24024
2011-06-07,37.513,37.567,37.391,27.629999,74400,20.350723
2011-06-08,37.472,37.567,37.337,27.59,61500,20.321259
2011-06-09,37.418,37.513,37.337,27.5,56500,20.254967
2011-06-10,37.567,37.567,37.16,27.4,88100,20.181318
2011-06-13,37.459,37.459,37.187,27.450001,88300,20.218142
2011-06-14,37.296,37.337,37.228,27.459999,63400,20.225508
2011-06-15,37.201,37.228,36.875,27.27,134800,20.085564
2011-06-16,36.726,36.902,36.685,27.030001,142200,19.908804
2011-06-17,36.984,37.16,36.888,27.34,320800,20.137125
2011-06-20,36.997,37.092,36.807,27.290001,82000,20.100292
2011-06-21,37.16,37.35,37.024,27.389999,1033900,20.173944
2011-06-22,37.16,37.296,37.133,27.35,77700,20.144482
2011-06-23,37.174,37.174,36.929,27.32,150100,20.122387
2011-06-24,37.038,37.079,36.861,27.16,920700,20.004545
2011-06-27,36.848,36.97,36.807,27.18,67000,20.019276
2011-06-28,36.861,36.984,36.848,27.24,75400,20.063457
2011-06-29,37.119,37.174,36.821,27.280001,317600,20.092928
2011-06-30,37.133,37.309,37.024,27.459999,80400,20.225508
2011-07-01,37.065,37.363,36.998,27.639999,916000,20.447435
2011-07-05,37.349,37.417,36.552,27.51,62200,20.351267
2011-07-06,37.16,37.376,36.984,27.41,121200,20.277287
2011-07-07,37.146,37.336,37.092,27.540001,57700,20.373463
2011-07-08,37.282,37.322,37.173,27.57,63700,20.395653
2011-07-11,37.281,37.281,36.579,27.120001,138000,20.062759
2011-07-12,36.579,36.687,36.43,27.049999,101900,20.010969
2011-07-13,36.673,36.862,36.592,27.26,51400,20.166327
2011-07-14,36.93,36.984,36.849,27.280001,108900,20.181124
2011-07-15,36.903,36.944,36.822,27.27,53900,20.173723
2011-07-18,36.673,36.917,36.579,27.190001,92700,20.114538
2011-07-19,36.889,36.971,36.768,27.299999,72500,20.195913
2011-07-20,37.065,37.214,36.971,27.49,86700,20.336464
2011-07-21,37.268,37.43,37.16,27.639999,294500,20.447435
2011-07-22,37.403,37.43,37.281,27.67,191900,20.469635
2011-07-25,37.322,37.417,37.173,27.629999,91400,20.440041
2011-07-26,37.471,37.66,37.444,27.82,144600,20.580593
2011-07-27,37.66,37.674,37.065,27.700001,537600,20.491825
2011-07-28,37.336,37.457,37.241,27.639999,77400,20.447435
2011-07-29,37.16,37.525,37.16,27.74,172900,20.521416
2011-08-01,37.297,37.606,37.148,27.709999,365800,20.587538
2011-08-02,37.256,37.364,37.162,27.65,268800,20.542965
2011-08-03,37.31,37.404,37.175,27.75,156300,20.617262
2011-08-04,37.256,37.256,36.799,27.34,317900,20.312641
2011-08-05,36.987,37.081,36.502,27.4,205900,20.357227
2011-08-08,36.57,36.624,35.722,26.719999,170400,19.852009
2011-08-09,35.87,36.058,35.533,26.68,724100,19.822285
2011-08-10,36.018,36.341,35.924,26.700001,126300,19.837147
2011-08-11,36.152,36.731,35.937,26.809999,150700,19.918879
2011-08-12,36.274,36.61,36.274,27.09,1562200,20.126902
2011-08-15,36.839,36.974,36.354,27.459999,139700,20.401794
2011-08-16,36.65,36.866,36.637,27.32,118400,20.297785
2011-08-17,37.014,37.041,36.799,27.469999,127700,20.409231
2011-08-18,36.974,37,36.435,27.209999,97500,20.216055
2011-08-19,36.65,36.839,36.624,27.299999,59400,20.282923
2011-08-22,37.041,37.041,36.502,27.280001,181600,20.268068
2011-08-23,36.933,37.041,36.677,27.5,138000,20.431515
2011-08-24,37.027,37.027,36.677,27.25,107700,20.245773
2011-08-25,37,37,36.677,27.280001,66500,20.268068
2011-08-26,36.772,37.027,36.624,27.299999,173500,20.282923
2011-08-29,37.041,37.35,36.866,27.4,122900,20.357227
2011-08-30,37.095,37.323,36.852,27.559999,94000,20.476101
2011-08-31,37.31,37.391,37.162,27.76,240800,20.624695
2011-09-01,37.37,37.37,36.753,27.450001,224000,20.486622
2011-09-02,36.74,37.048,36.74,27.43,260200,20.471687
2011-09-06,36.847,36.901,36.351,27.23,155100,20.322424
2011-09-07,36.606,36.7,36.539,27.389999,146700,20.441837
2011-09-08,36.673,36.673,36.311,27.24,247400,20.329895
2011-09-09,36.191,36.284,36.03,26.959999,159800,20.120916
2011-09-12,35.816,35.869,35.507,26.610001,155700,19.859705
2011-09-13,35.574,35.641,34.931,26.299999,1466900,19.628345
2011-09-14,35.038,35.065,34.824,26.15,125300,19.516394
2011-09-15,35.038,35.266,35.038,26.290001,319500,19.620888
2011-09-16,35.601,35.601,34.971,26.17,99000,19.531326
2011-09-19,34.395,34.422,34.141,25.59,155300,19.098459
2011-09-20,34.275,34.342,34.141,25.530001,160500,19.053671
2011-09-21,33.712,33.752,33.203,24.780001,185100,18.493929
2011-09-22,32.586,33.163,32.117,24,694100,17.911797
2011-09-23,31.756,32.988,31.756,24.57,164200,18.33721
2011-09-26,32.895,33.015,32.72,24.629999,142400,18.381983
2011-09-27,33.471,33.698,33.216,25.08,193100,18.717823
2011-09-28,33.631,33.739,33.189,24.77,257000,18.486473
2011-09-29,33.511,33.685,33.229,24.879999,121100,18.568563
2011-09-30,33.149,33.176,32.868,24.59,106200,18.352135
2011-10-03,32.617,32.63,31.937,24.01,275400,18.005661
2011-10-04,31.697,31.803,31.323,23.719999,1904400,17.788185
2011-10-05,31.55,32.683,31.35,24.450001,181700,18.335625
2011-10-06,32.537,33.097,32.537,24.780001,129000,18.583109
2011-10-07,33.177,33.483,33.043,24.92,174900,18.688099
2011-10-10,33.377,33.91,33.377,25.4,215300,19.048059
2011-10-11,33.75,33.95,33.67,25.459999,94600,19.093054
2011-10-12,34.203,34.31,33.99,25.639999,111100,19.228046
2011-10-13,34.27,34.27,33.937,25.559999,65000,19.168047
2011-10-14,34.31,34.404,34.163,25.74,386400,19.30303
2011-10-17,34.337,34.404,33.95,25.51,101200,19.130548
2011-10-18,33.843,34.057,33.683,25.51,123800,19.130548
2011-10-19,34.137,34.137,33.857,25.41,82900,19.055552
2011-10-20,33.777,33.843,33.377,25.209999,278000,18.905579
2011-10-21,33.723,33.937,33.71,25.370001,291800,19.025568
2011-10-24,33.977,34.337,33.897,25.66,399900,19.243034
2011-10-25,34.137,34.27,33.937,25.51,272000,19.130548
2011-10-26,34.243,34.27,33.817,25.610001,154300,19.205547
2011-10-27,34.764,35.057,34.577,26.200001,145200,19.647993
2011-10-28,34.67,35.07,34.67,26.26,132300,19.692989
2011-10-31,34.924,34.924,34.524,25.889999,133200,19.415524
2011-11-01,33.512,33.884,33.021,25.43,113500,19.15267
2011-11-02,33.858,33.937,33.645,25.42,76500,19.14514
2011-11-03,34.11,34.229,34.017,25.73,42000,19.378616
2011-11-04,34.442,34.442,33.99,25.620001,140200,19.29578
2011-11-07,33.99,34.07,33.924,25.57,85500,19.258116
2011-11-08,34.522,34.522,34.137,25.83,171500,19.453932
2011-11-09,33.937,33.937,33.473,25.209999,88500,18.986975
2011-11-10,33.712,33.712,33.433,25.290001,80200,19.047232
2011-11-11,33.698,34.004,33.698,25.58,59000,19.265648
2011-11-14,33.884,33.884,33.366,25.24,1753000,19.009579
2011-11-15,33.672,33.672,33.127,25.09,118500,18.896606
2011-11-16,33.181,33.353,33.114,24.99,90000,18.821289
2011-11-17,33.22,33.366,33.088,25.059999,282400,18.874002
2011-11-18,33.539,33.539,33.194,25.129999,71400,18.926727
2011-11-21,33.034,33.074,32.942,24.83,59300,18.700777
2011-11-22,32.756,32.981,32.636,24.780001,100400,18.663126
2011-11-23,32.928,32.942,32.251,24.290001,157100,18.294085
2011-11-25,32.53,32.53,31.879,24.09,67700,18.143435
2011-11-28,32.41,32.53,31.999,24.129999,342600,18.173573
2011-11-29,32.371,32.384,32.105,24.34,68200,18.331738
2011-11-30,33.021,33.061,32.795,24.860001,220000,18.723377
2011-12-01,32.961,33.04,32.842,24.91,79900,18.833004
2011-12-02,33.318,33.318,32.948,24.950001,61300,18.863241
2011-12-05,33.331,33.331,33.014,25.08,152000,18.961525
2011-12-06,32.75,33.16,32.723,25,149900,18.901041
2011-12-07,33.186,33.186,33.027,25.08,75400,18.961525
2011-12-08,32.921,33.04,32.789,24.82,103500,18.764959
2011-12-09,32.789,33.014,32.789,24.959999,102500,18.870802
2011-12-12,32.657,32.657,32.459,24.6,74600,18.598621
2011-12-13,32.564,32.644,32.313,24.450001,62900,18.485222
2011-12-14,32.181,32.22,32.075,24.33,131600,18.394497
2011-12-15,32.339,32.366,32.26,24.43,124200,18.470097
2011-12-16,32.392,32.472,32.247,24.48,77700,18.507904
2011-12-19,32.313,32.339,32.168,24.379999,90900,18.432297
2011-12-20,32.445,32.511,32.445,24.549999,83600,18.560822
2011-12-21,32.498,32.564,32.472,24.58,71000,18.583506
2011-12-22,32.591,32.617,32.419,24.629999,244900,18.621307
2011-12-23,32.538,32.697,32.511,24.610001,173300,18.606188
2011-12-27,32.591,32.842,32.419,24.77,392400,18.727158
2011-12-28,32.468,32.468,32.113,24.440001,106700,18.554819
2011-12-29,32.113,32.245,32.047,24.43,123700,18.547224
2011-12-30,32.205,32.324,32.139,24.51,177500,18.607956
2012-01-03,32.389,32.64,32.389,24.77,172700,18.805353
2012-01-04,32.389,32.508,32.258,24.51,59900,18.607956
2012-01-05,32.271,32.324,32.205,24.469999,76900,18.577597
2012-01-06,32.376,32.376,32.231,24.51,72200,18.607956
2012-01-09,32.389,32.389,32.271,24.59,97500,18.668686
2012-01-10,32.547,32.653,32.547,24.74,69500,18.782576
2012-01-11,32.534,32.534,32.416,24.68,125700,18.737026
2012-01-12,32.613,32.719,32.324,24.559999,573500,18.64592
2012-01-13,32.271,32.679,32.271,24.68,202800,18.737026
2012-01-17,32.929,32.982,32.6,25,167000,18.979967
2012-01-18,33.061,33.338,32.995,25.290001,387500,19.200136
2012-01-19,33.456,33.601,33.404,25.48,130300,19.344387
2012-01-20,33.509,33.68,33.483,25.5,128200,19.359564
2012-01-23,33.838,33.957,33.772,25.719999,220700,19.526588
2012-01-24,33.72,33.957,33.628,25.74,248000,19.541771
2012-01-25,33.786,34.154,33.759,25.93,242800,19.686031
2012-01-26,34.431,34.55,34.312,26.1,447000,19.815094
2012-01-27,34.484,34.734,34.378,26.360001,168800,20.012476
2012-01-30,34.392,34.471,34.312,26.139999,96500,19.845457
2012-01-31,34.629,34.747,34.51,26.23,190200,19.91378
2012-02-01,34.615,34.707,34.497,26.389999,165700,20.104231
2012-02-02,34.733,34.904,34.667,26.52,299800,20.203274
2012-02-03,34.93,35.035,34.851,26.67,257000,20.317541
2012-02-06,34.864,34.956,34.759,26.51,194700,20.195658
2012-02-07,34.969,35.114,34.956,26.66,114200,20.309921
2012-02-08,35.035,35.179,34.904,26.6,243200,20.264214
2012-02-09,35.087,35.153,34.982,26.76,88400,20.386105
2012-02-10,34.825,34.838,34.602,26.450001,237900,20.149948
2012-02-13,34.917,34.982,34.799,26.65,100500,20.302301
2012-02-14,34.825,34.917,34.72,26.549999,127400,20.226124
2012-02-15,34.995,35.009,34.799,26.540001,72800,20.218506
2012-02-16,34.654,34.917,34.654,26.6,77400,20.264214
2012-02-17,34.969,35.009,34.838,26.66,164100,20.309921
2012-02-21,35.087,35.205,35.048,26.75,120200,20.378492
2012-02-22,35.127,35.166,35.087,26.75,108700,20.378492
2012-02-23,35.166,35.192,34.956,26.639999,466400,20.294689
2012-02-24,35.061,35.219,35.035,26.83,161000,20.439434
2012-02-27,35.022,35.219,34.917,26.809999,128800,20.424198
2012-02-28,35.192,35.35,35.153,26.91,302700,20.500376
2012-02-29,35.442,35.56,35.206,26.82,92800,20.431814
2012-03-01,35.031,35.123,35.031,26.85,218600,20.533529
2012-03-02,34.979,34.979,34.835,26.700001,105900,20.418816
2012-03-05,34.717,34.809,34.665,26.559999,89500,20.311756
2012-03-06,34.469,34.482,34.299,26.27,136900,20.089977
2012-03-07,34.364,34.495,34.273,26.379999,127700,20.174093
2012-03-08,34.678,34.796,34.613,26.57,175700,20.319401
2012-03-09,34.756,34.783,34.613,26.469999,393200,20.242924
2012-03-12,34.443,34.586,34.443,26.450001,87200,20.227633
2012-03-13,34.508,34.73,34.469,26.48,104000,20.250572
2012-03-14,34.482,34.495,34.22,26.17,459000,20.013496
2012-03-15,34.351,34.456,34.273,26.33,162900,20.135862
2012-03-16,34.469,34.521,34.403,26.379999,238400,20.174093
2012-03-19,34.469,34.652,34.39,26.5,290700,20.265863
2012-03-20,34.39,34.456,34.351,26.299999,292400,20.112911
2012-03-21,34.338,34.364,34.26,26.26,178700,20.082323
2012-03-22,34.142,34.194,34.077,26.15,157500,19.998199
2012-03-23,34.26,34.364,34.233,26.25,138900,20.074682
2012-03-26,34.521,34.6,34.482,26.41,109200,20.197031
2012-03-27,34.521,34.56,34.456,26.35,101000,20.151155
2012-03-28,34.403,34.443,34.325,26.33,182900,20.135862
2012-03-29,34.338,34.377,34.155,26.200001,83200,20.03644
2012-03-30,34.43,34.456,34.325,26.280001,146000,20.09762
2012-04-02,34.175,34.396,34.149,26.379999,186700,20.24729
2012-04-03,34.344,34.344,34.149,26.23,380100,20.132164
2012-04-04,34.11,34.214,34.045,26.209999,342800,20.116814
2012-04-05,34.005,34.058,33.953,26.120001,479600,20.047729
2012-04-09,33.94,34.018,33.875,26.07,345200,20.009352
2012-04-10,33.81,33.94,33.693,25.9,1992800,19.878874
2012-04-11,33.823,33.94,33.745,25.98,857400,19.940279
2012-04-12,33.966,34.149,33.888,26.16,620500,20.078436
2012-04-13,34.071,34.097,33.901,26.02,419500,19.970978
2012-04-16,33.836,33.992,33.81,26,1210200,19.955629
2012-04-17,33.992,34.11,33.953,26.129999,669400,20.055403
2012-04-18,33.979,34.11,33.953,26.110001,425000,20.040049
2012-04-19,33.966,34.058,33.953,26.120001,459600,20.047729
2012-04-20,34.071,34.188,34.071,26.17,474900,20.086109
2012-04-23,33.979,33.992,33.901,26.040001,296100,19.986332
2012-04-24,34.005,34.123,33.979,26.120001,387000,20.047729
2012-04-25,34.214,34.292,34.11,26.32,239900,20.201239
2012-04-26,34.279,34.383,34.201,26.280001,302200,20.170532
2012-04-27,34.383,34.461,34.305,26.43,179300,20.285666
2012-04-30,34.461,34.474,34.357,26.42,222000,20.277985
2012-05-01,34.208,34.364,34.13,26.389999,431600,20.328058
2012-05-02,34.169,34.299,34.156,26.370001,270000,20.312649
2012-05-03,34.247,34.325,34.169,26.35,240000,20.297245
2012-05-04,34.247,34.286,34.078,26.290001,183700,20.251036
2012-05-07,34.013,34.117,33.961,26.25,232000,20.220213
2012-05-08,33.961,33.987,33.792,26.030001,195200,20.050758
2012-05-09,33.559,33.624,33.416,25.83,149800,19.896692
2012-05-10,33.585,33.649,33.546,25.879999,131500,19.935205
2012-05-11,33.455,33.585,33.377,25.780001,260000,19.858173
2012-05-14,33.182,33.195,33.104,25.5,277400,19.642496
2012-05-15,32.935,33.013,32.715,25.23,228000,19.434517
2012-05-16,32.767,32.832,32.533,25.16,440400,19.380598
2012-05-17,32.572,32.637,32.247,25,570200,19.257353
2012-05-18,32.377,32.481,32.079,24.809999,566400,19.110992
2012-05-21,32.325,32.468,32.221,24.950001,374700,19.218834
2012-05-22,32.377,32.481,31.884,24.610001,1755400,18.956932
2012-05-23,31.858,32.001,31.43,24.530001,1960600,18.895308
2012-05-24,31.754,31.884,31.637,24.469999,427500,18.849096
2012-05-25,31.767,31.897,31.728,24.549999,124200,18.910715
2012-05-29,31.858,32.131,31.676,24.41,549100,18.802866
2012-05-30,31.65,31.741,31.456,24.309999,230300,18.725847
2012-05-31,31.468,31.52,31.235,24.26,332900,18.687336
2012-06-01,31.203,31.436,31.009,24.24,520800,18.737574
2012-06-04,31.475,31.475,31.255,24.24,375000,18.737574
2012-06-05,31.449,31.565,31.423,24.370001,204800,18.838068
2012-06-06,31.643,32.225,31.643,24.870001,716300,19.224562
2012-06-07,32.393,32.523,32.29,25.01,535200,19.332787
2012-06-08,32.173,32.328,32.07,24.950001,199300,19.286411
2012-06-11,32.354,32.38,32.031,24.76,175200,19.13954
2012-06-12,32.044,32.122,31.94,24.790001,300600,19.162722
2012-06-13,32.16,32.303,32.083,24.93,161100,19.270948
2012-06-14,32.212,32.367,32.122,24.950001,357200,19.286411
2012-06-15,32.393,32.548,32.367,25.120001,127400,19.41782
2012-06-18,32.419,32.561,32.316,25.16,319600,19.44874
2012-06-19,32.73,32.872,32.639,25.379999,371100,19.618792
2012-06-20,32.846,32.962,32.768,25.370001,150100,19.611067
2012-06-21,32.807,32.82,32.484,25.139999,219700,19.433279
2012-06-22,32.988,32.988,32.484,25.190001,113100,19.471933
2012-06-25,32.367,32.471,32.303,25.030001,200800,19.34824
2012-06-26,32.445,32.613,32.367,25.190001,173500,19.471933
2012-06-27,32.613,32.613,32.484,25.18,131700,19.464191
2012-06-28,32.458,32.51,32.316,25.1,178300,19.402353
2012-06-29,32.988,33.221,32.859,25.559999,183000,19.757938
2012-07-02,32.982,33.072,32.879,25.58,250900,19.847164
2012-07-03,33.111,33.304,32.982,25.809999,100200,20.02562
2012-07-05,33.446,33.446,32.891,25.620001,144800,19.878201
2012-07-06,32.995,33.046,32.75,25.52,166800,19.800617
2012-07-09,32.801,32.84,32.685,25.42,186700,19.72303
2012-07-10,32.917,33.059,32.84,25.549999,121000,19.823891
2012-07-11,33.072,33.175,32.814,25.629999,488800,19.885956
2012-07-12,32.827,32.93,32.685,25.549999,88500,19.823891
2012-07-13,32.969,33.201,32.866,25.719999,151800,19.955788
2012-07-16,33.162,33.343,33.162,25.860001,134500,20.064423
2012-07-17,33.317,33.471,33.201,25.870001,274900,20.072176
2012-07-18,33.394,33.6,33.394,26.040001,217300,20.204077
2012-07-19,33.549,33.703,33.523,26.040001,213200,20.204077
2012-07-20,33.51,33.575,33.446,26.030001,170500,20.19632
2012-07-23,33.149,33.201,33.007,25.719999,260300,19.955788
2012-07-24,33.059,33.136,32.866,25.6,148500,19.862682
2012-07-25,33.162,33.227,33.007,25.74,134200,19.97131
2012-07-26,33.484,33.6,33.407,25.99,162400,20.165277
2012-07-27,33.652,33.794,33.562,26.16,219100,20.297178
2012-07-30,33.691,33.742,33.665,26.139999,110400,20.281654
2012-07-31,33.781,33.819,33.626,26.1,200500,20.250631
2012-08-01,33.452,33.581,33.26,25.98,272300,20.231159
2012-08-02,33.273,33.439,33.144,25.809999,247600,20.09878
2012-08-03,33.594,33.902,33.594,26.360001,116000,20.527073
2012-08-06,33.838,34.005,33.838,26.440001,117200,20.589369
2012-08-07,33.927,33.992,33.799,26.360001,116700,20.527073
2012-08-08,33.606,33.953,33.606,26.440001,165100,20.589369
2012-08-09,33.825,33.927,33.786,26.370001,145000,20.534863
2012-08-10,33.761,33.863,33.658,26.370001,139000,20.534863
2012-08-13,33.645,33.773,33.619,26.23,488800,20.425837
2012-08-14,33.696,33.748,33.581,26.200001,179100,20.402477
2012-08-15,33.465,33.594,33.452,26.16,153000,20.371326
2012-08-16,33.568,33.645,33.529,26.17,248600,20.379114
2012-08-17,33.452,33.517,33.362,26.1,141200,20.3246
2012-08-20,33.388,34.903,33.35,26.059999,154600,20.293453
2012-08-21,33.671,33.683,33.465,26.139999,463700,20.355757
2012-08-22,33.529,33.709,33.478,26.23,342500,20.425837
2012-08-23,33.786,33.85,33.683,26.33,178500,20.503712
2012-08-24,33.555,33.696,33.529,26.18,210400,20.386898
2012-08-27,33.529,33.696,33.529,26.16,124600,20.371326
2012-08-28,33.555,33.581,33.491,26.120001,142200,20.340183
2012-08-29,33.439,33.439,33.298,25.98,211900,20.231159
2012-08-30,33.337,33.337,33.144,25.889999,254900,20.161068
2012-08-31,33.35,33.529,33.337,26.02,275800,20.262314
2012-09-04,33.305,33.33,33.151,25.98,142600,20.305286
2012-09-05,33.292,33.343,33.189,26.02,135800,20.336554
2012-09-06,33.33,33.509,33.253,26.07,684200,20.375631
2012-09-07,33.509,33.74,33.509,26.370001,131900,20.610106
2012-09-10,33.688,33.765,33.65,26.32,354000,20.571026
2012-09-11,33.727,33.868,33.663,26.450001,195400,20.672634
2012-09-12,33.804,33.804,33.663,26.379999,181200,20.617928
2012-09-13,34.162,34.162,33.65,26.540001,498200,20.742971
2012-09-14,34.047,34.239,34.047,26.709999,842900,20.875835
2012-09-17,34.059,34.111,33.97,26.629999,469600,20.813313
2012-09-18,34.008,34.034,33.778,26.58,541500,20.774242
2012-09-19,33.829,34.021,33.829,26.59,363200,20.782057
2012-09-20,33.816,33.932,33.727,26.49,343800,20.703897
2012-09-21,34.047,34.098,33.919,26.57,182800,20.766424
2012-09-24,33.906,33.97,33.842,26.540001,222400,20.742971
2012-09-25,34.059,34.136,33.944,26.58,280200,20.774242
2012-09-26,33.88,33.97,33.778,26.549999,191400,20.750795
2012-09-27,34.034,34.098,33.893,26.639999,277000,20.821135
2012-09-28,34.047,34.059,33.932,26.52,1157600,20.727341
2012-10-01,33.93,33.93,33.7,26.51,299600,20.790871
2012-10-02,33.802,33.879,33.751,26.469999,315600,20.759499
2012-10-03,33.968,33.968,33.764,26.58,357500,20.845764
2012-10-04,33.93,34.019,33.853,26.66,483600,20.908506
2012-10-05,34.032,34.032,33.828,26.540001,217600,20.8144
2012-10-08,34.07,34.07,33.624,26.440001,291100,20.735971
2012-10-09,33.79,33.79,33.56,26.4,245100,20.704597
2012-10-10,33.713,33.777,33.573,26.41,139300,20.712444
2012-10-11,33.726,33.841,33.726,26.540001,200100,20.8144
2012-10-12,33.853,33.955,33.815,26.549999,212100,20.822237
2012-10-15,33.853,33.943,33.815,26.57,464100,20.837921
2012-10-16,33.981,34.057,33.981,26.700001,171800,20.939877
2012-10-17,34.172,34.312,34.096,26.870001,804500,21.0732
2012-10-18,34.185,34.274,34.096,26.790001,328900,21.010462
2012-10-19,34.21,34.236,34.083,26.780001,259200,21.002619
2012-10-22,34.21,34.223,33.994,26.700001,338000,20.939877
2012-10-23,33.994,34.045,33.879,26.68,318000,20.924187
2012-10-24,34.083,34.083,33.93,26.65,281400,20.90066
2012-10-25,34.057,34.159,33.981,26.73,194900,20.963404
2012-10-26,34.019,34.134,33.943,26.719999,260100,20.955564
2012-10-31,33.981,34.185,33.981,26.75,1046700,20.979094
2012-11-01,33.814,33.942,33.764,26.629999,2072700,20.956266
2012-11-02,33.802,33.891,33.738,26.620001,156500,20.948391
2012-11-05,33.84,33.865,33.738,26.57,245200,20.909054
2012-11-06,33.929,33.954,33.713,26.6,721800,20.932665
2012-11-07,33.827,33.903,33.687,26.52,303500,20.869701
2012-11-08,33.7,33.764,33.611,26.48,510800,20.838232
2012-11-09,33.624,33.789,33.56,26.559999,403800,20.901186
2012-11-12,33.802,33.802,33.675,26.52,353700,20.869701
2012-11-13,33.586,33.662,33.459,26.42,1283400,20.791012
2012-11-14,33.497,33.586,33.484,26.4,3859900,20.775276
2012-11-15,33.395,33.598,33.382,26.41,521600,20.783144
2012-11-16,33.573,33.675,33.395,26.41,737200,20.783144
2012-11-19,33.751,33.853,33.725,26.639999,279700,20.964138
2012-11-20,33.865,33.878,33.675,26.620001,322300,20.948391
2012-11-21,33.814,33.865,33.751,26.639999,341000,20.964138
2012-11-23,33.865,33.941,33.853,26.700001,208200,21.011358
2012-11-26,33.954,33.992,33.891,26.73,266600,21.034973
2012-11-27,34.018,34.069,33.929,26.76,421900,21.058567
2012-11-28,33.916,34.03,33.814,26.780001,237800,21.074306
2012-11-29,34.119,34.17,34.069,26.809999,341200,21.097918
2012-11-30,34.119,34.132,34.056,26.84,519300,21.121534
2012-12-03,33.915,33.928,33.89,26.77,469600,21.138115
2012-12-04,34.004,34.054,33.966,26.889999,214100,21.232862
2012-12-05,34.156,34.168,34.016,26.9,933200,21.240761
2012-12-06,34.054,34.13,34.016,26.950001,439700,21.280235
2012-12-07,34.105,34.181,34.092,26.99,209200,21.311819
2012-12-10,34.08,34.181,34.08,26.950001,717300,21.280235
2012-12-11,34.206,34.308,34.168,27.08,342200,21.382895
2012-12-12,34.32,34.422,34.282,27.129999,313200,21.422369
2012-12-13,34.32,34.32,34.219,27.049999,312200,21.359201
2012-12-14,34.308,34.409,34.295,27.17,242100,21.45396
2012-12-17,34.27,34.358,34.244,27.110001,532000,21.406584
2012-12-18,34.409,34.498,34.346,27.209999,234300,21.48554
2012-12-19,34.536,34.586,34.46,27.27,651300,21.532917
2012-12-20,34.586,34.599,34.51,27.309999,179700,21.564505
2012-12-21,34.447,34.447,34.371,27.15,554000,21.438164
2012-12-24,34.32,34.447,34.32,27.18,174300,21.461853
2012-12-26,34.358,34.612,34.358,27.219999,264500,21.493439
2012-12-27,34.357,34.433,34.319,27.280001,437200,21.613079
2012-12-28,34.357,34.496,34.332,27.33,262700,21.652687
2012-12-31,34.483,34.647,34.307,27.450001,458100,21.747766
2013-01-02,34.622,34.761,34.534,27.43,1373600,21.731915
2013-01-03,34.584,34.647,34.458,27.299999,430800,21.628916
2013-01-04,34.408,34.521,34.332,27.35,531400,21.66853
2013-01-07,34.496,34.521,34.382,27.299999,477000,21.628916
2013-01-08,34.647,34.647,34.42,27.33,510700,21.652687
2013-01-09,34.534,34.584,34.496,27.35,695100,21.66853
2013-01-10,34.66,34.685,34.572,27.43,472600,21.731915
2013-01-11,34.584,34.635,34.521,27.440001,507200,21.739836
2013-01-14,34.673,34.673,34.546,27.450001,464400,21.747766
2013-01-15,34.509,34.609,34.483,27.33,1011700,21.652687
2013-01-16,34.559,34.622,34.483,27.360001,861400,21.676456
2013-01-17,34.673,34.786,34.584,27.549999,659500,21.82699
2013-01-18,34.647,34.698,34.559,27.49,338300,21.779448
2013-01-22,34.622,34.673,34.534,27.459999,384200,21.755676
2013-01-23,34.597,34.647,34.534,27.42,760500,21.723991
2013-01-24,34.597,34.685,34.521,27.450001,784200,21.747766
2013-01-25,34.71,34.71,34.584,27.459999,375300,21.755676
2013-01-28,34.584,34.584,34.483,27.370001,1341100,21.684374
2013-01-29,34.647,34.774,34.647,27.549999,639400,21.82699
2013-01-30,34.723,34.774,34.685,27.52,959700,21.803217
2013-01-31,34.761,34.774,34.71,27.530001,945400,21.811144
2013-02-01,34.632,34.808,34.582,27.66,1589100,21.98761
2013-02-04,34.657,34.683,34.532,27.450001,1326200,21.820679
2013-02-05,34.645,34.771,34.62,27.58,1605000,21.924019
2013-02-06,34.582,34.67,34.557,27.559999,503500,21.908121
2013-02-07,34.594,34.67,34.506,27.5,2154700,21.860424
2013-02-08,34.62,34.657,34.494,27.530001,473300,21.88427
2013-02-11,34.582,34.657,34.506,27.540001,368900,21.892214
2013-02-12,34.594,34.745,34.569,27.6,368300,21.93992
2013-02-13,34.708,34.808,34.695,27.629999,682000,21.963768
2013-02-14,34.683,34.771,34.607,27.620001,820700,21.955812
2013-02-15,34.708,34.745,34.607,27.51,364700,21.868372
2013-02-19,34.67,34.695,34.594,27.58,407600,21.924019
2013-02-20,34.733,34.733,34.532,27.450001,334200,21.820679
2013-02-21,34.532,34.532,34.406,27.42,446100,21.796831
2013-02-22,34.506,34.569,34.469,27.440001,320900,21.812733
2013-02-25,34.594,34.62,34.393,27.34,651600,21.73324
2013-02-26,34.444,34.444,34.305,27.360001,422300,21.749138
2013-02-27,34.393,34.494,34.343,27.42,385800,21.796831
2013-02-28,34.456,34.469,34.343,27.35,269600,21.741186
2013-03-01,34.021,34.121,33.908,27.129999,396700,21.643061
2013-03-04,33.995,34.058,33.908,27.15,482300,21.659018
2013-03-05,34.108,34.133,34.046,27.23,410900,21.722836
2013-03-06,34.096,34.108,33.97,27.139999,389600,21.651043
2013-03-07,34.083,34.158,34.071,27.24,263600,21.730812
2013-03-08,34.108,34.196,34.071,27.27,645000,21.754744
2013-03-11,34.096,34.183,33.983,27.209999,709800,21.706875
2013-03-12,34.171,34.183,34.046,27.219999,405200,21.714861
2013-03-13,34.083,34.096,34.008,27.17,435400,21.674971
2013-03-14,34.008,34.071,33.945,27.17,492600,21.674971
2013-03-15,34.096,34.096,34.008,27.16,288700,21.666998
2013-03-18,33.908,33.983,33.895,27.09,394300,21.611149
2013-03-19,33.995,34.021,33.757,27,538400,21.539351
2013-03-20,33.908,33.92,33.832,27.02,364100,21.555315
2013-03-21,33.82,33.883,33.77,26.98,471500,21.523388
2013-03-22,33.795,33.883,33.72,26.99,332900,21.531382
2013-03-25,33.845,33.895,33.77,26.969999,704800,21.515421
2013-03-26,33.908,33.92,33.807,26.99,449800,21.531382
2013-03-27,33.782,33.87,33.72,26.98,348100,21.523388
2013-03-28,33.87,33.908,33.845,27.040001,290300,21.571259
2013-04-01,33.701,33.751,33.639,26.99,468400,21.607292
2013-04-02,33.701,33.764,33.651,27,429200,21.615295
2013-04-03,33.739,33.764,33.539,26.959999,1133400,21.583269
2013-04-04,33.701,33.801,33.414,26.82,6434500,21.471195
2013-04-05,33.626,33.776,33.589,27.01,1169300,21.623299
2013-04-08,33.913,34.013,33.851,27.219999,1825400,21.791414
2013-04-09,34.188,34.326,34.151,27.450001,1984700,21.975548
2013-04-10,34.338,34.438,34.226,27.450001,759500,21.975548
2013-04-11,34.351,34.426,34.238,27.549999,183700,22.055603
2013-04-12,34.413,34.413,34.251,27.549999,284900,22.055603
2013-04-15,34.251,34.288,34.113,27.370001,662700,21.911503
2013-04-16,34.313,34.413,34.251,27.530001,221600,22.039602
2013-04-17,34.363,34.388,34.138,27.379999,396200,21.919506
2013-04-18,34.238,34.313,34.138,27.42,280500,21.951536
2013-04-19,34.313,34.388,34.238,27.469999,470600,21.991556
2013-04-22,34.238,34.276,34.163,27.41,303400,21.943525
2013-04-23,34.226,34.288,34.163,27.42,387200,21.951536
2013-04-24,34.019,34.131,33.944,27.41,325200,22.02062
2013-04-25,34.093,34.168,34.081,27.41,545700,22.02062
2013-04-26,34.106,34.156,34.081,27.43,421100,22.03669
2013-04-29,34.342,34.342,34.23,27.540001,377600,22.125065
2013-04-30,34.28,34.355,34.243,27.59,280600,22.165232
2013-05-01,34.318,34.342,34.218,27.57,379600,22.149164
2013-05-02,34.342,34.417,34.28,27.65,436600,22.213436
2013-05-03,34.454,34.542,34.392,27.75,281900,22.293772
2013-05-06,34.492,34.504,34.38,27.700001,749900,22.253603
2013-05-07,34.529,34.579,34.454,27.780001,460400,22.317871
2013-05-08,34.666,34.728,34.629,27.84,559600,22.366072
2013-05-09,34.741,34.741,34.554,27.82,293600,22.350008
2013-05-10,34.504,34.529,34.268,27.639999,542700,22.205399
2013-05-13,34.392,34.392,34.255,27.58,269500,22.157206
2013-05-14,34.193,34.293,34.143,27.469999,251600,22.068827
2013-05-15,34.093,34.131,34.044,27.41,341200,22.02062
2013-05-16,34.044,34.131,33.994,27.370001,256000,21.988495
2013-05-17,33.981,34.031,33.907,27.299999,572100,21.932264
2013-05-20,33.894,34.019,33.894,27.309999,794000,21.940289
2013-05-21,33.857,33.944,33.745,27.24,597300,21.884052
2013-05-22,33.994,34.044,33.695,27.110001,533600,21.779615
2013-05-23,33.62,33.708,33.546,27.030001,507100,21.71534
2013-05-24,33.633,33.733,33.484,26.940001,285500,21.64304
2013-05-28,33.484,33.508,33.235,26.719999,1762600,21.46629
2013-05-29,33.085,33.085,32.774,26.43,1128900,21.233311
2013-05-30,32.525,32.699,32.5,26.25,905300,21.088699
2013-05-31,32.413,32.426,32.177,25.92,868500,20.823593
2013-06-03,31.876,31.889,31.43,25.67,2009900,20.712242
2013-06-04,32.905,32.905,31.876,25.870001,542700,20.873621
2013-06-05,31.988,32.038,31.678,25.6,470800,20.655764
2013-06-06,31.715,31.864,31.48,25.709999,763100,20.744518
2013-06-07,31.74,31.765,31.505,25.440001,1102300,20.526665
2013-06-10,31.244,31.257,30.835,24.91,740800,20.099026
2013-06-11,30.736,30.786,30.426,24.75,875600,19.969931
2013-06-12,30.922,31.096,30.811,25.01,750200,20.179708
2013-06-13,31.096,31.641,31.096,25.530001,313300,20.599283
2013-06-14,31.765,31.852,31.492,25.440001,596200,20.526665
2013-06-17,31.591,31.79,31.368,25.35,474900,20.454046
2013-06-18,31.22,31.244,30.897,24.99,1088600,20.163572
2013-06-19,31.096,31.344,30.327,24.67,1026600,19.905371
2013-06-20,29.98,30.203,29.224,24.25,1541000,19.566494
2013-06-21,29.993,30.179,29.757,24.15,724300,19.485806
2013-06-24,29.745,29.745,28.964,23.709999,1211400,19.130781
2013-06-25,29.968,30.34,29.856,24.25,580800,19.566494
2013-06-26,30.24,30.24,29.98,24.24,264900,19.558422
2013-06-27,30.278,30.625,30.278,24.700001,615500,19.929588
2013-06-28,30.253,30.34,29.968,24.26,1122900,19.574564
2013-07-01,29.931,30.412,29.869,24.52,818100,19.866232
2013-07-02,30.301,30.326,30.079,24.4,436100,19.769012
2013-07-03,29.906,30.116,29.894,24.26,253000,19.655586
2013-07-05,29.82,29.869,29.462,24,620200,19.444925
2013-07-08,29.709,29.98,29.709,24.27,805900,19.663685
2013-07-09,29.992,30.19,29.955,24.41,604700,19.777105
2013-07-10,30.079,30.202,29.894,24.35,721400,19.728504
2013-07-11,30.338,30.338,29.733,24.42,3309400,19.78521
2013-07-12,29.992,30.252,29.906,24.34,1299300,19.7204
2013-07-15,30.153,30.215,30.005,24.42,937100,19.78521
2013-07-16,30.326,30.4,30.178,24.530001,736300,19.874338
2013-07-17,30.375,30.634,30.375,24.82,607800,20.109291
2013-07-18,30.486,30.647,30.461,24.700001,699000,20.012075
2013-07-19,30.498,30.61,30.4,24.799999,577100,20.093094
2013-07-22,30.511,30.758,30.511,24.92,597500,20.190311
2013-07-23,30.758,30.893,30.634,24.959999,727000,20.222723
2013-07-24,30.745,30.758,30.523,24.73,312500,20.036379
2013-07-25,30.375,30.486,30.289,24.66,457200,19.97966
2013-07-26,30.412,30.498,30.375,24.610001,210600,19.939148
2013-07-29,30.363,30.363,30.264,24.549999,184500,19.890539
2013-07-30,30.227,30.313,30.165,24.549999,451300,19.890539
2013-07-31,30.116,30.239,30.029,24.450001,388800,19.809521
2013-08-01,30.033,30.058,29.775,24.219999,320900,19.701334
2013-08-02,29.861,30.082,29.824,24.42,269200,19.864019
2013-08-05,30.23,30.23,30.033,24.459999,234900,19.896559
2013-08-06,30.082,30.119,29.959,24.42,581600,19.864019
2013-08-07,29.91,29.984,29.849,24.360001,432400,19.815212
2013-08-08,30.033,30.242,30.009,24.52,346000,19.945356
2013-08-09,30.205,30.341,30.144,24.6,127200,20.010437
2013-08-12,30.304,30.304,30.058,24.48,588800,19.91283
2013-08-13,29.984,29.984,29.775,24.290001,1717600,19.758278
2013-08-14,29.898,29.898,29.763,24.26,482700,19.733868
2013-08-15,29.677,29.775,29.541,24.15,652500,19.64439
2013-08-16,29.591,29.726,29.455,24.040001,192400,19.554916
2013-08-19,29.308,29.357,29.136,23.799999,203700,19.359694
2013-08-20,29.271,29.296,29.136,23.77,592100,19.335287
2013-08-21,29.013,29.05,28.828,23.530001,458000,19.140066
2013-08-22,28.816,28.927,28.706,23.43,196600,19.05872
2013-08-23,29.037,29.406,28.927,23.84,1138400,19.392229
2013-08-26,29.332,29.332,28.976,23.66,582100,19.245815
2013-08-27,28.632,28.706,28.533,23.290001,1264800,18.944843
2013-08-28,28.57,28.706,28.533,23.26,373600,18.920441
2013-08-29,28.509,28.706,28.509,23.290001,360900,18.944843
2013-08-30,28.792,28.804,28.644,23.389999,205800,19.02618
2013-09-03,28.464,28.537,28.256,23.190001,567600,18.942057
2013-09-04,28.378,28.489,28.366,23.23,266000,18.974728
2013-09-05,28.28,28.354,28.17,23.139999,275300,18.901218
2013-09-06,28.427,28.623,28.391,23.379999,191800,19.097242
2013-09-09,28.746,28.844,28.684,23.469999,422600,19.170757
2013-09-10,28.782,28.88,28.709,23.49,766700,19.187098
2013-09-11,28.831,29.15,28.819,23.790001,441100,19.432146
2013-09-12,29.088,29.346,29.076,23.959999,1092600,19.570997
2013-09-13,29.272,29.358,29.199,23.879999,435900,19.505657
2013-09-16,29.786,29.823,29.566,24.17,750400,19.742533
2013-09-17,29.529,29.811,29.529,24.32,1078500,19.865063
2013-09-18,29.713,30.925,29.713,25.139999,894300,20.534855
2013-09-19,30.704,30.827,30.533,25.07,2425800,20.477674
2013-09-20,30.582,30.594,30.227,24.719999,1047300,20.191784
2013-09-23,30.337,30.362,30.251,24.77,368600,20.232626
2013-09-24,30.203,30.337,30.08,24.719999,848300,20.191784
2013-09-25,30.166,30.202,29.994,24.52,1021800,20.028423
2013-09-26,30.056,30.056,29.835,24.41,267300,19.93857
2013-09-27,29.774,29.811,29.701,24.27,185800,19.824217
2013-09-30,29.737,29.811,29.688,24.299999,346000,19.848726
2013-10-01,29.659,29.72,29.549,24.26,482800,19.901222
2013-10-02,29.683,29.793,29.659,24.440001,247700,20.048883
2013-10-03,29.805,29.817,29.695,24.360001,279900,19.983259
2013-10-04,29.744,29.817,29.72,24.440001,587800,20.048883
2013-10-07,29.781,29.781,29.695,24.41,322700,20.024273
2013-10-08,29.805,29.854,29.671,24.389999,226000,20.007866
2013-10-09,29.793,29.805,29.622,24.42,268300,20.032476
2013-10-10,29.854,29.89,29.781,24.51,191200,20.106306
2013-10-11,29.89,30.049,29.89,24.620001,159400,20.196545
2013-10-14,29.939,30.11,29.903,24.6,195600,20.180136
2013-10-15,29.903,30,29.817,24.469999,212600,20.073498
2013-10-16,30.159,30.207,29.951,24.610001,1062100,20.188335
2013-10-17,30.317,30.561,30.268,25.049999,233000,20.54928
2013-10-18,30.512,30.61,30.451,25,237300,20.508276
2013-10-21,30.415,30.488,30.341,24.950001,186600,20.467253
2013-10-22,30.524,30.768,30.524,25.219999,563900,20.688747
2013-10-23,30.658,30.719,30.61,25.15,241800,20.631317
2013-10-24,30.707,30.744,30.622,25.15,112200,20.631317
2013-10-25,30.719,30.853,30.719,25.24,224100,20.705149
2013-10-28,30.78,30.78,30.671,25.25,320500,20.713345
2013-10-29,30.683,30.719,30.536,25.1,202600,20.590302
2013-10-30,30.561,30.658,30.317,24.99,250700,20.500069
2013-10-31,30.341,30.402,30.073,24.76,757000,20.311392
2013-11-01,29.709,29.758,29.588,24.42,470900,20.121872
2013-11-04,29.733,29.733,29.624,24.42,212600,20.121872
2013-11-05,29.527,29.527,29.248,24.200001,1534400,19.940594
2013-11-06,29.466,29.527,29.296,24.17,867700,19.915874
2013-11-07,29.345,29.345,29.199,24.120001,301600,19.87468
2013-11-08,29.017,29.114,28.932,23.889999,1011600,19.685156
2013-11-11,28.884,28.896,28.617,23.629999,621500,19.470911
2013-11-12,28.58,28.872,28.58,23.700001,465700,19.528595
2013-11-13,28.823,28.944,28.811,23.83,431200,19.635714
2013-11-14,28.957,29.114,28.908,23.98,264400,19.759315
2013-11-15,29.151,29.211,29.114,24.02,276500,19.792271
2013-11-18,29.272,29.333,29.09,24.049999,357100,19.81699
2013-11-19,29.224,29.345,29.139,24.07,218100,19.833475
2013-11-20,29.248,29.333,28.762,23.74,772500,19.561563
2013-11-21,28.823,28.944,28.641,23.700001,1133500,19.528595
2013-11-22,28.787,29.09,28.787,23.950001,857100,19.734594
2013-11-25,28.944,29.029,28.823,23.799999,939100,19.610996
2013-11-26,28.884,29.054,28.714,23.93,423900,19.718111
2013-11-27,28.981,29.042,28.872,23.870001,548300,19.668676
2013-11-29,28.993,29.054,28.932,23.84,86300,19.643955
2013-12-02,28.678,28.678,28.485,23.66,613400,19.586008
2013-12-03,28.497,28.714,28.497,23.77,1104900,19.677067
2013-12-04,28.593,28.606,28.316,23.58,813100,19.519785
2013-12-05,28.485,28.666,28.461,23.73,514800,19.643955
2013-12-06,28.678,29.089,28.666,23.82,318700,19.718462
2013-12-09,28.811,28.932,28.811,23.93,229200,19.809517
2013-12-10,28.92,29.004,28.859,23.959999,345900,19.834349
2013-12-11,28.98,28.98,28.787,23.870001,709800,19.759851
2013-12-12,28.835,28.895,28.751,23.879999,313500,19.768127
2013-12-13,28.859,29.04,28.799,24,247000,19.867464
2013-12-16,28.992,29.077,28.908,24.01,758700,19.875742
2013-12-17,28.908,28.944,28.811,23.950001,357700,19.826078
2013-12-18,28.895,29.113,28.702,23.940001,324800,19.817799
2013-12-19,28.63,28.787,28.593,23.780001,471400,19.685347
2013-12-20,28.69,28.775,28.593,23.73,362100,19.643955
2013-12-23,28.787,28.799,28.666,23.780001,469400,19.685347
2013-12-24,28.69,28.751,28.654,23.790001,236500,19.693628
2013-12-26,28.714,28.847,28.581,23.75,517300,19.660513
2013-12-27,28.329,28.425,28.293,23.610001,332400,19.635561
2013-12-30,28.305,28.449,28.305,23.65,445400,19.668827
2013-12-31,28.329,28.461,28.317,23.549999,365200,19.585661
2014-01-02,28.269,28.269,28.052,23.42,810000,19.477541
2014-01-03,28.197,28.197,28.112,23.43,524700,19.485865
2014-01-06,28.136,28.172,28.052,23.370001,776900,19.435965
2014-01-07,28.148,28.221,28.076,23.389999,392400,19.452602
2014-01-08,28.16,28.16,27.908,23.299999,367000,19.377748
2014-01-09,27.992,28.064,27.92,23.32,260400,19.394388
2014-01-10,28.197,28.269,28.136,23.48,281300,19.527447
2014-01-13,28.269,28.281,28.076,23.35,296800,19.419329
2014-01-14,28.197,28.221,28.064,23.389999,622100,19.452602
2014-01-15,28.052,28.172,27.98,23.290001,348000,19.369429
2014-01-16,27.992,27.992,27.848,23.200001,445700,19.294584
2014-01-17,27.932,27.944,27.848,23.219999,268100,19.311213
2014-01-21,27.956,27.956,27.764,23.1,355200,19.211418
2014-01-22,27.8,27.836,27.692,23.040001,223200,19.161514
2014-01-23,27.667,27.752,27.499,22.93,410400,19.070028
2014-01-24,27.439,27.439,27.09,22.639999,1353800,18.828852
2014-01-27,27.259,27.295,26.91,22.559999,1173900,18.762318
2014-01-28,27.138,27.379,27.114,22.77,365000,18.936962
2014-01-29,27.03,27.247,26.994,22.51,606100,18.720728
2014-01-30,27.174,27.307,27.138,22.700001,670600,18.87875
2014-01-31,26.922,27.211,26.91,22.52,828500,18.729052
2014-02-03,26.91,26.91,26.575,22.25,1634700,18.595331
2014-02-04,26.922,27.066,26.838,22.549999,714500,18.84605
2014-02-05,27.125,27.125,26.982,22.639999,248800,18.921268
2014-02-06,27.185,27.353,27.006,22.84,266100,19.088421
2014-02-07,27.317,27.341,27.233,22.84,258800,19.088421
2014-02-10,27.149,27.269,27.09,22.73,179200,18.996487
2014-02-11,27.389,27.389,27.173,22.77,802100,19.029921
2014-02-12,27.257,27.281,27.149,22.75,357900,19.013201
2014-02-13,27.09,27.317,27.09,22.799999,247000,19.054993
2014-02-14,27.425,27.449,27.305,22.85,706200,19.096777
2014-02-18,27.293,27.413,27.293,22.9,348100,19.138561
2014-02-19,27.365,27.425,27.161,22.709999,480600,18.979771
2014-02-20,27.281,27.341,27.197,22.809999,165400,19.063343
2014-02-21,27.341,27.425,27.293,22.879999,607900,19.121847
2014-02-24,27.472,27.616,27.461,23.049999,401400,19.263929
2014-02-25,27.532,27.58,27.425,22.98,225300,19.205427
2014-02-26,27.437,27.461,27.269,22.85,221500,19.096777
2014-02-27,27.472,27.58,27.377,23.030001,237800,19.247208
2014-02-28,27.676,27.7,27.544,23.08,129800,19.289003
2014-03-03,27.225,27.249,27.082,22.77,244100,19.111065
2014-03-04,27.296,27.38,27.249,22.9,207700,19.220177
2014-03-05,27.392,27.523,27.38,23.08,202900,19.371252
2014-03-06,27.546,27.666,27.523,23.209999,262700,19.480362
2014-03-07,27.487,27.57,27.403,23.040001,164000,19.337683
2014-03-10,27.427,27.463,27.368,23,192500,19.304106
2014-03-11,27.427,27.57,27.237,22.940001,171100,19.253746
2014-03-12,27.296,27.308,27.201,22.92,180500,19.236965
2014-03-13,27.38,27.463,27.177,22.84,162900,19.169819
2014-03-14,27.153,27.356,27.153,22.940001,178300,19.253746
2014-03-17,27.356,27.463,27.344,22.99,164300,19.295721
2014-03-18,27.475,27.546,27.403,23.059999,389200,19.354467
2014-03-19,27.63,27.725,27.332,23,812800,19.304106
2014-03-20,27.38,27.523,27.344,23.08,282200,19.371252
2014-03-21,27.439,27.463,27.344,22.959999,536900,19.270536
2014-03-24,27.427,27.499,27.356,23.08,218700,19.371252
2014-03-25,27.511,27.654,27.499,23.209999,185600,19.480362
2014-03-26,27.678,27.785,27.594,23.23,969300,19.497141
2014-03-27,27.725,27.952,27.666,23.459999,494800,19.690187
2014-03-28,27.94,28.047,27.856,23.450001,176800,19.681787
2014-03-31,28.023,28.083,27.999,23.559999,436500,19.774115
2014-04-01,27.829,27.972,27.818,23.58,204200,19.886286
2014-04-02,27.96,27.96,27.806,23.450001,317700,19.776651
2014-04-03,27.853,27.865,27.711,23.450001,284500,19.776651
2014-04-04,27.972,28.007,27.841,23.51,519400,19.827253
2014-04-07,28.067,28.067,27.865,23.58,297400,19.886286
2014-04-08,28.351,28.363,28.173,23.84,1607600,20.105558
2014-04-09,28.256,28.363,28.209,23.889999,255100,20.147728
2014-04-10,28.363,28.41,28.233,23.82,239300,20.08869
2014-04-11,28.327,28.327,28.15,23.799999,391300,20.071823
2014-04-14,28.28,28.28,28.055,23.700001,340100,19.987492
2014-04-15,28.043,28.138,27.889,23.6,252700,19.903154
2014-04-16,28.019,28.15,27.948,23.629999,614200,19.928453
2014-04-17,28.043,28.221,28.043,23.75,243200,20.029652
2014-04-21,28.268,28.268,28.078,23.74,183300,20.021219
2014-04-22,28.067,28.09,27.995,23.66,190900,19.953756
2014-04-23,27.948,28.007,27.912,23.610001,293000,19.911589
2014-04-24,27.863,27.863,27.709,23.530001,166300,19.938704
2014-04-25,27.827,27.827,27.615,23.52,225100,19.930227
2014-04-28,27.898,27.898,27.709,23.57,224200,19.972595
2014-04-29,27.863,27.922,27.792,23.629999,98200,20.023439
2014-04-30,27.91,27.933,27.827,23.65,125100,20.040388
2014-05-01,27.981,28.016,27.898,23.73,112000,20.108177
2014-05-02,27.933,28.04,27.898,23.75,206200,20.125122
2014-05-05,27.981,28.099,27.981,23.809999,498800,20.17597
2014-05-06,28.169,28.252,28.134,23.92,265700,20.269178
2014-05-07,28.252,28.311,28.217,23.959999,476400,20.303068
2014-05-08,28.417,28.571,28.394,24.18,301300,20.4895
2014-05-09,28.5,28.523,28.405,24.139999,1063900,20.455601
2014-05-12,28.559,28.559,28.429,24.139999,348200,20.455601
2014-05-13,28.582,28.618,28.512,24.17,241100,20.481026
2014-05-14,28.606,28.724,28.594,24.27,170200,20.565763
2014-05-15,28.665,28.748,28.582,24.299999,341000,20.591181
2014-05-16,28.677,28.7,28.606,24.309999,715000,20.599655
2014-05-19,28.748,28.818,28.665,24.4,322700,20.675919
2014-05-20,28.818,28.818,28.523,24.200001,184300,20.506441
2014-05-21,28.677,28.736,28.618,24.309999,268000,20.599655
2014-05-22,28.83,28.83,28.665,24.370001,121000,20.650503
2014-05-23,28.901,28.901,28.748,24.450001,75600,20.718287
2014-05-27,28.913,28.913,28.512,24.290001,561500,20.58271
2014-05-28,28.63,28.689,28.512,24.25,484300,20.548807
2014-05-29,28.677,28.7,28.641,24.32,156800,20.608133
2014-05-30,28.7,28.7,28.476,24.16,1804300,20.472542
2014-06-02,28.241,28.241,28.112,23.950001,469200,20.387417
2014-06-03,28.006,28.159,27.994,23.83,365700,20.285269
2014-06-04,28.088,28.088,27.971,23.860001,238000,20.310812
2014-06-05,28.758,28.758,28.076,24.01,215100,20.438498
2014-06-06,28.382,28.488,28.253,24.25,409900,20.642799
2014-06-09,28.617,28.746,28.464,24.280001,263200,20.668329
2014-06-10,28.546,28.546,28.335,24.209999,189800,20.608747
2014-06-11,28.382,28.394,28.288,24.129999,286200,20.540646
2014-06-12,28.405,28.429,28.37,24.190001,167100,20.591724
2014-06-13,28.476,28.511,28.335,24.27,283200,20.659826
2014-06-16,28.37,28.429,28.206,24.040001,676000,20.464041
2014-06-17,28.17,28.206,28.053,23.940001,352300,20.378912
2014-06-18,28.065,28.405,28.065,24.17,215100,20.574703
2014-06-19,28.394,28.464,28.264,24.1,214200,20.515112
2014-06-20,28.382,28.382,28.241,24.120001,135100,20.532131
2014-06-23,28.311,28.476,28.311,24.24,238200,20.634283
2014-06-24,28.452,28.523,28.405,24.209999,209500,20.608747
2014-06-25,28.558,28.558,28.441,24.209999,188000,20.608747
2014-06-26,28.452,28.523,28.311,24.280001,186400,20.668329
2014-06-27,28.546,28.57,28.488,24.299999,123800,20.685368
2014-06-30,28.593,28.64,28.452,24.299999,423000,20.685368
2014-07-01,28.347,28.347,28.242,24.190001,158000,20.685368
2014-07-02,28.347,28.347,28.171,24.139999,173400,20.642605
2014-07-03,28.242,28.312,28.16,24.09,182500,20.599844
2014-07-07,28.265,28.312,28.23,24.190001,138300,20.685368
2014-07-08,28.394,28.405,28.312,24.209999,163700,20.702465
2014-07-09,28.429,28.522,28.382,24.389999,147000,20.85638
2014-07-10,28.359,28.44,28.3,24.299999,135600,20.779419
2014-07-11,28.394,28.405,28.288,24.280001,147400,20.762323
2014-07-14,28.335,28.452,28.324,24.32,467600,20.796522
2014-07-15,28.382,28.382,28.3,24.24,136400,20.728115
2014-07-16,28.405,28.452,28.382,24.309999,255200,20.787973
2014-07-17,28.347,28.417,28.253,24.290001,1777300,20.770874
2014-07-18,28.464,28.511,28.394,24.33,196100,20.805079
2014-07-21,28.499,28.569,28.429,24.42,277800,20.882042
2014-07-22,28.628,28.651,28.546,24.48,87900,20.933338
2014-07-23,28.674,28.791,28.674,24.559999,191000,21.001753
2014-07-24,28.768,28.768,28.663,24.540001,133700,20.984655
2014-07-25,28.744,28.744,28.581,24.51,123600,20.959
2014-07-28,28.663,28.663,28.546,24.440001,125300,20.899143
2014-07-29,28.546,28.569,28.44,24.360001,301400,20.830734
2014-07-30,28.417,28.429,28.277,24.26,367600,20.745214
2014-07-31,28.3,28.3,28.055,24.01,247600,20.531433
2014-08-01,27.825,27.883,27.72,23.879999,190300,20.511677
2014-08-04,27.813,27.895,27.801,23.950001,216600,20.571802
2014-08-05,27.813,27.813,27.685,23.870001,314900,20.503096
2014-08-06,27.697,27.79,27.638,23.870001,303700,20.503096
2014-08-07,27.743,27.79,27.557,23.719999,134000,20.374252
2014-08-08,27.767,27.801,27.545,23.85,128500,20.485916
2014-08-11,27.976,27.976,27.732,23.879999,78900,20.511677
2014-08-12,27.767,27.825,27.732,23.9,85900,20.52886
2014-08-13,27.906,27.988,27.813,23.98,570000,20.597578
2014-08-14,28.034,28.046,27.964,24.07,166700,20.674891
2014-08-15,28.058,28.069,27.941,24.07,157400,20.674891
2014-08-18,28.023,28.069,27.906,24.01,338900,20.623341
2014-08-19,28.046,28.046,27.918,24.01,412900,20.623341
2014-08-20,27.871,27.93,27.767,23.879999,298100,20.511677
2014-08-21,27.813,27.871,27.79,23.91,181100,20.537443
2014-08-22,27.883,27.883,27.732,23.860001,118800,20.494505
2014-08-25,27.72,27.778,27.685,23.83,109000,20.468733
2014-08-26,27.813,27.883,27.778,23.93,302000,20.554628
2014-08-27,27.93,27.988,27.883,24.01,135300,20.623341
2014-08-28,27.825,27.906,27.801,23.969999,116100,20.588987
2014-08-29,27.895,27.93,27.778,23.99,168700,20.606167
2014-09-02,27.604,27.639,27.465,23.75,173900,20.493984
2014-09-03,27.674,27.709,27.604,23.82,296800,20.554394
2014-09-04,27.72,27.743,27.489,23.719999,142600,20.468103
2014-09-05,27.581,27.674,27.581,23.85,317400,20.580282
2014-09-08,27.639,27.639,27.465,23.73,144400,20.47673
2014-09-09,27.338,27.349,27.245,23.57,143300,20.338663
2014-09-10,27.187,27.361,27.164,23.6,1767100,20.364553
2014-09-11,27.245,27.303,27.21,23.540001,385900,20.312782
2014-09-12,27.199,27.257,27.06,23.41,275500,20.200605
2014-09-15,27.037,27.106,27.002,23.35,427600,20.14883
2014-09-16,27.06,27.234,26.979,23.440001,286500,20.226488
2014-09-17,27.176,27.176,27.002,23.35,191500,20.14883
2014-09-18,27.129,27.129,26.932,23.290001,238800,20.097054
2014-09-19,27.048,27.106,26.921,23.299999,217400,20.105688
2014-09-22,26.886,26.944,26.805,23.200001,251200,20.01939
2014-09-23,26.932,26.944,26.805,23.17,205100,19.993504
2014-09-24,26.886,26.955,26.84,23.24,234000,20.053905
2014-09-25,26.921,27.002,26.677,23.059999,239400,19.898586
2014-09-26,26.631,26.666,26.55,22.99,262600,19.838179
2014-09-29,26.515,26.515,26.376,22.809999,272600,19.682854
2014-09-30,26.388,26.446,26.307,22.799999,201000,19.674225
2014-10-01,26.203,26.237,26.122,22.690001,494200,19.665564
2014-10-02,26.376,26.376,26.214,22.790001,334700,19.752228
2014-10-03,26.26,26.26,26.03,22.6,368900,19.587557
2014-10-06,26.214,26.295,26.191,22.780001,195900,19.743565
2014-10-07,26.306,26.353,26.145,22.700001,434600,19.674227
2014-10-08,26.26,26.503,26.157,22.959999,666000,19.899572
2014-10-09,26.491,26.526,26.422,22.92,264500,19.864902
2014-10-10,26.41,26.433,26.26,22.83,361500,19.786901
2014-10-13,26.48,26.56,26.41,22.92,373300,19.864902
2014-10-14,26.387,26.526,26.387,22.950001,411500,19.890903
2014-10-15,26.445,26.537,26.18,22.98,269000,19.916904
2014-10-16,26.456,26.48,26.283,22.91,298500,19.856232
2014-10-17,26.48,26.618,26.422,23.02,180700,19.95158
2014-10-20,26.514,26.618,26.445,23.07,392900,19.994905
2014-10-21,26.572,26.641,26.549,23.08,154800,20.003576
2014-10-22,26.549,26.63,26.537,23,316800,19.934242
2014-10-23,26.883,26.883,26.491,22.98,152200,19.916904
2014-10-24,26.491,26.56,26.468,22.99,220100,19.925575
2014-10-27,26.399,26.445,26.341,22.889999,518200,19.8389
2014-10-28,26.503,26.606,26.48,23.059999,231100,19.986242
2014-10-29,26.664,26.676,26.433,22.93,802000,19.873571
2014-10-30,26.503,26.63,26.468,23.040001,253500,19.968908
2014-10-31,26.826,26.826,26.364,22.91,155600,19.856232
2014-11-03,26.284,26.284,26.019,22.67,297800,19.734367
2014-11-04,26.019,26.088,25.904,22.690001,271100,19.751774
2014-11-05,25.916,25.916,25.859,22.51,316400,19.595085
2014-11-06,25.721,25.836,25.606,22.32,191400,19.429689
2014-11-07,25.652,25.813,25.652,22.469999,255700,19.560266
2014-11-10,25.893,25.904,25.755,22.459999,214400,19.551558
2014-11-11,25.709,25.801,25.675,22.450001,148700,19.542858
2014-11-12,25.801,25.87,25.744,22.49,179500,19.577679
2014-11-13,25.859,25.859,25.663,22.41,201700,19.508036
2014-11-14,25.675,25.767,25.64,22.43,178300,19.525444
2014-11-17,25.755,25.778,25.686,22.370001,145400,19.473215
2014-11-18,25.859,25.859,25.721,22.49,188500,19.577679
2014-11-19,25.801,25.882,25.721,22.52,483900,19.60379
2014-11-20,25.904,25.996,25.904,22.629999,347500,19.699547
2014-11-21,26.019,26.123,26.008,22.709999,173000,19.769184
2014-11-24,26.261,26.261,25.962,22.67,276800,19.734367
2014-11-25,26.065,26.123,26.008,22.709999,202400,19.769184
2014-11-26,26.18,26.18,26.054,22.77,252600,19.821421
2014-11-28,26.054,26.123,25.767,22.5,1160800,19.586386
2014-12-01,25.582,25.64,25.525,22.35,4859500,19.543533
2014-12-02,25.525,25.754,25.274,22.129999,2850800,19.35116
2014-12-03,25.262,25.308,25.239,22.120001,279300,19.342413
2014-12-04,25.194,25.262,25.159,22.059999,244000,19.289949
2014-12-05,25.079,25.079,24.919,21.83,469700,19.088825
2014-12-08,24.873,24.873,24.725,21.67,594900,18.948919
2014-12-09,24.736,24.816,24.736,21.65,222900,18.931431
2014-12-10,24.679,24.748,24.61,21.59,636500,18.878962
2014-12-11,24.599,24.622,24.439,21.4,565900,18.712824
2014-12-12,24.382,24.427,24.221,21.219999,486300,18.555424
2014-12-15,24.141,24.233,23.775,20.99,575800,18.354303
2014-12-16,23.169,23.856,23.169,20.74,1131700,18.135702
2014-12-17,23.707,24.416,23.707,21.120001,1071700,18.467985
2014-12-18,24.279,24.416,24.13,21.280001,834500,18.607889
2014-12-19,24.37,24.542,24.313,21.440001,927800,18.747797
2014-12-22,24.53,24.53,24.359,21.370001,1337700,18.686584
2014-12-23,24.382,24.427,24.199,21.24,1286500,18.572918
2014-12-24,24.336,24.382,24.256,21.309999,195200,18.634129
2014-12-26,24.21,24.416,24.199,21.26,479500,18.590406
2014-12-29,24.055,24.146,23.941,21.16,731000,18.586887
2014-12-30,24.078,24.226,24.078,21.27,375800,18.683516
2014-12-31,24.169,24.18,24.032,21.17,413000,18.595669
2015-01-02,24.021,24.021,23.85,21.02,143800,18.463915
2015-01-05,23.896,23.919,23.759,20.889999,2027700,18.349722
2015-01-06,23.759,23.884,23.759,20.92,1942500,18.376074
2015-01-07,23.827,23.987,23.782,21.07,1903700,18.507835
2015-01-08,24.021,24.203,24.021,21.16,364700,18.586887
2015-01-09,24.146,24.226,24.089,21.27,254200,18.683516
2015-01-12,24.112,24.169,24.044,21.200001,254000,18.622028
2015-01-13,24.055,24.112,23.987,21.120001,183000,18.551754
2015-01-14,24.067,24.237,24.067,21.280001,283000,18.692299
2015-01-15,24.249,24.249,24.044,21.18,403400,18.604458
2015-01-16,24.135,24.283,24.078,21.27,1681800,18.683516
2015-01-20,24.146,24.271,24.067,21.27,4223700,18.683516
2015-01-21,24.237,24.363,24.123,21.23,1020000,18.648382
2015-01-22,24.18,24.431,24.18,21.360001,557100,18.762577
2015-01-23,24.522,24.522,24.294,21.440001,1171600,18.832842
2015-01-26,24.397,24.442,24.306,21.43,440400,18.82406
2015-01-27,24.351,24.476,24.351,21.469999,405000,18.859196
2015-01-28,24.385,24.442,24.271,21.32,306100,18.727434
2015-01-29,24.34,24.351,24.169,21.27,281000,18.683516
2015-01-30,24.135,24.169,24.032,21.18,356100,18.604458
2015-02-02,23.946,24.06,23.935,21.200001,281400,18.697948
2015-02-03,24.162,24.298,24.105,21.290001,2325500,18.77733
2015-02-04,24.105,24.105,23.821,21.040001,1285000,18.556831
2015-02-05,24.037,24.06,23.969,21.16,235000,18.66267
2015-02-06,23.821,23.855,23.708,20.950001,271300,18.477453
2015-02-09,23.697,23.742,23.606,20.879999,418100,18.415714
2015-02-10,23.459,23.527,23.413,20.68,415500,18.239319
2015-02-11,23.357,23.357,23.13,20.459999,600200,18.045282
2015-02-12,23.323,23.425,23.311,20.66,931500,18.221682
2015-02-13,23.425,23.583,23.425,20.76,340400,18.309879
2015-02-17,23.549,23.583,23.425,20.73,1152800,18.283415
2015-02-18,23.459,23.583,23.357,20.780001,287300,18.327517
2015-02-19,23.368,23.527,23.357,20.68,1187700,18.239319
2015-02-20,23.402,23.515,23.334,20.709999,1510800,18.265778
2015-02-23,23.323,23.391,23.266,20.629999,300300,18.195225
2015-02-24,23.345,23.583,23.3,20.799999,283700,18.345158
2015-02-25,23.549,23.617,23.493,20.809999,258300,18.353975
2015-02-26,23.561,23.629,23.47,20.77,3031500,18.318697
2015-02-27,23.47,23.527,23.425,20.719999,214100,18.274597
2015-03-02,23.178,23.212,23.088,20.48,205200,18.148756
2015-03-03,23.066,23.133,23.032,20.469999,358300,18.139904
2015-03-04,22.953,22.964,22.84,20.309999,532900,17.998108
2015-03-05,22.874,22.953,22.648,20.200001,1031900,17.900637
2015-03-06,22.546,22.546,22.287,19.790001,525800,17.537306
2015-03-09,22.388,22.411,22.264,19.74,549400,17.492992
2015-03-10,22.095,22.152,21.903,19.51,1961800,17.289173
2015-03-11,21.971,22.129,21.937,19.6,389100,17.368933
2015-03-12,22.253,22.355,22.185,19.67,360800,17.430964
2015-03-13,21.982,21.994,21.836,19.43,607100,17.218288
2015-03-16,22.05,22.061,21.926,19.51,1032500,17.289173
2015-03-17,21.994,22.14,21.937,19.58,535300,17.351204
2015-03-18,22.106,22.569,22.005,19.940001,544500,17.670231
2015-03-19,22.411,22.445,22.309,19.83,715900,17.57275
2015-03-20,22.501,22.738,22.456,20.09,418600,17.803154
2015-03-23,22.795,23.009,22.795,20.379999,512000,18.060146
2015-03-24,23.043,23.099,22.964,20.459999,878900,18.131037
2015-03-25,23.111,23.156,22.908,20.33,386100,18.015839
2015-03-26,22.953,23.009,22.761,20.209999,436900,17.909496
2015-03-27,22.783,22.783,22.704,20.120001,932100,17.829741
2015-03-30,22.659,22.716,22.592,20.08,548000,17.794291
2015-03-31,22.614,22.704,22.592,20.120001,1205300,17.829741
2015-04-01,22.647,22.714,22.568,20.190001,463600,17.973066
2015-04-02,22.759,22.86,22.737,20.280001,592100,18.053179
2015-04-06,23.062,23.22,23.029,20.6,1439300,18.338049
2015-04-07,23.006,23.118,22.95,20.48,1132400,18.231218
2015-04-08,23.175,23.22,23.107,20.620001,438900,18.355844
2015-04-09,23.242,23.242,23.029,20.52,625200,18.26683
2015-04-10,22.984,23.029,22.916,20.43,275300,18.186712
2015-04-13,22.838,22.86,22.725,20.26,397200,18.035376
2015-04-14,22.871,22.939,22.849,20.4,347800,18.16
2015-04-15,22.905,23.006,22.781,20.440001,363200,18.195616
2015-04-16,23.04,23.175,22.95,20.530001,530500,18.275732
2015-04-17,22.905,22.995,22.826,20.469999,428100,18.222317
2015-04-20,22.849,22.871,22.804,20.33,452500,18.097691
2015-04-21,22.838,22.871,22.781,20.309999,615700,18.079885
2015-04-22,22.86,22.86,22.781,20.309999,758000,18.079885
2015-04-23,22.815,22.972,22.781,20.35,6528100,18.115492
2015-04-24,22.905,22.916,22.815,20.389999,268800,18.1511
2015-04-27,22.95,23.118,22.95,20.5,574000,18.249025
2015-04-28,23.13,23.276,23.074,20.66,358000,18.391455
2015-04-29,23.152,23.309,23.141,20.700001,419500,18.427063
2015-04-30,23.141,23.141,23.051,20.540001,391000,18.284628
2015-05-01,22.83,22.842,22.696,20.35,232100,18.201454
2015-05-04,22.719,22.719,22.64,20.309999,418100,18.16567
2015-05-05,22.719,22.864,22.685,20.43,9072400,18.273005
2015-05-06,22.83,22.942,22.797,20.43,363200,18.273005
2015-05-07,22.752,22.786,22.685,20.360001,376400,18.210396
2015-05-08,22.909,22.92,22.819,20.49,493000,18.32667
2015-05-11,22.763,22.797,22.596,20.24,245500,18.103064
2015-05-12,22.573,22.674,22.506,20.27,265800,18.129902
2015-05-13,22.864,22.931,22.775,20.41,317400,18.255116
2015-05-14,22.976,23.032,22.931,20.58,325700,18.407167
2015-05-15,22.953,23.143,22.931,20.67,297300,18.487667
2015-05-18,23.043,23.043,22.931,20.540001,648500,18.371393
2015-05-19,22.819,22.864,22.808,20.43,253800,18.273005
2015-05-20,22.808,22.909,22.752,20.42,331400,18.264059
2015-05-21,22.819,22.875,22.786,20.42,597500,18.264059
2015-05-22,22.73,22.763,22.663,20.32,215200,18.17462
2015-05-26,22.461,22.473,22.338,20.030001,765800,17.915241
2015-05-27,22.294,22.394,22.249,19.969999,741400,17.861568
2015-05-28,22.26,22.316,22.204,19.950001,388200,17.843681
2015-05-29,22.283,22.338,22.249,19.959999,204800,17.852625
2015-06-01,22.039,22.061,21.972,19.77,376000,17.761887
2015-06-02,22.027,22.183,22.027,19.91,403500,17.887663
2015-06-03,22.061,22.105,21.961,19.83,905900,17.815792
2015-06-04,22.016,22.039,21.938,19.719999,291200,17.716963
2015-06-05,21.604,21.727,21.538,19.49,499200,17.510326
2015-06-08,21.66,21.727,21.604,19.49,246400,17.510326
2015-06-09,21.76,21.794,21.66,19.559999,391700,17.573217
2015-06-10,21.961,21.994,21.883,19.719999,356200,17.716963
2015-06-11,21.838,21.983,21.783,19.75,324300,17.743916
2015-06-12,21.849,21.894,21.794,19.620001,233900,17.627121
2015-06-15,21.771,21.849,21.727,19.57,927500,17.582197
2015-06-16,21.783,21.838,21.738,19.6,274900,17.60915
2015-06-17,21.816,21.972,21.738,19.68,1018700,17.681028
2015-06-18,22.061,22.094,22.005,19.82,336300,17.806807
2015-06-19,21.949,22.016,21.905,19.77,597200,17.761887
2015-06-22,22.072,22.116,22.016,19.85,600300,17.833757
2015-06-23,21.994,22.072,21.938,19.790001,390000,17.779856
2015-06-24,21.994,22.072,21.972,19.82,259600,17.806807
2015-06-25,22.061,22.094,21.994,19.780001,230300,17.770866
2015-06-26,21.894,21.916,21.827,19.68,269000,17.681028
2015-06-29,21.749,21.816,21.705,19.5,316400,17.51931
2015-06-30,21.794,21.883,21.749,19.540001,388400,17.55525
2015-07-01,21.549,21.549,21.472,19.379999,282100,17.492062
2015-07-02,21.582,21.638,21.538,19.530001,522500,17.627455
2015-07-06,21.416,21.45,21.361,19.32,358800,17.437912
2015-07-07,21.261,21.383,21.106,19.18,2495500,17.31155
2015-07-08,21.283,21.283,21.195,19.16,437600,17.293501
2015-07-09,21.361,21.372,21.283,19.25,472300,17.374731
2015-07-10,21.483,21.571,21.472,19.440001,203200,17.546221
2015-07-13,21.516,21.56,21.483,19.440001,383600,17.546221
2015-07-14,21.571,21.616,21.56,19.5,227900,17.600374
2015-07-15,21.472,21.549,21.472,19.42,362900,17.52817
2015-07-16,21.527,21.594,21.516,19.440001,270400,17.546221
2015-07-17,21.505,21.56,21.494,19.43,310000,17.537199
2015-07-20,21.372,21.416,21.339,19.299999,240500,17.419859
2015-07-21,21.372,21.472,21.372,19.360001,386300,17.474012
2015-07-22,21.372,21.438,21.306,19.27,432300,17.392782
2015-07-23,21.294,21.339,21.217,19.190001,460900,17.320572
2015-07-24,21.106,21.128,21.017,18.98,594300,17.131035
2015-07-27,21.051,21.106,21.006,18.959999,499100,17.11298
2015-07-28,21.017,21.095,20.995,19.02,680800,17.167137
2015-07-29,21.04,21.161,21.04,19.030001,333900,17.176159
2015-07-30,20.962,20.984,20.885,18.92,868000,17.076874
2015-07-31,21.006,21.084,20.94,18.950001,256100,17.103954
2015-08-03,20.645,20.7,20.59,18.719999,427700,16.974287
2015-08-04,20.634,20.678,20.546,18.65,482400,16.910818
2015-08-05,20.535,20.568,20.425,18.6,1838400,16.865488
2015-08-06,20.414,20.491,20.392,18.540001,367700,16.811077
2015-08-07,20.381,20.579,20.37,18.6,1096700,16.865488
2015-08-10,20.524,20.645,20.502,18.700001,349800,16.95616
2015-08-11,20.491,20.546,20.436,18.610001,561100,16.87455
2015-08-12,20.48,20.546,20.447,18.620001,278300,16.883615
2015-08-13,20.414,20.469,20.347,18.469999,401000,16.747601
2015-08-14,20.358,20.414,20.314,18.43,517700,16.71134
2015-08-17,20.303,20.325,20.248,18.41,1519300,16.693199
2015-08-18,20.171,20.226,20.149,18.290001,619800,16.584389
2015-08-19,20.105,20.204,20.05,18.24,400600,16.539051
2015-08-20,20.05,20.127,20.006,18.17,525500,16.475586
2015-08-21,19.973,20.028,19.829,18.02,738100,16.339565
2015-08-24,19.465,19.697,19.3,17.75,1059200,16.094746
2015-08-25,19.774,19.895,19.598,17.84,795800,16.176355
2015-08-26,19.587,19.642,19.41,17.790001,654600,16.131016
2015-08-27,19.752,19.829,19.675,17.940001,496300,16.267031
2015-08-28,19.719,19.939,19.719,18.08,1738900,16.39397
2015-08-31,19.818,19.928,19.741,17.98,619600,16.303303
2015-09-01,19.708,19.708,19.521,17.809999,534200,16.230394
2015-09-02,19.51,19.554,19.291,17.74,613800,16.166601
2015-09-03,19.335,19.401,19.192,17.5,3316400,15.947891
2015-09-04,19.137,19.225,19.082,17.41,587200,15.86587
2015-09-08,19.159,19.181,19.115,17.469999,681900,15.92055
2015-09-09,19.225,19.247,19.126,17.43,332200,15.884097
2015-09-10,19.137,19.302,19.104,17.549999,306200,15.993454
2015-09-11,19.225,19.335,19.17,17.57,207600,16.011681
2015-09-14,19.247,19.28,19.159,17.57,239600,16.011681
2015-09-15,19.247,19.313,19.247,17.57,484200,16.011681
2015-09-16,19.346,19.51,19.313,17.74,233300,16.166601
2015-09-17,19.423,19.62,19.39,17.77,298500,16.193945
2015-09-18,19.488,19.642,19.379,17.68,740200,16.111923
2015-09-21,19.357,19.434,19.313,17.610001,443200,16.048132
2015-09-22,19.192,19.192,19.061,17.43,330500,15.884097
2015-09-23,19.082,19.148,18.94,17.32,377900,15.783854
2015-09-24,18.764,19.017,18.753,17.309999,684900,15.774739
2015-09-25,19.006,19.104,18.984,17.32,256100,15.783854
2015-09-28,18.951,18.951,18.753,17.110001,329900,15.592475
2015-09-29,18.797,18.896,18.742,17.1,1854500,15.583366
2015-09-30,18.962,19.028,18.907,17.33,632600,15.792963
2015-10-01,18.891,18.956,18.781,17.25,347400,15.797544
2015-10-02,18.792,19.065,18.781,17.42,450900,15.95323
2015-10-05,19.164,19.262,19.153,17.57,2415200,16.090601
2015-10-06,19.262,19.469,19.262,17.780001,471100,16.282919
2015-10-07,19.644,19.764,19.568,17.92,1535000,16.411133
2015-10-08,19.633,19.852,19.633,18.18,242400,16.64924
2015-10-09,19.993,20.07,19.993,18.32,320900,16.777447
2015-10-12,20.004,20.07,19.983,18.309999,1054600,16.768293
2015-10-13,19.786,19.83,19.677,18.02,267600,16.50271
2015-10-14,19.83,19.983,19.83,18.290001,9296500,16.749977
2015-10-15,19.95,20.059,19.917,18.34,9479300,16.795769
2015-10-16,20.026,20.048,19.95,18.290001,929800,16.749977
2015-10-19,19.884,19.906,19.764,18.120001,565000,16.59429
2015-10-20,19.764,19.808,19.688,18.07,1104900,16.548502
2015-10-21,19.6,19.622,19.513,17.92,880400,16.411133
2015-10-22,19.622,19.731,19.622,18.030001,583900,16.511873
2015-10-23,19.688,19.72,19.589,18,201100,16.484398
2015-10-26,19.677,19.699,19.611,17.969999,354200,16.456919
2015-10-27,19.546,19.611,19.524,17.9,369100,16.392811
2015-10-28,19.677,19.753,19.502,17.889999,293000,16.383657
2015-10-29,19.404,19.535,19.36,17.870001,927300,16.365343
2015-10-30,19.6,19.633,19.546,17.940001,497800,16.429449
2015-11-02,19.464,19.551,19.442,17.92,297100,16.489262
2015-11-03,19.453,19.649,19.453,18.02,407700,16.581274
2015-11-04,19.584,19.681,19.442,17.950001,442800,16.516861
2015-11-05,19.486,19.507,19.431,17.91,273600,16.480057
2015-11-06,19.214,19.225,19.095,17.66,396500,16.250017
2015-11-09,19.051,19.149,19.029,17.540001,770200,16.139601
2015-11-10,19.095,19.171,19.073,17.639999,425700,16.231611
2015-11-11,19.268,19.312,19.214,17.73,222400,16.314426
2015-11-12,19.181,19.214,19.127,17.629999,248200,16.222408
2015-11-13,19.16,19.16,19.051,17.610001,608400,16.204012
2015-11-16,19.105,19.171,19.084,17.620001,506800,16.213211
2015-11-17,19.171,19.192,19.127,17.6,517800,16.194807
2015-11-18,19.181,19.225,19.149,17.68,322100,16.268421
2015-11-19,19.334,19.388,19.334,17.82,495600,16.397243
2015-11-20,19.475,19.497,19.431,17.93,950000,16.498459
2015-11-23,19.388,19.388,19.301,17.809999,568700,16.388037
2015-11-24,19.355,19.442,19.355,17.860001,228700,16.43405
2015-11-25,19.323,19.366,19.268,17.809999,324400,16.388037
2015-11-27,19.214,19.258,19.16,17.65,255400,16.240812
2015-11-30,19.138,19.181,19.062,17.559999,1630700,16.157997
2015-12-01,18.962,19.059,18.951,17.59,483500,16.261543
2015-12-02,18.984,19.027,18.93,17.549999,383400,16.224562
2015-12-03,19.059,19.103,18.951,17.57,1869600,16.24305
2015-12-04,18.962,19.07,18.962,17.58,563100,16.252295
2015-12-07,18.865,18.908,18.778,17.4,290700,16.08589
2015-12-08,18.713,18.757,18.659,17.299999,386200,15.993443
2015-12-09,18.757,18.832,18.681,17.299999,360000,15.993443
2015-12-10,18.54,18.583,18.432,17.08,2989100,15.790058
2015-12-11,18.281,18.281,18.097,16.75,893300,15.48498
2015-12-14,18.172,18.248,18.151,16.85,903900,15.577428
2015-12-15,18.389,18.454,18.335,17.02,724000,15.734592
2015-12-16,18.335,18.529,18.237,17.059999,387300,15.771565
2015-12-17,18.346,18.41,18.313,16.969999,300900,15.688369
2015-12-18,18.443,18.497,18.389,17.059999,361900,15.771565
2015-12-21,18.475,18.529,18.421,17.08,811700,15.790058
2015-12-22,18.486,18.551,18.443,17.09,420700,15.799305
2015-12-23,18.497,18.583,18.497,17.18,314200,15.882505
2015-12-24,18.497,18.573,18.4,17.16,230400,15.864019
2015-12-28,18.583,18.638,18.562,17.200001,343400,15.900998
2015-12-29,18.407,18.46,18.396,17.110001,588900,15.89542
2015-12-30,18.364,18.396,18.277,17.030001,446200,15.821103
2015-12-31,18.234,18.331,18.234,17,472600,15.79323
2016-01-04,18.159,18.159,18.041,16.85,519900,15.653879
2016-01-05,18.094,18.159,18.094,16.860001,328500,15.663169
2016-01-06,17.998,18.051,17.933,16.66,725500,15.477365
2016-01-07,17.976,18.019,17.911,16.639999,452800,15.458786
2016-01-08,17.933,17.987,17.868,16.629999,742700,15.449495
2016-01-11,17.933,17.933,17.793,16.6,517900,15.421624
2016-01-12,17.922,17.955,17.825,16.6,505700,15.421624
2016-01-13,18.041,18.041,17.879,16.629999,348700,15.449495
2016-01-14,17.911,18.019,17.858,16.66,786400,15.477365
2016-01-15,17.782,17.868,17.707,16.51,1260600,15.338012
2016-01-19,17.75,17.836,17.728,16.469999,786100,15.300852
2016-01-20,17.653,17.664,17.535,16.370001,709600,15.207954
2016-01-21,17.556,17.761,17.545,16.389999,390100,15.226534
2016-01-22,17.868,17.911,17.545,16.49,9917700,15.319435
2016-01-25,17.75,17.825,17.696,16.48,879800,15.310143
2016-01-26,17.772,17.89,17.761,16.610001,467800,15.430913
2016-01-27,17.89,17.922,17.782,16.620001,298900,15.440206
2016-01-28,18.127,18.148,17.998,16.77,250900,15.579557
2016-01-29,18.245,18.288,18.181,16.98,415500,15.77465
2016-02-01,18.035,18.131,18.024,16.91,444300,15.789589
2016-02-02,17.981,17.992,17.896,16.74,413000,15.63085
2016-02-03,18.067,18.206,17.96,16.959999,392600,15.836275
2016-02-04,18.378,18.442,18.303,17.129999,369500,15.995014
2016-02-05,18.249,18.313,18.228,17.02,239800,15.892303
2016-02-08,18.131,18.131,18.067,16.870001,328400,15.75224
2016-02-09,18.078,18.206,18.078,16.98,874600,15.854952
2016-02-10,18.324,18.356,18.217,17.09,2416600,15.957668
2016-02-11,18.185,18.26,18.099,16.940001,680300,15.817604
2016-02-12,18.174,18.292,18.11,17.059999,441600,15.929648
2016-02-16,18.228,18.292,18.099,16.99,278700,15.864289
2016-02-17,18.206,18.453,18.196,17.209999,350000,16.069714
2016-02-18,18.431,18.517,18.378,17.18,518100,16.041702
2016-02-19,18.335,18.463,18.271,17.190001,392000,16.051039
2016-02-22,18.485,18.56,18.474,17.280001,319000,16.135078
2016-02-23,18.485,18.528,18.399,17.18,604700,16.041702
2016-02-24,18.271,18.463,18.217,17.24,3122500,16.097725
2016-02-25,18.463,18.485,18.41,17.219999,262300,16.079048
2016-02-26,18.463,18.463,18.26,17.1,527100,15.966998
2016-02-29,18.399,18.442,18.346,17.18,313800,16.041702
2016-03-01,18.342,18.492,18.289,17.34,425300,16.260193
2016-03-02,18.438,18.577,18.428,17.379999,483400,16.297701
2016-03-03,18.577,18.694,18.534,17.52,1327600,16.428984
2016-03-04,18.769,18.918,18.715,17.700001,550400,16.597771
2016-03-07,18.779,18.939,18.779,17.73,455900,16.625906
2016-03-08,18.907,18.907,18.769,17.639999,489100,16.541508
2016-03-09,18.854,19.025,18.854,17.83,3107700,16.719677
2016-03-10,18.961,19.067,18.907,17.82,1221400,16.7103
2016-03-11,19.227,19.281,19.153,18.040001,740100,16.916603
2016-03-14,19.185,19.185,19.067,17.93,695500,16.813452
2016-03-15,19.025,19.035,18.811,17.719999,960300,16.616526
2016-03-16,18.833,19.163,18.769,17.950001,574000,16.832203
2016-03-17,19.355,19.579,19.323,18.280001,1392500,17.141657
2016-03-18,19.547,19.601,19.462,18.27,901600,17.132277
2016-03-21,19.494,19.558,19.462,18.309999,2032500,17.169783
2016-03-22,19.483,19.579,19.451,18.309999,571100,17.169783
2016-03-23,19.494,19.494,19.281,18.1,749800,16.972868
2016-03-24,19.281,19.323,19.195,18.030001,505400,16.907225
2016-03-28,19.366,19.387,19.249,18.139999,847300,17.010372
2016-03-29,19.345,19.526,19.281,18.27,319600,17.132277
2016-03-30,19.643,19.729,19.611,18.450001,840200,17.301071
2016-03-31,19.814,19.899,19.803,18.59,1278300,17.43235
2016-04-01,19.599,19.695,19.514,18.48,340600,17.396582
2016-04-04,19.642,19.695,19.578,18.43,613900,17.349512
2016-04-05,19.482,19.482,19.302,18.18,1367600,17.114166
2016-04-06,19.312,19.461,19.259,18.280001,590000,17.2083
2016-04-07,19.323,19.344,19.206,18.129999,696200,17.067097
2016-04-08,19.408,19.482,19.397,18.299999,292800,17.227129
2016-04-11,19.578,19.705,19.567,18.530001,229300,17.443651
2016-04-12,19.695,19.833,19.663,18.67,242400,17.575439
2016-04-13,19.833,19.865,19.78,18.68,495400,17.584852
2016-04-14,19.801,19.865,19.758,18.700001,428000,17.60368
2016-04-15,19.79,19.833,19.78,18.65,275700,17.556606
2016-04-18,19.748,19.833,19.727,18.65,731600,17.556606
2016-04-19,19.95,20.098,19.928,18.91,375300,17.801371
2016-04-20,20.035,20.141,20.024,18.940001,1651700,17.829609
2016-04-21,20.024,20.024,19.896,18.75,337200,17.650751
2016-04-22,19.907,19.907,19.78,18.67,277900,17.575439
2016-04-25,19.822,19.822,19.61,18.51,3233300,17.424824
2016-04-26,19.78,19.843,19.726,18.66,443100,17.566027
2016-04-27,19.801,19.928,19.748,18.73,424700,17.63192
2016-04-28,19.854,20.088,19.854,18.85,1068500,17.744888
2016-04-29,20.162,20.183,20.109,18.950001,903600,17.839025
2016-05-02,19.93,19.993,19.888,18.84,294700,17.81916
2016-05-03,19.792,19.824,19.644,18.59,1371200,17.582708
2016-05-04,19.592,19.602,19.37,18.32,1313500,17.327337
2016-05-05,19.433,19.475,19.338,18.34,533500,17.346251
2016-05-06,19.338,19.454,19.306,18.389999,1530200,17.393545
2016-05-09,19.296,19.38,19.232,18.25,1280300,17.261127
2016-05-10,19.37,19.422,19.327,18.370001,521000,17.374628
2016-05-11,19.37,19.475,19.348,18.389999,306800,17.393545
2016-05-12,19.454,19.496,19.38,18.379999,187400,17.384087
2016-05-13,19.348,19.37,19.253,18.25,321900,17.261127
2016-05-16,19.274,19.338,19.264,18.26,383500,17.270588
2016-05-17,19.274,19.338,19.243,18.209999,526400,17.223295
2016-05-18,19.148,19.148,18.873,17.870001,1010200,16.90172
2016-05-19,18.788,18.915,18.788,17.879999,417300,16.91118
2016-05-20,18.968,19.031,18.915,17.969999,369200,16.996302
2016-05-23,18.947,18.957,18.841,17.870001,938400,16.90172
2016-05-24,18.915,18.947,18.883,17.889999,439700,16.920635
2016-05-25,18.947,18.968,18.883,17.879999,604400,16.91118
2016-05-26,19.031,19.031,18.989,17.969999,489400,16.996302
2016-05-27,18.947,18.999,18.904,17.91,302800,16.939552
2016-05-31,18.925,18.957,18.873,17.870001,433400,16.90172
2016-06-01,18.707,18.886,18.633,17.950001,721300,17.060444
2016-06-02,18.718,18.781,18.676,17.809999,829600,16.927382
2016-06-03,18.96,19.181,18.96,18.23,1261800,17.326571
2016-06-06,19.202,19.233,19.117,18.280001,771800,17.37409
2016-06-07,19.286,19.391,19.254,18.41,1782600,17.497648
2016-06-08,19.549,19.612,19.528,18.629999,1056600,17.706747
2016-06-09,19.465,19.538,19.465,18.540001,468900,17.621206
2016-06-10,19.37,19.37,19.202,18.290001,374100,17.383596
2016-06-13,19.117,19.254,19.096,18.190001,861900,17.288551
2016-06-14,18.949,19.075,18.939,18.059999,306800,17.164993
2016-06-15,19.023,19.223,19.023,18.209999,515100,17.30756
2016-06-16,19.023,19.128,18.886,18.120001,554500,17.222019
2016-06-17,19.17,19.254,19.117,18.290001,538900,17.383596
2016-06-20,19.391,19.486,19.391,18.450001,359400,17.535666
2016-06-21,19.401,19.465,19.38,18.450001,270200,17.535666
2016-06-22,19.528,19.633,19.475,18.65,7207900,17.72575
2016-06-23,19.78,19.801,19.696,18.82,529000,17.887331
2016-06-24,19.159,19.423,19.033,18.200001,776800,17.298056
2016-06-27,19.117,19.17,19.054,18.16,680400,17.260042
2016-06-28,19.328,19.507,19.328,18.540001,2650900,17.621206
2016-06-29,19.654,19.791,19.612,18.799999,553300,17.868317
2016-06-30,19.801,19.854,19.717,18.870001,355300,17.934851
2016-07-01,19.8,19.832,19.664,18.809999,750500,17.945345
2016-07-05,19.57,19.58,19.496,18.620001,459200,17.764082
2016-07-06,19.444,19.591,19.36,18.610001,1315300,17.754539
2016-07-07,19.517,19.559,19.423,18.559999,934300,17.706835
2016-07-08,19.57,19.758,19.57,18.84,1521100,17.97397
2016-07-11,19.779,19.79,19.685,18.799999,513200,17.935804
2016-07-12,19.884,19.895,19.842,18.940001,1262500,18.06937
2016-07-13,19.863,19.874,19.811,18.92,1213700,18.050289
2016-07-14,19.915,19.999,19.915,19.059999,824900,18.183857
2016-07-15,19.884,19.947,19.832,18.93,847400,18.059832
2016-07-18,19.79,19.863,19.737,18.93,422300,18.059832
2016-07-19,19.737,19.758,19.653,18.780001,475700,17.916727
2016-07-20,19.664,19.695,19.632,18.73,407700,17.869024
2016-07-21,19.643,19.674,19.611,18.75,524000,17.888103
2016-07-22,19.674,19.674,19.601,18.74,458200,17.878565
2016-07-25,19.601,19.601,19.507,18.620001,1102300,17.764082
2016-07-26,19.507,19.538,19.465,18.629999,1086400,17.773621
2016-07-27,19.528,19.622,19.486,18.709999,1203000,17.849945
2016-07-28,19.591,19.643,19.591,18.73,887100,17.869024
2016-07-29,19.758,19.863,19.695,18.93,763600,18.059832
2016-08-01,19.658,19.679,19.606,18.780001,931600,17.97941
2016-08-02,19.658,19.71,19.585,18.77,583500,17.969835
2016-08-03,19.585,19.648,19.522,18.799999,1570000,17.998554
2016-08-04,19.689,19.742,19.648,18.889999,548000,18.084721
2016-08-05,19.731,19.762,19.679,18.889999,1559900,18.084721
2016-08-08,19.846,19.93,19.836,19.059999,2051300,18.247477
2016-08-09,19.95,20.055,19.95,19.17,771800,18.352785
2016-08-10,20.159,20.191,20.107,19.280001,1098400,18.458094
2016-08-11,20.201,20.201,20.118,19.27,3404900,18.448524
2016-08-12,20.212,20.212,20.065,19.25,3622300,18.429375
2016-08-15,20.191,20.212,20.138,19.290001,922700,18.467674
2016-08-16,20.212,20.243,20.159,19.32,1170800,18.496391
2016-08-17,20.118,20.18,20.055,19.309999,4062600,18.486816
2016-08-18,20.191,20.264,20.159,19.360001,809900,18.534689
2016-08-19,20.17,20.18,20.107,19.290001,1137900,18.467674
2016-08-22,20.107,20.107,20.044,19.209999,351500,18.391079
2016-08-23,20.107,20.139,19.961,19.120001,4424900,18.304918
2016-08-24,19.888,19.909,19.742,18.99,1433900,18.18046
2016-08-25,19.888,19.898,19.804,19.01,700100,18.199606
2016-08-26,19.93,20.034,19.721,18.940001,820400,18.132589
2016-08-29,19.721,19.742,19.637,18.879999,4543400,18.075146
2016-08-30,19.679,19.7,19.606,18.84,723700,18.036852
2016-08-31,19.637,19.658,19.564,18.75,1346900,17.950693
2016-09-01,19.377,19.501,19.377,18.719999,779000,17.998764
2016-09-02,19.574,19.605,19.481,18.77,503900,18.046837
2016-09-06,19.637,19.855,19.637,19.09,1893200,18.354509
2016-09-07,19.959,19.969,19.876,19.139999,471200,18.402582
2016-09-08,19.98,20.021,19.876,19.110001,1221700,18.373739
2016-09-09,19.73,19.73,19.522,18.83,648700,18.104527
2016-09-12,19.449,19.647,19.429,18.879999,673300,18.152597
2016-09-13,19.533,19.574,19.387,18.709999,3303600,17.989147
2016-09-14,19.439,19.522,19.377,18.709999,1456900,17.989147
2016-09-15,19.491,19.574,19.439,18.790001,501300,18.066067
2016-09-16,19.449,19.491,19.408,18.690001,349000,17.969921
2016-09-19,19.501,19.574,19.501,18.790001,455800,18.066067
2016-09-20,19.553,19.605,19.533,18.809999,663800,18.085295
2016-09-21,19.616,19.845,19.605,19.07,1871300,18.335279
2016-09-22,19.928,20.001,19.855,19.129999,694400,18.392963
2016-09-23,19.855,19.897,19.751,19,920300,18.267975
2016-09-26,19.782,19.793,19.72,18.969999,600500,18.239132
2016-09-27,19.751,19.886,19.741,19.110001,1896900,18.373739
2016-09-28,19.845,19.917,19.782,19.129999,1248600,18.392963
2016-09-29,19.855,19.876,19.73,19.01,935600,18.277592
2016-09-30,19.824,19.865,19.772,19.08,561200,18.344894
2016-10-03,19.645,19.759,19.645,19.040001,876300,18.37578
2016-10-04,19.666,19.697,19.531,18.879999,961000,18.221361
2016-10-05,19.604,19.697,19.562,18.950001,4049100,18.288919
2016-10-06,19.562,19.656,19.542,18.93,869400,18.269617
2016-10-07,19.656,19.697,19.511,18.940001,500200,18.279268
2016-10-10,19.635,19.676,19.614,18.98,518300,18.317869
2016-10-11,19.521,19.552,19.366,18.75,1184400,18.095894
2016-10-12,19.355,19.469,19.345,18.77,440200,18.115194
2016-10-13,19.345,19.469,19.324,18.780001,516200,18.124849
2016-10-14,19.448,19.511,19.376,18.719999,575900,18.066938
2016-10-17,19.366,19.417,19.366,18.719999,271400,18.066938
2016-10-18,19.511,19.542,19.448,18.85,370500,18.192408
2016-10-19,19.583,19.645,19.542,18.959999,1205400,18.298567
2016-10-20,19.604,19.625,19.531,18.860001,3977600,18.202057
2016-10-21,19.459,19.49,19.448,18.799999,760900,18.14415
2016-10-24,19.552,19.594,19.511,18.85,674800,18.192408
2016-10-25,19.531,19.635,19.531,18.93,544400,18.269617
2016-10-26,19.531,19.542,19.469,18.799999,785300,18.14415
2016-10-27,19.511,19.511,19.386,18.77,794400,18.115194
2016-10-28,19.376,19.448,19.334,18.690001,455500,18.037987
2016-10-31,19.448,19.49,19.407,18.77,500700,18.115194
2016-11-01,19.271,19.302,19.198,18.629999,620100,18.058973
2016-11-02,19.219,19.291,19.188,18.610001,1208200,18.039587
2016-11-03,19.188,19.271,19.167,18.58,1184900,18.010509
2016-11-04,19.168,19.198,19.116,18.559999,815800,17.991119
2016-11-07,19.25,19.291,19.219,18.639999,930200,18.068666
2016-11-08,19.281,19.456,19.25,18.85,831200,18.27223
2016-11-09,18.899,19.002,18.837,18.34,2563500,17.777864
2016-11-10,18.394,18.497,17.919,17.469999,2805800,16.934528
2016-11-11,17.847,18.033,17.599,17.219999,3908000,16.692192
2016-11-14,17.548,18.002,17.517,17.33,2425300,16.79882
2016-11-15,17.95,18.208,17.95,17.65,1712700,17.109013
2016-11-16,17.991,18.053,17.971,17.459999,1996500,16.924835
2016-11-17,18.084,18.115,17.909,17.379999,1011200,16.847288
2016-11-18,17.971,18.022,17.837,17.32,908700,16.789125
2016-11-21,17.971,18.043,17.95,17.43,764600,16.895752
2016-11-22,18.053,18.064,17.94,17.469999,2106400,16.934528
2016-11-23,17.775,17.899,17.734,17.280001,1230200,16.750353
2016-11-25,17.826,17.868,17.764,17.26,480300,16.730965
2016-11-28,17.878,17.971,17.878,17.41,497500,16.876369
2016-11-29,17.878,17.971,17.857,17.4,967800,16.866676
2016-11-30,17.94,17.961,17.857,17.32,1175000,16.789125
2016-12-01,17.676,17.707,17.604,17.200001,537500,16.746288
2016-12-02,17.635,17.758,17.635,17.24,1343000,16.785233
2016-12-05,17.728,17.83,17.717,17.309999,2764800,16.853386
2016-12-06,17.902,18.025,17.902,17.549999,947900,17.087055
2016-12-07,18.128,18.21,18.087,17.700001,1403100,17.233099
2016-12-08,18.087,18.138,18.046,17.620001,1885600,17.155209
2016-12-09,18.077,18.108,18.005,17.549999,819200,17.087055
2016-12-12,18.097,18.2,18.097,17.700001,2053500,17.233099
2016-12-13,18.169,18.21,18.149,17.68,826400,17.213623
2016-12-14,18.169,18.231,17.871,17.42,755700,16.960484
2016-12-15,17.83,17.841,17.645,17.27,2648900,16.81444
2016-12-16,17.83,17.841,17.738,17.33,1005800,16.872856
2016-12-19,17.871,17.913,17.769,17.41,869500,16.950748
2016-12-20,17.841,17.954,17.841,17.459999,1052300,16.999428
2016-12-21,17.954,18.015,17.933,17.530001,1099200,17.067583
2016-12-22,18.005,18.015,17.943,17.530001,560800,17.067583
2016-12-23,17.984,18.077,17.974,17.6,439900,17.135735
2016-12-27,18.036,18.046,17.964,17.549999,1302500,17.087055
2016-12-28,17.861,17.881,17.809,17.49,615600,17.107594
2016-12-29,17.901,18.014,17.901,17.6,859000,17.215191
2016-12-30,17.993,18.034,17.963,17.6,774400,17.215191
2017-01-03,17.901,17.922,17.809,17.469999,1035500,17.08803
2017-01-04,17.891,17.983,17.891,17.59,575600,17.20541
2017-01-05,18.055,18.126,18.024,17.67,1993400,17.283659
2017-01-06,18.004,18.055,17.993,17.639999,1849800,17.254316
2017-01-09,17.963,18.045,17.963,17.639999,1249100,17.254316
2017-01-10,17.953,18.004,17.953,17.559999,1978900,17.176064
2017-01-11,17.83,17.942,17.728,17.51,951200,17.127159
2017-01-12,18.085,18.177,18.075,17.709999,1082600,17.322784
2017-01-13,18.096,18.147,18.055,17.74,642600,17.352129
2017-01-17,18.188,18.239,18.157,17.82,1104200,17.43038
2017-01-18,18.106,18.177,18.045,17.690001,1313400,17.303223
2017-01-19,18.055,18.116,18.004,17.709999,926600,17.322784
2017-01-20,18.116,18.239,18.096,17.84,1161900,17.449942
2017-01-23,18.269,18.3,18.229,17.879999,5125900,17.489065
2017-01-24,18.331,18.361,18.259,17.9,828900,17.508629
2017-01-25,18.239,18.361,18.239,17.959999,900300,17.56732
2017-01-26,18.239,18.29,18.177,17.870001,1663500,17.479288
2017-01-27,18.218,18.31,18.218,17.91,972500,17.51841
2017-01-30,18.249,18.361,18.249,17.950001,1265000,17.557537
2017-01-31,18.392,18.423,18.341,17.98,2200000,17.586882
2017-02-01,18.229,18.27,18.178,17.93,875900,17.616358
2017-02-02,18.32,18.382,18.32,18.030001,902000,17.714607
2017-02-03,18.412,18.494,18.412,18.16,1791600,17.842333
2017-02-06,18.453,18.453,18.361,18.1,2006400,17.783381
2017-02-07,18.32,18.382,18.29,18.02,811600,17.704782
2017-02-08,18.351,18.412,18.341,18.07,577300,17.753906
2017-02-09,18.422,18.473,18.402,18.1,704500,17.783381
2017-02-10,18.402,18.504,18.402,18.18,592900,17.861984
2017-02-13,18.483,18.524,18.443,18.16,848300,17.842333
2017-02-14,18.575,18.595,18.453,18.219999,1002300,17.901281
2017-02-15,18.494,18.656,18.453,18.280001,1466200,17.960234
2017-02-16,18.605,18.616,18.544,18.23,634100,17.911108
2017-02-17,18.483,18.524,18.453,18.18,660500,17.861984
2017-02-21,18.422,18.544,18.422,18.209999,895500,17.891457
2017-02-22,18.504,18.656,18.504,18.309999,933100,17.98971
2017-02-23,18.748,18.758,18.697,18.4,813400,18.078133
2017-02-24,18.656,18.677,18.636,18.309999,786600,17.98971
2017-02-27,18.667,18.687,18.575,18.27,3472000,17.950409
2017-02-28,18.585,18.595,18.504,18.18,756200,17.861984
2017-03-01,18.295,18.416,18.284,18.17,2351200,17.927099
2017-03-02,18.305,18.315,18.183,17.940001,1061100,17.700178
2017-03-03,18.264,18.366,18.264,18.1,3475000,17.858038
2017-03-06,18.366,18.386,18.305,18.09,656200,17.848171
2017-03-07,18.376,18.436,18.345,18.15,2362700,17.907368
2017-03-08,18.284,18.305,18.193,17.99,1401600,17.749506
2017-03-09,18.163,18.193,18.072,17.879999,971600,17.640976
2017-03-10,18.224,18.325,18.193,18.059999,1291400,17.818573
2017-03-13,18.295,18.345,18.264,18.040001,676900,17.79884
2017-03-14,18.234,18.284,18.234,18.01,542000,17.769239
2017-03-15,18.295,18.578,18.295,18.33,541300,18.084963
2017-03-16,18.649,18.69,18.588,18.379999,1077100,18.134293
2017-03-17,18.68,18.751,18.649,18.5,861900,18.252691
2017-03-20,18.741,18.862,18.741,18.59,957200,18.341486
2017-03-21,18.893,18.913,18.781,18.549999,3060400,18.302019
2017-03-22,18.811,18.882,18.791,18.620001,1799300,18.371088
2017-03-23,18.842,18.903,18.801,18.65,3423300,18.400684
2017-03-24,18.852,18.994,18.852,18.700001,840500,18.450016
2017-03-27,18.943,18.943,18.872,18.66,1256600,18.410551
2017-03-28,18.862,18.882,18.791,18.540001,2576700,18.292156
2017-03-29,18.771,18.872,18.771,18.610001,929800,18.361219
2017-03-30,18.913,18.964,18.842,18.610001,1316400,18.361219
2017-03-31,18.801,18.832,18.73,18.51,995900,18.262556
2017-04-03,18.619,18.649,18.549,18.42,1413400,18.252647
2017-04-04,18.538,18.629,18.538,18.459999,749900,18.292282
2017-04-05,18.589,18.66,18.559,18.450001,2781800,18.282375
2017-04-06,18.569,18.619,18.559,18.43,940300,18.262556
2017-04-07,18.579,18.609,18.528,18.379999,987100,18.213009
2017-04-10,18.508,18.549,18.508,18.370001,3124000,18.203102
2017-04-11,18.589,18.599,18.528,18.389999,2338700,18.222919
2017-04-12,18.609,18.73,18.579,18.540001,4282300,18.371559
2017-04-13,18.73,18.771,18.66,18.51,1070900,18.341829
2017-04-17,18.771,18.811,18.75,18.629999,672400,18.460737
2017-04-18,18.801,18.871,18.771,18.67,3578600,18.500376
2017-04-19,18.781,18.821,18.73,18.57,649300,18.401285
2017-04-20,18.831,18.841,18.771,18.65,742900,18.480556
2017-04-21,18.801,18.841,18.75,18.639999,2893900,18.470648
2017-04-24,18.982,19.013,18.922,18.790001,3167700,18.619286
2017-04-25,18.882,18.932,18.851,18.74,1109400,18.56974
2017-04-26,18.831,18.841,18.73,18.639999,773000,18.470648
2017-04-27,18.821,18.821,18.76,18.639999,754500,18.470648
2017-04-28,18.841,18.871,18.791,18.67,1325800,18.500376
2017-05-01,18.718,18.728,18.678,18.610001,548500,18.522272
2017-05-02,18.728,18.789,18.708,18.700001,694800,18.611849
2017-05-03,18.779,18.809,18.678,18.610001,4500800,18.522272
2017-05-04,18.638,18.638,18.547,18.49,1315400,18.402838
2017-05-05,18.598,18.678,18.557,18.59,1100200,18.502367
2017-05-08,18.638,18.638,18.517,18.459999,2008600,18.372978
2017-05-09,18.537,18.547,18.447,18.41,1062900,18.323215
2017-05-10,18.598,18.658,18.578,18.52,1805900,18.432697
2017-05-11,18.668,18.688,18.618,18.57,808400,18.48246
2017-05-12,18.758,18.789,18.718,18.67,588300,18.581989
2017-05-15,18.859,18.939,18.859,18.790001,4505600,18.701426
2017-05-16,18.939,19.03,18.939,18.93,1844800,18.840765
2017-05-17,18.969,18.99,18.909,18.84,948900,18.751188
2017-05-18,18.557,18.618,18.457,18.440001,1252800,18.353075
2017-05-19,18.698,18.799,18.698,18.68,669200,18.591942
2017-05-22,18.849,18.869,18.779,18.719999,2239300,18.631754
2017-05-23,18.869,18.889,18.809,18.74,738100,18.651659
2017-05-24,18.929,18.969,18.859,18.85,1201600,18.761141
2017-05-25,18.979,18.99,18.899,18.809999,663300,18.721329
2017-05-26,18.959,18.99,18.939,18.879999,980600,18.790998
2017-05-30,18.909,18.949,18.879,18.809999,1144300,18.721329
2017-05-31,18.959,19.01,18.919,18.879999,704100,18.790998
2017-06-01,18.84,18.9,18.8,18.879999,1120000,18.879999
2017-06-02,18.96,18.99,18.93,18.98,2036700,18.98
2017-06-05,18.95,19.01,18.95,18.959999,1363300,18.959999
2017-06-06,18.98,19.04,18.98,19.040001,922500,19.040001
2017-06-07,18.99,19.04,18.93,18.969999,2484800,18.969999
2017-06-08,18.97,19,18.93,19,1251900,19
2017-06-09,18.99,19.01,18.94,18.950001,2430000,18.950001
2017-06-12,18.99,19.03,18.97,18.99,1658700,18.99
2017-06-13,19,19.04,18.97,19.030001,953500,19.030001
2017-06-14,19.14,19.18,19.06,19.1,800400,19.1
2017-06-15,18.98,18.98,18.92,18.950001,1970600,18.950001
2017-06-16,18.96,19.03,18.96,19.02,693800,19.02
2017-06-19,18.96,18.98,18.92,18.940001,858400,18.940001
2017-06-20,18.87,18.89,18.74,18.77,893200,18.77
2017-06-21,18.79,18.8,18.67,18.709999,2193600,18.709999
2017-06-22,18.79,18.86,18.75,18.83,706000,18.83
2017-06-23,18.89,18.95,18.85,18.91,757900,18.91
2017-06-26,19.02,19.05,19,19.01,1708100,19.01
2017-06-27,18.97,18.99,18.9,18.959999,1217500,18.959999
2017-06-28,18.98,19.02,18.9,19,2022100,19
2017-06-29,18.94,18.96,18.84,18.889999,2126600,18.889999
2017-06-30,NA,NA,NA,NA,NA,NA
2017-07-03,18.78,18.78,18.66,18.66,551700,18.66
2017-07-07,18.57,18.63,18.5,18.584999,574322,18.584999
