"Date","FNDA.Open","FNDA.High","FNDA.Low","FNDA.Close","FNDA.Volume","FNDA.Adjusted"
2013-08-15,25.783,25.783,25.564,24.559999,15800,23.50931
2013-08-16,25.679,25.679,25.49,24.450001,25400,23.404018
2013-08-19,25.501,25.511,25.282,24.209999,7700,23.174282
2013-08-20,25.323,25.647,25.323,24.51,14800,23.461451
2013-08-21,25.49,25.616,25.396,24.33,9900,23.289148
2013-08-22,25.679,25.814,25.679,24.68,7500,23.624172
2013-08-23,25.741,25.804,25.72,24.700001,2800,23.643322
2013-08-26,25.867,25.94,25.741,24.68,8600,23.624172
2013-08-27,25.449,25.522,25.177,24.120001,6700,23.088135
2013-08-28,25.177,25.334,25.177,24.17,24200,23.135996
2013-08-29,25.24,25.543,25.24,24.35,10200,23.30829
2013-08-30,25.365,25.365,25.02,23.950001,7200,22.925409
2013-09-03,25.48,25.48,24.968,24.01,3400,22.98284
2013-09-04,25.271,25.386,25.271,24.25,1500,23.212572
2013-09-05,25.428,25.511,25.428,24.379999,7400,23.337008
2013-09-06,25.574,25.616,25.292,24.379999,21600,23.337008
2013-09-09,25.522,25.898,25.522,24.790001,36300,23.729471
2013-09-10,26.055,26.17,26.034,25.049999,22100,23.978342
2013-09-11,26.138,26.222,26.096,25.1,17600,24.026209
2013-09-12,26.201,26.201,26.055,24.940001,20700,23.873051
2013-09-13,26.138,26.17,25.982,25.040001,16700,23.968775
2013-09-16,26.546,26.546,26.117,25.139999,51300,24.064497
2013-09-17,26.295,26.483,26.295,25.35,19300,24.265511
2013-09-18,26.473,26.849,26.253,25.57,79500,24.476101
2013-09-19,26.869,26.869,26.681,25.58,26900,24.485672
2013-09-20,26.786,26.786,26.567,25.450001,16600,24.361235
2013-09-23,26.598,26.598,26.378,25.360001,12300,24.275085
2013-09-24,26.64,26.765,26.525,25.41,10400,24.322947
2013-09-25,26.629,26.734,26.504,25.450001,13700,24.361235
2013-09-26,26.64,26.765,26.567,25.49,12900,24.399527
2013-09-27,26.535,26.64,26.493,25.459999,23500,24.370806
2013-09-30,26.347,26.608,26.274,25.42,6800,24.332514
2013-10-01,26.743,27.808,26.743,25.709999,10800,24.630457
2013-10-02,26.659,26.795,26.618,25.65,6100,24.572973
2013-10-03,26.722,26.722,26.325,25.43,11600,24.362219
2013-10-04,26.565,26.795,26.503,25.620001,35400,24.544239
2013-10-07,26.44,26.607,26.409,25.32,29100,24.256836
2013-10-08,26.43,26.43,26.033,24.969999,35000,23.92153
2013-10-09,26.137,26.137,25.887,24.9,51300,23.854471
2013-10-10,26.712,26.712,26.367,25.48,49800,24.410116
2013-10-11,26.555,26.931,26.555,25.799999,28200,24.716677
2013-10-14,26.806,27.066,26.607,25.93,51700,24.841221
2013-10-15,27.004,27.025,26.732,25.690001,28500,24.611298
2013-10-16,26.92,27.223,26.91,25.959999,49500,24.869959
2013-10-17,27.035,27.359,27.035,26.209999,56400,25.109467
2013-10-18,27.515,27.641,27.411,26.469999,39700,25.358547
2013-10-21,27.693,27.787,27.536,26.450001,31600,25.339382
2013-10-22,27.766,27.891,27.641,26.530001,53200,25.416029
2013-10-23,27.599,27.641,27.536,26.450001,26700,25.339382
2013-10-24,27.609,27.745,27.568,26.559999,25300,25.444765
2013-10-25,27.828,27.828,27.714,26.639999,19200,25.521408
2013-10-28,27.87,27.87,27.661,26.58,23900,25.463926
2013-10-29,27.912,27.943,27.735,26.73,18200,25.607628
2013-10-30,27.902,27.912,27.536,26.51,45400,25.396866
2013-10-31,27.609,27.787,27.505,26.440001,41600,25.329809
2013-11-01,27.682,27.745,27.411,26.49,30600,25.377708
2013-11-04,27.766,27.902,27.682,26.73,93500,25.607628
2013-11-05,27.818,27.87,27.661,26.610001,9100,25.492666
2013-11-06,27.996,27.996,27.63,26.57,26000,25.454346
2013-11-07,27.828,27.839,27.223,26.1,19400,25.00408
2013-11-08,27.213,27.672,26.973,26.5,42900,25.387285
2013-11-11,27.62,27.766,27.609,26.59,12400,25.473509
2013-11-12,27.661,27.766,27.568,26.59,16200,25.473509
2013-11-13,27.568,28.027,27.568,26.85,21000,25.722589
2013-11-14,28.027,28.121,27.902,26.940001,19700,25.808809
2013-11-15,28.152,28.215,28.058,27.01,15800,25.875874
2013-11-18,28.319,28.319,27.943,26.77,10700,25.645952
2013-11-19,27.964,28.069,27.745,26.639999,15800,25.521408
2013-11-20,27.985,28.016,27.766,26.610001,16300,25.492666
2013-11-21,27.912,28.256,27.912,27.01,19400,25.875874
2013-11-22,28.236,28.35,28.194,27.129999,11600,25.990831
2013-11-25,28.413,28.423,28.267,27.129999,9500,25.990831
2013-11-26,28.33,28.497,28.298,27.27,19800,26.124956
2013-11-27,28.455,28.58,28.403,27.370001,20800,26.220755
2013-11-29,28.684,28.684,28.538,27.34,18800,26.192015
2013-12-02,28.58,28.58,28.33,27.16,42700,26.019577
2013-12-03,28.34,28.392,28.142,27.08,12100,25.942932
2013-12-04,28.142,28.361,27.922,27.07,9500,25.933353
2013-12-05,28.183,28.267,28.1,27,11900,25.866293
2013-12-06,28.371,28.507,28.34,27.25,30100,26.105797
2013-12-09,28.507,28.538,28.382,27.25,28800,26.105797
2013-12-10,28.403,28.528,28.288,27.129999,26700,25.990831
2013-12-11,28.361,28.361,27.849,26.719999,34200,25.598051
2013-12-12,27.86,28.016,27.787,26.76,18100,25.636372
2013-12-13,27.996,28.027,27.881,26.85,8100,25.722589
2013-12-16,28.142,28.309,28.131,27.09,10500,25.952515
2013-12-17,28.277,28.288,28.079,27.07,14900,25.933353
2013-12-18,28.309,28.58,28.079,27.370001,23300,26.220755
2013-12-19,28.59,28.59,28.423,27.27,16200,26.124956
2013-12-20,28.444,28.81,28.444,27.6,9800,26.441099
2013-12-23,28.893,28.945,28.778,27.790001,15700,26.690815
2013-12-24,28.966,29.111,28.966,27.9,13000,26.796463
2013-12-26,29.184,29.205,28.997,27.85,21400,26.748446
2013-12-27,28.997,29.091,28.966,27.92,15900,26.81567
2013-12-30,29.07,29.122,29.028,27.93,20600,26.825279
2013-12-31,29.164,29.226,29.07,27.99,72200,26.882904
2014-01-02,29.07,29.07,28.737,27.73,34300,26.633186
2014-01-03,28.976,29.039,28.862,27.84,16500,26.738838
2014-01-06,29.122,29.122,28.747,27.620001,20400,26.527538
2014-01-07,28.903,29.091,28.882,27.83,14600,26.729229
2014-01-08,29.007,29.059,28.872,27.860001,64800,26.758047
2014-01-09,29.101,29.101,28.862,27.860001,209600,26.758047
2014-01-10,28.997,29.153,28.976,27.99,19200,26.882904
2014-01-13,29.08,29.101,28.612,27.610001,35100,26.517935
2014-01-14,28.903,29.101,28.872,27.93,20300,26.825279
2014-01-15,29.153,29.288,29.153,28.08,20200,26.969343
2014-01-16,29.216,29.226,29.101,28.059999,20800,26.950134
2014-01-17,29.174,29.195,29.039,27.91,11800,26.806067
2014-01-21,29.268,29.268,29.059,28.030001,45500,26.921322
2014-01-22,29.236,29.372,29.195,28.209999,26900,27.094206
2014-01-23,29.205,29.205,28.945,27.940001,29500,26.834885
2014-01-24,28.924,28.924,28.32,27.26,46600,26.181776
2014-01-27,28.414,28.549,27.872,27.040001,38800,25.970482
2014-01-28,28.112,28.341,28.112,27.17,48800,26.095339
2014-01-29,28.289,28.289,27.945,26.879999,21100,25.816811
2014-01-30,28.247,28.424,28.133,27.23,33200,26.152966
2014-01-31,28.893,28.945,28.008,27.049999,22100,25.980087
2014-02-03,28.081,28.081,27.196,26.209999,46800,25.173307
2014-02-04,27.425,27.623,27.279,26.5,41600,25.451834
2014-02-05,27.404,27.529,27.175,26.360001,15900,25.317375
2014-02-06,27.571,27.831,27.571,26.690001,21800,25.634323
2014-02-07,27.904,28.06,27.82,26.940001,26100,25.874437
2014-02-10,28.018,28.07,27.852,26.92,28600,25.855227
2014-02-11,28.081,28.403,28.049,27.219999,44200,26.14336
2014-02-12,28.383,28.539,28.351,27.290001,6900,26.210594
2014-02-13,28.174,28.778,28.174,27.639999,82900,26.546745
2014-02-14,28.643,28.851,28.601,27.709999,19100,26.613979
2014-02-18,28.893,29.049,28.82,27.879999,64300,26.777254
2014-02-19,28.934,29.111,28.778,27.66,15500,26.56595
2014-02-20,28.841,29.091,28.82,27.92,26300,26.81567
2014-02-21,29.111,29.205,29.028,27.950001,9500,26.844484
2014-02-24,29.143,29.497,29.143,28.17,38300,27.055786
2014-02-25,29.299,29.413,29.236,28.16,35000,27.046183
2014-02-26,29.309,29.622,29.299,28.299999,24100,27.180643
2014-02-27,29.361,29.632,29.361,28.459999,32400,27.334314
2014-02-28,29.663,29.83,29.518,28.469999,16400,27.34392
2014-03-03,30.704,30.704,29.236,28.309999,31100,27.190241
2014-03-04,29.767,31.235,29.767,28.9,29800,27.756912
2014-03-05,30.038,30.08,29.955,28.85,22500,27.708891
2014-03-06,30.049,30.163,30.007,28.93,58100,27.785727
2014-03-07,30.319,30.319,29.996,28.92,178600,27.776119
2014-03-10,30.08,30.08,29.934,28.799999,17900,27.660866
2014-03-11,30.059,30.142,29.695,28.58,14600,27.449566
2014-03-12,29.642,29.872,29.642,28.690001,21800,27.55522
2014-03-13,29.965,29.965,29.351,28.35,18000,27.228664
2014-03-14,29.361,29.705,29.236,28.450001,15800,27.324713
2014-03-17,29.757,29.955,29.757,28.610001,13900,27.478382
2014-03-18,29.83,30.142,29.799,28.91,19500,27.766516
2014-03-19,30.121,30.121,29.705,28.74,27300,27.603241
2014-03-20,29.903,30.08,29.84,28.790001,13100,27.651264
2014-03-21,30.205,30.309,30.007,28.82,9300,27.680073
2014-03-24,30.132,30.153,29.549,28.620001,19400,27.487986
2014-03-25,29.892,30.007,29.653,28.620001,28000,27.487986
2014-03-26,29.955,29.955,29.403,28.24,13000,27.123014
2014-03-27,29.393,29.413,29.132,28.110001,30200,26.998158
2014-03-28,29.393,29.622,29.361,28.23,9700,27.113409
2014-03-31,29.793,29.793,29.378,28.639999,22300,27.5697
2014-04-01,29.814,30.043,29.814,28.92,24300,27.839233
2014-04-02,30.147,30.24,30.063,29.1,66200,28.012508
2014-04-03,30.24,30.25,29.928,28.9,16100,27.819981
2014-04-04,30.209,30.23,29.399,28.389999,45500,27.329039
2014-04-07,29.409,29.409,28.9,27.950001,26700,26.905485
2014-04-08,29.108,29.347,29.004,28.18,17200,27.126888
2014-04-09,29.399,29.565,29.243,28.450001,17400,27.386803
2014-04-10,29.575,29.575,28.858,27.92,32500,26.876606
2014-04-11,28.734,28.952,28.433,27.5,38600,26.472298
2014-04-14,28.858,28.879,28.536,27.629999,13900,26.597439
2014-04-15,28.827,28.879,28.391,27.799999,14300,26.761089
2014-04-16,28.952,29.129,28.952,28.040001,12700,26.992121
2014-04-17,29.108,29.326,29.066,28.190001,16300,27.136515
2014-04-21,29.347,29.347,29.222,28.23,10900,27.175014
2014-04-22,29.575,29.721,29.388,28.540001,39000,27.473433
2014-04-23,29.586,29.658,29.471,28.440001,27100,27.377171
2014-04-24,29.752,29.752,29.43,28.42,29400,27.357922
2014-04-25,29.471,29.471,29.045,28.08,30200,27.030626
2014-04-28,29.316,29.316,28.682,27.92,28200,26.876606
2014-04-29,29.17,29.222,29.014,28.040001,13500,26.992121
2014-04-30,29.025,29.243,28.858,28.15,20000,27.098005
2014-05-01,29.264,29.419,29.087,28.15,14100,27.098005
2014-05-02,29.378,29.575,29.305,28.26,30100,27.203897
2014-05-05,29.139,29.367,28.973,28.209999,37800,27.155771
2014-05-06,29.253,29.264,28.983,27.93,19500,26.886234
2014-05-07,29.077,29.087,28.817,27.9,24500,26.857351
2014-05-08,29.108,29.399,28.973,27.9,23000,26.857351
2014-05-09,28.9,29.097,28.775,28.01,63900,26.963242
2014-05-12,29.212,29.7,29.212,28.549999,20100,27.483063
2014-05-13,29.638,29.69,29.461,28.360001,13800,27.300159
2014-05-14,29.419,29.419,29.056,28.01,19100,26.963242
2014-05-15,28.952,28.952,28.516,27.790001,24100,26.751465
2014-05-16,28.9,28.994,28.734,27.91,22100,26.866974
2014-05-19,28.962,29.326,28.921,28.1,105900,27.049875
2014-05-20,29.191,29.191,28.744,27.809999,18600,26.770712
2014-05-21,29.014,29.097,28.817,27.959999,17200,26.915106
2014-05-22,29.139,29.264,29.025,28.110001,21000,27.059505
2014-05-23,29.201,29.43,29.139,28.33,15400,27.271282
2014-05-27,29.627,29.752,29.544,28.57,12700,27.50231
2014-05-28,29.658,29.679,29.471,28.51,21200,27.444557
2014-05-29,29.69,29.71,29.534,28.58,44400,27.511942
2014-05-30,29.721,29.721,29.523,28.540001,22400,27.473433
2014-06-02,29.741,29.741,29.399,28.52,28100,27.454184
2014-06-03,29.503,29.617,29.43,28.469999,12200,27.406052
2014-06-04,29.451,29.731,29.419,28.58,29700,27.511942
2014-06-05,29.804,30.147,29.606,28.98,80000,27.89699
2014-06-06,30.24,30.386,30.209,29.209999,27200,28.118399
2014-06-09,30.323,30.614,30.323,29.32,34200,28.224281
2014-06-10,30.396,30.417,30.271,29.27,27500,28.176155
2014-06-11,30.25,30.313,30.136,29.129999,25500,28.041384
2014-06-12,30.302,30.323,30.001,28.879999,19600,27.800724
2014-06-13,30.084,30.188,29.918,28.950001,44900,27.868107
2014-06-16,30.115,30.209,30.012,29.049999,162500,27.964375
2014-06-17,30.178,30.531,30.178,29.290001,49500,28.195404
2014-06-18,30.406,30.604,30.334,29.459999,47200,28.359049
2014-06-19,30.708,30.708,30.469,29.469999,28500,28.368677
2014-06-20,30.656,31.019,30.541,29.5,28500,28.397558
2014-06-23,30.76,30.76,30.573,29.48,16300,28.378305
2014-06-24,30.604,30.76,30.334,29.209999,26900,28.118399
2014-06-25,30.209,30.562,30.209,29.379999,25800,28.282045
2014-06-26,30.583,30.583,30.261,29.35,18300,28.253164
2014-06-27,30.406,30.656,30.406,29.51,6300,28.407185
2014-06-30,30.482,30.638,30.462,29.57,7000,28.539412
2014-07-01,30.762,31.083,30.762,29.84,21500,28.800003
2014-07-02,30.918,30.98,30.752,29.68,20400,28.645578
2014-07-03,30.918,30.959,30.876,29.879999,7500,28.838606
2014-07-07,30.866,30.866,30.565,29.540001,14600,28.510458
2014-07-08,30.555,30.555,30.244,29.26,38300,28.240213
2014-07-09,30.472,30.472,30.327,29.34,20400,28.317429
2014-07-10,29.913,30.317,29.778,29.16,23400,28.143703
2014-07-11,30.223,30.223,30.047,29.1,23600,28.085793
2014-07-14,30.399,30.399,30.254,29.25,35600,28.230564
2014-07-15,30.306,30.358,29.975,29.110001,17000,28.095446
2014-07-16,30.337,30.337,30.047,29.059999,24300,28.047182
2014-07-17,29.944,30.089,29.726,28.719999,22400,27.719034
2014-07-18,29.83,30.172,29.83,29.09,174600,28.076139
2014-07-21,29.933,30.037,29.861,28.969999,17900,27.960325
2014-07-22,30.13,30.296,30.13,29.18,12000,28.163002
2014-07-23,30.244,30.265,30.12,29.110001,38600,28.095446
2014-07-24,30.254,30.275,30.078,29.110001,25000,28.095446
2014-07-25,29.964,29.964,29.85,28.860001,13100,27.854156
2014-07-28,29.954,29.954,29.602,28.73,133900,27.728683
2014-07-29,29.881,29.954,29.736,28.709999,15700,27.709383
2014-07-30,29.954,29.954,29.654,28.719999,19500,27.719034
2014-07-31,29.498,29.591,29.146,28.139999,33100,27.15925
2014-08-01,29.187,29.229,28.866,28.02,68800,27.043434
2014-08-04,29.167,29.291,28.918,28.25,71500,27.265415
2014-08-05,29.156,29.343,29.001,28.17,18200,27.188208
2014-08-06,29.021,29.322,29.021,28.200001,12400,27.217163
2014-08-07,29.332,29.332,29.011,28.07,11600,27.091686
2014-08-08,29.125,29.353,29.084,28.299999,7900,27.313673
2014-08-11,29.498,29.716,29.498,28.540001,19900,27.545313
2014-08-12,29.488,29.591,29.322,28.389999,42500,27.400537
2014-08-13,29.54,29.664,29.54,28.58,9300,27.583918
2014-08-14,29.674,29.716,29.633,28.66,5100,27.661123
2014-08-15,29.84,29.871,29.436,28.639999,15200,27.641825
2014-08-18,29.964,30.078,29.85,28.99,10900,27.979624
2014-08-19,30.13,30.244,30.13,29.120001,17000,28.105093
2014-08-20,30.068,30.223,30.026,29.16,15300,28.143703
2014-08-21,30.203,30.317,30.058,29.25,25400,28.230564
2014-08-22,30.265,30.317,30.182,29.209999,27900,28.191956
2014-08-25,30.41,30.41,30.223,29.280001,28000,28.25952
2014-08-26,30.41,30.524,30.368,29.41,9100,28.384987
2014-08-27,30.534,30.534,30.379,29.389999,28200,28.365681
2014-08-28,30.337,30.399,30.223,29.27,32400,28.249866
2014-08-29,30.42,30.524,30.306,29.41,12900,28.384987
2014-09-02,30.627,30.69,30.503,29.51,31600,28.481504
2014-09-03,30.762,30.762,30.441,29.43,11700,28.404289
2014-09-04,30.565,30.69,30.368,29.370001,24800,28.346384
2014-09-05,30.379,30.503,30.306,29.440001,10000,28.413942
2014-09-08,30.524,30.555,30.379,29.440001,12300,28.413942
2014-09-09,30.462,30.462,30.161,29.15,39700,28.134048
2014-09-10,30.203,30.254,30.037,29.190001,32500,28.172655
2014-09-11,30.12,30.379,30.078,29.32,14700,28.298122
2014-09-12,30.389,30.389,29.985,29.02,25900,28.008577
2014-09-15,30.099,30.099,29.83,28.870001,17800,27.86381
2014-09-16,29.809,30.068,29.736,29,13000,27.989277
2014-09-17,30.037,30.172,29.944,28.950001,40100,27.941021
2014-09-18,30.161,30.172,30.047,29.07,36800,28.056837
2014-09-19,30.265,30.265,29.767,28.809999,36300,27.805897
2014-09-22,29.695,29.695,29.405,28.389999,21600,27.400537
2014-09-23,29.322,29.436,29.125,28.16,12600,27.178549
2014-09-24,29.187,29.312,28.959,28.26,50000,27.275064
2014-09-25,29.229,29.229,28.783,27.879999,26100,26.90831
2014-09-26,28.907,29.084,28.835,28.030001,39000,27.053085
2014-09-29,28.617,28.886,28.617,27.92,10800,27.025013
2014-09-30,28.876,28.876,28.566,27.65,46900,26.76367
2014-10-01,28.576,28.576,28.101,27.309999,34500,26.434568
2014-10-02,28.121,28.421,27.935,27.4,53300,26.521681
2014-10-03,28.566,28.648,28.39,27.639999,27300,26.753986
2014-10-06,28.617,28.628,28.349,27.49,27400,26.608797
2014-10-07,28.235,28.256,27.997,27.1,19800,26.2313
2014-10-08,27.904,28.349,27.677,27.440001,60800,26.560404
2014-10-09,28.39,28.39,27.688,26.799999,63000,25.940914
2014-10-10,27.636,27.76,27.274,26.43,59400,25.582777
2014-10-13,27.357,27.46,26.964,26.110001,35500,25.273033
2014-10-14,27.274,27.636,27.202,26.41,52800,25.563416
2014-10-15,26.995,27.533,26.727,26.549999,66300,25.698927
2014-10-16,27.171,27.781,26.861,26.83,91700,25.969955
2014-10-17,27.946,28.008,27.698,26.9,57600,26.037708
2014-10-20,27.667,28.07,27.667,27.17,24200,26.299053
2014-10-21,28.328,28.679,28.328,27.76,37800,26.87014
2014-10-22,28.793,28.855,28.318,27.41,51100,26.531364
2014-10-23,28.669,28.948,28.607,27.83,42800,26.937899
2014-10-24,28.814,28.907,28.71,27.969999,35500,27.07341
2014-10-27,28.855,28.855,28.555,27.889999,55700,26.995974
2014-10-28,29.01,29.516,28.948,28.57,52400,27.654177
2014-10-29,29.619,29.712,29.31,28.48,51300,27.567062
2014-10-30,29.351,29.681,26.468,28.610001,21700,27.692894
2014-10-31,30.074,30.208,29.764,28.99,16600,28.060711
2014-11-03,30.074,30.27,29.909,29.030001,84600,28.099432
2014-11-04,29.95,30.022,29.816,28.98,20700,28.051035
2014-11-05,30.167,30.167,29.96,29.049999,27600,28.118792
2014-11-06,30.115,30.219,30.012,29.219999,14700,28.28334
2014-11-07,30.239,30.312,30.136,29.27,39500,28.331738
2014-11-10,30.25,30.415,30.229,29.360001,20500,28.418856
2014-11-11,30.384,30.405,30.301,29.370001,12100,28.428534
2014-11-12,30.239,30.498,30.198,29.51,23800,28.564047
2014-11-13,30.518,30.549,30.219,29.33,18100,28.389812
2014-11-14,30.322,30.384,30.229,29.26,28000,28.322058
2014-11-17,30.219,30.312,30.105,29.190001,43600,28.254301
2014-11-18,30.25,30.384,30.25,29.299999,34900,28.360777
2014-11-19,30.25,30.25,29.96,29.139999,19600,28.205906
2014-11-20,30.002,30.343,30.002,29.370001,23300,28.428534
2014-11-21,30.746,30.746,30.363,29.459999,22700,28.515644
2014-11-24,30.518,30.735,30.508,29.68,39000,28.728594
2014-11-25,30.766,30.87,30.642,29.700001,14800,28.747957
2014-11-26,30.725,30.777,30.684,29.75,19200,28.796354
2014-11-28,30.715,30.746,30.508,29.530001,6100,28.583406
2014-12-01,30.467,30.467,30.053,29.09,36200,28.157509
2014-12-02,30.074,30.343,30.074,29.25,25700,28.312378
2014-12-03,30.27,30.58,30.208,29.57,25800,28.622122
2014-12-04,30.518,30.518,30.322,29.43,33100,28.486607
2014-12-05,30.508,30.622,30.477,29.559999,36800,28.612442
2014-12-08,30.477,30.642,30.115,29.209999,18300,28.273657
2014-12-09,29.898,30.467,29.857,29.49,40300,28.544687
2014-12-10,30.405,30.425,29.867,28.98,31800,28.051035
2014-12-11,29.991,30.291,29.96,29.040001,51700,28.10911
2014-12-12,29.723,29.919,29.547,28.68,44000,27.760653
2014-12-15,29.805,29.867,29.299,28.49,39700,27.57674
2014-12-16,29.444,29.774,29.258,28.48,42400,27.567062
2014-12-17,29.619,30.084,29.392,29.110001,64000,28.176867
2014-12-18,30.425,30.529,30.229,29.540001,63800,28.593086
2014-12-19,30.539,30.735,30.456,29.690001,25700,28.738274
2014-12-22,30.534,30.616,30.452,29.68,33400,28.820816
2014-12-23,30.812,30.853,30.73,29.889999,24700,29.024734
2014-12-24,30.894,30.894,30.75,29.940001,17700,29.073288
2014-12-26,30.874,31.059,30.874,30.059999,13700,29.189816
2014-12-29,31.008,31.152,31.008,30.24,24800,29.364603
2014-12-30,31.069,31.121,31.018,30.139999,21900,29.267498
2014-12-31,31.049,31.131,30.699,29.85,24800,28.985895
2015-01-02,30.833,30.894,30.338,29.73,36800,28.869368
2015-01-05,30.462,30.462,30.019,29.27,84100,28.422682
2015-01-06,30.256,30.256,29.504,28.84,77000,28.005131
2015-01-07,29.957,29.998,29.751,29.09,79300,28.247896
2015-01-08,30.194,30.534,30.194,29.639999,77700,28.781973
2015-01-09,30.585,30.585,30.235,29.360001,31500,28.51008
2015-01-12,30.256,30.307,29.865,29.209999,58300,28.364418
2015-01-13,30.328,30.637,29.844,29.209999,29100,28.364418
2015-01-14,29.865,30.019,29.607,29.120001,114800,28.277027
2015-01-15,30.091,30.091,29.576,28.73,35100,27.898315
2015-01-16,29.545,29.947,29.494,29.08,17200,28.238184
2015-01-20,30.009,30.009,29.597,28.940001,24400,28.102236
2015-01-21,29.71,29.998,29.71,28.99,20500,28.150791
2015-01-22,30.112,30.493,29.834,29.59,66300,28.733421
2015-01-23,30.513,30.565,30.369,29.530001,28000,28.675156
2015-01-26,30.359,30.678,30.235,29.75,23500,28.888788
2015-01-27,30.4,30.668,30.338,29.610001,21100,28.75284
2015-01-28,30.709,30.709,30.05,29.23,27500,28.383841
2015-01-29,30.163,30.369,29.968,29.48,59100,28.626604
2015-01-30,30.194,30.256,29.813,28.950001,33000,28.111948
2015-02-02,29.916,30.122,29.504,29.219999,71900,28.374132
2015-02-03,30.276,30.74,30.276,29.84,91600,28.976185
2015-02-04,30.668,30.833,30.585,29.719999,49700,28.859655
2015-02-05,30.76,31.028,30.73,30.120001,42500,29.248077
2015-02-06,31.049,31.131,30.843,30.02,28000,29.150972
2015-02-09,30.874,30.966,30.74,29.9,31300,29.034447
2015-02-10,30.987,30.987,30.678,30.07,461700,29.199524
2015-02-11,30.946,30.987,30.771,30,107800,29.13155
2015-02-12,31.152,31.286,31.09,30.379999,58400,29.500551
2015-02-13,31.317,31.502,31.275,30.559999,26600,29.675341
2015-02-17,31.533,31.553,31.389,30.49,91200,29.607368
2015-02-18,31.389,31.584,31.368,30.639999,86900,29.753027
2015-02-19,31.553,31.595,31.481,30.620001,60700,29.733604
2015-02-20,31.492,31.677,31.337,30.719999,19600,29.830709
2015-02-23,31.595,31.626,31.42,30.709999,45500,29.820997
2015-02-24,31.626,31.749,31.615,30.790001,40100,29.898685
2015-02-25,31.718,31.759,31.605,30.780001,26700,29.888969
2015-02-26,31.718,31.749,31.574,30.790001,50000,29.898685
2015-02-27,31.615,31.728,31.615,30.700001,49200,29.811291
2015-03-02,31.646,31.873,31.595,30.91,32400,30.015205
2015-03-03,31.831,31.831,31.636,30.809999,24000,29.918102
2015-03-04,31.584,31.584,31.42,30.639999,32200,29.753027
2015-03-05,31.605,31.615,31.42,30.66,40400,29.772448
2015-03-06,31.44,31.502,31.1,30.25,52900,29.374315
2015-03-09,31.244,31.347,31.203,30.379999,49200,29.500551
2015-03-10,31.069,31.069,30.863,30.01,90400,29.14126
2015-03-11,30.966,31.08,30.833,30.120001,96100,29.248077
2015-03-12,31.265,31.533,31.234,30.620001,119000,29.733604
2015-03-13,31.502,31.502,31.09,30.49,129100,29.607368
2015-03-16,31.43,31.626,31.43,30.690001,163800,29.801577
2015-03-17,31.553,31.698,31.481,30.75,170400,29.859842
2015-03-18,31.656,32.058,31.564,31.040001,131900,30.141443
2015-03-19,31.945,32.007,31.862,31.040001,118000,30.141443
2015-03-20,32.11,32.295,32.068,31.35,148800,30.442471
2015-03-23,32.326,32.388,32.202,31.360001,144600,30.452183
2015-03-24,32.274,32.285,32.14,31.24,149100,30.335653
2015-03-25,32.243,32.243,31.584,30.709999,128200,29.820997
2015-03-26,31.553,31.626,31.399,30.610001,129300,29.723894
2015-03-27,31.553,31.739,31.461,30.82,137800,29.927813
2015-03-30,31.73,31.987,31.73,31.110001,102600,30.286068
2015-03-31,31.751,31.915,31.751,31.030001,141000,30.208187
2015-04-01,31.843,31.874,31.576,30.870001,121700,30.052425
2015-04-02,31.802,32.09,31.802,31.07,173100,30.247126
2015-04-06,31.771,32.141,31.771,31.24,179400,30.412621
2015-04-07,32.08,32.121,31.915,31.07,172800,30.247126
2015-04-08,31.946,32.09,31.843,31.200001,115400,30.373684
2015-04-09,32.069,32.09,31.761,31.16,108800,30.334742
2015-04-10,32.069,32.121,32.018,31.23,107700,30.402889
2015-04-13,32.11,32.172,32.008,31.16,110800,30.334742
2015-04-14,32.08,32.1,31.854,31.200001,128000,30.373684
2015-04-15,32.203,32.357,32.152,31.43,182200,30.597593
2015-04-16,32.265,32.295,32.162,31.360001,126400,30.529446
2015-04-17,32.049,32.049,31.679,30.93,139700,30.110834
2015-04-20,31.977,32.1,31.905,31.200001,111200,30.373684
2015-04-21,32.193,32.193,31.956,31.120001,154100,30.295803
2015-04-22,32.008,32.08,31.782,31.209999,158300,30.383417
2015-04-23,32.059,32.275,32.008,31.360001,99000,30.529446
2015-04-24,32.244,32.244,32.069,31.25,116300,30.422361
2015-04-27,32.244,32.295,31.792,30.959999,191700,30.140038
2015-04-28,31.854,32.039,31.72,31.190001,175000,30.363949
2015-04-29,31.895,31.915,31.7,30.93,155100,30.110834
2015-04-30,31.628,31.679,31.248,30.5,97200,29.692225
2015-05-01,31.422,31.587,31.391,30.75,120800,29.935602
2015-05-04,31.638,31.802,31.545,30.870001,135600,30.052425
2015-05-05,31.679,31.771,31.258,30.5,157700,29.692225
2015-05-06,31.381,31.381,31.135,30.459999,129700,29.653282
2015-05-07,31.319,31.484,31.227,30.58,99900,29.770103
2015-05-08,31.761,31.782,31.648,30.860001,99700,30.04269
2015-05-11,31.7,31.854,31.628,30.84,106900,30.02322
2015-05-12,31.587,31.648,31.289,30.77,129900,29.955072
2015-05-13,31.679,31.71,31.494,30.75,103200,29.935602
2015-05-14,31.771,31.884,31.658,31.040001,128700,30.217922
2015-05-15,31.864,31.884,31.73,31.030001,126600,30.208187
2015-05-18,31.864,32.152,31.823,31.290001,146900,30.4613
2015-05-19,32.121,32.131,31.936,31.18,146600,30.354214
2015-05-20,32.141,32.141,31.967,31.219999,96000,30.393152
2015-05-21,32.049,32.162,31.915,31.24,115300,30.412621
2015-05-22,32.049,32.069,31.884,31.1,81400,30.276333
2015-05-26,31.802,31.802,31.474,30.74,137500,29.925865
2015-05-27,31.628,31.874,31.545,31.02,155100,30.19845
2015-05-28,31.823,31.833,31.679,30.99,87200,30.169247
2015-05-29,31.823,31.823,31.494,30.809999,116400,29.994013
2015-06-01,31.792,31.813,31.474,30.85,121200,30.032953
2015-06-02,31.617,31.936,31.576,30.959999,100900,30.140038
2015-06-03,31.884,32.069,31.782,31.17,89900,30.344479
2015-06-04,31.895,31.977,31.679,30.860001,108500,30.04269
2015-06-05,31.607,31.864,31.545,31.02,105000,30.19845
2015-06-08,31.813,31.833,31.566,30.790001,113600,29.974543
2015-06-09,31.638,31.638,31.432,30.67,129600,29.857719
2015-06-10,31.689,32.018,31.689,31.110001,102100,30.286068
2015-06-11,31.987,32.059,31.946,31.15,112800,30.325008
2015-06-12,31.956,32.008,31.833,31.1,91700,30.276333
2015-06-15,31.7,31.802,31.504,30.889999,111800,30.071894
2015-06-16,31.741,31.977,31.73,31.110001,108700,30.286068
2015-06-17,32.049,32.09,31.802,31.09,109100,30.266598
2015-06-18,32.08,32.295,32.039,31.33,81800,30.50024
2015-06-19,32.265,32.265,32.121,31.33,181900,30.50024
2015-06-22,32.306,32.367,32.244,31.450001,119800,30.617064
2015-06-23,32.367,32.408,32.275,31.549999,115000,30.714413
2015-06-24,32.367,32.398,32.09,31.26,142600,30.432095
2015-06-25,32.244,32.265,31.956,31.200001,168800,30.373684
2015-06-26,32.162,32.162,31.895,31.219999,115000,30.393152
2015-06-29,31.642,31.734,31.089,30.35,176100,29.628763
2015-06-30,31.345,31.345,31.048,30.370001,121400,29.648289
2015-07-01,31.632,31.632,31.14,30.530001,158300,29.804485
2015-07-02,31.324,31.335,31.038,30.41,94800,29.687336
2015-07-06,30.915,31.15,30.843,30.24,98200,29.521376
2015-07-07,31.048,31.12,30.556,30.35,94900,29.628763
2015-07-08,30.894,30.894,30.525,29.940001,111700,29.228506
2015-07-09,30.956,30.956,30.648,29.950001,88000,29.23827
2015-07-10,30.956,31.048,30.925,30.25,83800,29.531139
2015-07-13,31.181,31.304,31.181,30.530001,100600,29.804485
2015-07-14,31.294,31.447,31.294,30.66,95200,29.931396
2015-07-15,31.447,31.447,31.13,30.41,88200,29.687336
2015-07-16,31.376,31.386,31.273,30.57,126000,29.843534
2015-07-17,31.335,31.335,31.038,30.34,83100,29.619001
2015-07-20,31.079,31.079,30.904,30.24,216600,29.521376
2015-07-21,31.007,31.16,30.843,30.15,156900,29.433514
2015-07-22,30.761,30.945,30.761,30.16,116200,29.443279
2015-07-23,31.007,31.017,30.597,29.9,176800,29.189453
2015-07-24,30.659,30.659,30.239,29.549999,136000,28.847773
2015-07-27,30.187,30.187,29.972,29.290001,223000,28.593952
2015-07-28,30.116,30.331,29.89,29.57,153300,28.867298
2015-07-29,30.3,30.638,30.28,29.860001,123600,29.15041
2015-07-30,30.556,30.7,30.464,29.959999,75800,29.248028
2015-07-31,30.73,30.935,30.73,30.1,97400,29.384703
2015-08-03,30.771,30.771,30.474,29.9,96700,29.189453
2015-08-04,30.679,30.802,30.525,29.860001,165600,29.15041
2015-08-05,30.802,30.966,30.607,29.98,81000,29.267551
2015-08-06,30.771,30.771,30.341,29.75,79700,29.043022
2015-08-07,30.413,30.464,30.259,29.639999,93800,28.935633
2015-08-10,30.484,30.833,30.484,30.07,128300,29.355415
2015-08-11,30.597,30.607,30.454,29.83,88300,29.121119
2015-08-12,30.392,30.546,30.116,29.780001,83700,29.072308
2015-08-13,30.505,30.597,30.372,29.73,94600,29.023495
2015-08-14,30.443,30.7,30.423,29.950001,85500,29.23827
2015-08-17,30.607,30.894,30.515,30.16,73500,29.443279
2015-08-18,30.853,30.863,30.679,30,113100,29.287079
2015-08-19,30.587,30.648,30.28,29.74,105100,29.033257
2015-08-20,30.177,30.177,29.716,29.01,95500,28.320604
2015-08-21,29.481,29.593,29.163,28.469999,856400,27.793436
2015-08-24,28.589,28.866,25.557,27.450001,1217800,26.79768
2015-08-25,28.764,28.764,27.749,27.09,193200,26.446232
2015-08-26,28.323,28.487,27.76,27.74,158700,27.080786
2015-08-27,28.743,29.204,28.579,28.370001,159900,27.695816
2015-08-28,29.02,29.327,29.02,28.540001,117100,27.861776
2015-08-31,29.132,29.399,29.071,28.559999,86200,27.8813
2015-09-01,28.733,28.856,28.272,27.700001,113800,27.041737
2015-09-02,28.764,28.764,28.374,28.059999,84600,27.393181
2015-09-03,28.856,29.143,28.835,28.190001,89700,27.520092
2015-09-04,28.641,28.774,28.446,27.879999,132000,27.217457
2015-09-08,28.917,29.184,28.876,28.450001,78000,27.773914
2015-09-09,29.368,29.368,28.845,28.16,113800,27.490807
2015-09-10,28.815,29.091,28.815,28.219999,105100,27.549377
2015-09-11,28.753,28.948,28.661,28.26,74600,27.58843
2015-09-14,29.071,29.071,28.764,28.16,73800,27.490807
2015-09-15,28.876,29.214,28.856,28.5,128400,27.822725
2015-09-16,29.204,29.522,29.143,28.799999,111300,28.115597
2015-09-17,29.501,29.849,29.429,28.74,84000,28.057022
2015-09-18,29.112,29.327,28.938,28.25,62700,27.578667
2015-09-21,29.184,29.399,29.05,28.41,119600,27.734863
2015-09-22,28.764,28.907,28.559,28,74600,27.334608
2015-09-23,28.712,28.794,28.497,27.879999,75100,27.217457
2015-09-24,28.426,28.518,28.18,27.780001,164800,27.119837
2015-09-25,28.682,28.682,28.251,27.700001,147300,27.041737
2015-09-28,28.042,28.042,27.389,26.889999,205000,26.35087
2015-09-29,27.471,27.614,27.277,26.85,174000,26.311674
2015-09-30,27.603,27.777,27.481,27.209999,92600,26.664454
2015-10-01,27.787,27.787,27.42,27.139999,78300,26.595861
2015-10-02,27.501,28.063,27.287,27.5,248900,26.948643
2015-10-05,28.308,28.808,28.287,28.23,87000,27.664005
2015-10-06,28.797,28.981,28.655,28.200001,160100,27.634607
2015-10-07,28.94,29.144,28.777,28.530001,105300,27.957991
2015-10-08,29.114,29.593,29.093,28.959999,97300,28.379368
2015-10-09,29.644,29.675,29.471,28.99,113200,28.40877
2015-10-12,29.634,29.634,29.43,28.950001,79200,28.36957
2015-10-13,29.43,29.665,29.226,28.639999,62600,28.065784
2015-10-14,29.216,29.369,28.981,28.42,102700,27.850197
2015-10-15,29.073,29.348,28.848,28.75,106600,28.173578
2015-10-16,29.481,29.481,29.195,28.790001,81200,28.212776
2015-10-19,29.267,29.471,29.267,28.85,77700,28.271576
2015-10-20,29.491,29.746,29.42,28.99,83500,28.40877
2015-10-21,29.655,29.655,29.144,28.559999,89200,27.987391
2015-10-22,29.338,29.563,29.216,28.809999,94000,28.232374
2015-10-23,29.695,29.695,29.379,28.99,64700,28.40877
2015-10-26,29.593,29.593,29.42,28.879999,200900,28.300974
2015-10-27,29.379,29.379,28.971,28.52,92100,27.948191
2015-10-28,29.206,29.777,29.206,29.17,91900,28.585157
2015-10-29,29.716,29.726,29.471,28.959999,128000,28.379368
2015-10-30,29.532,29.716,29.501,28.98,144800,28.398966
2015-11-02,29.563,30.104,29.522,29.440001,128200,28.849747
2015-11-03,30.022,30.297,29.961,29.559999,110700,28.967339
2015-11-04,30.226,30.236,29.981,29.450001,117400,28.859543
2015-11-05,30.073,30.175,29.859,29.540001,172400,28.947742
2015-11-06,30.042,30.195,29.848,29.549999,207800,28.957539
2015-11-09,30.185,30.185,29.655,29.200001,169000,28.614557
2015-11-10,29.706,29.889,29.644,29.280001,206300,28.692951
2015-11-11,29.971,29.971,29.655,29.110001,84500,28.52636
2015-11-12,29.501,29.501,29.083,28.5,85500,27.928593
2015-11-13,29.022,29.124,28.777,28.299999,144400,27.732603
2015-11-16,28.838,29.226,28.818,28.629999,73600,28.055984
2015-11-17,29.287,29.43,29.073,28.530001,101800,27.957991
2015-11-18,29.206,29.593,29.165,28.969999,209700,28.38917
2015-11-19,29.542,29.593,29.45,28.940001,98200,28.35977
2015-11-20,29.655,29.777,29.655,29.1,122200,28.516565
2015-11-23,29.716,29.91,29.695,29.190001,216500,28.604757
2015-11-24,29.685,30.042,29.604,29.389999,173500,28.800747
2015-11-25,30.012,30.185,29.94,29.540001,188200,28.947742
2015-11-27,30.165,30.257,30.073,29.58,50900,28.986938
2015-11-30,30.338,30.338,30.114,29.540001,78500,28.947742
2015-12-01,30.267,30.338,30.114,29.700001,152200,29.104532
2015-12-02,30.328,30.328,29.93,29.35,189700,28.761551
2015-12-03,30.053,30.124,29.379,28.93,155200,28.349974
2015-12-04,29.532,29.818,29.532,29.190001,143800,28.604757
2015-12-07,29.808,29.808,29.338,28.82,101300,28.242176
2015-12-08,29.165,29.308,29.001,28.6,149700,28.026587
2015-12-09,29.083,29.41,28.777,28.299999,162200,27.732603
2015-12-10,28.848,29.124,28.818,28.370001,103100,27.801199
2015-12-11,28.675,28.685,28.287,27.809999,105400,27.252426
2015-12-14,28.379,28.461,27.95,27.6,188700,27.046637
2015-12-15,28.338,28.583,28.338,27.93,149900,27.37002
2015-12-16,28.706,28.94,28.573,28.309999,194800,27.742399
2015-12-17,28.961,28.961,28.522,27.950001,139700,27.38962
2015-12-18,28.41,28.41,28.063,27.5,387200,26.948643
2015-12-21,28.059,28.13,27.866,27.57,393000,27.118809
2015-12-22,28.11,28.425,27.958,27.889999,219200,27.433573
2015-12-23,28.486,28.781,28.486,28.299999,183300,27.836863
2015-12-24,28.761,28.903,28.69,28.34,71600,27.876209
2015-12-28,28.608,28.629,28.405,28.15,105200,27.689318
2015-12-29,28.751,28.923,28.649,28.42,169900,27.954897
2015-12-30,28.873,28.903,28.669,28.200001,155900,27.738499
2015-12-31,28.588,28.679,28.425,27.969999,137800,27.51226
2016-01-04,27.947,27.947,27.632,27.469999,139200,27.020445
2016-01-05,27.998,28.029,27.805,27.51,119400,27.059792
2016-01-06,27.632,27.795,27.439,27.129999,169200,26.686008
2016-01-07,27.093,27.307,26.829,26.450001,701100,26.017139
2016-01-08,26.961,27.012,26.433,26.02,469000,25.594175
2016-01-11,26.524,26.616,26.128,25.93,515600,25.50565
2016-01-12,26.605,26.666,26.046,25.959999,191600,25.535156
2016-01-13,26.473,26.575,25.589,25.25,422100,24.836775
2016-01-14,25.782,26.148,25.416,25.530001,998000,25.112196
2016-01-15,25.263,25.558,24.999,25.1,497100,24.689232
2016-01-19,25.762,25.762,25.05,24.870001,275700,24.462996
2016-01-20,24.897,25.416,24.287,24.77,408200,24.364634
2016-01-21,25.263,25.65,25.141,24.889999,107300,24.48267
2016-01-22,25.69,25.934,25.609,25.450001,310600,25.033503
2016-01-25,25.731,25.731,25.274,24.860001,141600,24.453161
2016-01-26,25.436,25.965,25.436,25.52,131700,25.10236
2016-01-27,25.823,26.128,25.558,25.25,148300,24.836775
2016-01-28,25.934,25.965,25.629,25.26,250600,24.846611
2016-01-29,25.812,26.443,25.812,26.01,130800,25.584341
2016-02-01,26.321,26.575,26.199,26.02,141700,25.594175
2016-02-02,26.3,26.3,25.772,25.43,123300,25.013834
2016-02-03,26.077,26.077,25.396,25.540001,192300,25.12203
2016-02-04,25.914,26.402,25.914,25.75,127500,25.328596
2016-02-05,26.016,26.067,25.579,25.17,159300,24.758087
2016-02-08,25.294,25.375,24.836,24.780001,1384200,24.37447
2016-02-09,24.877,25.274,24.867,24.66,184900,24.256432
2016-02-10,25.243,25.548,25.091,24.700001,140100,24.29578
2016-02-11,24.684,24.867,24.491,24.34,323400,23.941669
2016-02-12,24.958,25.223,24.877,24.77,304600,24.364634
2016-02-16,25.477,25.782,25.355,25.32,133300,24.90563
2016-02-17,25.924,26.321,25.924,25.74,131000,25.318758
2016-02-18,26.219,26.219,26.026,25.700001,117700,25.279413
2016-02-19,26.026,26.219,25.894,25.719999,100500,25.299086
2016-02-22,26.412,26.595,26.412,26.09,296000,25.663031
2016-02-23,26.433,26.453,26.311,25.889999,100100,25.466303
2016-02-24,26.067,26.605,26.016,26.139999,147400,25.71221
2016-02-25,26.636,26.839,26.555,26.4,160900,25.967957
2016-02-26,26.961,27.073,26.88,26.51,67400,26.076157
2016-02-29,26.971,27.205,26.91,26.469999,202500,26.036812
2016-03-01,27.114,27.439,27.022,26.99,241700,26.5483
2016-03-02,27.398,27.734,27.337,27.26,120900,26.813883
2016-03-03,27.703,28.1,27.683,27.639999,165100,27.187666
2016-03-04,28.13,28.425,28.069,27.809999,132100,27.354881
2016-03-07,28.171,28.578,28.171,28.1,105200,27.640137
2016-03-08,28.435,28.435,27.937,27.5,137700,27.049955
2016-03-09,28.059,28.181,27.947,27.66,83000,27.207336
2016-03-10,28.222,28.263,27.673,27.5,84900,27.049955
2016-03-11,28.191,28.547,28.161,28.07,111300,27.610626
2016-03-14,28.415,28.476,28.232,27.92,148400,27.463079
2016-03-15,28.242,28.242,28.029,27.639999,111100,27.187666
2016-03-16,28.008,28.466,28.008,27.91,93300,27.453245
2016-03-17,28.364,28.944,28.364,28.41,94600,27.945065
2016-03-18,28.954,29.137,28.944,28.59,92400,28.12212
2016-03-21,28.934,29.025,28.832,28.49,189900,28.023752
2016-03-22,28.761,28.964,28.72,28.389999,125700,27.925388
2016-03-23,28.751,28.751,28.425,27.98,78300,27.5221
2016-03-24,28.232,28.446,28.11,27.98,91100,27.5221
2016-03-28,28.537,28.598,28.293,28.02,116200,27.561447
2016-03-29,28.425,29.086,28.415,28.610001,154800,28.141788
2016-03-30,29.259,29.32,29.056,28.67,164300,28.200808
2016-03-31,29.117,29.269,29.106,28.700001,181600,28.230316
2016-04-01,28.934,29.238,28.822,28.75,90500,28.279499
2016-04-04,29.208,29.228,28.893,28.43,104400,27.964737
2016-04-05,28.679,28.761,28.557,28.09,77900,27.630299
2016-04-06,28.578,28.842,28.507,28.370001,71400,27.90572
2016-04-07,28.669,28.69,28.303,27.969999,157000,27.51226
2016-04-08,28.649,28.832,28.547,28.16,80300,27.699152
2016-04-11,28.781,29.005,28.608,28.139999,85900,27.679482
2016-04-12,28.639,29.035,28.618,28.51,92900,28.043427
2016-04-13,29.177,29.523,29.116,29.02,97300,28.545082
2016-04-14,29.482,29.543,29.371,28.940001,100500,28.466389
2016-04-15,29.34,29.543,29.34,29.01,98000,28.535242
2016-04-18,29.35,29.676,29.35,29.15,137600,28.672951
2016-04-19,29.726,29.93,29.645,29.299999,251400,28.820494
2016-04-20,29.787,29.97,29.676,29.34,174100,28.859842
2016-04-21,29.848,29.899,29.564,29.139999,81500,28.663118
2016-04-22,29.604,29.96,29.604,29.41,94400,28.928699
2016-04-25,29.848,29.869,29.554,29.18,132200,28.702461
2016-04-26,29.777,30.062,29.767,29.540001,93500,29.05657
2016-04-27,30.062,30.275,30.031,29.75,110900,29.263132
2016-04-28,30.072,30.275,29.869,29.389999,91500,28.909023
2016-04-29,29.798,29.879,29.442,29.15,674200,28.672951
2016-05-02,29.716,29.859,29.574,29.34,100300,28.859842
2016-05-03,29.615,29.615,29.177,28.889999,104600,28.417206
2016-05-04,29.249,29.533,29.167,28.75,104900,28.279499
2016-05-05,29.36,29.401,29.106,28.66,105900,28.190971
2016-05-06,29.056,29.34,29.056,28.860001,100900,28.387699
2016-05-09,29.299,29.401,29.147,28.780001,120800,28.30901
2016-05-10,29.34,29.645,29.34,29.16,89800,28.682787
2016-05-11,29.543,29.564,29.299,28.82,73500,28.348352
2016-05-12,29.381,29.513,29.056,28.75,65100,28.279499
2016-05-13,29.106,29.249,28.883,28.469999,99600,28.00408
2016-05-16,29.005,29.34,29.005,28.75,127400,28.279499
2016-05-17,29.188,29.381,28.781,28.42,167600,27.954897
2016-05-18,28.842,29.116,28.72,28.379999,97400,27.915552
2016-05-19,28.7,28.761,28.466,28.23,93600,27.768005
2016-05-20,28.812,29.076,28.791,28.59,88600,28.12212
2016-05-23,29.106,29.137,28.964,28.549999,61000,28.082769
2016-05-24,29.178,29.523,29.167,29.01,96200,28.535242
2016-05-25,29.584,29.757,29.533,29.26,85200,28.781155
2016-05-26,29.808,29.859,29.645,29.190001,77900,28.712299
2016-05-27,29.696,29.899,29.655,29.41,63500,28.928699
2016-05-31,29.96,30.042,29.879,29.48,95900,28.997553
2016-06-01,29.869,30.143,29.747,29.6,98500,29.115591
2016-06-02,30.052,30.255,30.011,29.76,93800,29.272972
2016-06-03,30.225,30.225,29.94,29.629999,75000,29.145098
2016-06-06,30.204,30.509,30.204,29.959999,69400,29.469694
2016-06-07,30.499,30.682,30.448,30.09,83200,29.59757
2016-06-08,30.621,30.804,30.591,30.25,129900,29.75495
2016-06-09,30.662,30.662,30.499,30.110001,73800,29.617243
2016-06-10,30.326,30.377,30.082,29.68,84400,29.194279
2016-06-13,30.031,30.164,29.808,29.360001,97700,28.879517
2016-06-14,29.737,29.848,29.533,29.24,109600,28.76148
2016-06-15,29.777,29.981,29.726,29.26,75900,28.781155
2016-06-16,29.533,29.686,29.289,29.17,112800,28.692625
2016-06-17,29.716,29.909,29.655,29.299999,77600,28.820494
2016-06-20,30.123,30.316,30.062,29.610001,108000,29.125423
2016-06-21,30.082,30.092,29.879,29.52,93000,29.036898
2016-06-22,30.082,30.214,29.93,29.440001,136000,28.958208
2016-06-23,30.214,30.489,30.214,29.99,549800,29.499207
2016-06-24,29.462,29.726,29.198,28.780001,185700,28.30901
2016-06-27,28.729,28.729,28,27.780001,152700,27.423134
2016-06-28,28.385,28.658,28.385,28.219999,114100,27.857481
2016-06-29,28.942,29.225,28.911,28.84,131400,28.469519
2016-06-30,29.246,29.732,29.134,29.35,116700,28.972967
2016-07-01,29.772,29.985,29.752,29.51,113400,29.130913
2016-07-05,29.752,29.752,29.246,29.059999,116500,28.686691
2016-07-06,29.276,29.641,29.215,29.23,98600,28.854507
2016-07-07,29.671,29.894,29.479,29.25,72600,28.874252
2016-07-08,29.914,30.319,29.914,29.9,102000,29.5159
2016-07-11,30.451,30.634,30.451,30.18,78200,29.792305
2016-07-12,30.816,31.12,30.816,30.6,90200,30.206909
2016-07-13,31.11,31.15,30.816,30.540001,114400,30.14768
2016-07-14,31.15,31.17,30.998,30.610001,84600,30.216782
2016-07-15,31.13,31.13,30.927,30.620001,96000,30.226652
2016-07-18,30.988,31.12,30.927,30.67,90700,30.276011
2016-07-19,30.998,31.039,30.856,30.52,94000,30.127937
2016-07-20,30.968,31.16,30.816,30.690001,78200,30.295753
2016-07-21,31.039,31.191,30.877,30.549999,298800,30.157551
2016-07-22,30.907,31.17,30.877,30.74,83000,30.34511
2016-07-25,31.069,31.13,30.958,30.65,121300,30.256266
2016-07-26,31.069,31.302,31.069,30.889999,125700,30.493181
2016-07-27,31.343,31.403,31.079,30.809999,121700,30.414209
2016-07-28,31.191,31.241,31.029,30.77,283000,30.374725
2016-07-29,31.11,31.393,31.018,30.889999,138100,30.493181
2016-08-01,31.292,31.333,31.089,30.780001,176300,30.384596
2016-08-02,31.181,31.231,30.715,30.379999,192400,29.989733
2016-08-03,30.715,30.968,30.684,30.57,105100,30.177294
2016-08-04,30.988,31.089,30.917,30.6,106300,30.206909
2016-08-05,31.201,31.474,31.17,31.02,160400,30.621513
2016-08-08,31.444,31.555,31.403,31.059999,122200,30.660999
2016-08-09,31.474,31.525,31.383,31.01,148700,30.611643
2016-08-10,31.403,31.434,31.181,30.84,133400,30.443827
2016-08-11,31.373,31.434,31.292,30.959999,121200,30.562284
2016-08-12,31.312,31.393,31.181,30.9,129400,30.503056
2016-08-15,31.353,31.626,31.353,31.15,123700,30.749844
2016-08-16,31.505,31.505,31.292,30.9,354400,30.503056
2016-08-17,31.272,31.272,31.059,30.84,106800,30.443827
2016-08-18,31.251,31.484,31.251,31.07,158200,30.670874
2016-08-19,31.393,31.505,31.333,31.09,129800,30.690615
2016-08-22,31.383,31.515,31.322,31.110001,121400,30.710358
2016-08-23,31.647,31.809,31.647,31.34,142700,30.937403
2016-08-24,31.657,31.667,31.444,31.059999,175600,30.660999
2016-08-25,31.403,31.647,31.403,31.16,96700,30.759716
2016-08-26,31.606,31.819,31.302,31.02,163000,30.621513
2016-08-29,31.454,31.707,31.454,31.219999,97000,30.818943
2016-08-30,31.636,31.697,31.484,31.200001,186000,30.799202
2016-08-31,31.565,31.606,31.332,31.1,160400,30.700487
2016-09-01,31.495,31.555,31.181,31.07,121700,30.670874
2016-09-02,31.636,31.819,31.636,31.41,144600,31.006504
2016-09-06,31.859,31.859,31.626,31.34,170600,30.937403
2016-09-07,31.728,31.95,31.728,31.540001,186200,31.134832
2016-09-08,31.9,31.92,31.809,31.450001,159200,31.04599
2016-09-09,31.596,31.596,30.846,30.450001,216900,30.058838
2016-09-12,30.664,31.241,30.634,30.83,113800,30.433954
2016-09-13,30.968,31.018,30.471,30.24,141700,29.851534
2016-09-14,30.623,30.765,30.502,30.129999,168300,29.742947
2016-09-15,30.512,30.917,30.512,30.469999,181600,30.078577
2016-09-16,30.745,30.765,30.644,30.32,150700,29.930506
2016-09-19,30.846,31.089,30.796,30.530001,129100,30.13781
2016-09-20,31.049,31.059,30.765,30.370001,122200,29.979864
2016-09-21,30.867,31.201,30.775,30.780001,124500,30.384596
2016-09-22,31.383,31.677,31.383,31.25,167600,30.84856
2016-09-23,31.576,31.596,31.424,31.02,87700,30.621513
2016-09-26,31.282,31.373,31.191,30.790001,114200,30.394468
2016-09-27,31.13,31.292,31.1,30.82,115300,30.424084
2016-09-28,31.292,31.576,31.13,31.17,113700,30.769587
2016-09-29,31.535,31.626,31.191,30.889999,183000,30.493181
2016-09-30,31.383,31.657,31.333,31.139999,125800,30.739969
2016-10-03,31.237,31.308,31.096,30.91,137300,30.625832
2016-10-04,31.247,31.298,30.944,30.790001,300400,30.506933
2016-10-05,31.177,31.409,31.177,31,122100,30.715002
2016-10-06,31.227,31.318,31.045,30.99,357400,30.705095
2016-10-07,31.328,31.328,30.884,30.780001,202200,30.497026
2016-10-10,31.197,31.439,31.197,31.01,130300,30.724911
2016-10-11,31.207,31.207,30.652,30.5,144300,30.219601
2016-10-12,30.783,30.965,30.692,30.58,163300,30.298862
2016-10-13,30.591,30.753,30.399,30.379999,128800,30.100702
2016-10-14,30.773,30.904,30.591,30.32,163000,30.041254
2016-10-17,30.632,30.702,30.581,30.309999,123500,30.031345
2016-10-18,30.904,30.904,30.743,30.49,113100,30.209692
2016-10-19,30.844,31.056,30.753,30.709999,151000,30.42767
2016-10-20,30.924,30.944,30.722,30.58,124800,30.298862
2016-10-21,30.642,30.854,30.591,30.530001,89100,30.249325
2016-10-24,30.995,31.167,30.854,30.700001,137500,30.417761
2016-10-25,30.924,30.924,30.682,30.440001,149300,30.160152
2016-10-26,30.561,30.773,30.521,30.309999,144100,30.031345
2016-10-27,30.642,30.642,30.238,30.01,227800,29.734104
2016-10-28,30.278,30.5,30.167,29.98,190300,29.70438
2016-10-31,30.309,30.42,30.228,30.110001,132100,29.833185
2016-11-01,30.46,30.46,29.885,29.75,213500,29.476496
2016-11-02,29.965,30.026,29.743,29.48,141000,29.208977
2016-11-03,29.834,29.905,29.673,29.42,197200,29.149529
2016-11-04,29.743,30.087,29.713,29.540001,209600,29.268427
2016-11-07,30.339,30.49,30.299,30.16,205400,29.882727
2016-11-08,30.369,30.652,30.268,30.24,145700,29.96199
2016-11-09,30.268,31.358,30.238,30.99,285300,30.705095
2016-11-10,31.641,31.873,31.409,31.360001,330500,31.071695
2016-11-11,31.762,32.166,31.671,31.809999,247300,31.517555
2016-11-14,32.458,32.781,32.448,32.349998,197300,32.052589
2016-11-15,32.68,32.852,32.499,32.5,300400,32.201214
2016-11-16,32.751,32.852,32.68,32.5,195900,32.201214
2016-11-17,32.902,33.034,32.832,32.630001,182700,32.330021
2016-11-18,32.963,33.034,32.923,32.700001,259000,32.399376
2016-11-21,33.104,33.296,33.014,32.91,210100,32.607445
2016-11-22,33.336,33.619,33.336,33.310001,214200,33.003769
2016-11-23,33.559,33.801,33.508,33.48,200900,33.172203
2016-11-25,33.841,33.932,33.831,33.610001,186500,33.301006
2016-11-28,33.962,33.962,33.569,33.290001,211300,32.983948
2016-11-29,33.619,33.69,33.468,33.240002,196700,32.93441
2016-11-30,33.76,33.811,33.508,33.23,219200,32.924503
2016-12-01,33.68,33.75,33.387,33.16,174700,32.855145
2016-12-02,33.488,33.649,33.427,33.200001,158900,32.894779
2016-12-05,33.76,34.033,33.74,33.689999,168200,33.380272
2016-12-06,34.083,34.366,33.922,34.029999,320200,33.717144
2016-12-07,34.356,34.81,34.326,34.419998,176300,34.103558
2016-12-08,34.901,35.294,34.77,34.900002,221100,34.579147
2016-12-09,35.345,35.345,35.113,34.93,261100,34.608871
2016-12-12,35.264,35.355,34.881,34.66,222200,34.341354
2016-12-13,35.133,35.204,34.81,34.639999,285500,34.321541
2016-12-14,34.911,35.022,34.437,34.189999,250400,33.875675
2016-12-15,34.588,34.961,34.487,34.459999,193700,34.143192
2016-12-16,34.81,35.032,34.638,34.32,190500,34.004482
2016-12-19,34.521,34.682,34.46,34.439999,231600,34.239704
2016-12-20,34.772,34.983,34.752,34.759998,318200,34.557842
2016-12-21,35.004,35.004,34.802,34.610001,313300,34.408718
2016-12-22,34.802,34.802,34.39,34.279999,310600,34.080635
2016-12-23,34.491,34.591,34.45,34.380001,166300,34.180058
2016-12-27,34.652,34.873,34.652,34.540001,256900,34.339127
2016-12-28,34.802,34.843,34.299,34.169998,212200,33.971275
2016-12-29,34.38,34.571,34.259,34.220001,212900,34.020985
2016-12-30,34.501,34.551,34.169,34.099998,212500,33.901684
2017-01-03,34.682,34.772,34.269,34.34,221800,34.140285
2017-01-04,34.682,35.134,34.682,34.900002,387400,34.697033
2017-01-05,35.034,35.034,34.581,34.52,291000,34.319241
2017-01-06,34.802,34.802,34.531,34.369999,212700,34.170113
2017-01-09,34.511,34.541,34.219,34.080002,253200,33.881802
2017-01-10,34.33,34.662,34.279,34.400002,252900,34.19994
2017-01-11,34.631,34.722,34.45,34.5,247000,34.299355
2017-01-12,34.662,34.662,34.078,34.240002,306100,34.040871
2017-01-13,34.541,34.772,34.541,34.419998,192500,34.219818
2017-01-17,34.491,34.591,34.239,34.099998,283400,33.901684
2017-01-18,34.41,34.44,34.139,34.240002,235900,34.040871
2017-01-19,34.481,34.551,34.028,33.98,223600,33.782379
2017-01-20,34.289,34.45,34.169,34.110001,182900,33.911625
2017-01-23,34.249,34.31,34.008,34.02,234000,33.822151
2017-01-24,34.33,34.802,34.33,34.509998,264700,34.309296
2017-01-25,34.963,35.094,34.923,34.82,253000,34.617496
2017-01-26,35.064,35.134,34.853,34.709999,202500,34.508133
2017-01-27,34.943,34.943,34.601,34.529999,304100,34.329182
2017-01-30,34.541,34.541,34.048,34.139999,272600,33.941448
2017-01-31,34.239,34.501,34.098,34.240002,254900,34.040871
2017-02-01,34.662,34.792,34.279,34.23,190000,34.03093
2017-02-02,34.4,34.521,34.279,34.150002,222200,33.951397
2017-02-03,34.631,34.782,34.511,34.560001,205700,34.359009
2017-02-06,34.682,34.722,34.481,34.380001,262300,34.180058
2017-02-07,34.591,34.712,34.35,34.25,257300,34.050812
2017-02-08,34.36,34.481,34.169,34.23,260500,34.03093
2017-02-09,34.551,34.953,34.551,34.700001,237700,34.498196
2017-02-10,35.074,35.205,34.994,34.959999,206700,34.756683
2017-02-13,35.356,35.426,35.195,35.040001,264000,34.83622
2017-02-14,35.165,35.315,35.054,35.080002,345100,34.875984
2017-02-15,35.185,35.486,35.165,35.220001,233700,35.015171
2017-02-16,35.456,35.517,35.195,35.130001,317500,34.925694
2017-02-17,35.225,35.295,35.124,35.09,279200,34.885925
2017-02-21,35.426,35.677,35.295,35.459999,232000,35.253773
2017-02-22,35.557,35.607,35.426,35.310001,228300,35.104645
2017-02-23,35.647,35.647,35.124,35.049999,280400,34.846157
2017-02-24,35.024,35.265,34.963,35.049999,309500,34.846157
2017-02-27,35.235,35.557,35.175,35.349998,397600,35.144413
2017-02-28,35.456,35.456,35.084,34.889999,265600,34.687088
2017-03-01,35.506,35.758,35.506,35.470001,350400,35.263718
2017-03-02,35.657,35.657,35.245,35.080002,245800,34.875984
2017-03-03,35.255,35.376,35.054,34.990002,207200,34.786507
2017-03-06,35.034,35.044,34.833,34.779999,256300,34.577724
2017-03-07,34.953,34.994,34.702,34.52,226700,34.319241
2017-03-08,34.823,34.863,34.491,34.290001,217800,34.090576
2017-03-09,34.491,34.601,34.189,34.099998,236700,33.901684
2017-03-10,34.501,34.601,34.259,34.25,240100,34.050812
2017-03-13,34.47,34.662,34.45,34.34,272800,34.140285
2017-03-14,34.4,34.44,34.139,34.18,352900,33.981216
2017-03-15,34.561,34.953,34.46,34.700001,194600,34.498196
2017-03-16,35.004,35.054,34.843,34.720001,203800,34.518078
2017-03-17,34.994,35.074,34.823,34.810001,442500,34.607555
2017-03-20,34.983,35.004,34.732,34.610001,71600,34.408718
2017-03-21,34.963,34.963,34.058,33.91,302700,33.712788
2017-03-22,33.988,34.098,33.847,33.880001,221900,33.682964
2017-03-23,34.108,34.46,33.978,34.060001,183600,33.861916
2017-03-24,34.35,34.46,34.048,34.009998,186800,33.812206
2017-03-27,33.887,34.239,33.696,33.990002,214900,33.792324
2017-03-28,34.088,34.501,34.018,34.25,255000,34.050812
2017-03-29,34.39,34.652,34.35,34.41,166300,34.209881
2017-03-30,34.652,34.853,34.641,34.650002,175000,34.448483
2017-03-31,34.873,35.024,34.772,34.709999,145200,34.508133
2017-04-03,34.761,34.781,34.24,34.259998,231700,34.170025
2017-04-04,34.28,34.41,34.19,34.200001,308000,34.110184
2017-04-05,34.491,34.631,33.969,33.950001,189700,33.86084
2017-04-06,34.09,34.37,33.969,34.259998,346100,34.170025
2017-04-07,34.26,34.4,34.19,34.209999,3e+05,34.120155
2017-04-10,34.31,34.631,34.27,34.349998,216800,34.259789
2017-04-11,34.36,34.651,34.25,34.560001,221000,34.469238
2017-04-12,34.621,34.621,34.14,34.080002,176600,33.990501
2017-04-13,34.12,34.22,33.809,33.73,198100,33.641415
2017-04-17,33.909,34.2,33.829,34.110001,200800,34.02042
2017-04-18,34.1,34.25,33.989,34.139999,309400,34.050339
2017-04-19,34.3,34.531,34.24,34.209999,224600,34.120155
2017-04-20,34.471,34.701,34.4,34.599998,253200,34.509132
2017-04-21,34.611,34.671,34.491,34.459999,160600,34.369499
2017-04-24,34.972,35.002,34.811,34.810001,299000,34.718582
2017-04-25,35.162,35.303,35.142,35.080002,192600,34.987873
2017-04-26,35.172,35.523,35.162,35.259998,171900,35.167397
2017-04-27,35.403,35.483,35.172,35.220001,156200,35.127506
2017-04-28,35.353,35.353,34.932,34.84,154600,34.748501
2017-05-01,35.062,35.182,34.862,34.970001,175400,34.878162
2017-05-02,35.062,35.112,34.872,34.860001,201900,34.768452
2017-05-03,34.872,34.932,34.681,34.700001,185500,34.608871
2017-05-04,34.862,34.912,34.42,34.540001,213400,34.449291
2017-05-05,34.741,34.862,34.591,34.77,134600,34.678684
2017-05-08,34.872,34.922,34.621,34.66,179000,34.568974
2017-05-09,34.781,34.882,34.641,34.639999,231200,34.549026
2017-05-10,34.691,34.962,34.691,34.830002,197400,34.738529
2017-05-11,34.801,34.801,34.42,34.599998,155600,34.509132
2017-05-12,34.581,34.581,34.35,34.32,186200,34.229866
2017-05-15,34.521,34.771,34.521,34.529999,201000,34.439316
2017-05-16,34.681,34.681,34.42,34.490002,183000,34.399422
2017-05-17,34.16,34.26,33.819,33.75,223300,33.661366
2017-05-18,33.749,33.999,33.658,33.759998,212300,33.671337
2017-05-19,33.979,34.31,33.919,34.09,183500,34.000473
2017-05-22,34.25,34.42,34.23,34.299999,148200,34.209919
2017-05-23,34.481,34.521,34.25,34.360001,321500,34.269764
2017-05-24,34.45,34.541,34.31,34.349998,163700,34.259789
2017-05-25,34.591,34.661,34.38,34.369999,254100,34.279736
2017-05-26,34.41,34.46,34.29,34.360001,189000,34.269764
2017-05-30,34.36,34.44,34.23,34.189999,163400,34.100208
2017-05-31,34.32,34.32,33.909,34.139999,257300,34.050339
2017-06-01,34.34,34.831,34.28,34.740002,171600,34.648766
2017-06-02,34.862,35.142,34.821,34.849998,187000,34.758472
2017-06-05,34.912,34.942,34.761,34.669998,136200,34.578945
2017-06-06,34.591,34.801,34.461,34.540001,202900,34.449291
2017-06-07,34.651,34.761,34.561,34.529999,148000,34.439316
2017-06-08,34.631,35.062,34.551,34.869999,160900,34.778423
2017-06-09,35.032,35.333,35.012,35.060001,356300,34.967926
2017-06-12,35.172,35.353,35.102,35.09,248100,34.997845
2017-06-13,35.263,35.403,35.192,35.279999,170400,35.187344
2017-06-14,35.383,35.383,35.022,35.060001,165500,34.967926
2017-06-15,34.862,35.052,34.852,34.900002,153900,34.808346
2017-06-16,34.942,34.942,34.741,34.830002,171900,34.738529
2017-06-19,34.992,35.122,34.972,34.970001,172000,34.878162
2017-06-20,34.982,35.022,34.681,34.619999,257000,34.529079
2017-06-21,34.741,34.741,34.43,34.34,155000,34.249817
2017-06-22,34.42,34.641,34.32,34.43,234000,34.339581
2017-06-23,34.571,34.761,34.461,34.650002,207600,34.559002
2017-06-26,34.61,34.79,34.5,34.709999,174500,34.709999
2017-06-27,34.7,34.79,34.45,34.450001,158000,34.450001
2017-06-28,34.68,34.99,34.65,34.900002,338400,34.900002
2017-06-29,34.94,34.95,34.4,34.73,163700,34.73
2017-06-30,NA,NA,NA,NA,NA,NA
2017-07-03,34.88,35.11,34.84,35.029999,161300,35.029999
2017-07-07,34.39,34.63,34.36,34.630001,125076,34.630001
