"Date","FNDC.Open","FNDC.High","FNDC.Low","FNDC.Close","FNDC.Volume","FNDC.Adjusted"
2013-08-15,26.525,26.525,26.24,24.940001,11400,23.599955
2013-08-16,26.684,26.684,26.409,24.99,9000,23.647266
2013-08-19,26.641,26.641,26.43,25.049999,3900,23.704042
2013-08-20,26.641,26.641,26.324,25.02,5200,23.675655
2013-08-21,26.409,26.409,26.208,24.91,3400,23.571566
2013-08-22,26.377,26.441,26.356,24.99,16300,23.647266
2013-08-23,26.515,26.652,26.504,25.209999,5400,23.855444
2013-08-26,26.483,26.483,26.377,24.959999,15500,23.618877
2013-08-27,26.113,26.134,25.87,24.49,7500,23.174131
2013-08-28,25.912,25.997,25.902,24.52,10300,23.20252
2013-08-29,25.933,25.986,25.891,24.549999,4800,23.230907
2013-08-30,25.754,25.754,25.616,24.24,1900,22.937565
2013-09-03,26.145,26.145,25.976,24.59,10200,23.268761
2013-09-04,26.05,26.261,26.05,24.84,7100,23.505325
2013-09-05,26.24,26.282,26.176,24.77,16100,23.439089
2013-09-06,26.388,26.388,26.261,24.85,12800,23.51479
2013-09-09,26.652,26.768,26.61,25.33,11700,23.969
2013-09-10,27.128,27.128,27.054,25.65,5900,24.271805
2013-09-11,27.075,27.075,27.001,25.620001,12700,24.243418
2013-09-12,27.043,27.075,26.842,25.43,61900,24.063625
2013-09-13,27.011,27.011,26.959,25.540001,6200,24.167715
2013-09-16,27.476,27.476,27.318,25.85,15000,24.46106
2013-09-17,27.318,27.392,27.265,25.860001,14200,24.470522
2013-09-18,27.297,28.11,27.297,26.549999,43400,25.123446
2013-09-19,28.11,28.713,27.814,26.440001,4900,25.01936
2013-09-20,27.793,27.793,27.645,26.18,3900,24.773327
2013-09-23,27.667,27.688,27.561,26.139999,6700,24.735476
2013-09-24,27.645,27.783,27.645,26.280001,13400,24.867954
2013-09-25,27.667,27.688,27.667,26.200001,2000,24.792253
2013-09-26,27.846,27.867,27.772,26.360001,9700,24.943655
2013-09-27,27.751,27.836,27.73,26.309999,2100,24.896341
2013-09-30,27.92,27.92,27.624,26.299999,4400,24.886881
2013-10-01,27.931,27.931,27.804,26.309999,600,24.896341
2013-10-02,27.73,27.783,27.73,26.290001,900,24.877419
2013-10-03,27.582,27.645,27.529,26.08,33400,24.678701
2013-10-04,27.54,27.635,27.519,26.08,6900,24.678701
2013-10-07,27.476,27.487,27.223,25.799999,12600,24.413746
2013-10-08,27.286,27.286,27.138,25.700001,5900,24.31912
2013-10-09,27.413,27.423,27.159,25.85,19500,24.46106
2013-10-10,27.688,27.846,27.624,26.35,19300,24.934195
2013-10-11,27.941,27.952,27.846,26.440001,7000,25.01936
2013-10-14,27.91,28.079,27.867,26.530001,4000,25.104523
2013-10-15,28.332,28.332,27.92,26.42,9400,25.000431
2013-10-16,28.005,28.068,27.899,26.559999,23200,25.132908
2013-10-17,28.258,28.406,28.227,26.879999,21800,25.435715
2013-10-18,29.135,29.135,28.533,27.139999,43400,25.681746
2013-10-21,28.966,28.966,28.618,27.16,18900,25.70067
2013-10-22,28.84,28.903,28.787,27.35,7600,25.880463
2013-10-23,28.628,28.628,28.47,26.99,7000,25.539804
2013-10-24,28.882,28.882,28.681,27.24,7100,25.776371
2013-10-25,28.744,28.744,28.586,27.110001,12900,25.653358
2013-10-28,28.702,28.702,28.565,27.08,5500,25.624971
2013-10-29,28.692,28.692,28.607,27.110001,9800,25.653358
2013-10-30,28.776,28.776,28.533,27.120001,11500,25.662823
2013-10-31,28.649,28.67,28.533,27.040001,25100,25.58712
2013-11-01,28.385,28.385,28.227,26.799999,21700,25.360014
2013-11-04,28.47,28.47,28.332,26.9,17400,25.454641
2013-11-05,28.322,28.322,28.163,26.74,10900,25.303236
2013-11-06,28.533,28.544,28.47,27.01,13400,25.558731
2013-11-07,28.121,28.227,28.036,26.530001,10900,25.104523
2013-11-08,27.741,28.248,27.741,26.73,11800,25.293776
2013-11-11,28.322,28.322,28.195,26.709999,4200,25.274851
2013-11-12,28.248,28.248,28.163,26.709999,6900,25.274851
2013-11-13,28.163,28.353,28.026,26.83,8400,25.388401
2013-11-14,28.417,28.459,28.332,26.93,4900,25.483028
2013-11-15,28.882,28.882,28.586,27.139999,7100,25.681746
2013-11-18,28.808,28.808,28.639,27.1,8500,25.643894
2013-11-19,28.491,28.586,28.438,27.02,7000,25.568193
2013-11-20,28.48,28.501,28.322,26.799999,8400,25.360014
2013-11-21,28.438,28.501,28.385,26.950001,9400,25.501955
2013-11-22,28.544,28.544,28.353,26.99,5900,25.539804
2013-11-25,28.512,28.512,28.375,26.879999,7400,25.435715
2013-11-26,28.438,28.512,28.375,26.969999,9900,25.52088
2013-11-27,28.597,28.597,28.48,26.99,4100,25.539804
2013-11-29,28.353,28.628,28.353,27.09,2600,25.634434
2013-12-02,28.512,28.523,28.449,26.93,8800,25.483028
2013-12-03,28.29,28.29,28.153,26.639999,12700,25.208611
2013-12-04,27.994,28.11,27.888,26.59,10500,25.161299
2013-12-05,28.1,28.1,27.91,26.469999,6600,25.047745
2013-12-06,28.279,28.301,28.153,26.76,11900,25.322165
2013-12-09,28.343,28.343,28.206,26.780001,8700,25.341087
2013-12-10,28.227,28.322,28.227,26.799999,9300,25.360014
2013-12-11,28.343,28.343,28.11,26.610001,13300,25.180223
2013-12-12,28.036,28.036,27.92,26.5,12800,25.076134
2013-12-13,27.973,27.984,27.878,26.459999,5100,25.03828
2013-12-16,28.11,28.11,28.026,26.540001,7300,25.113985
2013-12-17,28.026,28.058,27.962,26.530001,6000,25.104523
2013-12-18,28.163,28.427,28.11,26.9,10300,25.454641
2013-12-19,28.227,28.29,28.163,26.75,12200,25.3127
2013-12-20,28.237,28.438,28.237,26.870001,14500,25.426254
2013-12-23,28.136,28.294,28.136,26.950001,18100,25.670095
2013-12-24,28.136,28.294,28.094,26.879999,7800,25.603418
2013-12-26,28.357,28.441,28.357,27.059999,7800,25.77487
2013-12-27,28.598,28.64,28.577,27.24,13500,25.946321
2013-12-30,28.735,28.84,28.724,27.459999,8600,26.155874
2013-12-31,28.934,28.976,28.798,27.530001,22700,26.222549
2014-01-02,28.714,28.714,28.399,27.049999,16500,25.765347
2014-01-03,28.577,28.651,28.535,27.25,13900,25.955851
2014-01-06,28.661,28.693,28.619,27.290001,9100,25.993948
2014-01-07,28.682,28.756,28.672,27.370001,12100,26.07015
2014-01-08,28.85,28.85,28.724,27.360001,30700,26.060625
2014-01-09,28.735,28.745,28.63,27.35,23800,26.051098
2014-01-10,28.819,29.06,28.808,27.66,17100,26.346376
2014-01-13,28.987,29.008,28.777,27.48,14900,26.174925
2014-01-14,28.892,29.018,28.798,27.629999,14200,26.317799
2014-01-15,28.987,29.123,28.987,27.690001,12300,26.374952
2014-01-16,29.039,29.06,28.934,27.68,9300,26.365427
2014-01-17,29.102,29.144,29.06,27.68,10700,26.365427
2014-01-21,29.123,29.197,29.029,27.77,20800,26.451153
2014-01-22,29.239,29.239,29.018,27.76,15900,26.441629
2014-01-23,29.05,29.05,28.766,27.450001,10600,26.146349
2014-01-24,28.525,28.525,28.252,26.91,23500,25.631996
2014-01-27,28.189,28.189,27.863,26.73,23300,25.460543
2014-01-28,28.178,28.367,28.178,27.02,11900,25.736773
2014-01-29,28.168,28.304,28.157,26.93,12000,25.651047
2014-01-30,28.262,28.294,28.147,26.889999,38900,25.612944
2014-01-31,27.79,28.042,27.758,26.610001,21200,25.346243
2014-02-03,27.832,27.832,27.391,26.09,26000,24.850939
2014-02-04,27.307,27.506,26.918,26.190001,4700,24.94619
2014-02-05,27.517,27.58,27.401,26.25,14800,25.003342
2014-02-06,27.758,28.031,27.758,26.700001,7600,25.431971
2014-02-07,28.157,28.357,28.126,27.01,8500,25.727245
2014-02-10,28.262,28.262,28.21,26.889999,6900,25.612944
2014-02-11,28.336,28.651,28.336,27.25,12600,25.955851
2014-02-12,28.577,28.651,28.577,27.290001,5600,25.993948
2014-02-13,28.378,28.724,28.378,27.35,10400,26.051098
2014-02-14,28.661,28.829,28.661,27.459999,8000,26.155874
2014-02-18,28.955,29.092,28.955,27.709999,12400,26.394001
2014-02-19,28.966,29.113,28.84,27.469999,11200,26.165398
2014-02-20,28.745,28.882,28.745,27.51,3600,26.203499
2014-02-21,29.008,29.071,28.966,27.59,2900,26.279701
2014-02-24,29.123,29.386,29.123,27.84,11800,26.517828
2014-02-25,29.218,29.239,29.123,27.790001,14600,26.470203
2014-02-26,29.144,29.144,29.039,27.66,5700,26.346376
2014-02-27,29.05,29.113,29.039,27.73,3800,26.413052
2014-02-28,29.291,29.501,29.291,28.01,9600,26.679754
2014-03-03,28.924,28.924,28.735,27.41,22500,26.108248
2014-03-04,29.26,29.302,29.239,27.91,5200,26.584503
2014-03-05,29.291,29.302,29.26,27.9,4400,26.574978
2014-03-06,29.722,29.722,29.533,28.129999,2500,26.794056
2014-03-07,29.659,29.659,29.417,28.09,13000,26.755955
2014-03-10,29.47,29.47,29.27,27.92,3400,26.594027
2014-03-11,29.323,29.323,29.144,27.76,5000,26.441629
2014-03-12,28.913,28.955,28.903,27.559999,4200,26.251125
2014-03-13,29.039,29.039,28.546,27.190001,11400,25.898699
2014-03-14,28.409,28.525,28.409,27.1,3700,25.812971
2014-03-17,28.756,28.808,28.672,27.43,5600,26.1273
2014-03-18,28.871,29.039,28.861,27.65,8800,26.336851
2014-03-19,29.05,29.05,28.703,27.34,9800,26.041574
2014-03-20,28.483,28.525,28.367,27.129999,10300,25.841545
2014-03-21,28.63,28.63,28.357,27.01,2700,25.727245
2014-03-24,28.451,28.556,28.336,27.15,7300,25.860598
2014-03-25,28.745,28.745,28.535,27.33,19000,26.032047
2014-03-26,28.913,28.913,28.714,27.35,6100,26.051098
2014-03-27,28.85,28.871,28.798,27.49,5700,26.18445
2014-03-28,29.228,29.228,29.102,27.75,8200,26.432102
2014-03-31,29.302,29.323,29.249,27.870001,17900,26.546404
2014-04-01,29.512,29.512,29.407,28.07,18100,26.736904
2014-04-02,29.417,29.543,29.417,28.139999,12700,26.803579
2014-04-03,29.522,29.522,29.302,28.030001,6400,26.698805
2014-04-04,29.512,29.564,29.281,27.959999,20900,26.632128
2014-04-07,29.218,29.291,29.134,27.860001,3300,26.536877
2014-04-08,29.029,29.06,29.008,27.68,11300,26.365427
2014-04-09,29.323,29.417,29.207,28.02,10700,26.68928
2014-04-10,29.333,29.333,28.966,27.6,5300,26.289227
2014-04-11,28.882,28.882,28.756,27.4,6700,26.098724
2014-04-14,28.871,28.871,28.693,27.389999,6900,26.089197
2014-04-15,28.798,28.798,28.609,27.34,6200,26.041574
2014-04-16,29.05,29.102,28.934,27.709999,11000,26.394001
2014-04-17,29.123,29.218,29.113,27.83,5200,26.508303
2014-04-21,29.354,29.354,29.207,27.889999,12900,26.565453
2014-04-22,29.302,29.302,29.197,27.860001,11200,26.536877
2014-04-23,29.333,29.333,29.249,27.870001,7500,26.546404
2014-04-24,29.417,29.417,29.186,27.84,12800,26.517828
2014-04-25,29.323,29.323,29.186,27.85,14000,26.527353
2014-04-28,29.281,29.281,29.113,27.879999,9000,26.555927
2014-04-29,29.386,29.449,29.302,27.98,31800,26.651176
2014-04-30,29.27,29.375,29.239,27.98,4700,26.651176
2014-05-01,29.375,29.512,29.375,28.08,9200,26.746429
2014-05-02,29.522,29.543,29.449,28.1,6300,26.76548
2014-05-05,29.386,29.48,29.312,28.08,4900,26.746429
2014-05-06,29.575,29.575,29.459,28.059999,17300,26.727379
2014-05-07,29.438,29.438,29.333,27.959999,13700,26.632128
2014-05-08,29.438,29.47,29.323,27.93,5600,26.603556
2014-05-09,29.386,29.386,29.207,27.889999,19500,26.565453
2014-05-12,29.417,29.48,29.417,28.08,3600,26.746429
2014-05-13,29.47,29.48,29.386,28.08,3100,26.746429
2014-05-14,29.449,29.449,29.428,28.030001,15700,26.698805
2014-05-15,29.333,29.333,29.071,27.809999,8700,26.489252
2014-05-16,29.113,29.113,28.997,27.700001,6100,26.384478
2014-05-19,28.966,29.092,28.966,27.709999,8000,26.394001
2014-05-20,28.966,28.966,28.903,27.58,8800,26.270176
2014-05-21,29.134,29.165,29.05,27.780001,5400,26.460678
2014-05-22,29.386,29.386,29.249,27.93,8500,26.603556
2014-05-23,29.491,29.491,29.365,28.09,10200,26.755955
2014-05-27,29.743,29.743,29.627,28.27,7800,26.927406
2014-05-28,29.701,29.722,29.638,28.290001,8600,26.946457
2014-05-29,29.89,29.89,29.785,28.469999,13700,27.117907
2014-05-30,30.047,30.047,29.879,28.540001,15200,27.184584
2014-06-02,30.015,30.057,30.015,28.629999,3500,27.270309
2014-06-03,30.078,30.078,29.921,28.540001,5900,27.184584
2014-06-04,30.047,30.057,29.858,28.629999,8200,27.270309
2014-06-05,30.047,30.194,30.047,28.76,3300,27.394136
2014-06-06,30.257,30.372,30.236,28.91,5500,27.537012
2014-06-09,30.257,30.372,30.257,28.93,10500,27.556063
2014-06-10,30.246,30.246,30.141,28.809999,6200,27.441761
2014-06-11,30.225,30.225,30.11,28.709999,6600,27.346508
2014-06-12,30.288,30.288,30.152,28.75,9700,27.384611
2014-06-13,30.236,30.236,30.089,28.719999,5000,27.356035
2014-06-16,30.12,30.131,30.068,28.690001,1800,27.327461
2014-06-17,30.162,30.162,30.036,28.690001,27600,27.327461
2014-06-18,30.278,30.467,30.204,29.02,8500,27.641788
2014-06-19,30.582,30.582,30.477,29.09,12200,27.708464
2014-06-20,30.593,30.593,30.467,29.040001,7200,27.660837
2014-06-23,30.456,30.467,30.341,28.969999,8400,27.594162
2014-06-24,30.362,30.446,30.288,28.85,5100,27.479862
2014-06-25,30.162,30.32,30.162,28.879999,8400,27.508434
2014-06-26,30.362,30.404,30.236,28.959999,6600,27.584637
2014-06-27,30.33,30.404,30.278,28.959999,8200,27.584637
2014-06-30,30.477,30.54,30.477,29.09,2800,27.708464
2014-07-01,30.708,30.866,30.708,29.379999,13700,27.98469
2014-07-02,30.876,30.876,30.761,29.4,8500,28.00374
2014-07-03,30.929,30.929,30.866,29.450001,6100,28.051365
2014-07-07,30.782,30.782,30.645,29.24,5400,27.851339
2014-07-08,30.666,30.666,30.414,28.99,6700,27.613213
2014-07-09,30.488,30.519,30.414,29.07,11300,27.689413
2014-07-10,30.068,30.162,29.952,28.73,9800,27.365561
2014-07-11,30.278,30.278,30.078,28.73,6200,27.365561
2014-07-14,30.414,30.414,30.341,28.9,6300,27.527487
2014-07-15,30.456,30.456,30.173,28.809999,4900,27.441761
2014-07-16,30.393,30.425,30.351,28.93,5500,27.556063
2014-07-17,30.33,30.383,30.183,28.75,6300,27.384611
2014-07-18,30.278,30.362,30.152,28.9,22500,27.527487
2014-07-21,30.299,30.299,30.141,28.82,4900,27.451284
2014-07-22,30.467,30.467,30.341,28.959999,5400,27.584637
2014-07-23,30.635,30.635,30.488,29.08,12800,27.698938
2014-07-24,30.666,30.666,30.467,29.040001,12900,27.660837
2014-07-25,30.614,30.614,30.383,29,3500,27.622736
2014-07-28,30.498,30.498,30.362,29.030001,6900,27.651314
2014-07-29,30.593,30.593,30.435,28.99,4700,27.613213
2014-07-30,30.488,30.488,30.278,28.950001,14700,27.575111
2014-07-31,30.183,30.183,29.858,28.469999,6800,27.117907
2014-08-01,29.732,29.869,29.659,28.379999,16200,27.032181
2014-08-04,29.795,29.89,29.711,28.469999,4900,27.117907
2014-08-05,29.732,29.732,29.396,28.07,11700,26.736904
2014-08-06,29.375,29.375,29.218,27.959999,6500,26.632128
2014-08-07,29.533,29.533,29.186,27.82,5500,26.498777
2014-08-08,29.249,29.386,29.165,27.99,6700,26.660706
2014-08-11,29.806,29.806,29.575,28.18,11000,26.841681
2014-08-12,29.701,29.701,29.564,28.219999,9600,26.879782
2014-08-13,29.806,29.858,29.701,28.34,16200,26.994083
2014-08-14,29.9,29.9,29.785,28.43,5100,27.079807
2014-08-15,29.953,29.973,29.701,28.389999,7200,27.041706
2014-08-18,29.952,30.099,29.952,28.67,8800,27.308411
2014-08-19,30.278,30.278,30.047,28.67,3200,27.308411
2014-08-20,30.246,30.246,29.9,28.58,9100,27.222685
2014-08-21,30.152,30.152,30.005,28.620001,6300,27.260786
2014-08-22,30.11,30.11,29.869,28.540001,8600,27.184584
2014-08-25,30.183,30.183,29.984,28.620001,4400,27.260786
2014-08-26,30.194,30.194,30.047,28.629999,2600,27.270309
2014-08-27,30.257,30.257,30.057,28.68,8900,27.317936
2014-08-28,30.068,30.068,29.9,28.549999,3800,27.194107
2014-08-29,30.015,30.015,29.869,28.49,5200,27.136957
2014-09-02,30.162,30.162,29.869,28.540001,8200,27.184584
2014-09-03,30.183,30.183,30.005,28.59,5300,27.232208
2014-09-04,30.047,30.047,29.816,28.450001,7700,27.098858
2014-09-05,29.911,29.911,29.743,28.42,5000,27.070282
2014-09-08,29.869,29.869,29.533,28.200001,3200,26.860731
2014-09-09,29.596,29.596,29.333,27.99,6000,26.660706
2014-09-10,29.407,29.533,29.375,28.129999,4000,26.794056
2014-09-11,29.407,29.407,29.228,27.9,3300,26.574978
2014-09-12,29.354,29.354,29.186,27.809999,3900,26.489252
2014-09-15,29.239,29.239,29.102,27.77,5700,26.451153
2014-09-16,29.018,29.302,29.018,27.860001,14500,26.536877
2014-09-17,29.249,29.249,29.06,27.690001,3700,26.374952
2014-09-18,29.113,29.197,29.113,27.790001,4000,26.470203
2014-09-19,29.333,29.333,29.06,27.709999,9600,26.394001
2014-09-22,29.134,29.134,28.882,27.6,9600,26.289227
2014-09-23,28.913,28.913,28.703,27.440001,8100,26.136826
2014-09-24,28.913,28.913,28.84,27.49,1800,26.18445
2014-09-25,28.84,28.84,28.535,27.200001,2400,25.908224
2014-09-26,28.546,28.693,28.546,27.290001,2700,25.993948
2014-09-29,28.483,28.483,28.42,27.07,1100,25.784395
2014-09-30,28.493,28.493,28.283,27.01,8200,25.727245
2014-10-01,28.273,28.273,27.979,26.719999,5300,25.451019
2014-10-02,27.895,27.895,27.506,26.32,5400,25.070015
2014-10-03,27.716,27.979,27.716,26.540001,14000,25.279568
2014-10-06,27.895,27.947,27.811,26.59,7500,25.327192
2014-10-07,27.821,27.821,27.527,26.219999,12500,24.974762
2014-10-08,27.559,27.853,27.328,26.52,5000,25.260519
2014-10-09,27.643,27.643,27.013,25.75,13800,24.527084
2014-10-10,27.002,27.002,26.719,25.540001,6300,24.327061
2014-10-13,26.876,26.876,26.446,25.190001,9100,23.993681
2014-10-14,26.729,26.803,26.603,25.370001,5800,24.165134
2014-10-15,26.582,26.582,26.173,25.280001,9000,24.079407
2014-10-16,26.173,26.603,26.11,25.15,8500,23.955582
2014-10-17,26.887,26.887,26.677,25.41,11100,24.203232
2014-10-20,26.866,27.076,26.845,25.790001,4900,24.565187
2014-10-21,27.254,27.359,27.16,26.059999,23400,24.822363
2014-10-22,27.59,27.59,27.349,26.049999,10400,24.81284
2014-10-23,27.538,27.538,27.433,26.209999,18700,24.965239
2014-10-24,27.412,27.517,27.412,26.209999,5100,24.965239
2014-10-27,27.496,27.496,27.349,26.120001,6400,24.879515
2014-10-28,27.674,27.758,27.622,26.440001,8900,25.184317
2014-10-29,27.821,27.884,27.611,26.309999,6800,25.06049
2014-10-30,27.716,27.832,27.569,26.440001,4900,25.184317
2014-10-31,28.084,28.336,28.084,26.940001,5700,25.66057
2014-11-03,28.388,28.388,28.178,26.93,7900,25.651047
2014-11-04,27.811,27.811,27.643,26.440001,7400,25.184317
2014-11-05,27.821,27.821,27.653,26.370001,7600,25.117641
2014-11-06,27.443,27.58,27.443,26.23,9400,24.984291
2014-11-07,27.422,27.506,27.422,26.200001,4600,24.955715
2014-11-10,27.727,27.727,27.695,26.389999,1500,25.136688
2014-11-11,27.853,27.853,27.706,26.530001,9000,25.270042
2014-11-12,27.664,27.674,27.59,26.309999,13800,25.06049
2014-11-13,27.622,27.758,27.611,26.370001,11600,25.117641
2014-11-14,27.674,27.737,27.601,26.4,3100,25.146217
2014-11-17,27.412,27.559,27.412,26.23,5500,24.984291
2014-11-18,27.905,27.905,27.748,26.52,7600,25.260519
2014-11-19,27.643,27.653,27.643,26.34,800,25.089067
2014-11-20,27.59,27.611,27.559,26.280001,9500,25.031918
2014-11-21,28.105,28.105,27.758,26.52,10600,25.260519
2014-11-24,27.979,27.979,27.821,26.540001,3900,25.279568
2014-11-25,28.052,28.052,27.884,26.629999,6900,25.365292
2014-11-26,28.094,28.094,27.968,26.639999,6300,25.374819
2014-11-28,27.947,27.947,27.79,26.48,2600,25.222416
2014-12-01,27.832,27.832,27.674,26.42,5300,25.165266
2014-12-02,27.926,27.926,27.758,26.49,2200,25.231941
2014-12-03,27.916,27.947,27.832,26.59,7400,25.327192
2014-12-04,27.821,27.895,27.779,26.51,5000,25.250992
2014-12-05,27.916,27.916,27.769,26.540001,13000,25.279568
2014-12-08,27.779,27.779,27.527,26.25,6100,25.003342
2014-12-09,27.475,27.559,27.37,26.25,13000,25.003342
2014-12-10,27.653,27.653,27.233,26.02,21400,24.784264
2014-12-11,27.506,27.506,27.317,26.02,43300,24.784264
2014-12-12,27.296,27.296,26.929,25.65,24700,24.431833
2014-12-15,27.16,27.16,26.614,25.4,18600,24.193708
2014-12-16,26.624,26.866,26.624,25.530001,4700,24.317533
2014-12-17,27.044,27.275,26.876,25.889999,51100,24.660437
2014-12-18,27.548,27.601,27.391,26.290001,98700,25.041441
2014-12-19,27.632,27.632,27.485,26.27,75800,25.02239
2014-12-22,26.638,26.72,26.627,25.809999,32900,24.97884
2014-12-23,26.751,26.751,26.669,25.83,38600,24.998196
2014-12-24,26.576,26.834,26.576,25.940001,20600,25.104654
2014-12-26,26.741,26.927,26.741,26,12000,25.16272
2014-12-29,26.803,26.813,26.71,25.889999,39800,25.056263
2014-12-30,26.648,26.731,26.627,25.870001,34100,25.036907
2014-12-31,26.803,26.803,26.555,25.700001,19700,24.872383
2015-01-02,26.607,26.617,26.462,25.620001,19600,24.79496
2015-01-05,26.441,26.441,26.111,25.32,22500,24.504618
2015-01-06,26.101,26.142,25.78,25.07,16000,24.262671
2015-01-07,26.008,26.183,25.977,25.290001,19400,24.475586
2015-01-08,26.338,26.369,26.214,25.469999,29900,24.649788
2015-01-09,26.4,26.4,26.132,25.360001,15600,24.543331
2015-01-12,26.256,26.256,26.018,25.24,15600,24.427195
2015-01-13,26.452,26.452,26.028,25.35,14600,24.533653
2015-01-14,26.121,26.204,26.008,25.35,7000,24.533653
2015-01-15,26.493,26.493,26.194,25.379999,25700,24.562687
2015-01-16,26.173,26.39,26.132,25.540001,18600,24.717535
2015-01-20,26.638,26.638,26.39,25.629999,14500,24.804636
2015-01-21,26.596,26.607,26.431,25.74,39000,24.911095
2015-01-22,26.586,26.679,26.39,25.74,33400,24.911095
2015-01-23,26.669,26.669,26.441,25.610001,31600,24.78528
2015-01-26,26.772,26.824,26.638,25.91,22100,25.075619
2015-01-27,26.813,26.855,26.72,25.940001,19000,25.104654
2015-01-28,27.072,27.072,26.596,25.74,24600,24.911095
2015-01-29,26.865,26.875,26.679,26.01,30100,25.1724
2015-01-30,26.793,26.793,26.658,25.82,8700,24.988518
2015-02-02,26.979,26.979,26.762,26.110001,44100,25.269178
2015-02-03,27.072,27.247,26.979,26.32,13300,25.472416
2015-02-04,27.278,27.278,27.103,26.32,10900,25.472416
2015-02-05,27.351,27.444,27.278,26.559999,17100,25.704687
2015-02-06,27.33,27.33,27.113,26.290001,34900,25.443384
2015-02-09,27.061,27.061,26.948,26.120001,19500,25.278856
2015-02-10,27.237,27.247,27.092,26.35,15900,25.50145
2015-02-11,27.175,27.175,27.03,26.27,34600,25.424026
2015-02-12,27.289,27.475,27.268,26.58,25600,25.724043
2015-02-13,27.723,27.723,27.537,26.76,25700,25.898247
2015-02-17,27.754,27.785,27.599,26.860001,15700,25.995026
2015-02-18,28.002,28.022,27.888,27.09,24200,26.217619
2015-02-19,28.105,28.105,27.991,27.120001,22800,26.246655
2015-02-20,28.095,28.353,27.971,27.360001,19600,26.478926
2015-02-23,28.343,28.343,28.095,27.23,20900,26.353111
2015-02-24,28.301,28.301,28.095,27.360001,17100,26.478926
2015-02-25,28.56,28.56,28.301,27.469999,28800,26.585382
2015-02-26,28.518,28.518,28.26,27.379999,26300,26.49828
2015-02-27,28.436,28.436,28.301,27.4,12400,26.517635
2015-03-02,28.436,28.436,28.301,27.459999,14800,26.575705
2015-03-03,28.312,28.312,28.167,27.309999,18400,26.430534
2015-03-04,28.198,28.198,27.929,27.18,31000,26.30472
2015-03-05,28.301,28.301,28.115,27.27,24400,26.391825
2015-03-06,28.095,28.095,27.867,26.99,23900,26.12084
2015-03-09,27.94,27.94,27.836,27.01,28700,26.140196
2015-03-10,27.63,27.63,27.382,26.549999,89400,25.695007
2015-03-11,27.526,27.526,27.382,26.620001,109900,25.762756
2015-03-12,27.878,27.878,27.733,26.940001,107600,26.072451
2015-03-13,27.774,27.774,27.568,26.780001,110700,25.917603
2015-03-16,27.878,27.95,27.857,27.01,150600,26.140196
2015-03-17,27.826,27.847,27.681,26.91,122700,26.043417
2015-03-18,27.867,28.239,27.785,27.280001,160800,26.401503
2015-03-19,28.105,28.105,27.909,27.07,124200,26.198263
2015-03-20,28.508,28.518,28.291,27.530001,140300,26.64345
2015-03-23,28.684,28.704,28.56,27.77,120100,26.875721
2015-03-24,28.839,28.839,28.642,27.75,141600,26.856365
2015-03-25,28.859,28.859,28.549,27.65,112800,26.759584
2015-03-26,28.405,28.405,28.188,27.4,113900,26.517635
2015-03-27,28.332,28.332,28.198,27.32,127800,26.440212
2015-03-30,28.25,28.332,28.239,27.360001,115700,26.478926
2015-03-31,28.095,28.115,27.971,27.18,123000,26.30472
2015-04-01,28.229,28.229,27.96,27.15,171300,26.275688
2015-04-02,28.343,28.425,28.291,27.49,137600,26.604738
2015-04-06,28.725,28.952,28.642,27.889999,136500,26.991856
2015-04-07,28.89,28.89,28.694,27.77,166600,26.875721
2015-04-08,29.128,29.128,28.839,28,139400,27.098314
2015-04-09,29.004,29.004,28.777,27.98,112100,27.078959
2015-04-10,28.983,29.004,28.89,28.07,121400,27.166059
2015-04-13,28.942,28.942,28.735,27.870001,136200,26.972502
2015-04-14,29.107,29.107,29.025,28.15,132800,27.243484
2015-04-15,29.107,29.231,29.035,28.25,123600,27.340265
2015-04-16,29.335,29.335,29.118,28.33,162600,27.417688
2015-04-17,28.983,28.983,28.797,27.950001,102500,27.049925
2015-04-20,28.89,28.911,28.828,27.940001,113400,27.040247
2015-04-21,29.118,29.118,29.014,28.129999,129500,27.224129
2015-04-22,29.149,29.149,28.994,28.15,123700,27.243484
2015-04-23,28.963,29.18,28.911,28.209999,134500,27.301552
2015-04-24,29.324,29.366,29.242,28.360001,107500,27.446722
2015-04-27,29.469,29.552,29.397,28.5,112200,27.582212
2015-04-28,29.459,29.531,29.366,28.58,117000,27.659637
2015-04-29,29.366,29.407,29.252,28.41,126600,27.495111
2015-04-30,29.149,29.231,28.994,28.17,85700,27.26284
2015-05-01,29.169,29.242,29.045,28.299999,120800,27.388653
2015-05-04,29.335,29.335,29.138,28.389999,139900,27.475754
2015-05-05,29.273,29.273,28.942,28.059999,128500,27.156382
2015-05-06,29.118,29.138,28.89,28.07,107900,27.166059
2015-05-07,28.973,28.994,28.87,28.040001,95300,27.137028
2015-05-08,29.469,29.552,29.417,28.59,103700,27.669315
2015-05-11,29.51,29.552,29.386,28.49,109600,27.572535
2015-05-12,29.407,29.5,29.335,28.51,104200,27.59189
2015-05-13,29.81,29.831,29.686,28.76,105000,27.833841
2015-05-14,29.965,29.965,29.841,29,104300,28.066113
2015-05-15,29.975,30.11,29.965,29.139999,87400,28.201603
2015-05-18,29.996,30.006,29.903,29.02,99900,28.085468
2015-05-19,29.862,29.955,29.851,28.92,142500,27.988689
2015-05-20,29.882,29.965,29.789,28.92,147200,27.988689
2015-05-21,29.913,30.006,29.841,29.030001,111700,28.095146
2015-05-22,29.934,29.934,29.841,28.9,103600,27.969332
2015-05-26,29.51,29.531,29.273,28.42,101600,27.504789
2015-05-27,29.428,29.5,29.335,28.549999,191500,27.630602
2015-05-28,29.293,29.438,29.231,28.49,83100,27.572535
2015-05-29,29.355,29.355,29.087,28.290001,91200,27.378977
2015-06-01,29.5,29.5,29.169,28.35,87500,27.437044
2015-06-02,29.397,29.593,29.345,28.52,107200,27.601568
2015-06-03,29.572,29.665,29.51,28.65,86400,27.727383
2015-06-04,29.479,29.521,29.252,28.379999,89000,27.466078
2015-06-05,29.056,29.159,28.973,28.17,94800,27.26284
2015-06-08,29.066,29.066,28.942,28.1,83500,27.195095
2015-06-09,28.983,29.014,28.808,28.02,82300,27.117672
2015-06-10,29.262,29.469,29.262,28.49,88900,27.572535
2015-06-11,29.531,29.541,29.355,28.530001,101400,27.611248
2015-06-12,29.242,29.314,29.169,28.360001,115600,27.446722
2015-06-15,29.025,29.159,29.014,28.200001,164000,27.291874
2015-06-16,29.014,29.159,28.994,28.200001,88200,27.291874
2015-06-17,29.087,29.169,28.828,28.200001,82500,27.291874
2015-06-18,29.149,29.417,29.149,28.32,88400,27.408009
2015-06-19,29.335,29.335,29.242,28.34,70000,27.427366
2015-06-22,29.676,29.686,29.531,28.629999,96200,27.708025
2015-06-23,29.634,29.696,29.593,28.74,114200,27.814484
2015-06-24,29.562,29.572,29.407,28.51,96200,27.59189
2015-06-25,29.603,29.603,29.417,28.469999,74400,27.553179
2015-06-26,29.51,29.531,29.366,28.52,161300,27.601568
2015-06-29,29.004,29.004,28.704,27.780001,99000,26.885401
2015-06-30,29.045,29.045,28.715,27.889999,93900,26.991856
2015-07-01,29.2,29.2,28.921,28.08,98200,27.175737
2015-07-02,29.045,29.045,28.921,28.07,97100,27.166059
2015-07-06,28.487,28.611,28.394,27.57,73500,26.682161
2015-07-07,28.363,28.487,28.033,27.540001,100200,26.65313
2015-07-08,28.022,28.022,27.661,26.799999,98000,25.936958
2015-07-09,28.188,28.188,27.898,27.049999,77400,26.178907
2015-07-10,28.498,28.539,28.353,27.57,68300,26.682161
2015-07-13,28.859,28.859,28.632,27.77,75200,26.875721
2015-07-14,28.797,28.87,28.746,27.940001,76200,27.040247
2015-07-15,28.911,28.911,28.684,27.85,64000,26.953144
2015-07-16,29.025,29.025,28.901,28.030001,96500,27.12735
2015-07-17,28.973,28.973,28.849,27.969999,68300,27.069279
2015-07-20,29.014,29.014,28.89,27.969999,81900,27.069279
2015-07-21,28.942,28.983,28.901,28.030001,110400,27.12735
2015-07-22,28.777,28.828,28.746,27.870001,85700,26.972502
2015-07-23,28.911,28.911,28.694,27.77,74200,26.875721
2015-07-24,28.756,28.756,28.477,27.58,78000,26.691841
2015-07-27,28.363,28.363,28.198,27.35,90800,26.469248
2015-07-28,28.477,28.56,28.374,27.629999,73700,26.740229
2015-07-29,28.622,28.797,28.58,27.82,75800,26.924112
2015-07-30,28.601,28.653,28.446,27.67,98700,26.778942
2015-07-31,28.932,28.932,28.715,27.799999,76300,26.904755
2015-08-03,28.725,28.828,28.642,27.83,69500,26.93379
2015-08-04,28.89,28.911,28.746,27.9,120100,27.001535
2015-08-05,28.983,28.983,28.839,27.959999,82600,27.059601
2015-08-06,28.88,28.88,28.684,27.82,99000,26.924112
2015-08-07,28.663,28.746,28.601,27.74,81700,26.846687
2015-08-10,28.766,29.159,28.766,28.17,63300,27.26284
2015-08-11,28.87,28.87,28.673,27.83,72600,26.93379
2015-08-12,28.591,28.684,28.405,27.74,106000,26.846687
2015-08-13,28.694,28.787,28.591,27.77,78900,26.875721
2015-08-14,28.808,28.859,28.715,27.91,87600,27.011213
2015-08-17,28.818,28.87,28.735,27.940001,65600,27.040247
2015-08-18,28.777,28.777,28.642,27.75,105400,26.856365
2015-08-19,28.498,28.56,28.27,27.559999,90400,26.672483
2015-08-20,28.095,28.095,27.774,26.879999,105700,26.014381
2015-08-21,27.712,27.712,27.092,26.290001,92700,25.443384
2015-08-24,26.669,26.741,25.605,25.41,880800,24.591721
2015-08-25,26.751,27.506,26.328,25.49,109200,24.669144
2015-08-26,27.185,27.185,26.462,26.190001,120100,25.346601
2015-08-27,27.309,27.557,27.175,26.530001,147000,25.675653
2015-08-28,27.475,27.588,27.392,26.620001,77600,25.762756
2015-08-31,27.309,27.506,27.247,26.52,97000,25.665976
2015-09-01,26.834,26.834,26.493,25.700001,106300,24.872383
2015-09-02,26.751,26.927,26.524,25.93,95500,25.094976
2015-09-03,26.906,27.01,26.793,25.93,78500,25.094976
2015-09-04,26.441,26.441,26.235,25.5,106900,24.678823
2015-09-08,26.793,26.855,26.576,25.98,70400,25.143364
2015-09-09,27.092,27.092,26.555,25.700001,55100,24.872383
2015-09-10,26.793,26.937,26.741,25.969999,48700,25.133686
2015-09-11,26.865,26.937,26.731,26.07,63400,25.230467
2015-09-14,26.896,26.896,26.741,25.92,73500,25.085297
2015-09-15,26.865,26.989,26.751,26.110001,71700,25.269178
2015-09-16,27.041,27.196,26.927,26.280001,50100,25.433704
2015-09-17,27.154,27.547,27.072,26.32,69900,25.472416
2015-09-18,26.875,26.968,26.71,25.85,76900,25.017553
2015-09-21,26.72,26.834,26.627,25.870001,70100,25.036907
2015-09-22,26.349,26.349,26.132,25.42,100700,24.601398
2015-09-23,26.256,26.287,26.09,25.32,67200,24.504618
2015-09-24,26.049,26.173,25.863,25.25,251100,24.436872
2015-09-25,26.607,26.607,26.266,25.530001,70800,24.707855
2015-09-28,26.256,26.256,25.956,25.120001,50600,24.31106
2015-09-29,26.142,26.142,25.863,25.129999,79800,24.320736
2015-09-30,26.359,26.38,26.142,25.530001,59500,24.707855
2015-10-01,26.555,26.555,26.235,25.57,55200,24.746567
2015-10-02,26.39,26.875,26.276,26.01,90600,25.1724
2015-10-05,27.227,27.371,27.227,26.49,73000,25.636942
2015-10-06,27.299,27.454,27.299,26.530001,63900,25.675653
2015-10-07,27.764,27.764,27.526,26.73,59900,25.869213
2015-10-08,27.557,27.805,27.454,26.870001,72000,26.004704
2015-10-09,27.795,27.888,27.733,26.889999,62400,26.024059
2015-10-12,27.836,27.836,27.723,26.889999,66900,26.024059
2015-10-13,27.671,27.754,27.506,26.620001,61100,25.762756
2015-10-14,27.64,27.733,27.568,26.709999,59700,25.849855
2015-10-15,27.878,28.146,27.878,27.200001,74300,26.324078
2015-10-16,28.053,28.053,27.867,27.08,70800,26.207941
2015-10-19,27.826,27.909,27.774,26.98,88200,26.11116
2015-10-20,27.909,27.909,27.795,26.99,56400,26.12084
2015-10-21,28.136,28.136,27.847,26.950001,64000,26.08213
2015-10-22,27.971,28.188,27.971,27.18,72600,26.30472
2015-10-23,28.26,28.322,28.188,27.34,78000,26.459568
2015-10-26,28.095,28.229,28.095,27.25,58100,26.372467
2015-10-27,28.033,28.033,27.857,27,55700,26.130518
2015-10-28,27.971,28.105,27.795,27.08,58100,26.207941
2015-10-29,27.867,27.898,27.795,26.950001,93500,26.08213
2015-10-30,27.981,28.053,27.878,27.040001,64400,26.169231
2015-11-02,27.991,28.157,27.991,27.25,80800,26.372467
2015-11-03,28.064,28.239,28.022,27.23,76000,26.353111
2015-11-04,28.105,28.105,27.867,27.02,61100,26.149874
2015-11-05,28.105,28.105,27.888,27.059999,51300,26.188585
2015-11-06,27.878,27.878,27.702,26.92,70400,26.053095
2015-11-09,27.764,27.764,27.485,26.77,97900,25.907925
2015-11-10,27.506,27.609,27.485,26.68,80700,25.820824
2015-11-11,27.774,27.836,27.743,26.870001,67600,26.004704
2015-11-12,27.516,27.588,27.444,26.58,51200,25.724043
2015-11-13,27.444,27.485,27.299,26.42,84500,25.569195
2015-11-16,27.309,27.692,27.309,26.799999,77800,25.936958
2015-11-17,27.671,27.754,27.63,26.75,69700,25.888567
2015-11-18,27.692,27.888,27.681,26.969999,56900,26.101482
2015-11-19,28.033,28.084,27.96,27.120001,86900,26.246655
2015-11-20,28.177,28.177,28.033,27.15,60200,26.275688
2015-11-23,28.053,28.053,27.857,27.01,90300,26.140196
2015-11-24,27.857,28.033,27.805,27.09,79300,26.217619
2015-11-25,27.991,28.012,27.826,27.049999,63200,26.178907
2015-11-27,27.816,27.94,27.816,27.02,40300,26.149874
2015-11-30,27.929,28.053,27.929,27.120001,51500,26.246655
2015-12-01,28.167,28.363,28.167,27.450001,81000,26.566027
2015-12-02,28.188,28.25,28.022,27.15,88700,26.275688
2015-12-03,28.239,28.239,27.878,27.059999,67100,26.188585
2015-12-04,28.022,28.25,28.012,27.309999,120000,26.430534
2015-12-07,28.177,28.177,27.95,27.17,58300,26.295044
2015-12-08,27.65,27.733,27.619,26.84,74800,25.975672
2015-12-09,27.65,27.774,27.454,26.68,98200,25.820824
2015-12-10,27.681,27.702,27.557,26.67,55900,25.811144
2015-12-11,27.258,27.289,27.051,26.24,102700,25.394991
2015-12-14,27.165,27.278,26.979,26.379999,87400,25.530483
2015-12-15,27.299,27.392,27.216,26.370001,78000,25.520807
2015-12-16,27.506,27.723,27.402,26.75,68100,25.888567
2015-12-17,27.588,27.609,27.371,26.52,59300,25.665976
2015-12-18,27.309,27.392,27.258,26.379999,68700,25.530483
2015-12-21,26.594,26.737,26.462,26.15,102000,25.64414
2015-12-22,26.758,26.89,26.696,26.290001,87000,25.781433
2015-12-23,26.911,27.186,26.911,26.65,70300,26.134468
2015-12-24,26.88,27.094,26.88,26.49,42300,25.977564
2015-12-28,26.931,27.053,26.931,26.49,65300,25.977564
2015-12-29,27.359,27.492,27.308,26.860001,113300,26.340406
2015-12-30,27.329,27.369,27.237,26.709999,51800,26.193308
2015-12-31,27.125,27.186,27.013,26.610001,58300,26.095243
2016-01-04,26.635,26.676,26.441,26.16,48600,25.653948
2016-01-05,26.676,26.737,26.594,26.190001,74600,25.683369
2016-01-06,26.238,26.329,26.176,25.73,82800,25.232265
2016-01-07,25.83,26.044,25.83,25.370001,68400,24.87923
2016-01-08,25.911,25.921,25.463,24.969999,116000,24.486967
2016-01-11,25.646,25.707,25.269,24.98,120700,24.496775
2016-01-12,25.565,25.585,25.248,24.959999,147500,24.47716
2016-01-13,25.616,25.687,25.136,24.68,128400,24.202578
2016-01-14,25.187,25.381,25.014,24.780001,392100,24.300644
2016-01-15,24.565,24.708,24.433,24.08,368000,23.614183
2016-01-19,24.861,24.861,24.433,24.15,143900,23.682829
2016-01-20,24.147,24.198,23.647,23.58,760300,23.123856
2016-01-21,23.841,24.259,23.749,23.66,73500,23.202309
2016-01-22,24.626,24.881,24.626,24.379999,81900,23.908381
2016-01-25,24.779,24.841,24.555,24.120001,75800,23.653412
2016-01-26,24.769,25.004,24.769,24.48,73500,24.006447
2016-01-27,25.004,25.248,24.8,24.450001,64200,23.977028
2016-01-28,25.157,25.228,24.912,24.620001,55900,24.14374
2016-01-29,25.238,25.544,25.228,25.049999,94600,24.56542
2016-02-01,25.371,25.565,25.31,24.969999,50000,24.486967
2016-02-02,25.269,25.269,24.983,24.57,73700,24.094706
2016-02-03,25.208,25.259,24.81,24.75,72300,24.271223
2016-02-04,25.157,25.35,25.116,24.77,50800,24.290836
2016-02-05,25.177,25.177,24.82,24.370001,44400,23.898575
2016-02-08,24.688,24.688,24.361,24.09,86600,23.623991
2016-02-09,24.066,24.371,24.066,23.780001,61600,23.319988
2016-02-10,24.28,24.412,24.117,23.65,155400,23.192501
2016-02-11,23.923,23.974,23.688,23.4,200300,22.947338
2016-02-12,23.872,24.137,23.831,23.67,552800,23.212116
2016-02-16,24.453,24.484,24.28,23.98,99900,23.516119
2016-02-17,24.749,25.004,24.749,24.5,70200,24.02606
2016-02-18,25.095,25.157,24.922,24.450001,117000,23.977028
2016-02-19,24.779,24.922,24.718,24.42,69700,23.947607
2016-02-22,25.095,25.218,25.095,24.690001,105500,24.212385
2016-02-23,25.055,25.106,24.83,24.379999,68200,23.908381
2016-02-24,24.718,25.055,24.637,24.57,62500,24.094706
2016-02-25,25.187,25.32,25.075,24.809999,66900,24.330063
2016-02-26,25.381,25.432,25.187,24.709999,35800,24.231997
2016-02-29,25.177,25.33,25.157,24.67,106000,24.192772
2016-03-01,25.473,25.728,25.442,25.200001,80900,24.712519
2016-03-02,25.636,25.85,25.636,25.35,78100,24.859617
2016-03-03,25.85,26.023,25.819,25.5,45800,25.006716
2016-03-04,26.329,26.472,26.329,25.85,47500,25.349945
2016-03-07,26.156,26.391,26.156,25.84,71200,25.340137
2016-03-08,26.217,26.217,26.013,25.51,59900,25.016521
2016-03-09,26.064,26.115,25.972,25.51,44900,25.016521
2016-03-10,26.258,26.309,25.891,25.57,61500,25.075361
2016-03-11,26.441,26.666,26.441,26.15,75100,25.64414
2016-03-14,26.666,26.707,26.594,26.17,75600,25.663754
2016-03-15,26.391,26.452,26.34,25.92,52700,25.418591
2016-03-16,26.278,26.747,26.278,26.23,141500,25.722593
2016-03-17,26.839,27.125,26.839,26.51,68600,25.997177
2016-03-18,27.125,27.166,27.053,26.58,85700,26.065823
2016-03-21,27.064,27.145,27.013,26.58,78800,26.065823
2016-03-22,27.074,27.186,27.043,26.65,62100,26.134468
2016-03-23,27.033,27.033,26.88,26.360001,62400,25.850079
2016-03-24,26.635,26.758,26.635,26.219999,52700,25.712786
2016-03-28,26.951,27.013,26.88,26.379999,67500,25.869692
2016-03-29,26.849,27.308,26.788,26.73,89900,26.212921
2016-03-30,27.482,27.635,27.461,27.02,70200,26.497313
2016-03-31,27.41,27.431,27.308,26.790001,103500,26.271761
2016-04-01,26.758,27.043,26.737,26.51,67400,25.997177
2016-04-04,27.074,27.074,26.88,26.379999,49200,25.869692
2016-04-05,26.391,26.492,26.38,25.91,64300,25.408783
2016-04-06,26.513,26.758,26.492,26.24,51100,25.732399
2016-04-07,26.676,26.727,26.441,26.01,105200,25.506849
2016-04-08,27.023,27.145,27.002,26.52,56300,26.006985
2016-04-11,27.206,27.339,27.125,26.6,45000,26.085436
2016-04-12,27.298,27.533,27.216,26.940001,66900,26.418859
2016-04-13,27.757,27.869,27.737,27.280001,64200,26.752283
2016-04-14,27.859,27.869,27.767,27.24,78000,26.713055
2016-04-15,27.737,27.798,27.706,27.190001,107900,26.664022
2016-04-18,27.706,28.002,27.706,27.41,71000,26.879766
2016-04-19,28.369,28.43,28.257,27.84,94600,27.301449
2016-04-20,28.308,28.491,28.277,27.790001,72800,27.252417
2016-04-21,28.348,28.348,28.114,27.620001,55300,27.085705
2016-04-22,28.206,28.257,28.063,27.620001,85000,27.085705
2016-04-25,28.104,28.104,27.951,27.530001,76900,26.997446
2016-04-26,28.114,28.165,28.042,27.57,58500,27.036671
2016-04-27,28.083,28.277,28.083,27.68,69800,27.144545
2016-04-28,27.94,28.155,27.849,27.360001,51300,26.830734
2016-04-29,27.991,28.053,27.828,27.34,107000,26.811121
2016-05-02,28.144,28.226,28.053,27.66,68000,27.124931
2016-05-03,28.012,28.012,27.737,27.24,70600,26.713055
2016-05-04,27.584,27.624,27.492,27,53100,26.477697
2016-05-05,27.543,27.604,27.502,27,61700,26.477697
2016-05-06,27.543,27.716,27.543,27.129999,56700,26.605183
2016-05-09,27.675,27.675,27.533,27.030001,64800,26.507118
2016-05-10,27.747,27.981,27.747,27.43,66900,26.89938
2016-05-11,27.849,27.971,27.828,27.299999,41200,26.771894
2016-05-12,28.093,28.093,27.747,27.33,46600,26.801315
2016-05-13,27.675,27.726,27.573,27.049999,40000,26.52673
2016-05-16,27.716,27.91,27.716,27.33,74600,26.801315
2016-05-17,27.93,28.012,27.818,27.290001,88100,26.762089
2016-05-18,27.828,27.94,27.686,27.17,67700,26.644409
2016-05-19,27.563,27.614,27.451,27.08,36400,26.55615
2016-05-20,27.818,27.849,27.737,27.280001,56000,26.752283
2016-05-23,27.839,27.89,27.767,27.309999,40000,26.7817
2016-05-24,27.94,28.053,27.879,27.48,63500,26.948412
2016-05-25,28.073,28.257,28.042,27.709999,78800,27.173964
2016-05-26,28.338,28.369,28.216,27.73,61900,27.193577
2016-05-27,28.216,28.257,28.155,27.67,50200,27.134737
2016-05-31,28.297,28.379,28.185,27.700001,100200,27.164158
2016-06-01,28.216,28.308,28.134,27.75,144500,27.21319
2016-06-02,28.175,28.308,28.124,27.709999,65400,27.173964
2016-06-03,28.45,28.603,28.389,28.049999,69700,27.507385
2016-06-06,28.644,28.817,28.644,28.209999,60200,27.664291
2016-06-07,28.96,29.032,28.93,28.42,54200,27.87023
2016-06-08,29.123,29.225,29.062,28.5,60700,27.948681
2016-06-09,28.858,28.909,28.756,28.32,53100,27.772163
2016-06-10,28.41,28.42,28.073,27.65,60100,27.115124
2016-06-13,27.808,27.9,27.696,27.24,68400,26.713055
2016-06-14,27.461,27.461,27.247,26.85,82200,26.330601
2016-06-15,27.563,27.665,27.522,27.01,50500,26.487505
2016-06-16,27.166,27.431,27.053,26.870001,60200,26.350214
2016-06-17,27.502,27.696,27.369,27.049999,60500,26.52673
2016-06-20,28.287,28.379,28.236,27.700001,56100,27.164158
2016-06-21,28.318,28.491,28.267,27.719999,53900,27.183769
2016-06-22,28.246,28.348,28.144,27.610001,63900,27.075899
2016-06-23,28.603,28.746,28.501,28.16,48000,27.615259
2016-06-24,26.829,27.339,26.829,26.34,71900,25.830465
2016-06-27,26.605,26.605,26.156,25.879999,107700,25.379364
2016-06-28,26.829,26.962,26.717,26.41,104500,25.899111
2016-06-29,27.278,27.4,27.216,26.790001,84600,26.271761
2016-06-30,27.298,27.522,27.278,26.99,91700,26.467892
2016-07-01,27.635,27.747,27.624,27.16,65300,26.634604
2016-07-05,27.42,27.42,27.135,26.68,52600,26.163889
2016-07-06,27.033,27.237,26.931,26.700001,74600,26.183502
2016-07-07,27.308,27.39,27.125,26.700001,62700,26.183502
2016-07-08,27.38,27.594,27.38,27.02,108400,26.497313
2016-07-11,27.91,28.093,27.9,27.440001,65500,26.909187
2016-07-12,28.257,28.379,28.246,27.73,68100,27.193577
2016-07-13,28.267,28.338,28.155,27.67,68200,27.134737
2016-07-14,28.369,28.552,28.348,27.85,164400,27.311256
2016-07-15,28.257,28.257,28.124,27.66,71100,27.124931
2016-07-18,28.216,28.369,28.206,27.75,79500,27.21319
2016-07-19,28.185,28.226,28.144,27.65,99700,27.115124
2016-07-20,28.338,28.43,28.277,27.85,63500,27.311256
2016-07-21,28.308,28.399,28.257,27.73,248800,27.193577
2016-07-22,28.318,28.359,28.257,27.74,48400,27.203382
2016-07-25,28.287,28.359,28.216,27.76,66000,27.222996
2016-07-26,28.399,28.481,28.359,27.93,73100,27.389708
2016-07-27,28.552,28.614,28.328,28,78000,27.458353
2016-07-28,28.603,28.746,28.532,28.120001,113300,27.576033
2016-07-29,28.94,29.113,28.93,28.49,163500,27.938875
2016-08-01,28.981,29.042,28.817,28.27,121700,27.723131
2016-08-02,28.828,28.828,28.624,28.200001,91200,27.654486
2016-08-03,28.45,28.573,28.43,28.01,53700,27.468161
2016-08-04,28.634,28.756,28.634,28.200001,55500,27.654486
2016-08-05,28.675,28.838,28.675,28.209999,70400,27.664291
2016-08-08,28.787,28.879,28.787,28.290001,49200,27.742744
2016-08-09,29.001,29.123,28.991,28.469999,78100,27.919262
2016-08-10,29.236,29.236,29.134,28.57,52400,28.017326
2016-08-11,29.317,29.429,29.317,28.809999,128800,28.252684
2016-08-12,29.429,29.531,29.338,28.790001,155500,28.233072
2016-08-15,29.389,29.531,29.389,28.879999,52700,28.321329
2016-08-16,29.439,29.46,29.378,28.809999,68400,28.252684
2016-08-17,29.297,29.389,29.174,28.809999,53500,28.252684
2016-08-18,29.399,29.562,29.399,28.99,72300,28.429203
2016-08-19,29.307,29.378,29.246,28.790001,89800,28.233072
2016-08-22,29.348,29.49,29.287,28.92,71900,28.360558
2016-08-23,29.582,29.613,29.48,28.92,92600,28.360558
2016-08-24,29.552,29.552,29.399,28.83,79200,28.272297
2016-08-25,29.327,29.389,29.276,28.77,48000,28.213459
2016-08-26,29.409,29.552,29.052,28.57,58900,28.017326
2016-08-29,29.021,29.205,29.021,28.549999,85500,27.997713
2016-08-30,29.123,29.164,29.001,28.469999,75600,27.919262
2016-08-31,29.011,29.011,28.858,28.4,76300,27.850616
2016-09-01,29.134,29.256,29.083,28.690001,61900,28.135006
2016-09-02,29.409,29.409,29.307,28.83,62000,28.272297
2016-09-06,29.623,29.837,29.623,29.25,81300,28.684174
2016-09-07,29.99,30,29.847,29.34,70000,28.772432
2016-09-08,29.97,30.021,29.847,29.309999,53500,28.743011
2016-09-09,29.613,29.613,29.276,28.719999,139500,28.164425
2016-09-12,29.123,29.531,29.123,28.940001,77800,28.380171
2016-09-13,29.215,29.225,28.838,28.370001,74500,27.821198
2016-09-14,28.94,29.032,28.879,28.360001,64000,27.81139
2016-09-15,28.909,29.215,28.909,28.610001,54700,28.056555
2016-09-16,28.981,29.011,28.899,28.360001,52100,27.81139
2016-09-19,29.164,29.185,29.011,28.49,57100,27.938875
2016-09-20,29.266,29.307,29.174,28.65,80600,28.095779
2016-09-21,29.552,29.858,29.48,29.23,123000,28.66456
2016-09-22,30.163,30.204,30.041,29.469999,204900,28.899918
2016-09-23,29.878,29.919,29.817,29.24,75400,28.674366
2016-09-26,29.674,29.705,29.613,29.08,66000,28.517462
2016-09-27,29.623,29.817,29.623,29.24,75400,28.674366
2016-09-28,29.888,30.041,29.745,29.450001,56500,28.880304
2016-09-29,30.051,30.051,29.705,29.219999,58000,28.654753
2016-09-30,29.878,29.98,29.786,29.290001,56700,28.7234
2016-10-03,29.98,29.98,29.837,29.33,64800,28.762625
2016-10-04,30.011,30.021,29.694,29.190001,117200,28.625334
2016-10-05,29.909,29.929,29.827,29.34,101300,28.772432
2016-10-06,29.674,29.766,29.623,29.15,98400,28.586107
2016-10-07,29.664,29.664,29.409,29.01,87900,28.448816
2016-10-10,29.705,29.735,29.664,29.09,70200,28.527267
2016-10-11,29.562,29.562,29.266,28.75,85600,28.193846
2016-10-12,29.348,29.389,29.266,28.790001,67000,28.233072
2016-10-13,29.205,29.409,29.134,28.809999,68800,28.252684
2016-10-14,29.49,29.49,29.338,28.780001,77700,28.223267
2016-10-17,29.368,29.368,29.287,28.76,57200,28.203651
2016-10-18,29.705,29.705,29.603,29.09,85200,28.527267
2016-10-19,29.796,29.868,29.745,29.200001,97600,28.635141
2016-10-20,29.745,29.827,29.684,29.209999,91900,28.644945
2016-10-21,29.562,29.745,29.562,29.15,43100,28.586107
2016-10-24,29.868,29.868,29.664,29.17,184000,28.605721
2016-10-25,29.725,29.735,29.613,29.129999,128700,28.566494
2016-10-26,29.623,29.643,29.501,29,73400,28.439009
2016-10-27,29.613,29.613,29.409,28.879999,66800,28.321329
2016-10-28,29.46,29.541,29.419,28.92,80400,28.360558
2016-10-31,29.501,29.501,29.389,28.889999,79100,28.331137
2016-11-01,29.592,29.592,29.317,28.809999,189100,28.252684
2016-11-02,29.409,29.429,29.225,28.66,102500,28.105587
2016-11-03,29.327,29.399,29.256,28.709999,244900,28.154617
2016-11-04,29.164,29.215,29.062,28.5,105500,27.948681
2016-11-07,29.358,29.358,29.246,28.77,82800,28.213459
2016-11-08,29.205,29.429,29.195,28.809999,80400,28.252684
2016-11-09,29.011,29.419,29.011,28.74,78000,28.184038
2016-11-10,29.236,29.348,29.062,28.620001,134700,28.06636
2016-11-11,28.919,28.93,28.695,28.299999,191100,27.75255
2016-11-14,28.726,28.726,28.603,28.139999,146900,27.595644
2016-11-15,28.695,28.848,28.593,28.290001,97600,27.742744
2016-11-16,28.675,28.715,28.614,28.07,126200,27.526999
2016-11-17,28.777,28.848,28.726,28.27,104400,27.723131
2016-11-18,28.756,28.756,28.634,28.1,108000,27.556419
2016-11-21,28.756,28.889,28.746,28.33,120600,27.781969
2016-11-22,29.011,29.032,28.93,28.469999,152900,27.919262
2016-11-23,28.95,28.981,28.807,28.389999,118500,27.840809
2016-11-25,28.909,28.919,28.848,28.32,121900,27.772163
2016-11-28,28.899,28.981,28.868,28.34,82000,27.791777
2016-11-29,28.919,29.052,28.858,28.42,104500,27.87023
2016-11-30,29.072,29.093,28.96,28.440001,104100,27.889843
2016-12-01,29.032,29.042,28.909,28.379999,154700,27.831001
2016-12-02,28.95,28.991,28.909,28.42,113500,27.87023
2016-12-05,29.134,29.205,29.083,28.6,86300,28.046747
2016-12-06,29.256,29.287,29.144,28.700001,163200,28.144814
2016-12-07,29.409,29.694,29.358,29.059999,90000,28.497849
2016-12-08,29.694,29.756,29.623,29.120001,81300,28.556688
2016-12-09,29.633,29.725,29.613,29.1,117700,28.537075
2016-12-12,29.654,29.715,29.521,29,156800,28.439009
2016-12-13,29.735,29.909,29.735,29.280001,118900,28.713593
2016-12-14,29.786,29.786,29.287,28.719999,74000,28.164425
2016-12-15,29.338,29.338,29.205,28.74,112400,28.184038
2016-12-16,29.297,29.358,29.225,28.68,101200,28.1252
2016-12-19,28.21,28.27,27.97,28.17,105100,28.17
2016-12-20,28.19,28.27,28.19,28.23,142400,28.23
2016-12-21,28.28,28.28,28.18,28.23,228000,28.23
2016-12-22,28.24,28.24,28.13,28.17,117100,28.17
2016-12-23,28.16,28.24,28.16,28.24,95000,28.24
2016-12-27,28.28,28.32,28.24,28.26,197500,28.26
2016-12-28,28.32,28.35,28.22,28.280001,137500,28.280001
2016-12-29,28.33,28.36,28.26,28.290001,105000,28.290001
2016-12-30,28.58,28.58,28.36,28.379999,119000,28.379999
2017-01-03,28.46,28.59,28.46,28.59,94300,28.59
2017-01-04,28.84,28.94,28.8,28.940001,136200,28.940001
2017-01-05,29.05,29.24,29.05,29.209999,161800,29.209999
2017-01-06,29.13,29.15,29.06,29.1,134600,29.1
2017-01-09,29,29.08,28.98,29.049999,181900,29.049999
2017-01-10,29.07,29.16,29.06,29.08,129400,29.08
2017-01-11,29.04,29.24,28.97,29.23,135300,29.23
2017-01-12,29.3,29.3,29.11,29.18,117100,29.18
2017-01-13,29.25,29.32,29.2,29.309999,107700,29.309999
2017-01-17,29.25,29.25,29.13,29.209999,155600,29.209999
2017-01-18,29.16,29.18,29.03,29.08,137600,29.08
2017-01-19,29.08,29.1,28.99,29.1,211600,29.1
2017-01-20,29.17,29.22,29.1,29.219999,118800,29.219999
2017-01-23,29.21,29.33,29.15,29.309999,121900,29.309999
2017-01-24,29.34,29.5,29.32,29.469999,137700,29.469999
2017-01-25,29.65,29.76,29.62,29.76,143400,29.76
2017-01-26,29.74,29.74,29.62,29.620001,101300,29.620001
2017-01-27,29.61,29.61,29.47,29.52,246500,29.52
2017-01-30,29.43,29.43,29.26,29.4,161400,29.4
2017-01-31,29.46,29.51,29.37,29.51,497800,29.51
2017-02-01,29.63,29.75,29.61,29.719999,120400,29.719999
2017-02-02,29.71,29.72,29.6,29.690001,114300,29.690001
2017-02-03,29.68,29.82,29.68,29.76,113200,29.76
2017-02-06,29.58,29.61,29.51,29.6,140300,29.6
2017-02-07,29.53,29.61,29.53,29.549999,149900,29.549999
2017-02-08,29.63,29.68,29.58,29.67,97600,29.67
2017-02-09,29.7,29.75,29.65,29.73,131900,29.73
2017-02-10,29.79,29.92,29.78,29.92,101600,29.92
2017-02-13,30.04,30.1,29.98,30.049999,120000,30.049999
2017-02-14,30.06,30.12,29.89,30.120001,533000,30.120001
2017-02-15,29.99,30.16,29.99,30.15,127000,30.15
2017-02-16,30.18,30.23,30.13,30.219999,145300,30.219999
2017-02-17,30.06,30.11,30,30.09,232300,30.09
2017-02-21,30.15,30.23,30.14,30.209999,356800,30.209999
2017-02-22,30.12,30.18,30.07,30.17,142300,30.17
2017-02-23,30.3,30.32,30.17,30.209999,117000,30.209999
2017-02-24,29.96,30,29.92,29.98,134600,29.98
2017-02-27,29.95,30.02,29.94,29.99,111300,29.99
2017-02-28,29.98,30.07,29.94,29.969999,159200,29.969999
2017-03-01,30.11,30.28,30.11,30.209999,120700,30.209999
2017-03-02,30.1,30.1,29.97,29.969999,233900,29.969999
2017-03-03,29.98,30.08,29.91,30.059999,118000,30.059999
2017-03-06,30.02,30.04,29.92,29.98,129100,29.98
2017-03-07,29.93,30,29.9,29.950001,124000,29.950001
2017-03-08,29.94,29.94,29.79,29.82,100400,29.82
2017-03-09,29.86,29.86,29.75,29.809999,99700,29.809999
2017-03-10,30.03,30.09,29.97,30.059999,100100,30.059999
2017-03-13,30.18,30.21,30.14,30.209999,146700,30.209999
2017-03-14,30,30.03,29.96,29.99,357600,29.99
2017-03-15,30,30.43,30,30.360001,115800,30.360001
2017-03-16,30.6,30.6,30.47,30.52,246400,30.52
2017-03-17,30.6,30.67,30.57,30.629999,110600,30.629999
2017-03-20,30.67,30.71,30.58,30.629999,80500,30.629999
2017-03-21,30.83,30.84,30.43,30.459999,183200,30.459999
2017-03-22,30.33,30.43,30.27,30.389999,136300,30.389999
2017-03-23,30.4,30.56,30.39,30.51,93600,30.51
2017-03-24,30.56,30.67,30.56,30.6,110700,30.6
2017-03-27,30.55,30.67,30.5,30.620001,119900,30.620001
2017-03-28,30.72,30.85,30.72,30.83,101200,30.83
2017-03-29,30.73,30.86,30.7,30.860001,108300,30.860001
2017-03-30,30.72,30.8,30.69,30.690001,175000,30.690001
2017-03-31,30.55,30.67,30.51,30.629999,106900,30.629999
2017-04-03,30.66,30.72,30.52,30.719999,118400,30.719999
2017-04-04,30.57,30.62,30.5,30.610001,136300,30.610001
2017-04-05,30.65,30.7,30.56,30.57,141100,30.57
2017-04-06,30.5,30.52,30.45,30.51,118200,30.51
2017-04-07,30.52,30.58,30.51,30.549999,159000,30.549999
2017-04-10,30.49,30.58,30.49,30.540001,102000,30.540001
2017-04-11,30.64,30.67,30.5,30.67,109600,30.67
2017-04-12,30.59,30.69,30.57,30.68,140700,30.68
2017-04-13,30.61,30.62,30.51,30.540001,141600,30.540001
2017-04-17,30.68,30.75,30.65,30.73,125100,30.73
2017-04-18,30.59,30.66,30.51,30.66,167100,30.66
2017-04-19,30.75,30.76,30.58,30.6,112400,30.6
2017-04-20,30.77,30.83,30.77,30.790001,149400,30.790001
2017-04-21,30.8,30.81,30.73,30.809999,153300,30.809999
2017-04-24,31.22,31.25,31.16,31.25,354900,31.25
2017-04-25,31.36,31.45,31.36,31.43,168000,31.43
2017-04-26,31.38,31.47,31.37,31.389999,121200,31.389999
2017-04-27,31.47,31.52,31.41,31.52,109300,31.52
2017-04-28,31.57,31.58,31.53,31.559999,110300,31.559999
2017-05-01,31.66,31.71,31.61,31.68,141400,31.68
2017-05-02,31.79,31.88,31.79,31.879999,118800,31.879999
2017-05-03,31.74,31.77,31.68,31.75,139100,31.75
2017-05-04,31.75,31.82,31.71,31.809999,160700,31.809999
2017-05-05,31.82,32.06,31.81,32.060001,232000,32.060001
2017-05-08,31.98,32,31.94,31.99,120800,31.99
2017-05-09,31.97,32,31.9,31.93,107200,31.93
2017-05-10,31.99,32.01,31.91,32.009998,114100,32.009998
2017-05-11,31.87,31.87,31.77,31.84,380800,31.84
2017-05-12,31.86,31.89,31.81,31.870001,126500,31.870001
2017-05-15,31.99,32.04,31.93,32,136700,32
2017-05-16,32.15,32.18,32.1,32.119999,149100,32.119999
2017-05-17,32.07,32.07,31.81,31.809999,175400,31.809999
2017-05-18,31.72,31.91,31.68,31.879999,137300,31.879999
2017-05-19,32.11,32.28,32.11,32.259998,101000,32.259998
2017-05-22,32.32,32.36,32.3,32.34,117700,32.34
2017-05-23,32.46,32.46,32.32,32.369999,103600,32.369999
2017-05-24,32.33,32.43,32.3,32.43,96900,32.43
2017-05-25,32.47,32.47,32.4,32.439999,101600,32.439999
2017-05-26,32.34,32.36,32.3,32.330002,619400,32.330002
2017-05-30,32.3,32.43,32.3,32.43,101900,32.43
2017-05-31,32.47,32.47,32.35,32.360001,154300,32.360001
2017-06-01,32.59,32.71,32.57,32.689999,400800,32.689999
2017-06-02,32.93,33.04,32.88,33.02,100700,33.02
2017-06-05,32.93,32.94,32.88,32.91,86400,32.91
2017-06-06,32.74,32.84,32.74,32.82,141000,32.82
2017-06-07,32.92,32.93,32.77,32.869999,103800,32.869999
2017-06-08,32.78,32.84,32.71,32.84,111500,32.84
2017-06-09,32.61,32.73,32.51,32.630001,97700,32.630001
2017-06-12,32.56,32.56,32.46,32.540001,126400,32.540001
2017-06-13,32.72,32.87,32.72,32.849998,101600,32.849998
2017-06-14,33.06,33.07,32.8,32.860001,102400,32.860001
2017-06-15,32.39,32.48,32.31,32.48,110100,32.48
2017-06-16,32.59,32.69,32.54,32.66,94200,32.66
2017-06-19,32.73,32.84,32.73,32.799999,76800,32.799999
2017-06-20,32.73,32.77,32.58,32.639999,107900,32.639999
2017-06-21,32.6,32.6,32.55,32.57,105000,32.57
2017-06-22,32.63,32.68,32.57,32.650002,95200,32.650002
2017-06-23,32.64,32.71,32.58,32.700001,75900,32.700001
2017-06-26,32.83,32.87,32.7,32.709999,81500,32.709999
2017-06-27,32.72,32.72,32.61,32.669998,420700,32.669998
2017-06-28,32.7,32.89,32.67,32.880001,102400,32.880001
2017-06-29,32.81,32.81,32.49,32.610001,110200,32.610001
2017-06-30,NA,NA,NA,NA,NA,NA
2017-07-03,32.67,32.7,32.57,32.580002,122400,32.580002
2017-07-07,32.36,32.47,32.306,32.459999,107521,32.459999
