"Date","FNDE.Open","FNDE.High","FNDE.Low","FNDE.Close","FNDE.Volume","FNDE.Adjusted"
2013-08-15,26.633,26.633,26.337,25.110001,10400,23.759016
2013-08-16,26.633,26.633,26.369,25.040001,13000,23.692783
2013-08-19,26.337,26.686,26.126,24.74,9600,23.408922
2013-08-20,26.094,26.2,25.988,24.75,4600,23.418383
2013-08-21,25.861,25.861,25.629,24.26,7000,22.954746
2013-08-22,25.914,26.052,25.914,24.65,3400,23.323765
2013-08-23,26.21,26.4,26.157,24.98,7100,23.636009
2013-08-26,26.422,26.422,26.031,24.629999,8500,23.30484
2013-08-27,25.787,25.798,25.639,24.26,5300,22.954746
2013-08-28,25.777,26.242,25.724,24.34,21700,23.030443
2013-08-29,26.02,26.094,25.83,24.440001,13300,23.125063
2013-08-30,26.104,26.295,25.935,24.540001,1400,23.219685
2013-09-03,26.591,26.686,26.104,24.700001,10200,23.371078
2013-09-04,26.316,26.496,26.316,25.059999,3800,23.711704
2013-09-05,26.612,26.95,26.612,25.360001,13600,23.995565
2013-09-06,27.246,27.32,27.14,25.68,20800,24.298349
2013-09-09,27.5,27.69,27.436,26.18,119200,24.771446
2013-09-10,27.996,27.996,27.785,26.370001,37100,24.951225
2013-09-11,27.869,28.081,27.838,26.540001,12600,25.112078
2013-09-12,27.774,27.817,27.721,26.24,5600,24.828218
2013-09-13,27.817,27.848,27.32,26.35,5500,24.932301
2013-09-16,28.218,28.377,28.102,26.59,22500,25.159389
2013-09-17,28.187,28.187,28.091,26.610001,19300,25.178312
2013-09-18,28.144,29.56,27.954,27.85,49800,26.351599
2013-09-19,29.497,29.497,28.324,27.58,16200,26.096123
2013-09-20,28.947,28.947,28.535,27.1,12000,25.641949
2013-09-23,28.514,28.62,28.43,27.08,5200,25.623026
2013-09-24,28.535,28.567,28.43,26.9,21700,25.452709
2013-09-25,28.419,28.44,28.271,26.780001,22100,25.339167
2013-09-26,28.461,28.461,28.123,26.75,29800,25.31078
2013-09-27,28.208,28.208,28.081,26.639999,12900,25.206699
2013-09-30,27.933,27.933,27.785,26.43,5500,25.007996
2013-10-01,28.028,28.208,28.028,26.690001,3500,25.254009
2013-10-02,28.091,28.345,28.049,26.73,6400,25.291855
2013-10-03,28.271,28.292,28.134,26.66,15700,25.225622
2013-10-04,28.239,28.43,28.239,26.9,3300,25.452709
2013-10-07,28.187,28.514,28.187,26.73,4600,25.291855
2013-10-08,28.514,28.514,28.165,26.66,6200,25.225622
2013-10-09,28.303,28.356,28.123,26.809999,7500,25.36755
2013-10-10,28.694,28.863,28.652,27.309999,12500,25.840649
2013-10-11,28.916,29,28.842,27.42,4100,25.944733
2013-10-14,28.905,29.169,28.778,27.559999,11900,26.077198
2013-10-15,29.412,29.412,28.969,27.41,35000,25.935268
2013-10-16,29.233,29.381,29.18,27.73,16200,26.238052
2013-10-17,29.307,29.37,29.191,27.790001,9900,26.294827
2013-10-18,29.444,29.539,29.444,27.92,16600,26.417831
2013-10-21,29.719,29.719,29.381,27.809999,22300,26.313749
2013-10-22,29.624,29.793,29.613,28.07,14700,26.559761
2013-10-23,29.307,29.307,29.043,27.48,14400,26.001503
2013-10-24,29.117,29.117,29.021,27.459999,3600,25.98258
2013-10-25,29.011,29.106,28.979,27.540001,13300,26.058277
2013-10-28,29.265,29.265,29.191,27.68,6100,26.190742
2013-10-29,29.624,29.624,29.064,27.709999,25100,26.21913
2013-10-30,29.719,29.719,29.138,27.65,3600,26.162357
2013-10-31,29.338,29.338,29.053,27.49,5100,26.010965
2013-11-01,29.127,29.127,28.863,27.43,6000,25.954195
2013-11-04,29.159,29.159,29.021,27.49,11500,26.010965
2013-11-05,28.863,28.863,28.63,27.110001,14800,25.651411
2013-11-06,28.789,28.789,28.736,27.200001,1800,25.73657
2013-11-07,28.535,28.535,28.26,26.74,4900,25.301315
2013-11-08,28.176,28.218,28.007,26.66,7100,25.225622
2013-11-11,28.229,28.229,28.102,26.610001,7300,25.178312
2013-11-12,28.165,28.165,27.827,26.41,9500,24.989071
2013-11-13,27.669,27.943,27.648,26.440001,2300,25.01746
2013-11-14,28.07,28.303,27.986,26.780001,8100,25.339167
2013-11-15,28.673,28.789,28.567,27.16,3700,25.698723
2013-11-18,29.043,29.212,28.99,27.43,6100,25.954195
2013-11-19,29.021,29.064,28.863,27.33,12100,25.859573
2013-11-20,28.958,28.958,28.525,26.99,4900,25.537867
2013-11-21,28.493,28.493,28.398,26.959999,9600,25.509481
2013-11-22,28.419,28.704,28.419,27.1,8800,25.641949
2013-11-25,28.799,28.799,28.377,26.85,6800,25.405401
2013-11-26,28.271,28.377,28.271,26.799999,9400,25.358088
2013-11-27,28.44,28.472,28.345,26.889999,8200,25.443249
2013-11-29,28.662,28.694,28.609,27.09,1700,25.632488
2013-12-02,28.504,28.504,28.06,26.549999,16000,25.121538
2013-12-03,28.06,28.123,27.848,26.41,7100,24.989071
2013-12-04,27.838,27.922,27.679,26.4,14200,24.97961
2013-12-05,27.901,27.922,27.774,26.280001,8000,24.866068
2013-12-06,28.165,28.366,28.165,26.75,4600,25.31078
2013-12-09,28.44,28.44,28.387,26.860001,12700,25.41486
2013-12-10,28.387,28.387,28.345,26.84,6300,25.395939
2013-12-11,28.208,28.208,27.753,26.299999,11100,24.884991
2013-12-12,27.743,27.743,27.637,26.17,11700,24.761986
2013-12-13,27.669,27.732,27.648,26.24,5500,24.828218
2013-12-16,27.901,27.975,27.901,26.41,6100,24.989071
2013-12-17,27.901,27.901,27.795,26.299999,7300,24.884991
2013-12-18,27.901,28.356,27.753,26.719999,14800,25.282393
2013-12-19,27.827,27.922,27.732,26.4,18400,24.97961
2013-12-20,27.88,27.954,27.859,26.360001,16000,24.941763
2013-12-23,27.745,27.818,27.734,26.42,18700,25.130098
2013-12-24,27.871,27.902,27.86,26.52,5100,25.225214
2013-12-26,27.797,27.808,27.734,26.389999,18600,25.101559
2013-12-27,28.039,28.218,27.923,26.639999,34300,25.339355
2013-12-30,27.976,28.113,27.976,26.700001,14100,25.396425
2013-12-31,28.123,28.26,28.123,26.860001,29800,25.548615
2014-01-02,27.818,27.818,27.335,26,29900,24.7306
2014-01-03,27.335,27.335,27.135,25.940001,22300,24.673531
2014-01-06,27.093,27.093,26.882,25.57,17000,24.321596
2014-01-07,27.103,27.135,27.019,25.719999,25900,24.464272
2014-01-08,27.019,27.082,26.872,25.629999,17100,24.378664
2014-01-09,26.925,26.925,26.672,25.5,25500,24.255014
2014-01-10,26.977,27.25,26.977,25.879999,49100,24.616459
2014-01-13,27.271,27.271,26.851,25.610001,29500,24.359642
2014-01-14,27.04,27.24,27.03,25.870001,24500,24.606949
2014-01-15,27.187,27.229,27.156,25.860001,26000,24.597439
2014-01-16,27.24,27.24,27.03,25.74,10400,24.483295
2014-01-17,27.009,27.009,26.872,25.639999,30600,24.388178
2014-01-21,27.082,27.082,26.819,25.58,26800,24.331108
2014-01-22,27.072,27.145,26.977,25.799999,17300,24.540365
2014-01-23,26.904,26.904,26.367,25.25,19300,24.017218
2014-01-24,26.294,26.304,25.989,24.719999,39800,23.513094
2014-01-27,26.01,26.062,25.768,24.719999,26400,23.513094
2014-01-28,25.999,26.105,25.989,24.809999,90100,23.5987
2014-01-29,25.705,25.863,25.621,24.540001,46000,23.341883
2014-01-30,25.936,25.989,25.842,24.629999,5800,23.42749
2014-01-31,25.579,25.884,25.579,24.58,14000,23.37993
2014-02-03,25.652,25.673,25.095,23.870001,13900,22.704594
2014-02-04,25.411,25.621,25.411,24.309999,32600,23.123112
2014-02-05,25.495,25.568,25.379,24.32,11000,23.132624
2014-02-06,25.726,25.999,25.705,24.700001,11300,23.494072
2014-02-07,26.115,26.168,25.989,24.85,16900,23.636749
2014-02-10,26.094,26.094,25.852,24.620001,16500,23.417976
2014-02-11,26.105,26.409,26.094,25.120001,15500,23.893566
2014-02-12,26.472,26.567,26.388,25.129999,15600,23.903078
2014-02-13,26.031,26.367,26.031,25.08,10500,23.855516
2014-02-14,26.546,26.725,26.546,25.41,9000,24.169405
2014-02-18,26.62,26.62,26.399,25.110001,15000,23.884054
2014-02-19,26.231,26.294,26.083,24.809999,6300,23.5987
2014-02-20,26.22,26.367,26.22,25.07,2700,23.846006
2014-02-21,26.399,26.525,26.399,25.16,4500,23.931614
2014-02-24,26.451,26.662,26.451,25.17,26100,23.941126
2014-02-25,26.294,26.388,26.178,24.91,8900,23.693819
2014-02-26,26.304,26.304,26.147,24.9,4600,23.684305
2014-02-27,26.294,26.567,26.294,25.25,7500,24.017218
2014-02-28,26.441,26.483,26.294,25.01,5000,23.788937
2014-03-03,25.589,25.747,25.484,24.450001,29600,23.256279
2014-03-04,26.105,26.157,26.105,24.870001,1700,23.655771
2014-03-05,26.083,26.147,26.083,24.870001,6100,23.655771
2014-03-06,26.346,26.451,26.315,25.08,6100,23.855516
2014-03-07,26.21,26.252,26.041,24.879999,21600,23.665281
2014-03-10,26.073,26.073,25.768,24.6,5300,23.398954
2014-03-11,26.041,26.041,25.652,24.4,4000,23.208717
2014-03-12,25.442,25.6,25.442,24.35,7700,23.16116
2014-03-13,25.705,25.705,25.064,23.91,23900,22.742641
2014-03-14,25.337,25.411,25.337,24.120001,12500,22.942389
2014-03-17,25.705,25.768,25.684,24.48,25400,23.284811
2014-03-18,25.747,26.083,25.747,24.799999,5700,23.589188
2014-03-19,25.915,25.999,25.589,24.360001,6600,23.17067
2014-03-20,25.495,25.684,25.421,24.41,9100,23.218231
2014-03-21,25.621,25.947,25.621,24.68,3100,23.475046
2014-03-24,25.863,25.968,25.8,24.700001,7300,23.494072
2014-03-25,26.157,26.367,26.157,24.98,25900,23.760401
2014-03-26,26.672,26.672,26.399,25.110001,23400,23.884054
2014-03-27,26.609,26.788,26.567,25.48,7400,24.235989
2014-03-28,27.009,27.072,26.914,25.620001,13700,24.369154
2014-03-31,27.187,27.271,27.135,25.870001,34200,24.606949
2014-04-01,27.419,27.429,27.314,26.09,8000,24.816208
2014-04-02,27.429,27.503,27.419,26.129999,9200,24.854252
2014-04-03,27.429,27.429,27.229,26.059999,9100,24.787672
2014-04-04,27.703,27.881,27.387,26.049999,24400,24.77816
2014-04-07,27.345,27.608,27.345,26.24,5200,24.958885
2014-04-08,27.86,28.028,27.839,26.48,9100,25.187166
2014-04-09,27.797,28.102,27.797,26.66,8900,25.358377
2014-04-10,27.934,28.06,27.724,26.41,15000,25.120583
2014-04-11,27.671,27.808,27.66,26.440001,9700,25.14912
2014-04-14,27.892,27.892,27.524,26.33,8400,25.044489
2014-04-15,27.345,27.482,26.946,25.889999,6400,24.625973
2014-04-16,27.303,27.566,27.303,26.219999,6000,24.939859
2014-04-17,27.639,28.049,27.555,26.68,5100,25.377401
2014-04-21,27.892,27.892,27.745,26.42,22800,25.130098
2014-04-22,27.839,27.839,27.671,26.35,10100,25.063511
2014-04-23,27.66,27.66,27.45,26.200001,14800,24.920837
2014-04-24,27.597,27.597,27.429,26.209999,8500,24.930346
2014-04-25,27.282,27.282,26.956,25.76,11700,24.502321
2014-04-28,27.303,27.429,27.219,26.09,15500,24.816208
2014-04-29,27.639,27.671,27.555,26.24,9600,24.958885
2014-04-30,27.377,27.482,27.366,26.07,21200,24.797182
2014-05-01,27.524,27.618,27.471,26.219999,11200,24.939859
2014-05-02,27.492,27.65,27.492,26.290001,6800,25.006443
2014-05-05,27.66,27.66,27.503,26.200001,12000,24.920837
2014-05-06,27.639,27.892,27.639,26.41,48000,25.120583
2014-05-07,27.944,28.07,27.934,26.700001,13800,25.396425
2014-05-08,28.081,28.218,28.081,26.74,12800,25.434471
2014-05-09,27.986,27.986,27.818,26.48,30900,25.187166
2014-05-12,28.228,28.239,28.155,26.860001,7900,25.548615
2014-05-13,28.333,28.438,28.333,27.030001,6000,25.710316
2014-05-14,28.533,28.649,28.459,27.17,8800,25.843479
2014-05-15,28.502,28.502,28.228,26.889999,12200,25.57715
2014-05-16,28.449,28.565,28.407,27.15,7700,25.824455
2014-05-19,28.733,28.733,28.649,27.280001,4800,25.948109
2014-05-20,28.544,28.649,28.438,27.049999,4500,25.729338
2014-05-21,28.638,28.691,28.575,27.27,6100,25.938597
2014-05-22,28.733,28.764,28.733,27.360001,3500,26.024204
2014-05-23,28.859,28.859,28.785,27.41,3000,26.07176
2014-05-27,28.733,28.733,28.438,27.120001,25400,25.795919
2014-05-28,28.586,28.743,28.533,27.33,11900,25.995667
2014-05-29,28.785,28.827,28.743,27.35,8100,26.014692
2014-05-30,28.628,28.628,28.375,27.01,18100,25.69129
2014-06-02,28.628,28.628,28.407,27.08,11900,25.757872
2014-06-03,28.544,28.596,28.47,27.18,12600,25.852991
2014-06-04,28.449,28.512,28.438,27.1,5200,25.776896
2014-06-05,28.764,28.764,28.628,27.35,15700,26.014692
2014-06-06,28.922,29.08,28.922,27.639999,7200,26.290529
2014-06-09,29.048,29.237,29.048,27.780001,18500,26.423697
2014-06-10,29.227,29.332,29.227,27.889999,29100,26.528326
2014-06-11,29.227,29.311,29.195,27.84,22000,26.480766
2014-06-12,29.29,29.29,29.038,27.66,20200,26.309553
2014-06-13,28.827,29.101,28.827,27.68,9300,26.328579
2014-06-16,28.933,29.017,28.933,27.58,7900,26.233461
2014-06-17,28.985,28.985,28.922,27.530001,15600,26.185904
2014-06-18,28.985,29.08,28.985,27.66,3500,26.309553
2014-06-19,29.343,29.343,29.185,27.780001,6100,26.423697
2014-06-20,29.08,29.08,29.038,27.66,8100,26.309553
2014-06-23,29.216,29.216,29.017,27.700001,12500,26.347601
2014-06-24,29.395,29.448,29.08,27.700001,7900,26.347601
2014-06-25,28.996,29.038,28.996,27.610001,6400,26.261995
2014-06-26,29.237,29.237,29.038,27.719999,7100,26.366625
2014-06-27,29.143,29.174,29.069,27.75,4900,26.395163
2014-06-30,29.227,29.227,29.09,27.67,6700,26.319065
2014-07-01,29.29,29.29,29.195,27.83,71300,26.471254
2014-07-02,29.416,29.416,29.343,27.969999,8100,26.60442
2014-07-03,29.448,29.553,29.437,28.09,3100,26.718563
2014-07-07,29.374,29.532,29.374,28.049999,19700,26.680511
2014-07-08,29.521,29.532,29.395,27.969999,3800,26.60442
2014-07-09,29.416,29.584,29.416,28.139999,17100,26.766119
2014-07-10,29.248,29.458,29.153,27.969999,19100,26.60442
2014-07-11,29.301,29.427,29.28,27.959999,16000,26.594908
2014-07-14,29.574,29.669,29.574,28.200001,11700,26.823191
2014-07-15,29.711,29.711,29.49,28.219999,10200,26.842215
2014-07-16,29.763,29.805,29.437,28.33,23400,26.946842
2014-07-17,29.448,29.532,29.111,27.75,51500,26.395163
2014-07-18,29.553,29.7,29.553,28.25,13300,26.870749
2014-07-21,29.374,29.721,29.374,28.25,17800,26.870749
2014-07-22,29.973,30.079,29.973,28.559999,17400,27.165615
2014-07-23,30.047,30.047,29.931,28.51,15600,27.118055
2014-07-24,30.079,30.215,30.047,28.66,25600,27.260733
2014-07-25,30.047,30.047,29.931,28.549999,3100,27.156101
2014-07-28,30.036,30.121,29.963,28.629999,8600,27.232195
2014-07-29,30.163,30.163,29.91,28.48,3000,27.089521
2014-07-30,30.068,30.121,29.837,28.469999,10600,27.080008
2014-07-31,29.311,29.563,29.153,27.940001,12700,26.575884
2014-08-01,29.553,29.574,29.258,28.1,34500,26.728075
2014-08-04,29.553,29.795,29.511,28.32,9900,26.937332
2014-08-05,29.437,29.437,29.185,27.809999,8100,26.452232
2014-08-06,29.111,29.216,29.08,27.66,11400,26.309553
2014-08-07,29.101,29.143,28.88,27.49,37900,26.147856
2014-08-08,29.017,29.227,28.975,27.799999,9300,26.442719
2014-08-11,29.427,29.5,29.406,28.059999,4400,26.690025
2014-08-12,29.301,29.479,29.301,28,1800,26.632954
2014-08-13,29.7,29.7,29.532,28.09,9000,26.718563
2014-08-14,29.69,29.721,29.616,28.27,18900,26.889772
2014-08-15,29.742,29.753,29.605,28.23,24100,26.851725
2014-08-18,30.047,30.047,29.889,28.58,6600,27.184637
2014-08-19,30.173,30.247,30.142,28.75,11600,27.346338
2014-08-20,30.1,30.257,30.089,28.780001,12100,27.374874
2014-08-21,30.142,30.173,30.079,28.690001,15900,27.289268
2014-08-22,30.226,30.226,29.973,28.52,6600,27.127567
2014-08-25,30.278,30.299,30.131,28.82,6700,27.412922
2014-08-26,30.299,30.415,30.299,28.93,4900,27.517548
2014-08-27,30.436,30.646,30.436,29.15,7500,27.726807
2014-08-28,30.247,30.394,30.247,28.91,11000,27.498526
2014-08-29,30.457,30.457,30.278,28.799999,16300,27.393894
2014-09-02,30.278,30.373,30.257,28.870001,15700,27.460482
2014-09-03,30.804,30.899,30.762,29.33,8500,27.898018
2014-09-04,30.835,30.857,30.552,29.07,10700,27.650715
2014-09-05,30.92,30.92,30.604,29.27,8400,27.84095
2014-09-08,30.825,30.825,30.394,28.940001,8500,27.527063
2014-09-09,30.31,30.362,29.984,28.6,9300,27.203661
2014-09-10,29.711,29.984,29.711,28.52,6300,27.127567
2014-09-11,29.816,29.837,29.742,28.34,9200,26.956358
2014-09-12,29.595,29.595,29.332,27.950001,16200,26.585398
2014-09-15,29.174,29.364,29.153,27.860001,14000,26.499788
2014-09-16,29.227,29.774,29.227,28.209999,12600,26.832703
2014-09-17,29.511,29.669,29.406,27.969999,27400,26.60442
2014-09-18,29.216,29.395,29.216,27.85,8600,26.490278
2014-09-19,29.301,29.301,28.996,27.65,12100,26.300043
2014-09-22,28.722,28.722,28.396,27.15,24100,25.824455
2014-09-23,28.554,28.565,28.333,27.02,13200,25.700804
2014-09-24,28.554,28.838,28.523,27.4,52200,26.062248
2014-09-25,28.386,28.396,28.092,26.74,16300,25.434471
2014-09-26,28.144,28.344,28.144,26.860001,18500,25.548615
2014-09-29,27.618,27.671,27.545,26.25,11200,24.968395
2014-09-30,27.377,27.492,27.356,26.040001,21800,24.76865
2014-10-01,27.219,27.293,26.809,25.5,84000,24.255014
2014-10-02,26.756,26.998,26.525,25.610001,58500,24.359642
2014-10-03,27.082,27.177,26.893,25.82,16100,24.559389
2014-10-06,27.829,27.829,27.629,26.280001,10900,24.996931
2014-10-07,27.597,27.65,27.419,26.08,4900,24.806696
2014-10-08,27.44,27.797,27.145,26.440001,39200,25.14912
2014-10-09,27.787,27.787,27.261,26.200001,298600,24.920837
2014-10-10,27.229,27.229,26.84,25.530001,117700,24.283548
2014-10-13,27.261,27.597,27.187,25.93,45000,24.664019
2014-10-14,27.377,27.566,27.177,26.040001,92200,24.76865
2014-10-15,27.009,27.019,26.483,25.68,111700,24.426226
2014-10-16,26.294,26.893,26.294,25.35,12100,24.112337
2014-10-17,26.904,27.082,26.767,25.549999,23700,24.30257
2014-10-20,26.956,26.956,26.788,25.559999,41500,24.312084
2014-10-21,26.546,26.914,26.546,25.469999,40800,24.226475
2014-10-22,26.819,26.819,26.536,25.290001,59200,24.055265
2014-10-23,26.651,26.651,26.451,25.16,65000,23.931614
2014-10-24,26.462,26.767,26.462,25.34,25200,24.102825
2014-10-27,26.241,26.367,26.21,25.08,16900,23.855516
2014-10-28,26.525,26.893,26.525,25.49,26000,24.245502
2014-10-29,26.988,27.156,26.735,25.5,47100,24.255014
2014-10-30,27.051,27.271,26.977,25.84,13300,24.578413
2014-10-31,27.25,27.303,27.061,25.93,28200,24.664019
2014-11-03,27.124,27.124,26.956,25.65,13700,24.397688
2014-11-04,26.977,26.988,26.861,25.620001,8300,24.369154
2014-11-05,26.756,26.756,26.567,25.43,21900,24.188431
2014-11-06,26.609,26.62,26.294,25.02,51200,23.798447
2014-11-07,26.357,26.483,26.346,25.18,20500,23.950636
2014-11-10,26.693,26.788,26.515,25.26,20700,24.02673
2014-11-11,26.483,26.536,26.399,25.219999,15400,23.98868
2014-11-12,26.515,26.672,26.472,25.219999,28900,23.98868
2014-11-13,26.493,26.493,26.199,24.98,29900,23.760401
2014-11-14,26.157,26.399,26.147,25.07,49500,23.846006
2014-11-17,26.273,26.273,26.105,24.860001,28700,23.646259
2014-11-18,26.147,26.304,26.147,24.99,25600,23.769913
2014-11-19,26.157,26.409,26.136,25.02,8400,23.798447
2014-11-20,26.346,26.483,26.304,25.07,27300,23.846006
2014-11-21,27.177,27.219,26.967,25.889999,21600,24.625973
2014-11-24,27.261,27.261,27.072,25.76,12200,24.502321
2014-11-25,26.967,27.156,26.861,25.58,34800,24.331108
2014-11-26,27.103,27.187,27.103,25.809999,19200,24.549875
2014-11-28,26.714,26.714,26.525,25.23,2000,23.998196
2014-12-01,26.136,26.157,26.01,24.85,17300,23.636749
2014-12-02,26.178,26.178,25.905,24.74,26000,23.532118
2014-12-03,26.031,26.283,26.031,24.93,34600,23.712843
2014-12-04,26.346,26.346,26.136,24.940001,24400,23.722355
2014-12-05,26.073,26.189,25.999,24.91,243200,23.693819
2014-12-08,25.842,25.884,25.558,24.469999,25300,23.275301
2014-12-09,25.369,25.411,25.242,24.17,31700,22.989948
2014-12-10,25.253,25.263,24.938,23.790001,56200,22.6285
2014-12-11,24.811,24.906,24.643,23.440001,133500,22.295589
2014-12-12,24.633,24.696,24.212,23.040001,81600,21.915119
2014-12-15,24.212,24.212,23.55,22.450001,147000,21.353924
2014-12-16,23.434,24.054,23.129,22.559999,172500,21.458551
2014-12-17,23.644,24.685,23.644,23.299999,227500,22.162422
2014-12-18,24.696,24.696,24.37,23.309999,113500,22.171936
2014-12-19,24.464,24.895,24.464,23.65,33100,22.495335
2014-12-22,24.654,24.654,24.333,23.639999,134600,22.79229
2014-12-23,24.55,24.685,24.208,23.5,149000,22.65731
2014-12-24,24.281,24.561,24.281,23.68,130100,22.830858
2014-12-26,24.82,24.82,24.592,23.709999,32300,22.859781
2014-12-29,24.467,24.571,24.239,23.459999,241300,22.618744
2014-12-30,24.333,24.447,24.312,23.52,90600,22.676596
2014-12-31,24.53,24.53,24.291,23.42,39900,22.580179
2015-01-02,24.156,24.156,23.938,23.17,21400,22.339146
2015-01-05,23.907,23.907,23.544,22.76,96400,21.943848
2015-01-06,23.627,23.71,23.399,22.65,64500,21.837793
2015-01-07,23.959,24.053,23.835,23.09,128000,22.262012
2015-01-08,24.343,24.561,24.343,23.610001,64300,22.763367
2015-01-09,24.436,24.436,24.229,23.52,28200,22.676596
2015-01-12,24.281,24.281,24.063,23.209999,26000,22.37771
2015-01-13,24.436,24.447,24.094,23.379999,26300,22.541615
2015-01-14,24.115,24.25,23.99,23.379999,26000,22.541615
2015-01-15,24.488,24.488,24.229,23.360001,31300,22.522333
2015-01-16,24.301,24.405,24.27,23.530001,24500,22.686237
2015-01-20,24.301,24.312,24.177,23.43,23600,22.589821
2015-01-21,24.384,24.83,24.384,23.91,30500,23.052608
2015-01-22,25.162,25.339,24.996,24.42,22400,23.544321
2015-01-23,25.287,25.287,25.038,24.139999,17900,23.274359
2015-01-26,25.017,25.027,24.789,23.92,39600,23.062252
2015-01-27,24.571,24.996,24.571,24.040001,19300,23.177948
2015-01-28,24.882,24.882,24.54,23.68,38700,22.830858
2015-01-29,24.519,24.54,24.27,23.620001,71200,22.773008
2015-01-30,23.98,24.104,23.845,23.030001,71100,22.204165
2015-02-02,24.115,24.343,24.104,23.459999,21900,22.618744
2015-02-03,24.737,24.986,24.706,24.030001,24200,23.168306
2015-02-04,25.059,25.059,24.81,23.92,30500,23.062252
2015-02-05,24.882,25.027,24.882,24.120001,21200,23.255079
2015-02-06,24.737,24.841,24.623,23.780001,17700,22.927271
2015-02-09,24.633,24.758,24.633,23.83,11100,22.975477
2015-02-10,24.696,24.696,24.478,23.73,14800,22.879063
2015-02-11,24.498,24.581,24.322,23.67,13700,22.821215
2015-02-12,24.747,25.059,24.747,24.139999,313700,23.274359
2015-02-13,25.214,25.37,25.214,24.41,30400,23.534679
2015-02-17,25.131,25.328,25.121,24.41,16600,23.534679
2015-02-18,25.266,25.359,25.214,24.41,21600,23.534679
2015-02-19,25.11,25.266,25.017,24.290001,15400,23.418983
2015-02-20,25.162,25.339,25.027,24.389999,15900,23.515394
2015-02-23,25.142,25.142,24.862,24.01,19600,23.149023
2015-02-24,25.152,25.308,24.996,24.360001,43100,23.486473
2015-02-25,25.204,25.266,25.142,24.360001,24300,23.486473
2015-02-26,25.359,25.359,25.193,24.34,31200,23.46719
2015-02-27,25.183,25.328,25.183,24.35,42500,23.476831
2015-03-02,25.193,25.193,25.069,24.219999,33000,23.351492
2015-03-03,24.924,25.11,24.924,24.120001,32600,23.255079
2015-03-04,24.893,24.893,24.633,23.84,41100,22.985121
2015-03-05,24.758,24.758,24.613,23.790001,42500,22.936913
2015-03-06,24.498,24.509,24.229,23.41,40500,22.570538
2015-03-09,24.208,24.239,24.125,23.26,26800,22.425917
2015-03-10,23.845,23.845,23.586,22.74,106200,21.924564
2015-03-11,23.669,23.731,23.607,22.860001,114500,22.04026
2015-03-12,24.053,24.063,23.814,22.98,121000,22.155958
2015-03-13,23.607,23.679,23.347,22.639999,132400,21.82815
2015-03-16,23.669,23.721,23.627,22.82,163400,22.001696
2015-03-17,23.793,23.98,23.721,23.1,150700,22.271654
2015-03-18,23.949,24.654,23.949,23.700001,140300,22.850142
2015-03-19,24.364,24.364,24.104,23.299999,185400,22.464483
2015-03-20,24.447,24.592,24.384,23.639999,154000,22.79229
2015-03-23,24.613,24.654,24.457,23.75,129700,22.898346
2015-03-24,24.716,24.737,24.644,23.84,159500,22.985121
2015-03-25,24.913,24.913,24.426,23.58,123300,22.734444
2015-03-26,24.447,24.447,24.177,23.360001,147000,22.522333
2015-03-27,24.239,24.239,24.084,23.25,126400,22.416275
2015-03-30,24.333,24.592,24.333,23.700001,104300,22.850142
2015-03-31,24.384,24.509,24.333,23.57,186200,22.724802
2015-04-01,24.913,24.913,24.633,23.889999,152000,23.033325
2015-04-02,24.996,25.297,24.996,24.389999,130500,23.515394
2015-04-06,25.515,25.743,25.515,24.68,254600,23.794998
2015-04-07,25.536,25.598,25.473,24.610001,162300,23.727509
2015-04-08,26.127,26.168,25.919,25.059999,130300,24.161371
2015-04-09,26.189,26.293,26.085,25.33,117800,24.421688
2015-04-10,26.21,26.231,26.137,25.280001,100800,24.373484
2015-04-13,26.417,26.438,26.168,25.23,107900,24.325275
2015-04-14,26.397,26.521,26.282,25.48,140100,24.566309
2015-04-15,26.511,26.926,26.511,25.950001,215000,25.019457
2015-04-16,26.967,27.216,26.832,26.129999,678100,25.193001
2015-04-17,26.573,26.573,26.282,25.51,134300,24.595236
2015-04-20,26.376,26.604,26.376,25.530001,103000,24.614519
2015-04-21,26.677,26.749,26.656,25.700001,110200,24.778421
2015-04-22,26.801,26.946,26.625,25.889999,138400,24.961607
2015-04-23,26.77,27.309,26.77,26.299999,88800,25.356905
2015-04-24,27.465,27.517,27.434,26.5,87500,25.549734
2015-04-27,27.755,27.755,27.527,26.540001,118800,25.588301
2015-04-28,27.693,27.693,27.465,26.639999,112100,25.684713
2015-04-29,27.351,27.413,27.206,26.26,123400,25.31834
2015-04-30,27.112,27.112,26.936,26.059999,87200,25.125511
2015-05-01,27.237,27.237,26.946,26.17,125900,25.231569
2015-05-04,27.299,27.299,27.174,26.290001,699700,25.347265
2015-05-05,27.32,27.372,27.216,26.26,120300,25.31834
2015-05-06,27.434,27.434,26.874,25.950001,145200,25.019457
2015-05-07,26.863,26.863,26.656,25.84,127200,24.913401
2015-05-08,27.143,27.143,26.946,26.09,114500,25.154436
2015-05-11,27.071,27.071,26.76,25.83,382200,24.903759
2015-05-12,26.708,26.843,26.614,25.84,110500,24.913401
2015-05-13,27.019,27.05,26.77,25.82,89700,24.894115
2015-05-14,26.936,26.988,26.832,25.98,113900,25.04838
2015-05-15,26.843,27.133,26.801,26.139999,109900,25.202642
2015-05-18,26.998,26.998,26.718,25.790001,121500,24.865196
2015-05-19,26.811,26.811,26.666,25.76,99300,24.836271
2015-05-20,26.563,26.718,26.521,25.690001,91200,24.76878
2015-05-21,26.5,26.583,26.417,25.620001,119300,24.70129
2015-05-22,26.656,26.656,26.542,25.620001,66200,24.70129
2015-05-26,26.365,26.365,26.054,25.15,98500,24.248144
2015-05-27,25.93,26.117,25.826,25.18,134600,24.277067
2015-05-28,25.785,25.805,25.66,24.85,85000,23.958902
2015-05-29,25.764,25.764,25.38,24.48,89600,23.602171
2015-06-01,25.422,25.422,25.235,24.35,104700,23.476831
2015-06-02,25.266,25.65,25.266,24.67,87100,23.785357
2015-06-03,25.484,25.536,25.339,24.450001,93700,23.573246
2015-06-04,25.183,25.214,24.924,24.049999,103500,23.187588
2015-06-05,24.799,24.913,24.633,24.01,134300,23.149023
2015-06-08,24.872,24.944,24.841,24.01,94100,23.149023
2015-06-09,24.955,24.955,24.841,23.99,77900,23.129738
2015-06-10,25.266,25.266,25.173,24.299999,94900,23.428623
2015-06-11,25.142,25.152,24.996,24.23,1e+05,23.361134
2015-06-12,25.09,25.09,24.934,24.129999,78600,23.264719
2015-06-15,24.633,24.872,24.633,23.950001,135600,23.091177
2015-06-16,24.83,24.934,24.737,24,103800,23.139381
2015-06-17,24.83,25.1,24.737,24.17,91900,23.303286
2015-06-18,25.069,25.308,25.069,24.35,67800,23.476831
2015-06-19,25.193,25.193,25.09,24.200001,76400,23.332211
2015-06-22,25.37,25.432,25.359,24.469999,90600,23.592527
2015-06-23,25.505,25.556,25.453,24.610001,109300,23.727509
2015-06-24,25.473,25.473,25.287,24.41,145500,23.534679
2015-06-25,25.411,25.411,25.152,24.26,74200,23.390059
2015-06-26,25.131,25.131,24.976,24.139999,80400,23.274359
2015-06-29,24.82,24.83,24.426,23.620001,214000,22.773008
2015-06-30,24.664,24.913,24.664,23.98,82100,23.120096
2015-07-01,25.94,27.351,24.229,23.799999,93500,22.946552
2015-07-02,24.882,24.955,24.841,23.99,107700,23.129738
2015-07-06,24.187,24.239,23.938,23.16,294600,22.329504
2015-07-07,23.752,23.752,23.358,22.879999,383400,22.059542
2015-07-08,23.109,23.161,22.922,22.120001,351700,21.326797
2015-07-09,23.42,23.451,23.233,22.42,72800,21.616039
2015-07-10,23.752,23.793,23.596,22.93,70500,22.10775
2015-07-13,23.887,23.959,23.804,23.07,121900,22.242729
2015-07-14,23.835,24.001,23.71,23.129999,175900,22.300579
2015-07-15,23.907,23.907,23.7,22.85,75100,22.030619
2015-07-16,24.021,24.032,23.907,23.09,109500,22.262012
2015-07-17,23.959,23.959,23.762,22.969999,87700,22.146317
2015-07-20,23.607,23.607,23.441,22.700001,115200,21.885998
2015-07-21,23.689,23.752,23.617,22.83,118900,22.011337
2015-07-22,23.358,23.399,23.243,22.440001,92000,21.635323
2015-07-23,23.15,23.223,22.86,22.1,292000,21.307516
2015-07-24,22.704,22.704,22.445,21.76,366200,20.979704
2015-07-27,22.144,22.269,22.071,21.33,471500,20.565126
2015-07-28,22.352,22.445,22.175,21.639999,99100,20.864008
2015-07-29,22.549,22.777,22.434,21.91,175800,21.124327
2015-07-30,22.621,22.621,22.32,21.66,183600,20.883291
2015-07-31,22.549,22.673,22.476,21.690001,90000,20.912218
2015-08-03,22.134,22.279,22.04,21.309999,155900,20.545843
2015-08-04,22.32,22.383,22.165,21.43,101200,20.661539
2015-08-05,22.383,22.424,22.175,21.4,158500,20.632614
2015-08-06,22.144,22.144,21.968,21.290001,350400,20.526562
2015-08-07,21.999,22.165,21.999,21.25,139800,20.487993
2015-08-10,22.02,22.424,22.02,21.6,97100,20.825443
2015-08-11,22.02,22.02,21.76,21.110001,150600,20.353014
2015-08-12,21.74,21.864,21.657,21.08,334400,20.324091
2015-08-13,21.791,21.843,21.688,20.98,139200,20.227676
2015-08-14,21.823,21.843,21.708,20.959999,90600,20.208393
2015-08-17,21.46,21.522,21.397,20.709999,312000,19.967356
2015-08-18,21.314,21.345,21.2,20.540001,281700,19.803455
2015-08-19,21.107,21.159,20.837,20.209999,253800,19.485287
2015-08-20,20.754,20.858,20.692,20,205100,19.282818
2015-08-21,20.526,20.526,20.049,19.35,375300,18.656126
2015-08-24,19.074,19.759,18.586,18.6,600800,17.933022
2015-08-25,20.246,20.308,19.302,18.610001,178800,17.942663
2015-08-26,19.956,20.07,19.541,19.34,305600,18.646484
2015-08-27,20.329,20.962,20.329,20.209999,283200,19.485287
2015-08-28,20.692,20.868,20.682,20,105300,19.282818
2015-08-31,20.453,20.868,20.412,20.07,149900,19.350306
2015-09-01,20.443,20.443,19.987,19.27,407500,18.578997
2015-09-02,20.236,20.277,19.997,19.540001,220700,18.839314
2015-09-03,20.277,20.599,20.277,19.629999,314500,18.926086
2015-09-04,19.924,20.049,19.665,19.01,230500,18.328318
2015-09-08,20.215,20.339,20.163,19.559999,147100,18.858595
2015-09-09,20.723,20.754,20.246,19.540001,120200,18.839314
2015-09-10,20.194,20.526,20.184,19.73,150200,19.022499
2015-09-11,20.287,20.443,20.287,19.709999,95100,19.003216
2015-09-14,20.464,20.474,20.329,19.73,101900,19.022499
2015-09-15,20.464,20.619,20.453,19.85,84200,19.138197
2015-09-16,20.972,21.211,20.879,20.43,127200,19.697401
2015-09-17,21.065,21.532,20.962,20.379999,72000,19.649191
2015-09-18,20.723,20.92,20.485,19.799999,129200,19.089989
2015-09-21,20.557,20.568,20.402,19.719999,139800,19.012857
2015-09-22,20.059,20.07,19.883,19.34,372000,18.646484
2015-09-23,19.831,19.966,19.717,19.02,171200,18.337959
2015-09-24,19.375,19.676,19.261,18.92,490200,18.241547
2015-09-25,19.893,19.893,19.644,18.940001,91200,18.26083
2015-09-28,19.52,19.52,19.095,18.41,194300,17.749832
2015-09-29,19.147,19.302,19.095,18.49,180600,17.826963
2015-09-30,19.831,19.831,19.634,19.049999,268700,18.366882
2015-10-01,20.039,20.039,19.717,19.15,74000,18.463297
2015-10-02,19.717,20.236,19.593,19.51,103100,18.81039
2015-10-05,20.474,20.723,20.474,19.940001,227600,19.22497
2015-10-06,20.765,20.91,20.733,20.030001,275300,19.311745
2015-10-07,21.449,21.677,21.294,20.690001,132300,19.948076
2015-10-08,21.377,21.874,21.377,21.059999,174600,20.304808
2015-10-09,22.009,22.175,21.895,21.18,84700,20.420504
2015-10-12,22.134,22.134,21.771,20.99,140500,20.237318
2015-10-13,21.522,21.657,21.335,20.57,86400,19.832378
2015-10-14,21.522,21.657,21.491,20.76,95500,20.015566
2015-10-15,21.854,22.082,21.781,21.290001,67000,20.526562
2015-10-16,21.926,22.04,21.843,21.200001,91900,20.439787
2015-10-19,21.75,21.812,21.719,20.969999,91900,20.218035
2015-10-20,21.843,21.843,21.677,20.969999,59200,20.218035
2015-10-21,21.688,21.688,21.428,20.66,113200,19.919151
2015-10-22,21.76,21.926,21.729,21.09,152800,20.333733
2015-10-23,22.009,22.061,21.895,21.190001,60400,20.430145
2015-10-26,21.833,21.854,21.688,20.91,76300,20.160187
2015-10-27,21.46,21.511,21.387,20.67,114500,19.928793
2015-10-28,21.501,21.688,21.231,20.620001,84800,19.880587
2015-10-29,21.159,21.242,21.128,20.370001,99100,19.639551
2015-10-30,21.345,21.345,21.221,20.469999,100600,19.735962
2015-11-02,21.366,21.688,21.366,20.91,86300,20.160187
2015-11-03,21.677,22.123,21.677,21.26,175300,20.497635
2015-11-04,22.165,22.206,21.802,21.07,294000,20.314449
2015-11-05,21.771,21.947,21.698,21.059999,103800,20.304808
2015-11-06,21.345,21.428,21.159,20.639999,132100,19.899866
2015-11-09,21.262,21.262,20.899,20.209999,128800,19.485287
2015-11-10,20.848,20.951,20.785,20.139999,128200,19.417797
2015-11-11,21.065,21.076,20.848,20.15,94600,19.427439
2015-11-12,20.827,20.931,20.64,19.9,197600,19.186403
2015-11-13,20.557,20.557,20.225,19.559999,191900,18.858595
2015-11-16,20.453,20.733,20.36,19.969999,162800,19.253893
2015-11-17,20.63,20.806,20.63,19.889999,131000,19.176762
2015-11-18,20.806,21.024,20.744,20.27,109700,19.543137
2015-11-19,21.014,21.262,21.014,20.440001,152200,19.707041
2015-11-20,21.273,21.501,21.273,20.610001,108600,19.870945
2015-11-23,21.211,21.345,21.148,20.440001,156600,19.707041
2015-11-24,20.962,21.356,20.962,20.51,109900,19.77453
2015-11-25,21.024,21.107,21.014,20.299999,107000,19.57206
2015-11-27,20.765,20.827,20.671,19.940001,45500,19.22497
2015-11-30,20.619,20.619,20.381,19.700001,201800,18.993576
2015-12-01,20.474,20.609,20.474,19.860001,358600,19.14784
2015-12-02,20.402,20.495,20.277,19.629999,142900,18.926086
2015-12-03,20.402,20.557,20.329,19.639999,166700,18.935728
2015-12-04,20.111,20.36,20.111,19.610001,161600,18.906803
2015-12-07,20.039,20.101,19.831,19.18,152500,18.492222
2015-12-08,19.624,20.07,19.478,19,365200,18.318678
2015-12-09,19.655,19.904,19.572,18.93,122000,18.251188
2015-12-10,19.696,19.707,19.499,18.799999,111700,18.125847
2015-12-11,19.115,19.209,18.96,18.280001,345600,17.624496
2015-12-14,19.074,19.198,18.97,18.51,340400,17.846249
2015-12-15,19.478,19.593,19.458,18.790001,184000,18.116207
2015-12-16,19.593,19.956,19.541,19.209999,286300,18.521145
2015-12-17,19.779,19.821,19.499,18.799999,165800,18.125847
2015-12-18,19.478,19.593,19.385,18.700001,176100,18.029436
2015-12-21,18.621,18.855,18.53,18.34,178100,18.033369
2015-12-22,18.723,18.937,18.693,18.59,199500,18.279188
2015-12-23,19.028,19.313,19.028,18.959999,187500,18.643002
2015-12-24,19.252,19.293,19.211,18.91,131800,18.593838
2015-12-28,19.038,19.048,18.916,18.65,153600,18.338184
2015-12-29,19.072,19.123,18.981,18.68,766200,18.374384
2015-12-30,18.767,18.798,18.676,18.370001,239200,18.069456
2015-12-31,18.676,18.747,18.615,18.33,325800,18.030109
2016-01-04,18.208,18.249,18.055,17.84,701400,17.548126
2016-01-05,18.269,18.289,18.188,17.959999,189400,17.666162
2016-01-06,17.913,17.974,17.761,17.549999,531800,17.262871
2016-01-07,17.364,17.598,17.334,17.059999,975700,16.780888
2016-01-08,17.486,17.517,17.151,16.870001,349200,16.593996
2016-01-11,17.344,17.384,17.018,16.92,577200,16.643179
2016-01-12,17.313,17.354,16.998,16.870001,254300,16.593996
2016-01-13,17.364,17.456,16.968,16.73,153500,16.456285
2016-01-14,17.039,17.384,16.937,17.059999,823600,16.780888
2016-01-15,16.51,16.632,16.337,16.309999,684100,16.043158
2016-01-19,16.876,16.886,16.581,16.450001,180800,16.180868
2016-01-20,16.195,16.368,15.91,16.01,338300,15.748066
2016-01-21,16.205,16.602,16.144,16.1,151900,15.836594
2016-01-22,16.876,16.998,16.815,16.719999,129600,16.446449
2016-01-25,16.835,16.886,16.642,16.389999,117000,16.121849
2016-01-26,16.764,16.957,16.764,16.66,117700,16.387432
2016-01-27,16.937,17.273,16.866,16.68,137900,16.407104
2016-01-28,17.354,17.354,17.151,17,103300,16.721869
2016-01-29,17.547,17.862,17.537,17.57,190200,17.282543
2016-02-01,17.557,17.628,17.486,17.290001,110900,17.007126
2016-02-02,17.222,17.222,16.947,16.67,138000,16.397268
2016-02-03,17.242,17.557,16.927,17.26,121100,16.977615
2016-02-04,17.822,18.035,17.7,17.5,92200,17.213688
2016-02-05,17.822,17.822,17.567,17.370001,88800,17.085817
2016-02-08,17.496,17.506,17.201,17.110001,104900,16.83007
2016-02-09,17.12,17.313,16.947,16.799999,127100,16.525141
2016-02-10,17.344,17.496,17.161,16.879999,104700,16.603832
2016-02-11,16.835,16.988,16.724,16.67,224300,16.397268
2016-02-12,17.12,17.273,17.039,16.959999,170600,16.682522
2016-02-16,17.598,17.659,17.517,17.33,93600,17.046471
2016-02-17,17.872,18.198,17.862,17.860001,95500,17.567799
2016-02-18,18.106,18.137,17.852,17.58,234400,17.292379
2016-02-19,17.781,17.883,17.73,17.530001,100100,17.243198
2016-02-22,18.167,18.452,18.167,18.110001,183900,17.813709
2016-02-23,18.259,18.289,18.035,17.76,95600,17.469435
2016-02-24,17.791,18.106,17.689,17.76,128500,17.469435
2016-02-25,18.025,18.127,17.923,17.83,85400,17.53829
2016-02-26,18.198,18.228,17.862,17.57,48300,17.282543
2016-02-29,18.076,18.249,18.076,17.809999,117600,17.518616
2016-03-01,18.432,18.787,18.432,18.450001,112700,18.148148
2016-03-02,18.686,19.011,18.676,18.68,71900,18.374384
2016-03-03,19.082,19.489,19.082,19.17,64000,18.856367
2016-03-04,19.835,20.18,19.835,19.75,76300,19.426878
2016-03-07,20.058,20.322,20.058,19.91,179100,19.584259
2016-03-08,20.028,20.028,19.824,19.559999,93700,19.239985
2016-03-09,19.967,20.089,19.916,19.65,93900,19.328512
2016-03-10,20.038,20.068,19.692,19.709999,114600,19.387531
2016-03-11,20.363,20.516,20.363,20.17,88900,19.840006
2016-03-14,20.333,20.404,20.19,19.98,92000,19.653114
2016-03-15,19.794,19.814,19.652,19.41,110700,19.09244
2016-03-16,19.56,20.272,19.56,19.93,102600,19.603933
2016-03-17,20.719,21.004,20.597,20.610001,165000,20.272808
2016-03-18,21.034,21.075,20.932,20.629999,137800,20.292479
2016-03-21,20.943,21.075,20.922,20.690001,89600,20.3515
2016-03-22,20.861,21.156,20.861,20.73,143000,20.390844
2016-03-23,20.76,20.77,20.485,20.15,71900,19.820333
2016-03-24,20.261,20.516,20.211,20.18,74900,19.849842
2016-03-28,20.587,20.648,20.414,20.27,97800,19.93837
2016-03-29,20.546,20.943,20.444,20.559999,206500,20.223625
2016-03-30,21.278,21.431,21.156,20.809999,82100,20.469534
2016-03-31,21.298,21.339,21.065,20.73,105000,20.390844
2016-04-01,20.638,21.095,20.597,20.74,162200,20.400681
2016-04-04,20.963,20.993,20.638,20.32,65300,19.987551
2016-04-05,20.363,20.434,20.272,19.99,77600,19.662951
2016-04-06,20.312,20.556,20.302,20.219999,109600,19.889187
2016-04-07,20.312,20.343,20.119,19.84,83900,19.515406
2016-04-08,20.668,20.77,20.648,20.35,77600,20.017061
2016-04-11,21.085,21.207,21.075,20.74,161900,20.400681
2016-04-12,21.248,21.695,21.176,21.25,297100,20.902336
2016-04-13,22.02,22.173,21.41,21.629999,303000,21.276119
2016-04-14,21.959,21.969,21.746,21.43,97400,21.079391
2016-04-15,21.675,21.776,21.654,21.33,95200,20.981028
2016-04-18,21.481,21.817,21.461,21.33,108300,20.981028
2016-04-19,22.041,22.254,22.03,21.84,213100,21.482683
2016-04-20,22.102,22.417,22.091,21.93,116800,21.571211
2016-04-21,22.203,22.234,21.949,21.610001,437200,21.256447
2016-04-22,21.919,22.091,21.847,21.57,142800,21.2171
2016-04-25,21.919,21.919,21.705,21.370001,130200,21.020374
2016-04-26,21.868,22.01,21.807,21.639999,233200,21.285955
2016-04-27,21.939,22.254,21.898,21.870001,110600,21.512194
2016-04-28,22.132,22.346,22.091,21.73,88300,21.374483
2016-04-29,22.142,22.163,21.939,21.719999,99200,21.364647
2016-05-02,22.02,22.02,21.837,21.540001,108900,21.187593
2016-05-03,21.563,21.563,21.237,20.9,226500,20.558062
2016-05-04,21.044,21.085,20.841,20.52,166500,20.18428
2016-05-05,21.136,21.136,20.719,20.459999,144500,20.125261
2016-05-06,20.658,20.902,20.658,20.48,110800,20.144934
2016-05-09,20.739,20.739,20.261,20.08,118300,19.751478
2016-05-10,20.668,20.943,20.668,20.58,229300,20.243298
2016-05-11,20.973,21.105,20.841,20.6,130800,20.262972
2016-05-12,21.085,21.095,20.739,20.530001,82200,20.194117
2016-05-13,20.627,20.688,20.312,20,71400,19.672787
2016-05-16,20.607,20.739,20.546,20.23,121800,19.899023
2016-05-17,20.526,20.617,20.373,20.129999,142400,19.800659
2016-05-18,20.292,20.434,20.078,19.790001,129000,19.466225
2016-05-19,19.936,19.936,19.753,19.549999,328800,19.230148
2016-05-20,20.068,20.119,19.967,19.67,110700,19.348186
2016-05-23,19.926,20.018,19.896,19.59,69700,19.269495
2016-05-24,20.089,20.089,19.977,19.709999,99400,19.387531
2016-05-25,20.322,20.394,20.251,19.959999,144100,19.63344
2016-05-26,20.485,20.546,20.383,20.08,92600,19.751478
2016-05-27,20.444,20.444,20.261,19.959999,78500,19.63344
2016-05-31,20.343,20.434,20.16,19.85,111600,19.525242
2016-06-01,20.18,20.302,20.109,19.93,110700,19.603933
2016-06-02,20.272,20.495,20.221,20.120001,116700,19.790825
2016-06-03,20.749,20.922,20.648,20.559999,120300,20.223625
2016-06-06,21.024,21.166,20.953,20.790001,157900,20.449863
2016-06-07,21.278,21.441,21.248,21.07,106100,20.725281
2016-06-08,21.695,21.797,21.654,21.440001,98000,21.089228
2016-06-09,21.553,21.553,21.4,21.15,76300,20.803972
2016-06-10,21.105,21.105,20.841,20.549999,153900,20.213789
2016-06-13,20.546,20.729,20.505,20.209999,106400,19.879351
2016-06-14,20.566,20.648,20.282,20.1,150400,19.771151
2016-06-15,20.617,20.892,20.597,20.35,107900,20.017061
2016-06-16,20.322,20.638,20.18,20.24,129000,19.908861
2016-06-17,20.729,20.77,20.607,20.389999,70600,20.056406
2016-06-20,21.156,21.278,21.065,20.719999,158600,20.381006
2016-06-21,21.187,21.319,21.075,20.92,111000,20.577736
2016-06-22,21.42,21.502,21.258,20.92,64000,20.577736
2016-06-23,21.593,21.969,21.583,21.610001,61000,21.256447
2016-06-24,20.658,21.034,20.556,20.32,223000,19.987551
2016-06-27,20.607,20.617,20.17,20.01,159500,19.682623
2016-06-28,20.861,21.034,20.81,20.690001,189000,20.3515
2016-06-29,21.451,21.573,21.4,21.190001,166400,20.843319
2016-06-30,21.624,21.817,21.532,21.34,92000,20.990864
2016-07-01,21.868,22.041,21.868,21.67,276800,21.315466
2016-07-05,21.705,21.705,21.461,21.15,92100,20.803972
2016-07-06,21.227,21.451,21.095,21.09,105000,20.744955
2016-07-07,21.583,21.695,21.278,21.01,129900,20.666264
2016-07-08,21.756,21.898,21.685,21.52,106800,21.167919
2016-07-11,22.051,22.173,22.051,21.74,104800,21.384319
2016-07-12,22.468,22.62,22.447,22.120001,165600,21.758104
2016-07-13,22.539,22.579,22.315,22.16,87400,21.797447
2016-07-14,22.834,22.996,22.813,22.559999,170100,22.190903
2016-07-15,22.905,22.935,22.813,22.549999,79400,22.181067
2016-07-18,22.823,23.169,22.823,22.790001,87900,22.417141
2016-07-19,23.027,23.027,22.844,22.549999,125700,22.181067
2016-07-20,22.915,23.088,22.844,22.629999,125600,22.259758
2016-07-21,23.017,23.078,22.854,22.559999,110900,22.190903
2016-07-22,23.006,23.139,22.945,22.76,92300,22.387632
2016-07-25,23.067,23.067,22.813,22.5,110300,22.131886
2016-07-26,22.966,23.098,22.956,22.700001,103100,22.328613
2016-07-27,23.179,23.25,22.956,22.75,174300,22.377796
2016-07-28,23.078,23.088,22.956,22.690001,640700,22.318777
2016-07-29,23.179,23.352,23.088,22.969999,161900,22.594196
2016-08-01,23.342,23.383,23.139,22.77,172900,22.397469
2016-08-02,23.2,23.23,22.823,22.639999,132700,22.269594
2016-08-03,22.823,23.25,22.712,22.84,166300,22.466324
2016-08-04,23.25,23.505,23.23,23.040001,186100,22.663052
2016-08-05,23.586,23.688,23.494,23.26,263900,22.879452
2016-08-08,23.718,23.83,23.718,23.389999,149500,23.007324
2016-08-09,23.952,24.104,23.952,23.67,318900,23.282743
2016-08-10,24.115,24.115,23.81,23.450001,403800,23.066343
2016-08-11,23.942,24.216,23.901,23.82,203100,23.430288
2016-08-12,24.074,24.247,23.972,23.67,150000,23.282743
2016-08-15,24.196,24.43,24.196,23.98,267800,23.587671
2016-08-16,24.379,24.399,24.237,23.9,498100,23.50898
2016-08-17,24.084,24.247,23.85,23.799999,125300,23.410616
2016-08-18,24.338,24.409,24.277,24.01,94800,23.617182
2016-08-19,24.155,24.318,24.074,23.879999,111100,23.489307
2016-08-22,23.993,24.003,23.84,23.51,124700,23.125362
2016-08-23,24.115,24.176,23.82,23.459999,241100,23.076178
2016-08-24,23.749,23.86,23.698,23.4,180400,23.01716
2016-08-25,23.779,23.86,23.759,23.440001,110000,23.056507
2016-08-26,23.881,24.135,23.383,23.15,150900,22.771252
2016-08-29,23.637,23.84,23.535,23.42,237700,23.036835
2016-08-30,23.84,23.901,23.667,23.33,120600,22.948307
2016-08-31,23.667,23.667,23.383,23.09,102000,22.712233
2016-09-01,23.484,23.545,23.383,23.16,117100,22.781088
2016-09-02,23.901,24.013,23.84,23.59,121800,23.204052
2016-09-06,24.277,24.623,24.247,24.200001,219800,23.804073
2016-09-07,24.643,24.643,24.46,24.200001,178200,23.804073
2016-09-08,24.653,24.694,24.481,24.120001,145000,23.725382
2016-09-09,24.115,24.115,23.637,23.25,320800,22.869616
2016-09-12,23.301,23.901,23.22,23.450001,196000,23.066343
2016-09-13,23.454,23.474,22.915,22.65,175600,22.27943
2016-09-14,23.118,23.393,23.057,22.719999,120200,22.348286
2016-09-15,23.24,23.637,23.139,23.120001,113300,22.741743
2016-09-16,23.291,23.291,23.088,22.84,102300,22.466324
2016-09-19,23.596,23.688,23.413,23.049999,203200,22.672886
2016-09-20,23.688,23.688,23.535,23.18,93300,22.80076
2016-09-21,23.85,24.308,23.728,23.860001,162500,23.469635
2016-09-22,24.501,24.582,24.287,24,130100,23.607346
2016-09-23,24.176,24.247,23.993,23.639999,146600,23.253233
2016-09-26,23.85,23.921,23.718,23.34,140000,22.958143
2016-09-27,23.871,23.993,23.708,23.6,122900,23.21389
2016-09-28,24.043,24.338,23.85,23.940001,103000,23.548326
2016-09-29,24.308,24.379,23.86,23.57,119500,23.18438
2016-09-30,24.196,24.206,23.982,23.73,158600,23.341761
2016-10-03,24.206,24.359,24.084,23.940001,265000,23.548326
2016-10-04,24.287,24.338,23.881,23.59,423200,23.204052
2016-10-05,24.409,24.46,24.247,24.049999,283800,23.656527
2016-10-06,24.389,24.572,24.328,24.16,298900,23.764727
2016-10-07,24.684,24.694,24.338,24.120001,224900,23.725382
2016-10-10,24.694,24.897,24.694,24.459999,314800,24.059818
2016-10-11,24.47,24.47,24.135,23.860001,129500,23.469635
2016-10-12,24.155,24.318,24.104,23.84,171400,23.449963
2016-10-13,23.901,24.206,23.749,23.75,119000,23.361435
2016-10-14,24.359,24.379,24.125,23.77,127200,23.381107
2016-10-17,24.216,24.257,24.165,23.85,90000,23.459799
2016-10-18,24.684,24.745,24.552,24.299999,135700,23.902435
2016-10-19,24.836,24.897,24.725,24.440001,237700,24.040146
2016-10-20,24.775,24.887,24.725,24.42,139700,24.020473
2016-10-21,24.714,24.928,24.623,24.49,786000,24.089327
2016-10-24,25.182,25.223,24.989,24.67,359500,24.266382
2016-10-25,25.131,25.253,25.04,24.75,222100,24.345074
2016-10-26,24.948,25.09,24.857,24.559999,350300,24.158182
2016-10-27,25.09,25.09,24.836,24.459999,103800,24.059818
2016-10-28,24.897,24.938,24.603,24.309999,112300,23.912271
2016-10-31,24.968,24.989,24.826,24.51,161200,24.109001
2016-11-01,25.06,25.09,24.45,24.290001,133700,23.892601
2016-11-02,24.643,24.684,24.247,24.01,162900,23.617182
2016-11-03,24.501,24.572,24.237,23.91,246600,23.518816
2016-11-04,24.176,24.318,24.064,23.709999,177300,23.322088
2016-11-07,24.755,25.07,24.755,24.620001,204900,24.217201
2016-11-08,24.887,25.365,24.847,24.83,175000,24.423765
2016-11-09,24.399,24.908,24.399,24.15,354500,23.75489
2016-11-10,24.369,24.44,23.657,23.41,284800,23.026997
2016-11-11,23.281,23.454,22.996,22.969999,288800,22.594196
2016-11-14,23.2,23.22,22.874,22.809999,161900,22.436813
2016-11-15,23.342,23.749,23.342,23.360001,235100,22.977816
2016-11-16,23.352,23.454,23.21,23.040001,302600,22.663052
2016-11-17,23.535,23.688,23.413,23.08,278900,22.702396
2016-11-18,23.505,23.525,23.301,23.02,147100,22.643379
2016-11-21,23.698,23.942,23.698,23.530001,319800,23.145035
2016-11-22,24.298,24.379,24.115,23.940001,320900,23.548326
2016-11-23,24.023,24.206,24.003,23.790001,162700,23.400782
2016-11-25,24.125,24.216,24.115,23.790001,95400,23.400782
2016-11-28,24.318,24.481,24.237,23.969999,309600,23.577835
2016-11-29,24.308,24.328,24.165,23.83,276900,23.440126
2016-11-30,24.521,24.572,24.379,24.01,254200,23.617182
2016-12-01,24.47,24.491,24.135,23.790001,207700,23.400782
2016-12-02,24.216,24.348,24.176,23.889999,347100,23.499144
2016-12-05,24.47,24.603,24.409,24.120001,154600,23.725382
2016-12-06,24.572,24.735,24.542,24.280001,163700,23.882765
2016-12-07,24.928,25.243,24.908,24.780001,167600,24.374584
2016-12-08,25.151,25.314,25.111,24.870001,286200,24.463112
2016-12-09,25.162,25.243,25.111,24.780001,148900,24.374584
2016-12-12,25.172,25.324,25.111,24.75,311100,24.345074
2016-12-13,25.304,25.416,25.233,24.91,209800,24.502457
2016-12-14,25.101,25.192,24.44,24.049999,215200,23.656527
2016-12-15,24.511,24.745,24.481,24.299999,162300,23.902435
2016-12-16,24.643,24.674,24.399,24.07,200900,23.676199
2016-12-19,23.75,23.8,23.44,23.469999,190600,23.469999
2016-12-20,23.62,23.66,23.58,23.66,300400,23.66
2016-12-21,23.8,23.8,23.58,23.59,221300,23.59
2016-12-22,23.41,23.41,23.25,23.33,368100,23.33
2016-12-23,23.34,23.52,23.34,23.52,168000,23.52
2016-12-27,23.65,23.72,23.62,23.66,377400,23.66
2016-12-28,23.89,23.89,23.75,23.809999,208800,23.809999
2016-12-29,23.97,24.14,23.94,24.09,209500,24.09
2016-12-30,24.15,24.15,23.83,23.9,197700,23.9
2017-01-03,24.33,24.49,24.23,24.299999,643300,24.299999
2017-01-04,24.45,24.59,24.42,24.48,211400,24.48
2017-01-05,24.71,24.81,24.62,24.73,376600,24.73
2017-01-06,24.67,24.68,24.55,24.58,200800,24.58
2017-01-09,24.63,24.67,24.53,24.530001,228800,24.530001
2017-01-10,24.78,24.88,24.72,24.780001,263700,24.780001
2017-01-11,24.84,25.28,24.75,25.25,265300,25.25
2017-01-12,25.4,25.4,25.28,25.35,242000,25.35
2017-01-13,25.27,25.35,25.2,25.34,234900,25.34
2017-01-17,25.28,25.34,25.21,25.26,253400,25.26
2017-01-18,25.32,25.35,25.11,25.129999,261100,25.129999
2017-01-19,25.16,25.18,24.94,25.08,290100,25.08
2017-01-20,25.13,25.19,24.99,25.190001,183800,25.190001
2017-01-23,25.37,25.58,25.31,25.58,205500,25.58
2017-01-24,25.71,25.78,25.68,25.719999,296700,25.719999
2017-01-25,25.94,25.96,25.84,25.959999,286400,25.959999
2017-01-26,25.97,25.97,25.81,25.860001,385000,25.860001
2017-01-27,25.97,25.99,25.85,25.950001,253300,25.950001
2017-01-30,25.76,25.76,25.58,25.639999,304800,25.639999
2017-01-31,25.8,25.84,25.62,25.719999,256100,25.719999
2017-02-01,25.89,25.89,25.69,25.799999,224500,25.799999
2017-02-02,25.96,25.98,25.85,25.950001,355200,25.950001
2017-02-03,26,26.09,25.92,25.99,233100,25.99
2017-02-06,25.92,25.92,25.8,25.85,235000,25.85
2017-02-07,25.8,25.8,25.64,25.66,271300,25.66
2017-02-08,25.69,25.82,25.62,25.809999,185100,25.809999
2017-02-09,25.91,25.93,25.82,25.889999,168500,25.889999
2017-02-10,26.02,26.21,26,26.209999,216300,26.209999
2017-02-13,26.27,26.39,26.22,26.360001,339300,26.360001
2017-02-14,26.45,26.48,26.17,26.48,309300,26.48
2017-02-15,26.49,26.71,26.47,26.700001,337200,26.700001
2017-02-16,26.74,26.74,26.5,26.52,315000,26.52
2017-02-17,26.32,26.35,26.2,26.32,256600,26.32
2017-02-21,26.68,26.76,26.63,26.75,312700,26.75
2017-02-22,26.67,26.74,26.6,26.709999,276900,26.709999
2017-02-23,26.92,26.92,26.63,26.66,203200,26.66
2017-02-24,26.32,26.36,26.23,26.27,410400,26.27
2017-02-27,26.2,26.28,26.15,26.17,192100,26.17
2017-02-28,26.2,26.2,25.91,25.93,305900,25.93
2017-03-01,26.17,26.42,26.13,26.42,372200,26.42
2017-03-02,26.17,26.17,25.84,25.85,212600,25.85
2017-03-03,26.04,26.17,25.92,26.17,204300,26.17
2017-03-06,26.18,26.18,25.98,26.02,312500,26.02
2017-03-07,26.18,26.18,25.98,26.030001,287400,26.030001
2017-03-08,25.97,25.97,25.58,25.59,347900,25.59
2017-03-09,25.44,25.44,25.17,25.280001,394500,25.280001
2017-03-10,25.54,25.56,25.43,25.559999,274000,25.559999
2017-03-13,25.82,25.94,25.81,25.91,256400,25.91
2017-03-14,25.8,25.83,25.68,25.709999,172600,25.709999
2017-03-15,25.83,26.59,25.81,26.52,355700,26.52
2017-03-16,26.75,26.75,26.6,26.629999,258700,26.629999
2017-03-17,26.74,26.74,26.56,26.65,410000,26.65
2017-03-20,26.71,26.96,26.67,26.92,134600,26.92
2017-03-21,27.04,27.06,26.47,26.469999,268300,26.469999
2017-03-22,26.49,26.79,26.4,26.73,546900,26.73
2017-03-23,26.58,26.7,26.54,26.57,234100,26.57
2017-03-24,26.63,26.71,26.59,26.68,266900,26.68
2017-03-27,26.38,26.62,26.28,26.58,415100,26.58
2017-03-28,26.6,26.72,26.57,26.639999,223800,26.639999
2017-03-29,26.63,26.81,26.59,26.809999,187400,26.809999
2017-03-30,26.7,26.77,26.6,26.629999,152900,26.629999
2017-03-31,26.48,26.53,26.39,26.43,183400,26.43
2017-04-03,26.51,26.55,26.36,26.540001,274300,26.540001
2017-04-04,26.49,26.67,26.44,26.66,255200,26.66
2017-04-05,26.8,26.83,26.49,26.5,202500,26.5
2017-04-06,26.47,26.53,26.33,26.379999,280500,26.379999
2017-04-07,26.29,26.44,26.24,26.26,169400,26.26
2017-04-10,26.19,26.19,26.03,26.129999,248500,26.129999
2017-04-11,26.19,26.19,25.88,26.120001,250200,26.120001
2017-04-12,26.13,26.17,25.96,26.129999,139000,26.129999
2017-04-13,26.2,26.22,25.99,26,231000,26
2017-04-17,26.09,26.29,26.06,26.290001,257900,26.290001
2017-04-18,25.98,26.03,25.83,25.879999,312100,25.879999
2017-04-19,25.95,25.95,25.6,25.639999,232100,25.639999
2017-04-20,25.9,25.95,25.8,25.940001,224100,25.940001
2017-04-21,26,26.03,25.89,25.950001,202000,25.950001
2017-04-24,26.44,26.48,26.35,26.41,204500,26.41
2017-04-25,26.61,26.76,26.56,26.73,218300,26.73
2017-04-26,26.64,26.74,26.56,26.6,167700,26.6
2017-04-27,26.65,26.65,26.36,26.469999,188300,26.469999
2017-04-28,26.54,26.6,26.49,26.59,232200,26.59
2017-05-01,26.72,26.81,26.6,26.719999,243200,26.719999
2017-05-02,26.87,26.93,26.83,26.889999,273000,26.889999
2017-05-03,26.77,26.77,26.6,26.65,324400,26.65
2017-05-04,26.48,26.48,26.19,26.219999,489300,26.219999
2017-05-05,26.21,26.51,26.2,26.5,165900,26.5
2017-05-08,26.59,26.59,26.4,26.440001,282800,26.440001
2017-05-09,26.64,26.81,26.6,26.719999,326800,26.719999
2017-05-10,26.73,26.94,26.73,26.9,369100,26.9
2017-05-11,26.94,26.99,26.79,26.98,527500,26.98
2017-05-12,27.03,27.12,27.02,27.1,323300,27.1
2017-05-15,27.32,27.44,27.3,27.43,321100,27.43
2017-05-16,27.43,27.47,27.35,27.469999,215200,27.469999
2017-05-17,27.22,27.22,26.91,26.93,227000,26.93
2017-05-18,26.15,26.44,25.86,26.16,749500,26.16
2017-05-19,26.58,26.77,26.53,26.709999,274700,26.709999
2017-05-22,26.65,26.7,26.58,26.65,406200,26.65
2017-05-23,26.73,26.78,26.68,26.77,186700,26.77
2017-05-24,26.76,26.9,26.71,26.83,171700,26.83
2017-05-25,26.98,27.07,26.82,26.870001,191700,26.870001
2017-05-26,26.93,27.04,26.92,27.02,170600,27.02
2017-05-30,26.89,26.95,26.85,26.92,170100,26.92
2017-05-31,26.87,26.87,26.61,26.68,243200,26.68
2017-06-01,26.7,26.79,26.64,26.75,193400,26.75
2017-06-02,26.89,26.91,26.8,26.889999,190900,26.889999
2017-06-05,26.81,26.91,26.77,26.82,190900,26.82
2017-06-06,26.82,26.93,26.77,26.879999,236400,26.879999
2017-06-07,26.78,26.83,26.57,26.67,151000,26.67
2017-06-08,26.7,26.79,26.65,26.780001,170800,26.780001
2017-06-09,26.79,26.81,26.55,26.639999,186900,26.639999
2017-06-12,26.57,26.58,26.37,26.52,164600,26.52
2017-06-13,26.57,26.63,26.53,26.629999,198100,26.629999
2017-06-14,26.81,26.81,26.47,26.549999,175400,26.549999
2017-06-15,26.22,26.29,26.12,26.290001,224300,26.290001
2017-06-16,26.34,26.35,26.23,26.32,211300,26.32
2017-06-19,26.43,26.59,26.43,26.51,242800,26.51
2017-06-20,26.44,26.44,26.17,26.190001,276600,26.190001
2017-06-21,26.28,26.32,26.12,26.17,427900,26.17
2017-06-22,26.32,26.43,26.27,26.35,118000,26.35
2017-06-23,26.42,26.53,26.39,26.51,115300,26.51
2017-06-26,26.73,26.79,26.64,26.77,276600,26.77
2017-06-27,26.66,26.73,26.48,26.49,524200,26.49
2017-06-28,26.61,26.77,26.55,26.75,193200,26.75
2017-06-29,26.66,26.66,26.27,26.440001,180400,26.440001
2017-06-30,NA,NA,NA,NA,NA,NA
2017-07-03,26.73,26.81,26.7,26.73,144100,26.73
2017-07-07,26.5,26.52,26.36,26.495001,153000,26.495001
