"Date","FNDF.Open","FNDF.High","FNDF.Low","FNDF.Close","FNDF.Volume","FNDF.Adjusted"
2013-08-15,26.915,29.237,26.658,25.120001,26600,23.473007
2013-08-16,27.353,27.353,26.979,25.280001,27700,23.622517
2013-08-19,27.022,27.022,26.754,25,14200,23.360872
2013-08-20,26.711,26.743,26.615,24.969999,15400,23.33284
2013-08-21,26.85,26.85,26.433,24.799999,21700,23.173986
2013-08-22,26.658,26.99,26.647,24.98,7000,23.342184
2013-08-23,26.84,27.022,26.754,25.209999,50100,23.557104
2013-08-26,26.776,26.786,26.711,25.030001,16500,23.388908
2013-08-27,26.433,26.487,26.166,24.48,15800,22.874968
2013-08-28,26.166,26.347,26.133,24.51,28400,22.903002
2013-08-29,26.208,26.315,26.133,24.43,23700,22.828243
2013-08-30,26.123,26.273,25.909,24.209999,9000,22.622669
2013-09-03,26.529,26.529,26.358,24.67,17300,23.052511
2013-09-04,26.412,26.711,26.412,24.84,20000,23.211363
2013-09-05,26.669,26.818,26.615,24.870001,25700,23.239395
2013-09-06,27.129,27.129,26.754,25,21200,23.360872
2013-09-09,27,27.182,27,25.379999,26900,23.715958
2013-09-10,27.45,27.482,27.386,25.68,18600,23.996292
2013-09-11,27.482,27.803,27.439,25.719999,26400,24.033667
2013-09-12,27.567,27.6,27.45,25.67,17700,23.986946
2013-09-13,27.846,27.846,27.471,25.73,41500,24.043011
2013-09-16,27.953,27.953,27.824,26.02,11400,24.313997
2013-09-17,28.862,28.862,27.771,26,13500,24.295309
2013-09-18,27.856,28.894,27.771,26.84,98900,25.080233
2013-09-19,28.959,28.959,28.413,26.66,36500,24.912037
2013-09-20,28.552,28.563,28.242,26.389999,20700,24.659739
2013-09-23,28.167,28.22,28.06,26.370001,10900,24.641052
2013-09-24,28.349,28.349,28.145,26.360001,28100,24.631708
2013-09-25,28.359,28.359,28.156,26.42,14400,24.687773
2013-09-26,28.434,28.948,28.21,26.549999,37200,24.809246
2013-09-27,28.22,28.338,28.167,26.469999,12900,24.734491
2013-09-30,28.584,28.584,27.974,26.23,9700,24.510227
2013-10-01,28.242,28.317,28.124,26.450001,54300,24.715805
2013-10-02,28.167,28.306,28.092,26.450001,31900,24.715805
2013-10-03,28.327,28.327,28.092,26.360001,28700,24.631708
2013-10-04,28.081,28.242,28.038,26.389999,11000,24.659739
2013-10-07,27.867,28.135,27.867,26.200001,13700,24.482195
2013-10-08,28.167,28.167,27.792,25.98,15400,24.276621
2013-10-09,28.017,28.017,27.76,26.1,18600,24.388752
2013-10-10,28.327,28.552,28.242,26.66,63600,24.912037
2013-10-11,28.563,28.563,28.381,26.67,20500,24.921381
2013-10-14,28.606,28.68,28.445,26.76,24500,25.005478
2013-10-15,29.034,29.034,28.552,26.68,20300,24.930725
2013-10-16,28.862,28.862,28.659,26.940001,55200,25.173677
2013-10-17,29.001,29.183,28.916,27.27,58700,25.48204
2013-10-18,29.676,29.676,29.183,27.4,41500,25.603518
2013-10-21,29.89,29.89,29.216,27.389999,67400,25.594173
2013-10-22,29.515,29.611,29.408,27.629999,22500,25.818438
2013-10-23,29.355,29.355,29.183,27.34,60500,25.547451
2013-10-24,29.365,29.504,29.355,27.559999,17700,25.753027
2013-10-25,29.462,29.462,29.29,27.42,32500,25.622206
2013-10-28,29.43,29.43,29.162,27.34,34400,25.547451
2013-10-29,29.601,29.601,29.376,27.5,29900,25.69696
2013-10-30,29.665,29.665,29.301,27.440001,15600,25.640896
2013-10-31,29.323,29.323,29.087,27.290001,11900,25.500731
2013-11-01,29.151,29.151,28.894,27.1,10500,25.323189
2013-11-04,29.13,29.194,29.066,27.280001,19100,25.491385
2013-11-05,28.927,28.991,28.852,27.07,28000,25.295155
2013-11-06,29.28,29.28,29.183,27.32,104400,25.528763
2013-11-07,29.183,29.183,28.713,26.84,20100,25.080233
2013-11-08,28.702,28.894,28.638,27,44900,25.229746
2013-11-11,28.948,29.001,28.927,27.08,22400,25.304499
2013-11-12,28.937,28.937,28.809,26.93,33200,25.164333
2013-11-13,28.67,29.044,28.627,27.139999,22600,25.360565
2013-11-14,29.034,29.13,28.98,27.219999,19100,25.435318
2013-11-15,29.301,29.312,29.216,27.389999,12700,25.594173
2013-11-18,29.558,29.569,29.333,27.42,24100,25.622206
2013-11-19,29.323,29.333,29.162,27.32,18500,25.528763
2013-11-20,29.29,29.29,28.937,27.1,11600,25.323189
2013-11-21,29.258,29.269,29.076,27.35,22600,25.556795
2013-11-22,29.323,29.419,29.216,27.48,16400,25.678272
2013-11-25,29.462,29.462,29.269,27.35,14000,25.556795
2013-11-26,29.248,29.301,29.183,27.360001,22000,25.566141
2013-11-27,29.483,29.483,29.333,27.41,16500,25.612862
2013-11-29,29.547,29.633,29.462,27.530001,21600,25.724995
2013-12-02,29.365,29.365,29.205,27.290001,24900,25.500731
2013-12-03,29.087,29.087,28.948,27.07,18100,25.295155
2013-12-04,28.852,28.873,28.606,26.959999,34300,25.192368
2013-12-05,28.723,28.745,28.627,26.75,23500,24.996134
2013-12-06,28.98,29.023,28.841,27.120001,18300,25.341877
2013-12-09,29.001,29.034,28.937,27.120001,22100,25.341877
2013-12-10,29.023,29.023,28.905,27.08,20500,25.304499
2013-12-11,28.991,28.991,28.691,26.83,20900,25.070889
2013-12-12,28.595,28.595,28.434,26.629999,29200,24.884003
2013-12-13,28.595,28.595,28.327,26.58,17000,24.83728
2013-12-16,28.691,28.723,28.638,26.82,22600,25.061544
2013-12-17,28.552,28.584,28.488,26.68,44400,24.930725
2013-12-18,28.723,29.644,28.659,27.15,27200,25.369909
2013-12-19,28.894,29.034,28.82,27.129999,21600,25.351219
2013-12-20,29.023,29.162,29.023,27.24,27000,25.454008
2013-12-23,29.06,29.209,28.996,27.42,67800,25.749821
2013-12-24,29.124,29.241,29.06,27.459999,17500,25.787384
2013-12-26,29.305,29.39,29.284,27.6,11900,25.918858
2013-12-27,29.624,29.624,29.465,27.709999,16500,26.022156
2013-12-30,29.688,29.688,29.55,27.870001,26900,26.172411
2013-12-31,29.656,29.859,29.656,27.950001,43000,26.24754
2014-01-02,29.411,29.411,29.06,27.299999,124900,25.637131
2014-01-03,29.252,29.284,29.177,27.450001,31000,25.777994
2014-01-06,29.273,29.305,29.177,27.48,33000,25.806166
2014-01-07,29.369,29.497,29.369,27.68,38300,25.993986
2014-01-08,29.465,29.529,29.401,27.639999,71700,25.956421
2014-01-09,29.454,29.539,29.326,27.66,35900,25.975203
2014-01-10,29.539,29.731,29.518,27.91,17500,26.209974
2014-01-13,29.688,29.688,29.443,27.700001,34400,26.012768
2014-01-14,29.656,29.774,29.571,27.93,26600,26.228758
2014-01-15,29.742,29.944,29.742,28.1,27700,26.388403
2014-01-16,29.997,29.997,29.774,28.09,25600,26.379009
2014-01-17,29.827,29.88,29.805,27.99,26400,26.285103
2014-01-21,29.976,29.987,29.795,28.08,42000,26.369621
2014-01-22,29.88,29.912,29.784,28.08,29100,26.369621
2014-01-23,29.869,29.869,29.646,27.9,17900,26.200584
2014-01-24,29.348,29.348,28.964,27.200001,28600,25.543222
2014-01-27,28.911,28.975,28.645,27.07,43400,25.421141
2014-01-28,28.868,29.049,28.868,27.24,50300,25.580786
2014-01-29,28.719,28.911,28.655,26.92,31400,25.280277
2014-01-30,28.879,28.879,28.56,27.02,59800,25.374186
2014-01-31,28.325,28.528,28.198,26.690001,32800,25.064287
2014-02-03,28.379,28.379,27.889,26.23,82700,24.632305
2014-02-04,28.006,28.134,27.953,26.389999,23200,24.78256
2014-02-05,28.134,28.219,28.059,26.48,33500,24.867079
2014-02-06,28.421,28.709,28.389,26.950001,38100,25.308449
2014-02-07,28.879,29.124,28.847,27.34,20600,25.674696
2014-02-10,28.986,29.007,28.954,27.24,36500,25.580786
2014-02-11,29.092,29.486,29.092,27.639999,31900,25.956421
2014-02-12,29.507,29.539,29.411,27.700001,22700,26.012768
2014-02-13,29.241,29.667,29.241,27.82,61000,26.125456
2014-02-14,29.571,29.752,29.571,27.940001,25100,26.238148
2014-02-18,29.912,30.061,29.912,28.190001,57400,26.472919
2014-02-19,29.944,30.04,29.827,28.01,27300,26.303885
2014-02-20,29.955,29.955,29.784,28.129999,17200,26.416573
2014-02-21,30.221,30.221,30.029,28.219999,27600,26.501093
2014-02-24,30.125,30.444,30.125,28.49,37900,26.754644
2014-02-25,30.327,30.412,30.157,28.41,30600,26.67952
2014-02-26,30.231,30.231,30.018,28.280001,43600,26.557438
2014-02-27,29.923,30.178,29.923,28.309999,18300,26.585609
2014-02-28,30.178,30.434,30.178,28.41,21400,26.67952
2014-03-03,30.029,30.029,29.582,27.82,23400,26.125456
2014-03-04,30.231,30.253,30.157,28.389999,50900,26.660738
2014-03-05,30.338,30.338,30.199,28.42,19800,26.688911
2014-03-06,30.562,30.615,30.498,28.68,28800,26.933073
2014-03-07,30.615,30.615,30.295,28.51,35800,26.773428
2014-03-10,30.274,30.295,30.072,28.360001,261100,26.632566
2014-03-11,30.199,30.231,30.029,28.24,39900,26.519873
2014-03-12,29.944,30.04,29.742,28.209999,169500,26.491699
2014-03-13,30.104,30.263,29.38,27.620001,17600,25.937641
2014-03-14,29.316,29.507,29.167,27.549999,27900,25.871902
2014-03-17,29.678,29.731,29.582,27.91,27800,26.209974
2014-03-18,29.869,29.933,29.752,28.09,18900,26.379009
2014-03-19,29.901,29.901,29.422,27.76,39400,26.069113
2014-03-20,29.39,29.529,29.22,27.690001,30400,26.003374
2014-03-21,29.635,29.635,29.369,27.58,13400,25.900076
2014-03-24,29.582,29.582,29.22,27.66,32900,25.975203
2014-03-25,29.688,29.752,29.539,27.91,26000,26.209974
2014-03-26,30.018,30.018,29.742,27.93,39200,26.228758
2014-03-27,29.869,29.869,29.72,28.01,22200,26.303885
2014-03-28,30.072,30.168,30.072,28.299999,28700,26.576218
2014-03-31,30.412,30.412,30.263,28.469999,34700,26.735863
2014-04-01,30.54,30.54,30.37,28.58,27200,26.839165
2014-04-02,30.551,30.551,30.402,28.66,23800,26.914291
2014-04-03,30.508,30.508,30.327,28.610001,21200,26.867336
2014-04-04,30.615,30.615,30.317,28.51,32900,26.773428
2014-04-07,30.221,30.338,30.189,28.41,83400,26.67952
2014-04-08,30.253,30.274,30.093,28.41,26600,26.67952
2014-04-09,30.519,30.572,30.327,28.709999,27700,26.961245
2014-04-10,30.519,30.519,29.933,28.129999,42800,26.416573
2014-04-11,29.891,29.997,29.795,28,17900,26.294493
2014-04-14,29.997,30.018,29.848,28.15,23200,26.435354
2014-04-15,29.965,29.965,29.603,28.02,27900,26.313276
2014-04-16,30.05,30.189,30.018,28.33,39300,26.604393
2014-04-17,30.263,30.381,30.263,28.51,16500,26.773428
2014-04-21,30.53,30.53,30.381,28.620001,72500,26.87673
2014-04-22,30.604,30.604,30.53,28.719999,37500,26.970636
2014-04-23,30.338,30.53,30.338,28.67,55700,26.923681
2014-04-24,30.593,30.593,30.338,28.65,29500,26.9049
2014-04-25,30.455,30.455,30.327,28.540001,34700,26.801603
2014-04-28,30.54,30.54,30.338,28.67,45400,26.923681
2014-04-29,30.743,30.796,30.636,28.870001,61900,27.1115
2014-04-30,30.775,31.019,30.689,29.049999,22300,27.280535
2014-05-01,31.009,31.009,30.892,29.040001,17600,27.271145
2014-05-02,31.009,31.009,30.86,29.049999,23600,27.280535
2014-05-05,30.902,30.902,30.615,29.01,38600,27.242971
2014-05-06,30.956,30.956,30.775,28.959999,13100,27.196018
2014-05-07,30.934,30.934,30.753,29.040001,48100,27.271145
2014-05-08,30.977,31.105,30.838,29.01,77900,27.242971
2014-05-09,30.934,30.934,30.711,28.91,36600,27.149063
2014-05-12,30.838,31.009,30.785,29.110001,21800,27.336882
2014-05-13,31.073,31.073,30.934,29.110001,13300,27.336882
2014-05-14,30.987,31.041,30.902,29.07,35200,27.299316
2014-05-15,30.913,30.913,30.615,28.879999,31700,27.120892
2014-05-16,30.796,30.796,30.7,28.9,19500,27.139673
2014-05-19,30.721,30.785,30.636,28.91,16400,27.149063
2014-05-20,30.647,30.657,30.498,28.709999,27100,26.961245
2014-05-21,30.721,30.838,30.689,28.950001,15900,27.186626
2014-05-22,30.87,30.881,30.817,28.98,26300,27.2148
2014-05-23,30.881,30.966,30.838,29.07,22100,27.299316
2014-05-27,31.094,31.19,31.094,29.280001,20800,27.496529
2014-05-28,31.115,31.115,31.009,29.17,19600,27.393227
2014-05-29,31.169,31.232,31.126,29.32,41500,27.53409
2014-05-30,31.243,31.254,31.179,29.34,50300,27.552874
2014-06-02,31.36,31.36,31.222,29.42,28200,27.628
2014-06-03,31.2,31.232,31.169,29.32,32900,27.53409
2014-06-04,31.211,31.211,31.083,29.299999,20900,27.515308
2014-06-05,31.339,31.477,31.264,29.549999,64500,27.75008
2014-06-06,31.594,31.658,31.52,29.73,33100,27.919115
2014-06-09,31.573,31.658,31.531,29.719999,26400,27.909725
2014-06-10,31.52,31.584,31.467,29.65,31100,27.843988
2014-06-11,31.509,31.509,31.36,29.49,20200,27.693735
2014-06-12,31.531,31.541,31.381,29.530001,33900,27.731298
2014-06-13,31.499,31.52,31.435,29.530001,25200,27.731298
2014-06-16,31.445,31.488,31.392,29.549999,19800,27.75008
2014-06-17,31.328,31.435,31.328,29.52,29900,27.721909
2014-06-18,31.52,31.754,31.467,29.82,17500,28.003635
2014-06-19,31.978,31.978,31.893,29.98,91800,28.153889
2014-06-20,31.925,31.935,31.786,29.91,53900,28.088152
2014-06-23,31.818,31.818,31.658,29.84,51600,28.022417
2014-06-24,31.85,31.85,31.563,29.67,95300,27.86277
2014-06-25,31.488,31.584,31.435,29.65,34000,27.843988
2014-06-26,31.594,31.594,31.371,29.66,24600,27.85338
2014-06-27,31.531,31.616,31.456,29.68,18700,27.872164
2014-06-30,31.626,31.648,31.531,29.700001,22700,27.890945
2014-07-01,31.797,31.946,31.797,29.950001,40100,28.125717
2014-07-02,31.967,31.967,31.829,29.98,28300,28.153889
2014-07-03,32.02,32.031,31.946,30.07,15100,28.238407
2014-07-07,31.871,31.871,31.669,29.75,21900,27.937897
2014-07-08,31.584,31.584,31.286,29.469999,33200,27.674952
2014-07-09,31.328,31.531,31.328,29.57,54900,27.768862
2014-07-10,31.041,31.147,30.892,29.24,25800,27.458963
2014-07-11,31.137,31.158,31.073,29.25,19100,27.468353
2014-07-14,31.467,31.467,31.339,29.450001,30900,27.656172
2014-07-15,31.467,31.467,31.105,29.360001,22600,27.571655
2014-07-16,31.509,31.541,31.456,29.59,21800,27.787643
2014-07-17,31.371,31.392,31.094,29.209999,11100,27.43079
2014-07-18,31.137,31.371,31.137,29.450001,61800,27.656172
2014-07-21,31.094,31.232,31.083,29.32,20400,27.53409
2014-07-22,31.318,31.403,31.318,29.459999,16900,27.665562
2014-07-23,31.477,31.477,31.392,29.49,26500,27.693735
2014-07-24,31.541,31.541,31.456,29.59,19900,27.787643
2014-07-25,31.52,31.52,31.318,29.48,20800,27.684343
2014-07-28,31.403,31.435,31.211,29.48,13900,27.684343
2014-07-29,31.541,31.541,31.275,29.389999,47300,27.599825
2014-07-30,31.318,31.35,31.094,29.33,30200,27.54348
2014-07-31,30.998,30.998,30.711,28.85,55000,27.092718
2014-08-01,30.625,30.679,30.434,28.65,46600,26.9049
2014-08-04,30.668,30.689,30.476,28.799999,23400,27.045763
2014-08-05,30.54,30.54,30.168,28.389999,23200,26.660738
2014-08-06,30.05,30.221,29.955,28.32,28600,26.595001
2014-08-07,30.253,30.253,29.795,28.040001,18900,26.332058
2014-08-08,29.901,30.082,29.805,28.25,27200,26.529264
2014-08-11,30.253,30.253,30.114,28.32,53500,26.595001
2014-08-12,30.082,30.114,30.061,28.27,35500,26.548046
2014-08-13,30.242,30.263,30.178,28.4,24000,26.670128
2014-08-14,30.466,30.466,30.306,28.52,24800,26.78282
2014-08-15,30.54,30.572,30.178,28.540001,37400,26.801603
2014-08-18,30.487,30.583,30.487,28.690001,37200,26.942465
2014-08-19,30.647,30.647,30.562,28.77,20000,27.017591
2014-08-20,30.562,30.572,30.444,28.68,45900,26.933073
2014-08-21,30.711,30.732,30.625,28.83,30200,27.073936
2014-08-22,30.732,30.732,30.455,28.66,37500,26.914291
2014-08-25,30.711,30.796,30.615,28.860001,102000,27.10211
2014-08-26,30.87,30.892,30.775,28.950001,148400,27.186626
2014-08-27,30.966,30.966,30.838,28.98,20400,27.2148
2014-08-28,30.753,30.753,30.625,28.860001,20700,27.10211
2014-08-29,30.743,30.743,30.583,28.809999,24100,27.055155
2014-09-02,30.817,30.817,30.625,28.83,33500,27.073936
2014-09-03,31.03,31.03,30.902,29.040001,39000,27.271145
2014-09-04,30.924,30.987,30.721,28.889999,14100,27.13028
2014-09-05,30.785,30.806,30.689,28.93,10400,27.167845
2014-09-08,30.689,30.721,30.434,28.629999,28300,26.886118
2014-09-09,30.487,30.487,30.327,28.52,19500,26.78282
2014-09-10,30.476,30.572,30.349,28.700001,23700,26.951855
2014-09-11,30.434,30.434,30.327,28.52,33700,26.78282
2014-09-12,30.37,30.37,30.285,28.469999,12400,26.735863
2014-09-15,30.359,30.359,30.231,28.43,19700,26.698301
2014-09-16,30.178,30.455,30.168,28.58,13700,26.839165
2014-09-17,30.412,30.412,30.221,28.379999,15200,26.651346
2014-09-18,30.423,30.498,30.391,28.6,16400,26.857948
2014-09-19,30.508,30.508,30.274,28.469999,16500,26.735863
2014-09-22,30.327,30.327,30.104,28.33,27500,26.604393
2014-09-23,30.029,30.029,29.88,28.1,26000,26.388403
2014-09-24,29.923,30.082,29.859,28.25,44800,26.529264
2014-09-25,29.955,29.955,29.593,27.84,29300,26.144238
2014-09-26,29.646,29.784,29.582,27.92,13700,26.219366
2014-09-29,29.507,29.539,29.358,27.709999,20400,26.022156
2014-09-30,29.486,29.518,29.316,27.620001,54700,25.937641
2014-10-01,29.294,29.294,29.017,27.32,39300,25.655912
2014-10-02,29.007,29.007,28.464,26.98,60000,25.336622
2014-10-03,28.783,28.783,28.549,26.959999,39400,25.317841
2014-10-06,28.783,28.89,28.687,27.07,24200,25.421141
2014-10-07,28.751,28.751,28.389,26.66,569200,25.036114
2014-10-08,28.464,28.847,28.304,27.08,27800,25.430531
2014-10-09,28.581,28.581,27.899,26.299999,68900,24.69804
2014-10-10,27.878,27.91,27.58,25.9,58500,24.322405
2014-10-13,27.729,27.867,27.495,25.82,50200,24.247276
2014-10-14,27.654,27.761,27.452,25.85,102700,24.275452
2014-10-15,27.356,27.378,26.845,25.66,82100,24.097023
2014-10-16,26.717,27.303,26.717,25.440001,89000,23.890425
2014-10-17,27.569,27.644,27.463,25.9,69600,24.322405
2014-10-20,27.473,27.814,27.473,26.09,68500,24.500832
2014-10-21,27.846,28.144,27.846,26.389999,113300,24.78256
2014-10-22,28.144,28.155,27.835,26.139999,59300,24.547787
2014-10-23,28.048,28.304,28.048,26.469999,54900,24.857685
2014-10-24,28.272,28.304,28.187,26.559999,51500,24.942205
2014-10-27,28.144,28.283,28.006,26.49,50100,24.876467
2014-10-28,28.347,28.592,28.347,26.85,38300,25.21454
2014-10-29,28.709,28.751,28.325,26.709999,57200,25.083067
2014-10-30,28.293,28.623,28.272,26.799999,14000,25.167585
2014-10-31,29.06,29.071,28.89,27.290001,73600,25.627739
2014-11-03,28.975,28.975,28.741,27.07,127800,25.421141
2014-11-04,28.581,28.581,28.325,26.790001,71400,25.158197
2014-11-05,28.666,28.698,28.549,26.889999,67600,25.252102
2014-11-06,28.666,28.677,28.432,26.77,44300,25.139414
2014-11-07,28.474,28.57,28.357,26.83,53100,25.195757
2014-11-10,28.73,28.73,28.613,26.93,37000,25.289667
2014-11-11,28.751,28.868,28.687,27.08,34900,25.430531
2014-11-12,28.613,28.709,28.56,26.889999,35100,25.252102
2014-11-13,28.666,28.73,28.57,26.92,36100,25.280277
2014-11-14,28.549,28.751,28.538,27,49000,25.355406
2014-11-17,28.634,28.73,28.56,26.93,81900,25.289667
2014-11-18,28.911,29.071,28.9,27.27,85300,25.608957
2014-11-19,29.007,29.028,28.836,27.200001,27400,25.543222
2014-11-20,28.805,28.847,28.677,27.030001,118500,25.383577
2014-11-21,29.241,29.241,29.028,27.34,84700,25.674696
2014-11-24,29.209,29.22,29.135,27.43,39200,25.759212
2014-11-25,29.273,29.305,29.199,27.49,62300,25.815557
2014-11-26,29.294,29.348,29.284,27.559999,38200,25.881294
2014-11-28,29.145,29.145,28.996,27.23,84500,25.571392
2014-12-01,29.039,29.06,28.9,27.190001,559900,25.533833
2014-12-02,29.06,29.06,28.954,27.280001,37700,25.618351
2014-12-03,28.954,29.071,28.954,27.25,128200,25.590176
2014-12-04,28.975,28.996,28.794,27.15,51300,25.496267
2014-12-05,28.922,29.049,28.9,27.200001,70900,25.543222
2014-12-08,28.858,28.858,28.613,26.9,52000,25.261496
2014-12-09,28.485,28.506,28.293,26.709999,64800,25.083067
2014-12-10,28.421,28.421,28.006,26.360001,109700,24.754387
2014-12-11,28.176,28.24,28.017,26.33,129600,24.726215
2014-12-12,27.963,27.963,27.452,25.780001,185000,24.209717
2014-12-15,27.58,27.58,26.962,25.360001,104500,23.815298
2014-12-16,27.09,27.559,27.058,25.65,435500,24.087633
2014-12-17,27.378,27.782,27.314,25.93,225700,24.35058
2014-12-18,28.123,28.166,27.878,26.42,136700,24.810734
2014-12-19,28.017,28.261,27.963,26.459999,110700,24.848295
2014-12-22,27.382,27.382,27.152,26.030001,269400,24.887497
2014-12-23,27.214,27.34,27.173,26.049999,143500,24.906618
2014-12-24,27.225,27.445,27.204,26.190001,160500,25.040474
2014-12-26,27.476,27.497,27.424,26.24,69400,25.088278
2014-12-29,27.256,27.34,27.225,26.07,160000,24.925739
2014-12-30,27.183,27.183,27.016,25.85,116100,24.715397
2014-12-31,27.047,27.089,26.838,25.67,73600,24.543297
2015-01-02,26.859,26.963,26.744,25.629999,30200,24.505053
2015-01-05,26.388,26.388,25.959,24.91,152700,23.816654
2015-01-06,26.022,26.127,25.687,24.639999,136100,23.558506
2015-01-07,26.033,26.085,25.823,24.84,227700,23.749727
2015-01-08,26.242,26.461,26.19,25.219999,81300,24.113049
2015-01-09,26.409,26.409,26.064,25.01,61300,23.912266
2015-01-12,26.263,26.263,25.959,24.959999,76400,23.86446
2015-01-13,26.388,26.441,26.012,25.049999,121800,23.95051
2015-01-14,26.074,26.106,25.865,24.950001,1775300,23.8549
2015-01-15,26.315,26.346,26.116,25.040001,163300,23.940948
2015-01-16,26.158,26.587,26.158,25.389999,115000,24.275585
2015-01-20,26.817,26.817,26.576,25.52,84300,24.399881
2015-01-21,26.765,26.911,26.66,25.73,55200,24.600664
2015-01-22,26.984,27.131,26.859,25.9,88900,24.763203
2015-01-23,27.058,27.079,26.89,25.709999,80200,24.581541
2015-01-26,27.131,27.309,27.037,26.08,47400,24.935301
2015-01-27,27.204,27.361,27.173,26.1,51900,24.954424
2015-01-28,27.35,27.455,26.859,25.68,52400,24.552858
2015-01-29,26.943,27.204,26.943,25.969999,65900,24.83013
2015-01-30,26.932,27.005,26.786,25.610001,66700,24.485931
2015-02-02,27.047,27.183,26.953,25.93,86500,24.791885
2015-02-03,27.392,27.737,27.392,26.5,47300,25.336866
2015-02-04,27.622,27.622,27.455,26.389999,35600,25.231695
2015-02-05,27.643,27.8,27.591,26.58,49600,25.413355
2015-02-06,27.581,27.612,27.34,26.139999,64300,24.992666
2015-02-09,27.35,27.434,27.194,26.15,41600,25.00223
2015-02-10,27.57,27.581,27.382,26.35,69800,25.193451
2015-02-11,27.445,27.455,27.288,26.209999,39200,25.059595
2015-02-12,27.706,27.863,27.685,26.639999,24200,25.470722
2015-02-13,28.062,28.114,28.02,26.879999,58700,25.700188
2015-02-17,28.124,28.239,27.978,26.940001,94200,25.757555
2015-02-18,28.302,28.355,28.166,27.040001,62500,25.853167
2015-02-19,28.313,28.365,28.187,27.040001,48500,25.853167
2015-02-20,28.271,28.626,28.156,27.290001,53700,26.092194
2015-02-23,28.459,28.459,28.302,27.139999,86000,25.948774
2015-02-24,28.48,28.616,28.417,27.32,64300,26.120876
2015-02-25,28.606,28.616,28.522,27.360001,77600,26.159121
2015-02-26,28.595,28.595,28.47,27.27,57900,26.073071
2015-02-27,28.564,28.626,28.522,27.27,64600,26.073071
2015-03-02,28.585,28.585,28.438,27.27,61700,26.073071
2015-03-03,28.48,28.48,28.292,27.07,47700,25.881847
2015-03-04,28.26,28.26,28.072,26.99,243000,25.805361
2015-03-05,28.365,28.386,28.26,27.059999,133600,25.872288
2015-03-06,28.187,28.187,27.832,26.639999,120200,25.470722
2015-03-09,27.978,27.978,27.842,26.690001,85800,25.518528
2015-03-10,27.581,27.581,27.214,26.08,205100,24.935301
2015-03-11,27.413,27.413,27.173,26.07,275600,24.925739
2015-03-12,27.643,27.643,27.507,26.34,183600,25.183889
2015-03-13,27.392,27.392,27.183,26.16,252100,25.011789
2015-03-16,27.539,27.643,27.518,26.4,268800,25.241255
2015-03-17,27.528,27.612,27.434,26.379999,299400,25.222134
2015-03-18,27.654,28.198,27.56,26.92,405100,25.738432
2015-03-19,27.894,27.894,27.737,26.58,238000,25.413355
2015-03-20,28.219,28.522,28.198,27.200001,856000,26.006144
2015-03-23,28.501,28.647,28.501,27.360001,240100,26.159121
2015-03-24,28.731,28.731,28.606,27.360001,220200,26.159121
2015-03-25,28.762,28.762,28.48,27.24,230200,26.044386
2015-03-26,28.365,28.365,28.104,27.01,200300,25.824482
2015-03-27,28.25,28.25,28.124,26.98,204200,25.795797
2015-03-30,28.292,28.302,28.219,26.99,162100,25.805361
2015-03-31,27.821,27.936,27.8,26.6,221500,25.43248
2015-04-01,27.988,28.02,27.873,26.790001,261200,25.614138
2015-04-02,28.198,28.302,28.166,27.040001,228800,25.853167
2015-04-06,28.491,28.742,28.386,27.33,318700,26.130436
2015-04-07,28.731,28.804,28.637,27.389999,247200,26.187803
2015-04-08,28.898,28.898,28.595,27.41,219500,26.206926
2015-04-09,28.668,28.668,28.543,27.4,331200,26.197363
2015-04-10,28.658,28.721,28.595,27.459999,236900,26.25473
2015-04-13,28.606,28.689,28.501,27.309999,221200,26.111315
2015-04-14,28.804,28.825,28.742,27.559999,249500,26.35034
2015-04-15,28.972,29.076,28.867,27.77,265300,26.551125
2015-04-16,29.129,29.181,28.94,27.790001,210800,26.570246
2015-04-17,28.825,28.825,28.658,27.51,189400,26.302538
2015-04-20,28.825,28.909,28.773,27.57,232300,26.359903
2015-04-21,29.055,29.055,28.94,27.719999,220100,26.503319
2015-04-22,28.972,29.024,28.836,27.719999,175000,26.503319
2015-04-23,28.898,29.191,28.867,27.860001,142000,26.637175
2015-04-24,29.306,29.38,29.16,28.02,177700,26.790152
2015-04-27,29.557,29.61,29.463,28.200001,208500,26.962252
2015-04-28,29.463,29.568,29.39,28.219999,192800,26.981373
2015-04-29,29.39,29.411,29.233,28.059999,210900,26.828396
2015-04-30,29.17,29.191,29.003,27.77,179900,26.551125
2015-05-01,29.244,29.296,29.055,28.01,183300,26.78059
2015-05-04,29.285,29.348,29.066,28.030001,260900,26.799713
2015-05-05,29.264,29.264,28.846,27.620001,381600,26.407709
2015-05-06,28.972,29.118,28.836,27.73,168200,26.512878
2015-05-07,28.909,28.909,28.71,27.610001,179600,26.398148
2015-05-08,29.369,29.536,29.327,28.219999,165300,26.981373
2015-05-11,29.359,29.421,29.254,27.99,283700,26.761469
2015-05-12,29.306,29.348,29.191,28,155200,26.77103
2015-05-13,29.536,29.631,29.421,28.17,263700,26.933567
2015-05-14,29.756,29.787,29.651,28.469999,177000,27.220398
2015-05-15,29.683,29.829,29.599,28.459999,225200,27.210838
2015-05-18,29.693,29.714,29.526,28.370001,275400,27.12479
2015-05-19,29.463,29.61,29.453,28.209999,171200,26.971811
2015-05-20,29.547,29.672,29.421,28.26,335100,27.019617
2015-05-21,29.547,29.777,29.547,28.379999,341100,27.13435
2015-05-22,29.631,29.631,29.432,28.200001,309300,26.962252
2015-05-26,29.275,29.275,28.877,27.73,199500,26.512878
2015-05-27,29.024,29.233,28.993,27.93,578300,26.704102
2015-05-28,29.087,29.191,28.909,27.879999,175800,26.656296
2015-05-29,29.087,29.087,28.71,27.629999,311800,26.417267
2015-06-01,28.898,28.898,28.626,27.51,262300,26.302538
2015-06-02,28.898,29.16,28.898,27.74,176700,26.522442
2015-06-03,29.16,29.327,29.149,27.93,146500,26.704102
2015-06-04,29.003,29.16,28.731,27.57,181100,26.359903
2015-06-05,28.365,28.647,28.334,27.23,280400,26.034826
2015-06-08,28.386,28.459,28.302,27.190001,163000,25.996582
2015-06-09,28.365,28.386,28.187,27.08,152600,25.891409
2015-06-10,28.689,28.982,28.689,27.65,153300,26.436392
2015-06-11,29.045,29.055,28.836,27.709999,135100,26.493757
2015-06-12,28.647,28.783,28.595,27.48,137400,26.273853
2015-06-15,28.344,28.553,28.344,27.27,199100,26.073071
2015-06-16,28.396,28.553,28.344,27.290001,246000,26.092194
2015-06-17,28.417,28.543,28.198,27.200001,147400,26.006144
2015-06-18,28.606,28.961,28.532,27.440001,165700,26.235609
2015-06-19,28.731,28.731,28.574,27.379999,125100,26.178242
2015-06-22,29.066,29.327,29.066,27.85,161000,26.627613
2015-06-23,29.212,29.275,29.181,27.959999,219500,26.732784
2015-06-24,29.087,29.17,29.003,27.73,150700,26.512878
2015-06-25,29.202,29.202,29.003,27.73,164300,26.512878
2015-06-26,29.087,29.118,28.877,27.709999,287500,26.493757
2015-06-29,28.49,28.543,28.062,26.83,234100,25.652384
2015-06-30,28.334,28.334,27.894,26.75,201800,25.575893
2015-07-01,28.323,28.323,27.988,26.860001,285600,25.681067
2015-07-02,28.187,28.198,28.083,26.950001,128400,25.767117
2015-07-06,27.633,27.779,27.466,26.32,443100,25.164768
2015-07-07,27.35,27.57,26.943,26.290001,742600,25.136086
2015-07-08,27.089,27.152,26.807,25.68,430100,24.552858
2015-07-09,27.361,27.445,27.173,26.01,208900,24.868374
2015-07-10,28.114,28.124,27.915,26.84,153700,25.661943
2015-07-13,28.26,28.26,28.124,26.93,160100,25.747993
2015-07-14,28.281,28.459,28.198,27.209999,639900,26.015701
2015-07-15,28.438,28.438,28.25,27.059999,198300,25.872288
2015-07-16,28.616,28.616,28.49,27.290001,232500,26.092194
2015-07-17,28.564,28.564,28.396,27.219999,183500,26.025265
2015-07-20,28.595,28.595,28.428,27.25,313800,26.053949
2015-07-21,28.438,28.491,28.386,27.18,295400,25.98702
2015-07-22,28.135,28.239,28.062,26.969999,196900,25.786238
2015-07-23,28.198,28.25,28.083,26.879999,168800,25.700188
2015-07-24,28.104,28.104,27.727,26.58,169800,25.413355
2015-07-27,27.664,27.748,27.549,26.4,249300,25.241255
2015-07-28,27.852,27.915,27.664,26.68,169100,25.508966
2015-07-29,27.947,28.124,27.884,26.82,160100,25.64282
2015-07-30,28.093,28.093,27.894,26.83,197800,25.652384
2015-07-31,28.375,28.375,28.177,26.99,159100,25.805361
2015-08-03,28.145,28.25,28.041,26.93,139600,25.747993
2015-08-04,28.26,28.281,28.083,26.93,144000,25.747993
2015-08-05,28.292,28.449,28.292,27.08,181200,25.891409
2015-08-06,28.334,28.334,28.198,27.030001,133800,25.843605
2015-08-07,28.177,28.25,28.135,27.01,138100,25.824482
2015-08-10,28.323,28.616,28.271,27.309999,120200,26.111315
2015-08-11,28.271,28.271,28.051,26.91,169900,25.72887
2015-08-12,27.905,28.083,27.737,26.83,153500,25.652384
2015-08-13,27.947,28.041,27.905,26.709999,134800,25.537649
2015-08-14,27.884,27.978,27.832,26.700001,120200,25.52809
2015-08-17,27.79,27.915,27.717,26.66,252200,25.489843
2015-08-18,27.685,27.758,27.622,26.459999,143300,25.298622
2015-08-19,27.392,27.56,27.267,26.27,223300,25.116962
2015-08-20,27.194,27.194,26.817,25.639999,274100,24.514614
2015-08-21,26.754,26.859,26.001,25.02,731600,23.921827
2015-08-24,25.646,25.761,24.704,24.040001,2330000,22.98484
2015-08-25,26.273,26.284,25.363,24.26,309600,23.195185
2015-08-26,25.907,25.991,25.363,24.85,225700,23.759289
2015-08-27,26.043,26.441,26.043,25.219999,160900,24.113049
2015-08-28,26.284,26.441,26.252,25.219999,216600,24.113049
2015-08-31,26.221,26.284,26.085,25.08,226600,23.979195
2015-09-01,25.708,25.708,25.29,24.24,238500,23.176064
2015-09-02,25.656,25.74,25.374,24.549999,201800,23.472454
2015-09-03,25.719,25.938,25.677,24.610001,145000,23.529823
2015-09-04,25.269,25.28,25.049,24.040001,288700,22.98484
2015-09-08,25.667,25.907,25.667,24.709999,127500,23.625433
2015-09-09,26.169,26.305,25.75,24.66,104400,23.577629
2015-09-10,25.729,26.012,25.729,24.780001,126700,23.692362
2015-09-11,25.677,25.844,25.625,24.709999,121300,23.625433
2015-09-14,25.635,25.698,25.531,24.52,256800,23.443773
2015-09-15,25.656,25.876,25.646,24.719999,134700,23.634993
2015-09-16,26.001,26.252,25.938,25.1,128800,23.998316
2015-09-17,26.19,26.597,26.095,25.15,135500,24.046122
2015-09-18,25.792,25.844,25.552,24.48,138500,23.405527
2015-09-21,25.656,25.656,25.426,24.440001,313400,23.367285
2015-09-22,24.934,25.018,24.757,23.809999,509400,22.764935
2015-09-23,24.903,24.955,24.662,23.67,207500,22.631081
2015-09-24,24.506,24.778,24.411,23.59,770000,22.554592
2015-09-25,25.039,25.091,24.809,23.780001,169100,22.736252
2015-09-28,24.662,24.662,24.307,23.309999,558400,22.286882
2015-09-29,24.349,24.432,24.265,23.309999,305000,22.286882
2015-09-30,24.715,24.861,24.589,23.74,171300,22.698008
2015-10-01,25.018,25.112,24.746,23.85,135800,22.803181
2015-10-02,24.851,25.384,24.788,24.27,178600,23.204744
2015-10-05,25.782,25.98,25.782,24.799999,175800,23.711483
2015-10-06,25.918,26.179,25.918,24.950001,181500,23.8549
2015-10-07,26.566,26.671,26.357,25.4,150200,24.285147
2015-10-08,26.451,26.828,26.409,25.620001,136800,24.495493
2015-10-09,26.911,27.005,26.848,25.780001,97100,24.64847
2015-10-12,26.911,26.911,26.817,25.68,118800,24.552858
2015-10-13,26.409,26.681,26.409,25.299999,139100,24.189535
2015-10-14,26.556,26.681,26.482,25.440001,141300,24.323393
2015-10-15,26.744,26.995,26.744,25.780001,137800,24.64847
2015-10-16,26.901,26.974,26.848,25.780001,111700,24.64847
2015-10-19,26.775,26.807,26.702,25.549999,125900,24.428564
2015-10-20,26.671,26.754,26.608,25.549999,126500,24.428564
2015-10-21,26.911,26.911,26.681,25.51,239400,24.39032
2015-10-22,26.859,27.12,26.848,25.82,138500,24.686712
2015-10-23,27.225,27.256,27.089,26.02,147700,24.877935
2015-10-26,27.183,27.183,27.016,25.91,152700,24.772762
2015-10-27,26.848,26.848,26.692,25.549999,112000,24.428564
2015-10-28,26.786,27.089,26.712,25.75,131500,24.619785
2015-10-29,26.671,26.754,26.587,25.559999,168000,24.438124
2015-10-30,26.775,26.88,26.66,25.51,171800,24.39032
2015-11-02,26.765,26.943,26.702,25.76,160600,24.629349
2015-11-03,26.828,27.058,26.796,25.83,216400,24.696276
2015-11-04,27.016,27.016,26.744,25.629999,145100,24.505053
2015-11-05,26.838,26.869,26.681,25.58,176600,24.457247
2015-11-06,26.608,26.629,26.441,25.440001,238400,24.323393
2015-11-09,26.461,26.503,26.2,25.17,205600,24.065243
2015-11-10,26.231,26.305,26.148,25.120001,163100,24.017439
2015-11-11,26.503,26.503,26.284,25.16,141700,24.055681
2015-11-12,26.085,26.106,25.918,24.799999,201000,23.711483
2015-11-13,25.813,25.813,25.625,24.549999,257000,23.472454
2015-11-16,25.75,26.054,25.75,24.91,132800,23.816654
2015-11-17,26.137,26.252,26.064,25,157800,23.902704
2015-11-18,26.2,26.367,26.169,25.17,173300,24.065243
2015-11-19,26.451,26.576,26.451,25.35,838700,24.237343
2015-11-20,26.535,26.576,26.325,25.23,143800,24.122608
2015-11-23,26.242,26.357,26.158,25.059999,183700,23.960072
2015-11-24,26.043,26.325,25.97,25.110001,191400,24.007875
2015-11-25,26.284,26.367,26.19,25.16,149300,24.055681
2015-11-27,26.263,26.346,26.263,25.16,69400,24.055681
2015-11-30,26.315,26.357,26.231,25.129999,125900,24.026999
2015-12-01,26.461,26.535,26.399,25.370001,176300,24.256466
2015-12-02,26.388,26.461,26.19,25.110001,281800,24.007875
2015-12-03,26.399,26.399,25.959,24.940001,210200,23.845339
2015-12-04,25.949,26.263,25.949,25.08,210600,23.979195
2015-12-07,26.012,26.012,25.844,24.799999,198000,23.711483
2015-12-08,25.52,25.614,25.416,24.41,263200,23.3386
2015-12-09,25.531,25.844,25.363,24.4,278000,23.329041
2015-12-10,25.572,25.656,25.489,24.370001,173500,23.300358
2015-12-11,25.123,25.175,24.945,23.9,367000,22.850985
2015-12-14,24.997,25.07,24.725,23.9,540400,22.850985
2015-12-15,25.081,25.217,25.049,24.040001,654600,22.98484
2015-12-16,25.405,25.677,25.28,24.5,225600,23.424652
2015-12-17,25.541,25.572,25.227,24.17,210800,23.109135
2015-12-18,25.112,25.196,25.008,23.93,295800,22.879669
2015-12-21,24.265,24.296,23.948,23.49,467700,22.933268
2015-12-22,24.101,24.316,24.091,23.719999,346200,23.157816
2015-12-23,24.562,24.777,24.562,24.18,279500,23.606915
2015-12-24,24.695,24.828,24.695,24.200001,150500,23.62644
2015-12-28,24.634,24.757,24.583,24.049999,323200,23.479994
2015-12-29,24.777,24.951,24.767,24.27,623900,23.69478
2015-12-30,24.787,24.808,24.685,24.110001,320100,23.538574
2015-12-31,24.552,24.583,24.398,23.82,246200,23.255445
2016-01-04,24.03,24.06,23.794,23.459999,682400,22.903978
2016-01-05,24.009,24.009,23.825,23.389999,317900,22.835636
2016-01-06,23.476,23.589,23.405,22.98,869400,22.435354
2016-01-07,23.087,23.302,23.005,22.459999,1485500,21.927679
2016-01-08,23.2,23.2,22.729,22.200001,992100,21.673841
2016-01-11,23.046,23.056,22.606,22.25,822300,21.722656
2016-01-12,22.975,23.015,22.647,22.35,347300,21.820286
2016-01-13,23.015,23.108,22.473,21.99,299400,21.468819
2016-01-14,22.667,22.985,22.483,22.309999,853500,21.781235
2016-01-15,22.083,22.247,21.909,21.540001,888000,21.029486
2016-01-19,22.37,22.391,22.042,21.65,413300,21.136877
2016-01-20,21.663,21.756,21.223,21.120001,671800,20.61944
2016-01-21,21.53,22.022,21.428,21.379999,311000,20.873276
2016-01-22,22.524,22.657,22.432,22.08,278700,21.556686
2016-01-25,22.421,22.442,22.176,21.65,209800,21.136877
2016-01-26,22.411,22.688,22.37,22.15,170400,21.625027
2016-01-27,22.626,22.903,22.503,22.049999,199100,21.527395
2016-01-28,22.841,22.852,22.596,22.219999,242700,21.693367
2016-01-29,22.831,23.138,22.831,22.59,250500,22.054598
2016-02-01,22.923,23.149,22.811,22.51,271500,21.976494
2016-02-02,22.626,22.626,22.36,21.9,204600,21.380951
2016-02-03,22.616,22.718,22.196,22.18,224000,21.654316
2016-02-04,22.688,22.975,22.688,22.370001,146600,21.839813
2016-02-05,22.8,22.852,22.534,22.040001,574600,21.517635
2016-02-08,22.258,22.309,22.042,21.690001,935400,21.17593
2016-02-09,21.715,21.991,21.704,21.360001,471900,20.85375
2016-02-10,21.899,22.042,21.715,21.23,735900,20.726831
2016-02-11,21.469,21.51,21.274,20.950001,1339200,20.453468
2016-02-12,21.582,21.93,21.5,21.4,1172800,20.892801
2016-02-16,22.278,22.38,22.094,21.790001,570300,21.27356
2016-02-17,22.503,22.862,22.462,22.290001,250700,21.761709
2016-02-18,22.913,22.985,22.708,22.209999,136700,21.683603
2016-02-19,22.514,22.647,22.442,22.08,135500,21.556686
2016-02-22,22.831,22.985,22.831,22.389999,356900,21.859337
2016-02-23,22.77,22.8,22.462,21.950001,284500,21.429768
2016-02-24,22.104,22.432,21.981,21.9,380300,21.380951
2016-02-25,22.544,22.688,22.421,22.15,126200,21.625027
2016-02-26,22.821,22.831,22.616,22.139999,119300,21.615263
2016-02-29,22.657,22.77,22.514,21.98,203500,21.459055
2016-03-01,22.934,23.19,22.862,22.610001,338900,22.074125
2016-03-02,23.138,23.374,23.077,22.809999,158400,22.269384
2016-03-03,23.456,23.692,23.456,23.129999,176800,22.581799
2016-03-04,23.835,24.05,23.835,23.379999,166600,22.825874
2016-03-07,23.681,24.009,23.681,23.379999,145400,22.825874
2016-03-08,23.835,23.835,23.579,23.08,271100,22.532984
2016-03-09,23.722,23.794,23.64,23.15,118900,22.601326
2016-03-10,23.876,24.04,23.435,23.1,198100,22.552511
2016-03-11,24.091,24.306,24.091,23.719999,116600,23.157816
2016-03-14,24.245,24.275,24.152,23.66,202700,23.099237
2016-03-15,23.937,23.968,23.855,23.370001,203000,22.816113
2016-03-16,23.835,24.255,23.835,23.66,156000,23.099237
2016-03-17,24.296,24.562,24.245,23.969999,144700,23.40189
2016-03-18,24.501,24.603,24.429,23.870001,143700,23.304262
2016-03-21,24.398,24.429,24.286,23.83,330900,23.265209
2016-03-22,24.173,24.378,24.173,23.74,126100,23.177341
2016-03-23,24.245,24.245,23.968,23.440001,119400,22.884453
2016-03-24,23.64,23.825,23.64,23.26,159900,22.708719
2016-03-28,23.978,24.07,23.907,23.41,124600,22.855164
2016-03-29,23.855,24.204,23.753,23.59,143400,23.030897
2016-03-30,24.419,24.572,24.388,23.82,163900,23.255445
2016-03-31,24.347,24.388,24.224,23.66,193000,23.099237
2016-04-01,23.671,23.917,23.651,23.33,150200,22.77706
2016-04-04,23.948,23.948,23.763,23.25,132500,22.698956
2016-04-05,23.323,23.374,23.251,22.73,192900,22.19128
2016-04-06,23.333,23.63,23.313,23.059999,366400,22.513458
2016-04-07,23.425,23.487,23.21,22.74,174900,22.201042
2016-04-08,23.804,23.907,23.773,23.26,167100,22.708719
2016-04-11,24.05,24.173,23.917,23.35,142600,22.796585
2016-04-12,24.122,24.388,23.989,23.75,173700,23.187105
2016-04-13,24.685,24.787,24.613,24.139999,171200,23.567862
2016-04-14,24.839,24.89,24.767,24.190001,159300,23.616678
2016-04-15,24.808,24.818,24.716,24.16,146600,23.587387
2016-04-18,24.685,24.982,24.654,24.379999,173100,23.802174
2016-04-19,25.31,25.484,25.31,24.82,188700,24.231745
2016-04-20,25.443,25.648,25.433,24.91,198600,24.319613
2016-04-21,25.535,25.576,25.351,24.809999,105700,24.221981
2016-04-22,25.351,25.474,25.32,24.809999,186300,24.221981
2016-04-25,25.289,25.289,25.136,24.639999,214200,24.056011
2016-04-26,25.392,25.412,25.3,24.75,135300,24.163404
2016-04-27,25.3,25.525,25.3,24.860001,206500,24.270798
2016-04-28,25.218,25.433,25.187,24.6,145100,24.01696
2016-04-29,25.197,25.238,25.003,24.51,127800,23.929092
2016-05-02,25.238,25.3,25.146,24.67,126900,24.0853
2016-05-03,25.003,25.003,24.726,24.16,144800,23.587387
2016-05-04,24.542,24.542,24.327,23.82,161100,23.255445
2016-05-05,24.409,24.501,24.296,23.799999,212300,23.23592
2016-05-06,24.193,24.47,24.193,23.85,152900,23.284735
2016-05-09,24.388,24.398,24.224,23.67,114100,23.109001
2016-05-10,24.409,24.634,24.409,24.030001,134800,23.46047
2016-05-11,24.449,24.603,24.429,23.860001,184000,23.294498
2016-05-12,24.736,24.736,24.327,23.870001,112700,23.304262
2016-05-13,24.224,24.368,24.122,23.6,109200,23.040661
2016-05-16,24.327,24.521,24.327,23.92,210200,23.353077
2016-05-17,24.501,24.572,24.347,23.799999,133500,23.23592
2016-05-18,24.398,24.603,24.296,23.790001,139800,23.226158
2016-05-19,24.183,24.193,24.03,23.57,140300,23.011372
2016-05-20,24.368,24.378,24.265,23.76,112700,23.196869
2016-05-23,24.224,24.296,24.152,23.629999,112400,23.069948
2016-05-24,24.409,24.572,24.368,23.969999,152800,23.40189
2016-05-25,24.767,24.91,24.747,24.280001,160300,23.704544
2016-05-26,25.013,25.023,24.869,24.35,128300,23.772884
2016-05-27,24.9,24.9,24.808,24.26,116800,23.685019
2016-05-31,24.9,24.992,24.654,24.15,236400,23.577625
2016-06-01,24.542,24.685,24.47,24.08,196600,23.509283
2016-06-02,24.552,24.665,24.49,24.07,139300,23.499521
2016-06-03,24.798,24.849,24.675,24.23,181000,23.655729
2016-06-06,24.951,25.105,24.951,24.459999,108300,23.880278
2016-06-07,25.238,25.351,25.238,24.700001,151800,24.11459
2016-06-08,25.453,25.504,25.392,24.82,136300,24.231745
2016-06-09,25.085,25.146,24.972,24.48,120900,23.899803
2016-06-10,24.562,24.572,24.265,23.77,123200,23.206631
2016-06-13,24.019,24.234,23.937,23.4,151500,22.8454
2016-06-14,23.722,23.804,23.487,23.07,265000,22.523222
2016-06-15,23.773,23.917,23.743,23.219999,137500,22.669666
2016-06-16,23.446,23.835,23.282,23.27,330100,22.718483
2016-06-17,23.978,24.163,23.896,23.57,123400,23.011372
2016-06-20,24.849,24.88,24.716,24.129999,121400,23.558098
2016-06-21,24.89,25.095,24.787,24.309999,126200,23.733831
2016-06-22,25.044,25.074,24.869,24.299999,135300,23.72407
2016-06-23,25.402,25.607,25.279,25,88700,24.407478
2016-06-24,23.343,23.917,23.313,22.790001,611600,22.249859
2016-06-27,23.005,23.046,22.575,22.34,917600,21.810524
2016-06-28,23.364,23.466,23.2,22.889999,353000,22.347486
2016-06-29,23.866,24.04,23.804,23.4,226500,22.8454
2016-06-30,24.03,24.337,23.927,23.74,614700,23.177341
2016-07-01,24.368,24.439,24.327,23.799999,202500,23.23592
2016-07-05,24.132,24.132,23.845,23.360001,172100,22.806349
2016-07-06,23.651,23.855,23.456,23.280001,220300,22.728245
2016-07-07,23.907,24.009,23.64,23.17,147300,22.620852
2016-07-08,24.04,24.142,23.978,23.549999,136700,22.991844
2016-07-11,24.449,24.552,24.409,23.879999,133200,23.314024
2016-07-12,24.839,24.962,24.818,24.26,156400,23.685019
2016-07-13,24.982,25.013,24.818,24.26,147900,23.685019
2016-07-14,25.085,25.156,25.044,24.48,122300,23.899803
2016-07-15,24.992,25.064,24.88,24.34,152500,23.763123
2016-07-18,24.869,25.023,24.828,24.34,156900,23.763123
2016-07-19,24.726,24.767,24.654,24.129999,189700,23.558098
2016-07-20,24.798,24.89,24.726,24.27,160100,23.69478
2016-07-21,24.798,24.951,24.757,24.219999,599800,23.645966
2016-07-22,24.9,24.9,24.787,24.24,664900,23.665491
2016-07-25,24.818,24.828,24.685,24.15,329700,23.577625
2016-07-26,24.767,24.88,24.726,24.209999,166200,23.636202
2016-07-27,24.982,25.033,24.787,24.34,130600,23.763123
2016-07-28,24.88,24.962,24.798,24.309999,271000,23.733831
2016-07-29,25.054,25.207,25.013,24.57,137400,23.987671
2016-08-01,25.074,25.074,24.88,24.299999,184700,23.72407
2016-08-02,24.849,24.89,24.644,24.16,197400,23.587387
2016-08-03,24.583,24.726,24.562,24.139999,134000,23.567862
2016-08-04,24.818,24.91,24.818,24.299999,177800,23.72407
2016-08-05,24.89,25.054,24.89,24.42,184900,23.841227
2016-08-08,25.105,25.187,25.105,24.559999,147900,23.977907
2016-08-09,25.279,25.443,25.279,24.76,184400,24.173168
2016-08-10,25.525,25.525,25.392,24.799999,139900,24.212219
2016-08-11,25.515,25.689,25.515,25.030001,222200,24.436769
2016-08-12,25.679,25.679,25.525,24.940001,367900,24.348902
2016-08-15,25.658,25.709,25.638,25.049999,172400,24.456293
2016-08-16,25.658,25.72,25.638,25.049999,201000,24.456293
2016-08-17,25.576,25.72,25.474,25.07,154900,24.475821
2016-08-18,25.668,25.802,25.648,25.190001,164300,24.592976
2016-08-19,25.535,25.638,25.484,25.02,138800,24.427006
2016-08-22,25.484,25.627,25.453,25,177000,24.407478
2016-08-23,25.761,25.842,25.73,25.139999,281800,24.544161
2016-08-24,25.781,25.781,25.648,25.040001,164500,24.446531
2016-08-25,25.576,25.638,25.535,24.969999,206100,24.378189
2016-08-26,25.668,25.863,25.341,24.809999,184100,24.221981
2016-08-29,25.392,25.535,25.392,24.92,218500,24.329376
2016-08-30,25.545,25.597,25.433,24.889999,190200,24.300085
2016-08-31,25.453,25.494,25.3,24.809999,139000,24.221981
2016-09-01,25.474,25.566,25.392,24.959999,158700,24.368425
2016-09-02,25.802,25.914,25.781,25.27,153100,24.67108
2016-09-06,25.976,26.119,25.945,25.459999,167000,24.856575
2016-09-07,26.201,26.211,26.078,25.5,191600,24.895628
2016-09-08,26.119,26.191,26.058,25.49,186700,24.885866
2016-09-09,25.863,25.863,25.545,24.940001,167600,24.348902
2016-09-12,25.351,25.75,25.289,25.139999,251000,24.544161
2016-09-13,25.382,25.382,25.033,24.52,242900,23.938856
2016-09-14,25.054,25.187,25.013,24.49,118400,23.909567
2016-09-15,25.054,25.351,25.013,24.709999,117900,24.124352
2016-09-16,25.003,25.003,24.849,24.32,152700,23.743595
2016-09-19,25.228,25.238,25.054,24.49,147500,23.909567
2016-09-20,25.31,25.31,25.166,24.6,204800,24.01696
2016-09-21,25.443,25.709,25.371,25.07,156800,24.475821
2016-09-22,26.078,26.16,25.955,25.370001,239200,24.768711
2016-09-23,25.791,25.853,25.74,25.139999,148700,24.544161
2016-09-26,25.545,25.576,25.464,24.889999,137900,24.300085
2016-09-27,25.392,25.576,25.351,24.940001,229400,24.348902
2016-09-28,25.679,25.842,25.535,25.219999,174100,24.622265
2016-09-29,25.883,25.945,25.566,25.059999,123400,24.466057
2016-09-30,25.73,25.894,25.648,25.209999,146600,24.612501
2016-10-03,25.802,25.822,25.689,25.16,163700,24.563686
2016-10-04,25.883,25.935,25.668,25.129999,197500,24.534397
2016-10-05,25.914,25.986,25.873,25.32,177100,24.719894
2016-10-06,25.853,25.853,25.75,25.219999,141900,24.622265
2016-10-07,25.781,25.781,25.525,25.09,154200,24.495346
2016-10-10,25.812,25.914,25.812,25.24,148900,24.64179
2016-10-11,25.781,25.781,25.433,24.9,167100,24.309849
2016-10-12,25.474,25.525,25.402,24.870001,176700,24.280561
2016-10-13,25.146,25.402,25.095,24.75,188200,24.163404
2016-10-14,25.586,25.648,25.412,24.84,146400,24.251272
2016-10-17,25.382,25.453,25.33,24.76,144900,24.173168
2016-10-18,25.709,25.72,25.607,25.07,215100,24.475821
2016-10-19,25.73,25.822,25.689,25.16,180500,24.563686
2016-10-20,25.75,25.853,25.699,25.200001,181200,24.602739
2016-10-21,25.648,25.771,25.607,25.16,127200,24.563686
2016-10-24,25.863,25.894,25.699,25.18,338400,24.583214
2016-10-25,25.791,25.832,25.72,25.18,402600,24.583214
2016-10-26,25.668,25.75,25.627,25.08,163600,24.485582
2016-10-27,25.771,25.781,25.638,25.07,171000,24.475821
2016-10-28,25.679,25.771,25.638,25.09,170300,24.495346
2016-10-31,25.699,25.73,25.586,25.09,505500,24.495346
2016-11-01,25.812,25.812,25.464,24.969999,310100,24.378189
2016-11-02,25.525,25.545,25.33,24.76,336100,24.173168
2016-11-03,25.453,25.474,25.33,24.77,194900,24.18293
2016-11-04,25.177,25.238,25.074,24.49,226300,23.909567
2016-11-07,25.371,25.484,25.371,24.879999,557200,24.290323
2016-11-08,25.392,25.668,25.392,24.99,194900,24.397717
2016-11-09,25.32,25.709,25.32,25.02,355400,24.427006
2016-11-10,25.668,25.74,25.494,24.98,230800,24.387953
2016-11-11,25.504,25.504,25.289,24.799999,172700,24.212219
2016-11-14,25.218,25.31,25.166,24.690001,189100,24.104828
2016-11-15,25.269,25.474,25.228,24.860001,271000,24.270798
2016-11-16,25.197,25.3,25.177,24.610001,212000,24.026724
2016-11-17,25.3,25.392,25.279,24.75,384100,24.163404
2016-11-18,25.136,25.146,25.003,24.469999,261000,23.890039
2016-11-21,25.248,25.361,25.228,24.76,372800,24.173168
2016-11-22,25.402,25.484,25.371,24.879999,256100,24.290323
2016-11-23,25.187,25.412,25.177,24.790001,211700,24.202457
2016-11-25,25.484,25.484,25.402,24.83,137100,24.241508
2016-11-28,25.382,25.392,25.279,24.68,276200,24.095064
2016-11-29,25.269,25.464,25.228,24.809999,248000,24.221981
2016-11-30,25.515,25.535,25.433,24.860001,187600,24.270798
2016-12-01,25.535,25.597,25.464,24.879999,300400,24.290323
2016-12-02,25.464,25.617,25.443,24.950001,255600,24.358665
2016-12-05,25.74,25.894,25.699,25.23,222400,24.632027
2016-12-06,25.924,26.099,25.883,25.469999,365400,24.866339
2016-12-07,26.17,26.539,26.17,25.860001,384600,25.247097
2016-12-08,26.539,26.59,26.467,25.91,500500,25.295912
2016-12-09,26.559,26.6,26.498,25.950001,342000,25.334965
2016-12-12,26.58,26.682,26.519,25.92,277100,25.305674
2016-12-13,26.734,26.867,26.723,26.16,283200,25.539986
2016-12-14,26.764,26.764,26.314,25.74,238700,25.12994
2016-12-15,26.273,26.344,26.211,25.700001,391800,25.090889
2016-12-16,26.334,26.416,26.283,25.67,303400,25.0616
2016-12-19,25.11,25.13,25.01,25.030001,358000,25.030001
2016-12-20,25.11,25.16,25.06,25.16,427300,25.16
2016-12-21,25.16,25.16,25.1,25.139999,378500,25.139999
2016-12-22,25.15,25.15,25.06,25.08,700800,25.08
2016-12-23,25.11,25.12,25.05,25.110001,366900,25.110001
2016-12-27,25.12,25.12,25.06,25.08,730500,25.08
2016-12-28,25.09,25.09,24.93,24.98,392900,24.98
2016-12-29,25.04,25.08,25,25.040001,379900,25.040001
2016-12-30,25.23,25.23,25.04,25.1,456200,25.1
2017-01-03,25.26,25.3,25.2,25.290001,487100,25.290001
2017-01-04,25.43,25.6,25.42,25.6,299200,25.6
2017-01-05,25.67,25.82,25.67,25.799999,364200,25.799999
2017-01-06,25.69,25.72,25.63,25.68,306800,25.68
2017-01-09,25.59,25.62,25.5,25.610001,497800,25.610001
2017-01-10,25.66,25.7,25.6,25.629999,599100,25.629999
2017-01-11,25.65,25.85,25.59,25.84,346600,25.84
2017-01-12,25.94,25.94,25.76,25.879999,311200,25.879999
2017-01-13,25.94,25.98,25.87,25.98,286000,25.98
2017-01-17,25.95,25.96,25.86,25.9,837600,25.9
2017-01-18,25.85,25.88,25.74,25.799999,438300,25.799999
2017-01-19,25.81,25.81,25.67,25.76,591300,25.76
2017-01-20,25.86,25.91,25.82,25.91,320600,25.91
2017-01-23,25.87,25.95,25.8,25.950001,281900,25.950001
2017-01-24,25.93,26.1,25.93,26.08,327200,26.08
2017-01-25,26.26,26.38,26.24,26.379999,310200,26.379999
2017-01-26,26.25,26.29,26.17,26.219999,419800,26.219999
2017-01-27,26.2,26.2,26.1,26.129999,446000,26.129999
2017-01-30,25.91,25.91,25.77,25.91,401000,25.91
2017-01-31,25.93,25.96,25.8,25.93,387300,25.93
2017-02-01,26.05,26.08,25.93,26.030001,340200,26.030001
2017-02-02,26.04,26.07,25.95,26.040001,562800,26.040001
2017-02-03,26.05,26.12,26,26.09,337500,26.09
2017-02-06,25.84,25.87,25.77,25.860001,421400,25.860001
2017-02-07,25.8,25.81,25.75,25.790001,482600,25.790001
2017-02-08,25.77,25.85,25.68,25.84,406400,25.84
2017-02-09,25.9,25.96,25.83,25.93,301900,25.93
2017-02-10,25.96,26.06,25.96,26.040001,266700,26.040001
2017-02-13,26.23,26.24,26.14,26.209999,318800,26.209999
2017-02-14,26.18,26.2,26.02,26.200001,332600,26.200001
2017-02-15,26.1,26.27,26.08,26.26,341200,26.26
2017-02-16,26.3,26.32,26.23,26.32,316900,26.32
2017-02-17,26.1,26.17,26.05,26.15,417200,26.15
2017-02-21,26.2,26.3,26.15,26.26,374000,26.26
2017-02-22,26.16,26.27,26.11,26.26,360800,26.26
2017-02-23,26.38,26.38,26.22,26.26,257700,26.26
2017-02-24,25.98,26.05,25.94,26.040001,340300,26.040001
2017-02-27,25.98,26.05,25.93,26.040001,449300,26.040001
2017-02-28,26.03,26.08,25.95,26.01,312700,26.01
2017-03-01,26.2,26.35,26.2,26.299999,434800,26.299999
2017-03-02,26.23,26.24,26.1,26.120001,480700,26.120001
2017-03-03,26.21,26.34,26.14,26.309999,264400,26.309999
2017-03-06,26.22,26.22,26.12,26.200001,318000,26.200001
2017-03-07,26.09,26.15,26.05,26.110001,289400,26.110001
2017-03-08,26.09,26.12,25.96,25.959999,256500,25.959999
2017-03-09,26.03,26.07,25.97,26.059999,421300,26.059999
2017-03-10,26.26,26.28,26.18,26.26,304400,26.26
2017-03-13,26.33,26.38,26.3,26.370001,363300,26.370001
2017-03-14,26.21,26.21,26.08,26.139999,546400,26.139999
2017-03-15,26.19,26.55,26.19,26.530001,337800,26.530001
2017-03-16,26.72,26.74,26.66,26.709999,277500,26.709999
2017-03-17,26.77,26.78,26.67,26.73,250800,26.73
2017-03-20,26.72,26.75,26.61,26.67,273200,26.67
2017-03-21,26.88,26.91,26.5,26.5,357400,26.5
2017-03-22,26.4,26.53,26.39,26.51,316300,26.51
2017-03-23,26.48,26.65,26.47,26.57,397900,26.57
2017-03-24,26.63,26.68,26.58,26.66,457000,26.66
2017-03-27,26.62,26.74,26.55,26.709999,386000,26.709999
2017-03-28,26.78,26.89,26.75,26.879999,247800,26.879999
2017-03-29,26.73,26.89,26.73,26.870001,219700,26.870001
2017-03-30,26.85,26.92,26.81,26.83,228900,26.83
2017-03-31,26.71,26.83,26.69,26.799999,252700,26.799999
2017-04-03,26.76,26.77,26.48,26.67,497000,26.67
2017-04-04,26.57,26.67,26.5,26.67,496200,26.67
2017-04-05,26.69,26.73,26.51,26.51,453700,26.51
2017-04-06,26.56,26.6,26.51,26.57,357200,26.57
2017-04-07,26.51,26.56,26.51,26.52,460400,26.52
2017-04-10,26.5,26.55,26.47,26.530001,243300,26.530001
2017-04-11,26.64,26.65,26.42,26.65,451200,26.65
2017-04-12,26.57,26.58,26.47,26.57,257600,26.57
2017-04-13,26.41,26.42,26.3,26.299999,256600,26.299999
2017-04-17,26.46,26.55,26.42,26.549999,342800,26.549999
2017-04-18,26.29,26.34,26.19,26.32,426200,26.32
2017-04-19,26.37,26.39,26.21,26.23,333400,26.23
2017-04-20,26.42,26.48,26.41,26.41,261800,26.41
2017-04-21,26.43,26.45,26.35,26.450001,408200,26.450001
2017-04-24,27.09,27.15,27.05,27.129999,365900,27.129999
2017-04-25,27.24,27.33,27.22,27.290001,333500,27.290001
2017-04-26,27.22,27.31,27.21,27.219999,420700,27.219999
2017-04-27,27.2,27.2,27.06,27.120001,338400,27.120001
2017-04-28,27.13,27.16,27.1,27.110001,256100,27.110001
2017-05-01,27.24,27.26,27.16,27.25,286100,27.25
2017-05-02,27.28,27.35,27.24,27.33,400700,27.33
2017-05-03,27.22,27.26,27.17,27.24,299100,27.24
2017-05-04,27.33,27.43,27.27,27.42,241800,27.42
2017-05-05,27.51,27.81,27.5,27.809999,325100,27.809999
2017-05-08,27.62,27.62,27.53,27.6,272500,27.6
2017-05-09,27.57,27.58,27.45,27.52,868000,27.52
2017-05-10,27.58,27.6,27.53,27.6,1819900,27.6
2017-05-11,27.47,27.5,27.38,27.5,555900,27.5
2017-05-12,27.48,27.6,27.48,27.59,344900,27.59
2017-05-15,27.76,27.81,27.73,27.809999,538200,27.809999
2017-05-16,28,28.02,27.96,28,460100,28
2017-05-17,27.87,27.87,27.64,27.67,340400,27.67
2017-05-18,27.54,27.71,27.51,27.67,270200,27.67
2017-05-19,27.9,28.06,27.9,28.040001,223800,28.040001
2017-05-22,28.13,28.15,28.06,28.120001,252400,28.120001
2017-05-23,28.18,28.18,28.06,28.08,270100,28.08
2017-05-24,28.03,28.11,27.98,28.09,219700,28.09
2017-05-25,28.12,28.14,28.01,28.059999,256700,28.059999
2017-05-26,27.89,27.97,27.88,27.969999,306600,27.969999
2017-05-30,27.87,27.93,27.87,27.9,246100,27.9
2017-05-31,28.04,28.05,27.9,27.940001,373000,27.940001
2017-06-01,28,28.11,27.97,28.08,382200,28.08
2017-06-02,28.29,28.35,28.2,28.34,284100,28.34
2017-06-05,28.21,28.21,28.12,28.200001,224400,28.200001
2017-06-06,28.07,28.14,28.05,28.139999,279300,28.139999
2017-06-07,28.17,28.23,28.01,28.08,248500,28.08
2017-06-08,28.04,28.12,28,28.120001,254000,28.120001
2017-06-09,27.96,28.11,27.92,28.030001,252100,28.030001
2017-06-12,28.01,28.04,27.9,28.01,230800,28.01
2017-06-13,28.19,28.21,28.12,28.209999,263400,28.209999
2017-06-14,28.35,28.35,28.01,28.1,265300,28.1
2017-06-15,27.65,27.78,27.6,27.780001,905900,27.780001
2017-06-16,27.9,28,27.82,28,212800,28
2017-06-19,28.08,28.15,28.06,28.120001,220500,28.120001
2017-06-20,27.99,27.99,27.74,27.799999,371500,27.799999
2017-06-21,27.78,27.81,27.73,27.809999,256500,27.809999
2017-06-22,27.77,27.84,27.72,27.780001,254400,27.780001
2017-06-23,27.78,27.87,27.73,27.85,189600,27.85
2017-06-26,28.04,28.04,27.87,27.9,441200,27.9
2017-06-27,27.92,28.01,27.87,27.940001,230600,27.940001
2017-06-28,28.04,28.26,28.04,28.209999,266200,28.209999
2017-06-29,28.16,28.16,27.89,27.99,253600,27.99
2017-06-30,NA,NA,NA,NA,NA,NA
2017-07-03,28.03,28.11,28.03,28.09,210100,28.09
2017-07-07,27.87,27.96,27.81,27.92,194533,27.92
