"Date","FNDX.Open","FNDX.High","FNDX.Low","FNDX.Close","FNDX.Volume","FNDX.Adjusted"
2013-08-15,26.713,26.713,26.264,24.6,12900,23.004305
2013-08-16,26.413,26.413,26.135,24.5,23500,22.910788
2013-08-19,26.178,26.178,26.028,24.34,10100,22.761169
2013-08-20,26.018,26.199,25.986,24.42,24400,22.835978
2013-08-21,26.05,26.103,25.932,24.25,18300,22.677008
2013-08-22,25.953,26.157,25.953,24.42,14700,22.835978
2013-08-23,26.178,26.221,26.167,24.52,10900,22.929489
2013-08-26,26.264,26.285,26.135,24.440001,5700,22.854681
2013-08-27,25.921,25.943,25.697,24.08,49800,22.518032
2013-08-28,25.729,25.911,25.729,24.16,20800,22.59284
2013-08-29,25.814,25.975,25.772,24.190001,5300,22.620895
2013-08-30,25.9,25.9,25.708,24.129999,15500,22.564787
2013-09-03,26.082,26.082,25.782,24.120001,23800,22.555443
2013-09-04,25.975,26.093,25.975,24.360001,12000,22.779871
2013-09-05,26.028,26.157,26.028,24.4,6000,22.817274
2013-09-06,26.178,26.221,25.932,24.41,40200,22.826626
2013-09-09,26.135,26.349,26.093,24.620001,9700,23.023006
2013-09-10,26.477,26.52,26.424,24.799999,28800,23.19133
2013-09-11,26.542,26.649,26.51,24.92,8000,23.303547
2013-09-12,26.638,26.681,26.542,24.83,16600,23.219381
2013-09-13,26.627,26.67,26.584,24.940001,24600,23.32225
2013-09-16,26.959,26.959,26.766,25.030001,135700,23.406412
2013-09-17,26.873,26.948,26.873,25.200001,12000,23.565382
2013-09-18,26.937,27.29,26.798,25.459999,184700,23.808514
2013-09-19,27.29,27.29,27.14,25.389999,52400,23.743055
2013-09-20,27.215,27.536,26.948,25.219999,10100,23.584084
2013-09-23,26.873,27.055,26.734,25.07,20000,23.443815
2013-09-24,26.798,26.927,26.723,25.030001,38300,23.406412
2013-09-25,26.734,26.83,26.649,24.959999,19000,23.340952
2013-09-26,26.852,26.852,26.681,25.02,15500,23.397062
2013-09-27,26.649,26.67,26.563,24.91,25200,23.294191
2013-09-30,26.424,26.531,26.306,24.77,15600,23.163279
2013-10-01,26.65,27.408,26.575,24.879999,5100,23.283998
2013-10-02,26.521,26.65,26.468,24.940001,7400,23.340151
2013-10-03,26.457,26.489,26.297,24.77,16100,23.181055
2013-10-04,26.436,26.628,26.404,24.889999,30900,23.293356
2013-10-07,26.382,26.532,26.382,24.719999,31100,23.134266
2013-10-08,26.318,26.382,26.094,24.450001,22000,22.881584
2013-10-09,26.158,26.308,26.008,24.5,39700,22.928379
2013-10-10,26.585,26.714,26.425,25,72300,23.396303
2013-10-11,26.671,26.927,26.671,25.17,43400,23.555395
2013-10-14,26.746,27.045,26.746,25.27,25100,23.648981
2013-10-15,26.938,27.194,26.767,25.1,54300,23.489887
2013-10-16,27.002,27.28,26.938,25.43,52400,23.798719
2013-10-17,27.259,27.376,27.077,25.6,59400,23.957813
2013-10-18,27.675,27.675,27.355,25.690001,54400,24.04204
2013-10-21,27.462,27.504,27.397,25.68,22800,24.032682
2013-10-22,27.547,27.665,27.515,25.860001,32400,24.201139
2013-10-23,27.579,27.579,27.419,25.75,48700,24.09819
2013-10-24,27.579,27.59,27.483,25.799999,48700,24.144981
2013-10-25,27.601,27.707,27.558,25.93,35600,24.266644
2013-10-28,27.729,27.804,27.665,25.959999,26100,24.294718
2013-10-29,27.836,27.9,27.793,26.110001,28000,24.435101
2013-10-30,27.921,27.921,27.654,26.02,31700,24.350874
2013-10-31,27.793,27.889,27.675,25.969999,27900,24.304077
2013-11-01,27.793,27.825,27.643,26.040001,9900,24.369593
2013-11-04,27.91,27.953,27.814,26.15,39000,24.47253
2013-11-05,27.868,27.91,27.782,26.07,12500,24.397665
2013-11-06,28.007,28.028,27.91,26.200001,19400,24.519325
2013-11-07,28.113,28.113,27.633,25.870001,31800,24.210493
2013-11-08,27.665,27.985,27.643,26.190001,122000,24.509962
2013-11-11,28.017,28.06,27.996,26.24,16900,24.556759
2013-11-12,27.996,28.028,27.921,26.200001,41300,24.519325
2013-11-13,27.878,28.21,27.878,26.4,24700,24.706493
2013-11-14,28.242,28.348,28.167,26.52,28200,24.818798
2013-11-15,28.391,28.413,28.316,26.57,30300,24.865589
2013-11-18,28.498,28.498,28.284,26.49,28000,24.79072
2013-11-19,28.284,28.391,28.242,26.49,14200,24.79072
2013-11-20,28.295,28.37,28.113,26.360001,37300,24.669062
2013-11-21,28.295,28.434,28.295,26.610001,22600,24.903027
2013-11-22,28.423,28.562,28.381,26.709999,37700,24.996609
2013-11-25,28.626,28.626,28.498,26.67,26300,24.959177
2013-11-26,28.541,28.594,28.498,26.690001,23300,24.97789
2013-11-27,28.552,28.616,28.509,26.74,58600,25.024685
2013-11-29,28.616,28.658,28.487,26.67,23800,24.959177
2013-12-02,28.53,28.637,28.466,26.65,15200,24.940456
2013-12-03,28.413,28.455,28.284,26.559999,17400,24.856232
2013-12-04,28.295,28.509,28.199,26.57,21500,24.865589
2013-12-05,28.316,28.316,28.156,26.370001,28700,24.678419
2013-12-06,28.413,28.53,28.402,26.59,18400,24.884308
2013-12-09,28.68,28.68,28.541,26.73,18700,25.015329
2013-12-10,28.53,28.552,28.455,26.67,16000,24.959177
2013-12-11,28.498,28.648,28.135,26.35,11000,24.659702
2013-12-12,28.113,28.156,28.017,26.27,27100,24.584837
2013-12-13,28.124,28.156,27.985,26.290001,9100,24.60355
2013-12-16,28.199,28.284,28.199,26.42,16100,24.72521
2013-12-17,28.22,28.22,28.071,26.34,9900,24.650343
2013-12-18,28.21,28.626,28.06,26.790001,15300,25.071476
2013-12-19,28.562,28.626,28.53,26.780001,22300,25.062117
2013-12-20,28.658,28.819,28.658,26.91,17700,25.183779
2013-12-23,28.705,28.705,28.577,26.92,39300,25.292767
2013-12-24,28.62,28.748,28.62,27,23400,25.367931
2013-12-26,28.812,28.929,28.812,27.16,49000,25.518259
2013-12-27,28.95,28.95,28.865,27.17,17600,25.527657
2013-12-30,28.939,28.939,28.854,27.18,14500,25.53705
2013-12-31,28.971,29.056,28.961,27.24,32000,25.593424
2014-01-02,28.939,28.939,28.737,27.040001,27100,25.40551
2014-01-03,28.801,28.865,28.726,26.99,57700,25.358534
2014-01-06,28.886,28.886,28.652,26.969999,25100,25.339745
2014-01-07,28.812,28.897,28.812,27.1,53000,25.461887
2014-01-08,28.854,28.854,28.737,27.08,98400,25.44309
2014-01-09,28.886,28.886,28.705,27.110001,58200,25.471281
2014-01-10,28.907,28.907,28.748,27.15,33400,25.508862
2014-01-13,28.844,28.875,28.482,26.799999,27000,25.180021
2014-01-14,28.62,28.801,28.62,27.040001,29400,25.40551
2014-01-15,28.865,28.939,28.854,27.15,31100,25.508862
2014-01-16,28.844,28.844,28.758,27.1,20500,25.461887
2014-01-17,28.833,28.854,28.684,26.969999,31500,25.339745
2014-01-21,28.875,28.875,28.631,27.01,37000,25.377327
2014-01-22,28.833,28.833,28.694,27.049999,26700,25.414909
2014-01-23,28.641,28.641,28.386,26.799999,25300,25.180021
2014-01-24,28.375,28.375,27.992,26.33,53500,24.738426
2014-01-27,27.971,28.173,27.705,26.17,64900,24.5881
2014-01-28,27.918,28.088,27.918,26.360001,159500,24.766617
2014-01-29,27.832,27.992,27.747,26.110001,25400,24.531731
2014-01-30,27.981,28.109,27.875,26.34,45900,24.747824
2014-01-31,27.705,28.013,27.683,26.17,36200,24.5881
2014-02-03,27.811,27.811,27.151,25.549999,73600,24.005581
2014-02-04,27.322,27.364,27.172,25.67,42100,24.118328
2014-02-05,27.236,27.332,27.141,25.639999,31300,24.090139
2014-02-06,27.343,27.641,27.343,25.959999,34200,24.390797
2014-02-07,27.758,27.949,27.641,26.25,36200,24.663265
2014-02-10,27.928,27.949,27.822,26.25,49400,24.663265
2014-02-11,27.981,28.311,27.981,26.51,62100,24.907549
2014-02-12,28.322,28.407,28.237,26.58,39800,24.97332
2014-02-13,28.098,28.46,28.098,26.719999,39400,25.104856
2014-02-14,28.407,28.663,28.375,26.91,32500,25.283369
2014-02-18,28.684,28.694,28.599,26.93,80900,25.30216
2014-02-19,28.577,28.78,28.503,26.790001,42400,25.170624
2014-02-20,28.545,28.748,28.514,27.01,36500,25.377327
2014-02-21,28.748,28.79,28.694,26.959999,15700,25.330349
2014-02-24,28.737,29.024,28.737,27.110001,26000,25.471281
2014-02-25,28.822,28.897,28.726,27.059999,23700,25.424305
2014-02-26,28.854,28.907,28.769,27.09,45100,25.452486
2014-02-27,28.78,28.939,28.748,27.18,32500,25.53705
2014-02-28,28.929,29.173,28.929,27.26,28600,25.612217
2014-03-03,28.769,28.875,28.673,27.07,34400,25.433704
2014-03-04,29.12,29.333,29.12,27.49,75600,25.828316
2014-03-05,29.493,29.493,29.173,27.440001,32200,25.781336
2014-03-06,29.28,29.322,29.269,27.52,7400,25.856497
2014-03-07,29.429,29.429,29.259,27.540001,285500,25.875294
2014-03-10,29.291,29.312,29.173,27.540001,18400,25.875294
2014-03-11,29.365,29.376,29.12,27.41,14900,25.753151
2014-03-12,29.024,29.163,29.024,27.309999,19300,25.659195
2014-03-13,29.269,29.269,28.833,27.15,35800,25.508862
2014-03-14,28.844,28.971,28.822,27.110001,15600,25.471281
2014-03-17,28.971,29.131,28.971,27.32,18900,25.668589
2014-03-18,29.173,29.333,29.173,27.540001,29600,25.875294
2014-03-19,29.333,29.376,29.024,27.450001,39700,25.790731
2014-03-20,29.12,29.386,29.12,27.610001,20900,25.941059
2014-03-21,29.514,29.578,29.333,27.57,31700,25.903473
2014-03-24,29.429,29.44,29.142,27.540001,18900,25.875294
2014-03-25,29.312,29.418,29.248,27.620001,33000,25.950451
2014-03-26,29.514,29.514,29.248,27.48,38200,25.818916
2014-03-27,29.216,29.269,29.078,27.440001,34700,25.781336
2014-03-28,29.28,29.45,29.28,27.6,22100,25.931665
2014-03-31,29.47,29.48,29.311,27.73,56600,26.149496
2014-04-01,29.501,29.533,29.427,27.85,21200,26.262655
2014-04-02,29.597,29.682,29.544,27.99,40100,26.394678
2014-04-03,29.714,29.724,29.608,27.99,42200,26.394678
2014-04-04,29.83,29.841,29.353,27.75,40300,26.168356
2014-04-07,29.374,29.374,29.056,27.48,52300,25.913748
2014-04-08,29.067,29.215,29.067,27.52,22700,25.951468
2014-04-09,29.289,29.438,29.173,27.73,22600,26.149496
2014-04-10,29.448,29.47,28.908,27.299999,50600,25.744005
2014-04-11,28.833,28.939,28.643,27.07,31000,25.527117
2014-04-14,29.173,29.173,28.717,27.27,44300,25.715717
2014-04-15,28.982,29.12,28.759,27.4,17900,25.838305
2014-04-16,29.236,29.353,29.205,27.68,26200,26.102348
2014-04-17,29.353,29.459,29.321,27.77,33000,26.187218
2014-04-21,29.448,29.501,29.364,27.799999,25200,26.215509
2014-04-22,29.533,29.65,29.448,27.9,69800,26.309813
2014-04-23,29.491,29.597,29.491,27.889999,29800,26.300377
2014-04-24,29.629,29.639,29.491,27.889999,18700,26.300377
2014-04-25,29.544,29.544,29.342,27.74,70600,26.158928
2014-04-28,29.533,29.586,29.279,27.860001,72100,26.272089
2014-04-29,29.65,29.65,29.565,27.940001,25900,26.347528
2014-04-30,29.618,29.724,29.565,28.02,48600,26.42297
2014-05-01,29.703,29.714,29.629,27.98,25900,26.385246
2014-05-02,29.671,29.788,29.661,27.99,26400,26.394678
2014-05-05,29.565,29.703,29.459,28.01,26800,26.413536
2014-05-06,29.576,29.618,29.491,27.83,35400,26.243795
2014-05-07,29.629,29.714,29.448,28.01,35900,26.413536
2014-05-08,29.692,29.873,29.565,27.93,24300,26.338097
2014-05-09,29.671,29.703,29.554,27.959999,44300,26.36639
2014-05-12,29.777,29.968,29.777,28.26,20700,26.64929
2014-05-13,30,30.042,29.947,28.280001,30700,26.668148
2014-05-14,29.989,29.989,29.82,28.15,49300,26.545555
2014-05-15,29.798,29.798,29.448,27.9,41200,26.309813
2014-05-16,29.639,29.671,29.512,27.98,24500,26.385246
2014-05-19,29.629,29.767,29.629,28.07,18200,26.470119
2014-05-20,29.735,29.735,29.48,27.879999,28000,26.290949
2014-05-21,29.639,29.756,29.586,28.059999,23400,26.460686
2014-05-22,29.809,29.862,29.756,28.129999,24600,26.526695
2014-05-23,29.851,29.936,29.83,28.23,98700,26.620996
2014-05-27,30.053,30.064,29.968,28.34,24400,26.72473
2014-05-28,30.085,30.117,29.989,28.360001,27600,26.743589
2014-05-29,30.127,30.191,30.021,28.469999,30200,26.847321
2014-05-30,30.201,30.318,30.138,28.559999,52200,26.932192
2014-06-02,30.329,30.329,30.201,28.559999,58300,26.932192
2014-06-03,30.265,30.297,30.212,28.559999,32600,26.932192
2014-06-04,30.233,30.35,30.212,28.6,77400,26.96991
2014-06-05,30.392,30.541,30.276,28.790001,21300,27.149084
2014-06-06,30.583,30.668,30.583,28.91,20700,27.262241
2014-06-09,30.657,30.753,30.615,28.93,72800,27.281103
2014-06-10,30.679,30.689,30.573,28.91,39400,27.262241
2014-06-11,30.594,30.594,30.498,28.82,84300,27.177374
2014-06-12,30.615,30.615,30.318,28.65,42100,27.017061
2014-06-13,30.466,30.541,30.382,28.73,23500,27.092499
2014-06-16,30.488,30.594,30.456,28.809999,21900,27.167942
2014-06-17,30.509,30.647,30.488,28.879999,53000,27.233952
2014-06-18,30.636,30.774,30.562,29.02,12800,27.365969
2014-06-19,30.88,30.901,30.827,29.139999,25300,27.479136
2014-06-20,30.997,31.018,30.869,29.219999,49100,27.554573
2014-06-23,31.029,31.029,30.922,29.200001,34100,27.535715
2014-06-24,30.954,31.018,30.742,29.030001,35800,27.375401
2014-06-25,30.7,30.869,30.647,29.110001,41600,27.450844
2014-06-26,30.891,30.891,30.647,29.07,32600,27.41312
2014-06-27,30.785,30.859,30.732,29.1,22000,27.441408
2014-06-30,30.62,30.63,30.556,28.950001,14600,27.418682
2014-07-01,30.662,30.831,30.662,29.129999,27200,27.589161
2014-07-02,30.789,30.789,30.725,29.15,26700,27.608103
2014-07-03,30.894,30.958,30.852,29.309999,19400,27.759642
2014-07-07,30.873,30.873,30.778,29.200001,19500,27.655458
2014-07-08,30.82,30.82,30.62,29.030001,52100,27.494453
2014-07-09,30.746,30.799,30.672,29.139999,23400,27.598631
2014-07-10,30.461,30.704,30.461,29.07,19900,27.532333
2014-07-11,30.683,30.683,30.588,29.02,17000,27.48498
2014-07-14,30.841,30.862,30.789,29.190001,22200,27.645987
2014-07-15,30.852,30.884,30.662,29.16,22100,27.617575
2014-07-16,30.926,30.989,30.884,29.35,33600,27.797522
2014-07-17,30.926,31.01,30.63,29.040001,27700,27.503922
2014-07-18,30.736,30.989,30.725,29.290001,311300,27.7407
2014-07-21,30.82,30.884,30.704,29.25,34000,27.702816
2014-07-22,30.915,31.042,30.915,29.379999,20300,27.825935
2014-07-23,31.021,31.053,30.968,29.4,52500,27.844879
2014-07-24,31.063,31.116,31.031,29.43,29300,27.873293
2014-07-25,30.936,30.947,30.873,29.280001,24600,27.731228
2014-07-28,30.915,30.979,30.757,29.290001,37100,27.7407
2014-07-29,31.042,31.053,30.789,29.200001,26600,27.655458
2014-07-30,30.947,30.947,30.662,29.16,35600,27.617575
2014-07-31,30.599,30.609,30.208,28.610001,46100,27.096672
2014-08-01,30.06,30.282,29.933,28.540001,61700,27.030373
2014-08-04,30.176,30.366,30.049,28.73,34300,27.210318
2014-08-05,30.208,30.218,29.902,28.42,31300,26.916714
2014-08-06,29.881,30.102,29.807,28.42,83900,26.916714
2014-08-07,30.166,30.166,29.743,28.24,23000,26.746239
2014-08-08,29.902,30.208,29.849,28.59,12900,27.077724
2014-08-11,30.303,30.345,30.25,28.66,24900,27.144024
2014-08-12,30.25,30.25,30.155,28.639999,25200,27.12508
2014-08-13,30.366,30.408,30.282,28.799999,55100,27.276617
2014-08-14,30.451,30.525,30.419,28.91,31500,27.380798
2014-08-15,30.63,30.641,30.292,28.91,24900,27.380798
2014-08-18,30.609,30.715,30.599,29.09,24400,27.551275
2014-08-19,30.831,30.915,30.789,29.280001,56000,27.731228
2014-08-20,30.81,30.979,30.81,29.34,21800,27.788054
2014-08-21,31.021,31.137,30.958,29.450001,35800,27.892237
2014-08-22,31.074,31.074,30.958,29.360001,20400,27.806997
2014-08-25,31.158,31.179,31.095,29.5,20700,27.93959
2014-08-26,31.2,31.264,31.169,29.540001,31200,27.977478
2014-08-27,31.2,31.221,31.126,29.559999,39700,27.996418
2014-08-28,31.137,31.211,31.021,29.540001,42900,27.977478
2014-08-29,31.264,31.264,31.158,29.610001,31600,28.043774
2014-09-02,31.348,31.348,31.095,29.57,84200,28.005888
2014-09-03,31.38,31.38,31.221,29.6,42100,28.0343
2014-09-04,31.327,31.401,31.126,29.52,40000,27.95853
2014-09-05,31.243,31.338,31.148,29.67,18000,28.100599
2014-09-08,31.338,31.338,31.19,29.610001,15800,28.043774
2014-09-09,31.253,31.253,31,29.42,35800,27.863821
2014-09-10,31.105,31.158,30.936,29.459999,16600,27.901703
2014-09-11,31.031,31.19,30.936,29.52,65800,27.95853
2014-09-12,31.19,31.19,30.926,29.34,23700,27.788054
2014-09-15,31.01,31.042,30.947,29.379999,39600,27.825935
2014-09-16,30.926,31.316,30.926,29.620001,79700,28.053244
2014-09-17,31.338,31.401,31.126,29.620001,179700,28.053244
2014-09-18,31.39,31.401,31.316,29.74,24000,28.166891
2014-09-19,31.507,31.528,31.327,29.76,26600,28.185839
2014-09-22,31.369,31.369,31.063,29.450001,55300,27.892237
2014-09-23,31.063,31.084,30.915,29.290001,24700,27.7407
2014-09-24,30.958,31.148,30.831,29.49,120300,27.93012
2014-09-25,31.074,31.074,30.609,29.08,46500,27.541809
2014-09-26,30.736,30.926,30.694,29.24,57800,27.693342
2014-09-29,30.319,30.551,30.319,29.040001,36000,27.622955
2014-09-30,30.572,30.624,30.372,29.01,124700,27.594418
2014-10-01,30.803,30.803,29.973,28.58,64000,27.185402
2014-10-02,29.952,30.12,29.731,28.540001,64300,27.147354
2014-10-03,30.246,30.383,30.141,28.9,36500,27.489784
2014-10-06,30.488,30.509,30.172,28.860001,102400,27.451735
2014-10-07,30.288,30.288,29.878,28.42,40000,27.033209
2014-10-08,29.909,30.33,29.752,28.85,16600,27.442226
2014-10-09,30.33,30.33,29.71,28.280001,107400,26.900038
2014-10-10,29.741,29.794,29.394,27.99,88800,26.624189
2014-10-13,29.426,29.489,28.984,27.57,69900,26.224684
2014-10-14,29.121,29.226,28.827,27.58,35000,26.234196
2014-10-15,28.679,28.837,28.112,27.33,120800,25.996397
2014-10-16,28.375,28.974,28.375,27.379999,66500,26.043953
2014-10-17,29.1,29.31,28.995,27.77,68600,26.414925
2014-10-20,29.089,29.384,29.089,27.91,34200,26.548098
2014-10-21,29.594,29.962,29.584,28.469999,53300,27.080767
2014-10-22,30.036,30.109,29.741,28.290001,82000,26.909554
2014-10-23,30.046,30.183,29.941,28.610001,98800,27.213938
2014-10-24,30.12,30.246,29.952,28.77,290200,27.366129
2014-10-27,30.141,30.225,30.109,28.719999,68200,27.318571
2014-10-28,30.319,30.509,30.256,28.98,131600,27.565884
2014-10-29,30.582,30.656,30.298,29,33000,27.584906
2014-10-30,30.435,30.803,30.351,29.17,108100,27.746607
2014-10-31,31.076,31.076,30.856,29.440001,71700,28.003437
2014-11-03,31.076,31.129,30.94,29.459999,138900,28.022459
2014-11-04,30.94,30.94,30.782,29.379999,65600,27.946363
2014-11-05,31.108,31.118,30.95,29.57,17800,28.127092
2014-11-06,31.139,31.213,30.992,29.67,36500,28.222212
2014-11-07,31.255,31.339,31.182,29.719999,61200,28.269772
2014-11-10,31.329,31.371,31.276,29.790001,23000,28.336355
2014-11-11,31.402,31.402,31.308,29.790001,26900,28.336355
2014-11-12,31.245,31.371,31.245,29.82,45100,28.364895
2014-11-13,31.392,31.413,31.224,29.76,27600,28.307819
2014-11-14,31.371,31.444,31.308,29.799999,261600,28.345867
2014-11-17,31.329,31.455,31.287,29.879999,25800,28.421967
2014-11-18,31.465,31.623,31.465,30.01,29400,28.545622
2014-11-19,31.55,31.581,31.423,30.02,46800,28.555132
2014-11-20,31.486,31.634,31.465,30.059999,60400,28.59318
2014-11-21,31.886,31.928,31.739,30.25,27600,28.773909
2014-11-24,31.907,31.907,31.781,30.309999,74800,28.830982
2014-11-25,31.928,31.928,31.739,30.280001,54900,28.802446
2014-11-26,31.875,31.875,31.802,30.309999,21400,28.830982
2014-11-28,31.802,31.802,31.676,30.129999,5300,28.659769
2014-12-01,31.644,31.644,31.486,30.049999,294700,28.58367
2014-12-02,31.592,31.802,31.592,30.209999,125600,28.735863
2014-12-03,31.791,31.96,31.791,30.35,64200,28.869032
2014-12-04,31.823,31.896,31.707,30.280001,31700,28.802446
2014-12-05,31.896,31.938,31.812,30.26,54100,28.783424
2014-12-08,31.833,31.844,31.518,30.07,49600,28.602695
2014-12-09,31.308,31.581,31.013,30.040001,55200,28.574158
2014-12-10,31.423,31.423,31.013,29.5,202300,28.060503
2014-12-11,31.171,31.497,31.161,29.639999,38400,28.193676
2014-12-12,31.024,31.076,30.698,29.219999,43700,27.79417
2014-12-15,30.877,30.919,30.435,29.030001,59300,27.613443
2014-12-16,30.435,31.003,30.414,28.950001,49800,27.537348
2014-12-17,30.645,30.982,30.467,29.469999,25800,28.031973
2014-12-18,31.465,31.655,31.203,30.110001,41400,28.640745
2014-12-19,31.886,31.96,31.697,30.32,68100,28.840496
2014-12-22,31.586,31.722,31.534,30.27,58100,28.922668
2014-12-23,31.858,31.931,31.795,30.43,48200,29.075546
2014-12-24,31.931,31.931,31.858,30.5,20100,29.142429
2014-12-26,31.952,31.973,31.9,30.49,17700,29.132874
2014-12-29,31.889,31.994,31.868,30.51,25400,29.151985
2014-12-30,31.91,31.91,31.806,30.43,39700,29.075546
2014-12-31,31.879,31.879,31.523,30.120001,20700,28.779343
2015-01-02,31.649,31.649,31.293,30.120001,32200,28.779343
2015-01-05,31.324,31.324,30.822,29.48,33800,28.16783
2015-01-06,30.958,31,30.518,29.33,285200,28.024508
2015-01-07,30.906,31.021,30.811,29.6,116900,28.28249
2015-01-08,31.324,31.565,31.261,30.15,73100,28.80801
2015-01-09,31.649,31.649,31.188,29.9,44200,28.569134
2015-01-12,31.324,31.345,30.958,29.65,62800,28.330263
2015-01-13,31.282,31.408,30.738,29.540001,39300,28.225159
2015-01-14,30.602,30.749,30.351,29.360001,1042900,28.053173
2015-01-15,30.864,30.864,30.466,29.15,209600,27.852518
2015-01-16,30.435,30.927,30.225,29.549999,75900,28.234715
2015-01-20,31.01,31.01,30.665,29.52,44200,28.206051
2015-01-21,30.906,31.125,30.874,29.690001,54700,28.368484
2015-01-22,31.282,31.544,31.052,30.139999,195700,28.798452
2015-01-23,31.502,31.502,31.282,29.889999,27700,28.55958
2015-01-26,31.335,31.398,31.199,29.959999,47800,28.626463
2015-01-27,31.136,31.23,30.906,29.68,43400,28.358925
2015-01-28,31.251,31.251,30.56,29.200001,29900,27.900295
2015-01-29,30.675,30.853,30.351,29.440001,41700,28.129612
2015-01-30,30.644,30.78,30.393,29.040001,269800,27.747416
2015-02-02,30.55,30.77,30.246,29.370001,34000,28.062729
2015-02-03,30.979,31.335,30.979,29.940001,65500,28.607355
2015-02-04,31.251,31.345,31.167,29.799999,67200,28.473583
2015-02-05,31.408,31.502,31.377,30.1,50000,28.760233
2015-02-06,31.523,31.68,31.345,30.02,33800,28.683796
2015-02-09,31.272,31.471,31.272,29.92,33500,28.588243
2015-02-10,31.565,31.67,31.335,30.26,39000,28.913113
2015-02-11,31.628,31.691,31.429,30.209999,378100,28.865337
2015-02-12,31.67,31.91,31.67,30.49,379600,29.132874
2015-02-13,31.963,32.046,31.858,30.620001,62400,29.257092
2015-02-17,31.973,32.088,31.9,30.639999,45800,29.276197
2015-02-18,32.025,32.057,31.921,30.59,30400,29.228424
2015-02-19,31.931,32.025,31.868,30.48,47200,29.123322
2015-02-20,31.868,32.12,31.743,30.68,45900,29.314419
2015-02-23,32.099,32.12,31.994,30.690001,55900,29.323975
2015-02-24,32.13,32.245,32.099,30.799999,36800,29.429073
2015-02-25,32.224,32.235,32.099,30.690001,45700,29.323975
2015-02-26,32.13,32.13,31.963,30.639999,40900,29.276197
2015-02-27,31.984,32.088,31.984,30.59,40900,29.228424
2015-03-02,31.952,32.099,31.931,30.67,34100,29.304863
2015-03-03,32.067,32.067,31.879,30.559999,38200,29.199759
2015-03-04,31.931,31.931,31.67,30.4,37400,29.046881
2015-03-05,31.942,31.942,31.753,30.469999,104900,29.113764
2015-03-06,31.722,31.722,31.356,30,54800,28.664684
2015-03-09,31.46,31.586,31.429,30.129999,41800,28.788898
2015-03-10,31.335,31.335,31.052,29.67,145300,28.349375
2015-03-11,31.125,31.125,30.958,29.610001,167400,28.292044
2015-03-12,31.073,31.345,31.073,29.950001,176100,28.616911
2015-03-13,31.335,31.335,30.958,29.799999,217500,28.473583
2015-03-16,31.241,31.555,31.241,30.110001,317800,28.769791
2015-03-17,31.356,31.502,31.293,30.040001,308300,28.702906
2015-03-18,31.324,31.994,31.293,30.4,407100,29.046881
2015-03-19,31.806,31.806,31.596,30.27,228200,28.922668
2015-03-20,31.837,32.025,31.785,30.58,243700,29.218868
2015-03-23,31.921,32.099,31.921,30.51,222800,29.151985
2015-03-24,31.942,31.952,31.711,30.35,260900,28.999107
2015-03-25,31.837,31.837,31.345,29.99,342000,28.655132
2015-03-26,31.293,31.377,31.136,29.889999,388800,28.55958
2015-03-27,31.199,31.335,31.188,29.91,231400,28.578693
2015-03-30,31.213,31.536,31.213,30.200001,175700,28.96813
2015-03-31,31.265,31.443,31.182,30,260400,28.776289
2015-04-01,31.192,31.192,31.015,29.83,240400,28.613224
2015-04-02,31.14,31.328,31.13,30,257000,28.776289
2015-04-06,31.119,31.578,31.119,30.209999,246500,28.977722
2015-04-07,31.526,31.599,31.411,30.129999,282700,28.900984
2015-04-08,31.443,31.547,31.328,30.129999,206400,28.900984
2015-04-09,31.359,31.609,31.359,30.280001,200500,29.044868
2015-04-10,31.589,31.745,31.589,30.450001,200100,29.207932
2015-04-13,31.734,31.797,31.599,30.33,169600,29.092827
2015-04-14,31.578,31.714,31.505,30.389999,205600,29.150379
2015-04-15,31.839,31.953,31.818,30.559999,278800,29.313444
2015-04-16,31.776,31.933,31.755,30.540001,224200,29.29426
2015-04-17,31.63,31.641,31.349,30.190001,234200,28.958536
2015-04-20,31.661,31.818,31.661,30.459999,232100,29.217522
2015-04-21,31.818,31.818,31.609,30.379999,291000,29.140787
2015-04-22,31.755,31.797,31.547,30.49,209500,29.246302
2015-04-23,31.693,31.985,31.693,30.620001,242700,29.371002
2015-04-24,31.985,31.985,31.87,30.629999,234000,29.380592
2015-04-27,32.058,32.058,31.776,30.48,419400,29.236708
2015-04-28,31.922,31.974,31.661,30.67,355000,29.418957
2015-04-29,31.797,31.912,31.724,30.559999,245700,29.313444
2015-04-30,31.797,31.797,31.505,30.26,168700,29.025682
2015-05-01,31.724,31.87,31.661,30.549999,172200,29.303854
2015-05-04,31.964,32.016,31.953,30.66,227700,29.409369
2015-05-05,31.985,31.985,31.589,30.33,219500,29.092827
2015-05-06,31.755,31.755,31.338,30.200001,189900,28.96813
2015-05-07,31.495,31.661,31.411,30.299999,146400,29.064049
2015-05-08,31.818,31.974,31.818,30.67,336000,29.418957
2015-05-11,31.974,31.974,31.776,30.49,257900,29.246302
2015-05-12,31.693,31.797,31.547,30.42,171500,29.179157
2015-05-13,31.745,31.901,31.714,30.43,139500,29.188745
2015-05-14,31.87,32.016,31.87,30.68,431200,29.428553
2015-05-15,32.068,32.078,31.985,30.74,218700,29.486103
2015-05-18,32.11,32.193,32.037,30.860001,182600,29.60121
2015-05-19,32.141,32.183,32.058,30.809999,172000,29.553247
2015-05-20,32.11,32.193,32.047,30.82,219500,29.562838
2015-05-21,32.12,32.245,32.047,30.879999,181000,29.620392
2015-05-22,32.183,32.183,32.099,30.799999,179800,29.543655
2015-05-26,31.985,31.985,31.703,30.51,201900,29.26548
2015-05-27,31.828,32.037,31.828,30.73,207900,29.476511
2015-05-28,31.985,32.006,31.88,30.67,150300,29.418957
2015-05-29,32.016,32.037,31.776,30.559999,423700,29.313444
2015-06-01,31.88,31.964,31.766,30.540001,881300,29.29426
2015-06-02,31.787,31.933,31.714,30.549999,296700,29.303854
2015-06-03,31.943,31.995,31.839,30.58,331400,29.332628
2015-06-04,31.797,31.849,31.568,30.309999,286200,29.073645
2015-06-05,31.568,31.672,31.463,30.25,166900,29.01609
2015-06-08,31.474,31.536,31.39,30.110001,276900,28.8818
2015-06-09,31.349,31.463,31.317,30.110001,150500,28.8818
2015-06-10,31.516,31.787,31.516,30.469999,167500,29.227118
2015-06-11,31.787,31.86,31.787,30.51,142500,29.26548
2015-06-12,31.693,31.693,31.547,30.299999,141700,29.064049
2015-06-15,31.359,31.495,31.307,30.139999,227200,28.91058
2015-06-16,31.401,31.641,31.401,30.33,145500,29.092827
2015-06-17,31.641,31.755,31.526,30.389999,181300,29.150379
2015-06-18,31.776,32.037,31.776,30.639999,137400,29.390179
2015-06-19,31.922,31.953,31.828,30.540001,212400,29.29426
2015-06-22,31.964,32.068,31.933,30.65,266000,29.399773
2015-06-23,32.037,32.037,31.922,30.700001,287200,29.447737
2015-06-24,31.933,31.974,31.776,30.49,170500,29.246302
2015-06-25,31.828,31.849,31.651,30.360001,176200,29.121603
2015-06-26,31.672,31.734,31.589,30.389999,152000,29.150379
2015-06-29,31.131,31.172,30.778,29.66,230900,28.582771
2015-06-30,30.985,30.985,30.716,29.75,212000,28.669502
2015-07-01,31.058,31.058,30.882,29.860001,293100,28.775511
2015-07-02,31.048,31.11,30.933,29.889999,149500,28.804419
2015-07-06,30.809,30.975,30.726,29.719999,302600,28.640591
2015-07-07,30.861,31.068,30.508,29.940001,345900,28.852604
2015-07-08,30.819,30.871,30.55,29.459999,203500,28.390036
2015-07-09,30.913,30.965,30.633,29.52,217600,28.447859
2015-07-10,30.923,31.016,30.85,29.85,130200,28.765871
2015-07-13,31.141,31.266,31.141,30.129999,177600,29.035698
2015-07-14,31.266,31.411,31.255,30.25,186100,29.151344
2015-07-15,31.359,31.39,31.234,30.15,171400,29.054974
2015-07-16,31.432,31.494,31.421,30.34,161800,29.238075
2015-07-17,31.452,31.452,31.307,30.24,138500,29.141706
2015-07-20,31.4,31.4,31.286,30.200001,416400,29.103161
2015-07-21,31.276,31.317,31.1,30.02,350600,28.929697
2015-07-22,31.058,31.172,31.058,29.99,204100,28.900787
2015-07-23,31.162,31.162,30.892,29.82,198900,28.736959
2015-07-24,30.954,30.954,30.57,29.5,161700,28.428581
2015-07-27,30.415,30.508,30.332,29.32,748800,28.255121
2015-07-28,30.56,30.84,30.467,29.700001,184900,28.621319
2015-07-29,30.819,31.1,30.819,29.950001,174900,28.86224
2015-07-30,31.037,31.1,30.913,29.959999,295600,28.871874
2015-07-31,31.089,31.12,30.944,29.85,273800,28.765871
2015-08-03,30.933,30.933,30.684,29.68,398200,28.602045
2015-08-04,30.799,30.882,30.664,29.6,170500,28.52495
2015-08-05,30.882,31.027,30.778,29.690001,154500,28.611683
2015-08-06,30.809,30.809,30.56,29.58,116900,28.50568
2015-08-07,30.612,30.653,30.435,29.41,202000,28.341852
2015-08-10,30.736,30.985,30.736,29.85,143700,28.765871
2015-08-11,30.726,30.757,30.591,29.610001,185900,28.534586
2015-08-12,30.498,30.778,30.3,29.65,322900,28.573133
2015-08-13,30.809,30.83,30.653,29.58,165900,28.50568
2015-08-14,30.705,30.788,30.674,29.66,143100,28.582771
2015-08-17,30.684,30.913,30.591,29.790001,153100,28.70805
2015-08-18,30.861,30.923,30.799,29.709999,176500,28.630955
2015-08-19,30.726,30.736,30.415,29.43,159900,28.361122
2015-08-20,30.352,30.352,30,28.91,386800,27.86001
2015-08-21,29.688,29.823,29.128,28.08,1824900,27.060158
2015-08-24,28.557,29.211,26.388,26.959999,1514900,25.980831
2015-08-25,28.536,28.92,27.509,26.51,470100,25.547178
2015-08-26,28.059,28.557,27.727,27.5,514400,26.501221
2015-08-27,28.879,29.263,28.713,28.16,631800,27.137249
2015-08-28,29.128,29.367,29.128,28.219999,181300,27.195072
2015-08-31,29.159,29.304,29.024,28.129999,152300,27.108337
2015-09-01,28.412,28.64,28.194,27.309999,427900,26.318121
2015-09-02,28.692,28.713,28.37,27.67,135000,26.665045
2015-09-03,28.879,29.19,28.785,27.9,185700,26.886692
2015-09-04,28.536,28.578,28.287,27.4,1099300,26.404854
2015-09-08,28.858,29.107,28.796,28.049999,151800,27.031244
2015-09-09,29.356,29.367,28.671,27.629999,185700,26.626497
2015-09-10,28.682,28.993,28.64,27.77,175100,26.761415
2015-09-11,28.734,28.889,28.651,27.84,136300,26.828873
2015-09-14,28.91,28.91,28.734,27.73,287300,26.722868
2015-09-15,28.868,29.211,28.837,28.07,187000,27.050518
2015-09-16,29.232,29.47,29.18,28.370001,104600,27.339626
2015-09-17,29.398,29.792,29.325,28.26,140900,27.233622
2015-09-18,28.993,29.149,28.796,27.76,181000,26.751776
2015-09-21,29.014,29.149,28.889,27.940001,353000,26.92524
2015-09-22,28.63,28.702,28.495,27.6,457300,26.597589
2015-09-23,28.671,28.713,28.495,27.549999,115900,26.549406
2015-09-24,28.35,28.557,28.204,27.49,1092300,26.491583
2015-09-25,28.775,28.806,28.443,27.549999,188900,26.549406
2015-09-28,28.105,28.105,27.579,26.76,708100,25.926434
2015-09-29,27.662,27.827,27.507,26.82,310100,25.984564
2015-09-30,27.93,28.178,27.878,27.27,182900,26.420546
2015-10-01,28.24,28.24,27.878,27.290001,151800,26.439926
2015-10-02,27.847,28.591,27.796,27.700001,180600,26.837154
2015-10-05,28.838,29.231,28.818,28.290001,415400,27.408777
2015-10-06,29.21,29.334,29.127,28.33,267900,27.447531
2015-10-07,29.406,29.561,29.21,28.58,215100,27.689741
2015-10-08,29.416,29.87,29.416,28.91,136700,28.00946
2015-10-09,29.85,29.891,29.705,28.870001,107100,27.970709
2015-10-12,29.798,29.798,29.705,28.85,178300,27.951332
2015-10-13,29.602,29.829,29.581,28.68,101900,27.786627
2015-10-14,29.561,29.664,29.416,28.540001,259500,27.650991
2015-10-15,29.53,29.85,29.468,28.92,263600,28.019152
2015-10-16,29.912,29.974,29.778,29.040001,118600,28.135414
2015-10-19,29.819,29.901,29.788,28.959999,336200,28.057903
2015-10-20,29.829,29.974,29.819,28.93,117600,28.028841
2015-10-21,29.912,29.943,29.747,28.84,181000,27.941643
2015-10-22,29.829,30.211,29.829,29.24,224800,28.329182
2015-10-23,30.417,30.417,30.252,29.440001,92500,28.522953
2015-10-26,30.345,30.345,30.232,29.32,210000,28.406693
2015-10-27,30.149,30.18,30.005,29.17,194600,28.261362
2015-10-28,30.139,30.417,30.087,29.469999,138100,28.552017
2015-10-29,30.387,30.49,30.335,29.5,203400,28.581083
2015-10-30,30.469,30.552,30.366,29.42,139100,28.503574
2015-11-02,30.366,30.789,30.366,29.790001,265500,28.862055
2015-11-03,30.686,30.975,30.686,29.92,231800,28.987999
2015-11-04,30.923,30.923,30.645,29.780001,188600,28.852364
2015-11-05,30.717,30.768,30.541,29.74,154400,28.813606
2015-11-06,30.614,30.655,30.417,29.639999,167200,28.716724
2015-11-09,30.541,30.541,30.17,29.370001,169900,28.455135
2015-11-10,30.252,30.417,30.242,29.41,180600,28.493887
2015-11-11,30.438,30.438,30.232,29.299999,179100,28.387314
2015-11-12,30.046,30.067,29.767,28.84,184100,27.941643
2015-11-13,29.695,29.695,29.437,28.559999,221000,27.670366
2015-11-16,29.427,29.974,29.427,29.040001,333100,28.135414
2015-11-17,30.015,30.17,29.85,28.99,318000,28.086969
2015-11-18,30.025,30.387,30.015,29.440001,273700,28.522953
2015-11-19,30.314,30.356,30.263,29.370001,137100,28.455135
2015-11-20,30.417,30.51,30.325,29.41,201300,28.493887
2015-11-23,30.356,30.469,30.304,29.42,344100,28.503574
2015-11-24,30.201,30.562,30.201,29.540001,474200,28.619841
2015-11-25,30.459,30.51,30.397,29.5,111900,28.581083
2015-11-27,30.417,30.49,30.387,29.5,67300,28.581083
2015-11-30,30.49,30.49,30.376,29.450001,89600,28.532644
2015-12-01,30.469,30.645,30.448,29.690001,131300,28.765163
2015-12-02,30.634,30.634,30.242,29.299999,979600,28.387314
2015-12-03,30.345,30.345,29.767,28.93,326000,28.028841
2015-12-04,29.881,30.387,29.881,29.440001,242700,28.522953
2015-12-07,30.263,30.263,29.953,29.18,155700,28.271053
2015-12-08,29.809,29.963,29.778,28.92,730900,28.019152
2015-12-09,29.747,30.159,29.55,28.780001,266200,27.883514
2015-12-10,29.695,29.984,29.674,28.860001,323600,27.961021
2015-12-11,29.468,29.54,29.21,28.33,202700,27.447531
2015-12-14,29.22,29.354,29.003,28.42,577800,27.534725
2015-12-15,29.561,29.829,29.561,28.76,274900,27.864134
2015-12-16,29.85,30.139,29.747,29.139999,202100,28.232298
2015-12-17,30.118,30.118,29.633,28.709999,202800,27.815689
2015-12-18,29.499,29.499,29.138,28.23,195300,27.350643
2015-12-21,28.981,29.032,28.796,28.27,169900,27.557301
2015-12-22,29.124,29.37,29.022,28.559999,339100,27.839987
2015-12-23,29.463,29.771,29.463,29.01,202900,28.278643
2015-12-24,29.719,29.781,29.647,28.950001,125800,28.220156
2015-12-28,29.535,29.565,29.432,28.82,131500,28.093431
2015-12-29,29.709,29.873,29.709,29.07,211400,28.337132
2015-12-30,29.76,29.801,29.596,28.870001,165600,28.142172
2015-12-31,29.504,29.606,29.381,28.639999,268800,27.917971
2016-01-04,28.929,29.022,28.714,28.280001,228100,27.567049
2016-01-05,29.073,29.155,28.909,28.389999,211600,27.674274
2016-01-06,28.724,28.847,28.519,27.959999,332900,27.255112
2016-01-07,28.232,28.447,27.986,27.370001,1308000,26.679989
2016-01-08,28.211,28.263,27.678,27.040001,447700,26.358309
2016-01-11,27.862,27.903,27.421,27.02,532300,26.338814
2016-01-12,27.934,28.057,27.575,27.200001,220600,26.514275
2016-01-13,28.006,28.047,27.267,26.58,238600,25.909906
2016-01-14,27.391,27.934,27.185,27.049999,1344000,26.368057
2016-01-15,27.031,27.267,26.847,26.48,1133200,25.812428
2016-01-19,27.442,27.462,26.898,26.43,408100,25.763685
2016-01-20,26.672,26.929,26.098,26.07,1977100,25.41276
2016-01-21,26.744,27.185,26.58,26.24,264700,25.578478
2016-01-22,27.349,27.493,27.226,26.75,332800,26.075619
2016-01-25,27.329,27.329,26.949,26.27,261500,25.607721
2016-01-26,27.093,27.462,27.093,26.73,171300,26.056122
2016-01-27,27.349,27.698,27.093,26.57,139700,25.900156
2016-01-28,27.483,27.524,27.165,26.700001,208100,26.02688
2016-01-29,27.544,28.088,27.544,27.379999,194100,26.689735
2016-02-01,27.903,28.191,27.811,27.389999,311200,26.699486
2016-02-02,27.801,27.801,27.452,26.84,273800,26.163351
2016-02-03,27.688,27.852,27.155,27.07,167700,26.38755
2016-02-04,27.719,28.027,27.668,27.18,144500,26.494778
2016-02-05,27.801,27.801,27.432,26.84,161100,26.163351
2016-02-08,27.237,27.329,26.908,26.51,575400,25.841673
2016-02-09,26.929,27.329,26.919,26.450001,288300,25.783182
2016-02-10,27.257,27.473,27.052,26.389999,238900,25.724693
2016-02-11,26.662,26.867,26.457,26.059999,504200,25.403017
2016-02-12,26.96,27.278,26.867,26.58,179800,25.909906
2016-02-16,27.565,27.709,27.411,27.01,139300,26.329065
2016-02-17,27.883,28.211,27.883,27.440001,209800,26.748224
2016-02-18,28.201,28.201,28.016,27.370001,169100,26.679989
2016-02-19,27.955,28.016,27.832,27.299999,160700,26.611752
2016-02-22,28.273,28.468,28.273,27.719999,190500,27.021164
2016-02-23,28.324,28.324,28.068,27.389999,219800,26.699486
2016-02-24,27.811,28.273,27.698,27.51,145900,26.81646
2016-02-25,28.283,28.539,28.17,27.82,107500,27.118645
2016-02-26,28.724,28.724,28.447,27.75,91500,27.050407
2016-02-29,28.488,28.632,28.273,27.559999,195500,26.865198
2016-03-01,28.478,28.878,28.406,28.129999,545200,27.420828
2016-03-02,28.786,29.093,28.734,28.34,202800,27.625534
2016-03-03,29.073,29.288,29.011,28.540001,179400,27.820494
2016-03-04,29.299,29.565,29.217,28.700001,149100,27.976461
2016-03-07,29.319,29.647,29.319,28.84,166500,28.11293
2016-03-08,29.463,29.463,29.206,28.469999,371100,27.752256
2016-03-09,29.36,29.494,29.299,28.620001,147600,27.898478
2016-03-10,29.453,29.565,29.104,28.629999,133400,27.908222
2016-03-11,29.699,29.863,29.688,29.1,144000,28.366377
2016-03-14,29.729,29.863,29.699,29.059999,206200,28.327383
2016-03-15,29.576,29.74,29.565,28.99,158700,28.259146
2016-03-16,29.668,30.017,29.668,29.209999,172500,28.473598
2016-03-17,29.965,30.314,29.924,29.49,238800,28.74654
2016-03-18,30.386,30.417,30.253,29.559999,240800,28.814777
2016-03-21,30.13,30.253,30.078,29.450001,245900,28.70755
2016-03-22,30.048,30.273,30.048,29.389999,140900,28.649061
2016-03-23,30.078,30.078,29.863,29.15,101000,28.415115
2016-03-24,29.668,29.914,29.637,29.16,132300,28.424862
2016-03-28,29.955,30.017,29.853,29.18,110100,28.444357
2016-03-29,29.832,30.191,29.781,29.42,271800,28.678305
2016-03-30,30.335,30.396,30.222,29.51,132600,28.766037
2016-03-31,30.253,30.345,30.222,29.49,164200,28.74654
2016-04-01,30.017,30.366,29.986,29.59,109100,28.844023
2016-04-04,30.324,30.345,30.171,29.440001,126100,28.697802
2016-04-05,30.017,30.058,29.914,29.200001,206300,28.463852
2016-04-06,29.965,30.242,29.945,29.48,136800,28.736794
2016-04-07,30.048,30.089,29.75,29.1,163100,28.366377
2016-04-08,30.078,30.171,29.945,29.26,119400,28.522341
2016-04-11,30.099,30.263,29.976,29.23,123000,28.493095
2016-04-12,29.986,30.355,29.945,29.549999,152200,28.805031
2016-04-13,30.458,30.601,30.407,29.82,258100,29.068224
2016-04-14,30.581,30.632,30.519,29.83,845200,29.077971
2016-04-15,30.56,30.591,30.519,29.809999,137700,29.058475
2016-04-18,30.417,30.786,30.417,29.98,200900,29.22419
2016-04-19,30.827,31.002,30.827,30.17,207100,29.409401
2016-04-20,30.95,31.125,30.889,30.219999,155000,29.458139
2016-04-21,30.971,30.991,30.755,30.01,128600,29.253431
2016-04-22,30.786,30.93,30.766,30.129999,159600,29.370405
2016-04-25,30.817,30.837,30.663,30.059999,179400,29.302174
2016-04-26,30.868,30.961,30.858,30.17,157300,29.409401
2016-04-27,30.93,31.176,30.909,30.33,171500,29.565365
2016-04-28,30.93,31.155,30.776,30.049999,147100,29.292423
2016-04-29,30.725,30.776,30.458,29.860001,224600,29.107214
2016-05-02,30.704,30.878,30.632,30.08,148500,29.321669
2016-05-03,30.632,30.632,30.407,29.76,276800,29.009735
2016-05-04,30.376,30.509,30.242,29.58,132000,28.834274
2016-05-05,30.396,30.509,30.242,29.530001,156800,28.785536
2016-05-06,30.171,30.407,30.171,29.620001,101100,28.873266
2016-05-09,30.396,30.437,30.232,29.58,172700,28.834274
2016-05-10,30.417,30.714,30.417,29.91,145700,29.155954
2016-05-11,30.601,30.673,30.468,29.700001,179600,28.951248
2016-05-12,30.55,30.591,30.324,29.690001,122300,28.941502
2016-05-13,30.366,30.468,30.13,29.42,120800,28.678305
2016-05-16,30.222,30.54,30.222,29.700001,187100,28.951248
2016-05-17,30.386,30.478,30.14,29.440001,165400,28.697802
2016-05-18,30.171,30.376,29.996,29.370001,161900,28.629568
2016-05-19,30.048,30.109,29.873,29.34,176300,28.600325
2016-05-20,30.222,30.355,30.212,29.5,125700,28.756289
2016-05-23,30.273,30.314,30.191,29.43,164700,28.688055
2016-05-24,30.376,30.612,30.355,29.780001,142300,29.029232
2016-05-25,30.673,30.878,30.622,30.049999,386200,29.292423
2016-05-26,30.889,30.919,30.786,30.030001,109700,29.27293
2016-05-27,30.807,30.93,30.807,30.139999,91000,29.380156
2016-05-31,30.971,31.043,30.786,30.139999,161300,29.380156
2016-06-01,30.786,30.991,30.725,30.209999,303300,29.448391
2016-06-02,30.868,31.043,30.827,30.26,130500,29.497131
2016-06-03,30.95,31.063,30.837,30.219999,122200,29.458139
2016-06-06,31.063,31.248,31.063,30.41,114300,29.643349
2016-06-07,31.217,31.422,31.217,30.549999,249500,29.779818
2016-06-08,31.34,31.473,31.34,30.629999,135600,29.857801
2016-06-09,31.258,31.391,31.227,30.559999,105000,29.789564
2016-06-10,31.145,31.186,30.971,30.27,95000,29.50688
2016-06-13,30.919,31.094,30.817,30.040001,202700,29.282677
2016-06-14,30.735,30.827,30.581,29.969999,145300,29.214439
2016-06-15,30.766,30.899,30.766,30,107100,29.243687
2016-06-16,30.56,30.827,30.376,30.01,130700,29.253431
2016-06-17,30.817,30.868,30.694,30.049999,97100,29.292423
2016-06-20,31.104,31.248,31.012,30.25,185200,29.487383
2016-06-21,31.063,31.176,30.971,30.32,128000,29.555616
2016-06-22,31.114,31.227,31.022,30.25,254900,29.487383
2016-06-23,31.289,31.453,31.238,30.66,170200,29.887047
2016-06-24,30.468,30.878,30.294,29.58,615900,28.834274
2016-06-27,29.766,29.766,29.307,28.85,483700,28.282448
2016-06-28,29.715,29.919,29.643,29.32,315100,28.7432
2016-06-29,30.133,30.51,30.133,29.860001,743800,29.272579
2016-06-30,30.52,30.918,30.439,30.309999,196100,29.713726
2016-07-01,30.898,31.051,30.898,30.389999,202800,29.792152
2016-07-05,30.806,30.806,30.571,30.07,145600,29.478445
2016-07-06,30.582,30.867,30.459,30.26,157400,29.664709
2016-07-07,30.877,31.03,30.663,30.17,191400,29.576479
2016-07-08,30.99,31.306,30.99,30.66,128900,30.056841
2016-07-11,31.367,31.469,31.326,30.76,213200,30.154873
2016-07-12,31.54,31.744,31.51,31.059999,219400,30.448973
2016-07-13,31.714,31.755,31.591,31.059999,130800,30.448973
2016-07-14,31.857,31.938,31.785,31.209999,245500,30.59602
2016-07-15,31.928,31.989,31.734,31.190001,146000,30.576412
2016-07-18,31.806,31.887,31.744,31.24,201500,30.625429
2016-07-19,31.765,31.806,31.704,31.15,196700,30.537199
2016-07-20,31.816,31.928,31.734,31.25,266300,30.635235
2016-07-21,31.836,31.938,31.704,31.15,555600,30.537199
2016-07-22,31.775,31.928,31.765,31.299999,118600,30.684248
2016-07-25,31.867,31.867,31.683,31.139999,138100,30.527397
2016-07-26,31.734,31.867,31.693,31.209999,153000,30.59602
2016-07-27,31.898,31.898,31.622,31.1,190800,30.488184
2016-07-28,31.663,31.765,31.581,31.110001,185700,30.497988
2016-07-29,31.602,31.816,31.551,31.16,376700,30.547005
2016-08-01,31.724,31.724,31.54,30.959999,368800,30.350939
2016-08-02,31.551,31.612,31.255,30.799999,262900,30.194084
2016-08-03,31.377,31.591,31.377,30.969999,156200,30.360743
2016-08-04,31.571,31.663,31.52,30.950001,174400,30.341135
2016-08-05,31.673,31.847,31.673,31.200001,233800,30.586218
2016-08-08,31.867,31.918,31.847,31.24,181100,30.625429
2016-08-09,31.898,31.938,31.795,31.209999,214900,30.59602
2016-08-10,31.857,31.877,31.704,31.129999,211200,30.517593
2016-08-11,31.867,31.979,31.857,31.33,173800,30.713659
2016-08-12,31.898,31.979,31.887,31.290001,167200,30.674446
2016-08-15,31.979,32.122,31.979,31.440001,140600,30.821497
2016-08-16,31.989,32.01,31.908,31.280001,238500,30.664642
2016-08-17,31.867,31.979,31.755,31.33,225700,30.713659
2016-08-18,31.959,32.091,31.959,31.459999,243800,30.841099
2016-08-19,31.979,32.04,31.918,31.389999,214100,30.772478
2016-08-22,31.928,31.979,31.857,31.33,212900,30.713659
2016-08-23,32.03,32.132,32.03,31.42,242900,30.801889
2016-08-24,32,32.03,31.836,31.26,185600,30.645035
2016-08-25,31.806,31.928,31.785,31.219999,390100,30.605824
2016-08-26,31.857,32.03,31.622,31.120001,213900,30.507792
2016-08-29,31.744,31.959,31.744,31.290001,221800,30.674446
2016-08-30,31.918,31.959,31.775,31.219999,188200,30.605824
2016-08-31,31.806,31.826,31.602,31.139999,182700,30.527397
2016-09-01,31.724,31.744,31.54,31.09,165200,30.47838
2016-09-02,31.857,31.928,31.826,31.27,171300,30.654839
2016-09-06,31.938,31.979,31.816,31.35,183300,30.733267
2016-09-07,31.969,32.01,31.908,31.370001,375100,30.752874
2016-09-08,31.969,32.04,31.928,31.379999,157300,30.762672
2016-09-09,31.775,31.775,31.204,30.59,174700,29.988218
2016-09-12,31.092,31.693,31.041,31.030001,183100,30.419559
2016-09-13,31.387,31.408,31.02,30.5,253400,29.899988
2016-09-14,31.092,31.275,30.949,30.42,288900,29.82156
2016-09-15,30.979,31.387,30.969,30.719999,260700,30.11566
2016-09-16,31.224,31.234,31.071,30.57,237300,29.968611
2016-09-19,31.316,31.408,31.173,30.59,162700,29.988218
2016-09-20,31.326,31.326,31.163,30.559999,173500,29.958807
2016-09-21,31.265,31.571,31.214,30.940001,150800,30.331333
2016-09-22,31.704,31.806,31.683,31.120001,112500,30.507792
2016-09-23,31.663,31.724,31.54,30.950001,231700,30.341135
2016-09-26,31.449,31.469,31.285,30.690001,388400,30.08625
2016-09-27,31.275,31.469,31.275,30.84,171300,30.233299
2016-09-28,31.5,31.785,31.347,31.139999,143100,30.527397
2016-09-29,31.734,31.816,31.398,30.889999,286700,30.282314
2016-09-30,31.632,31.867,31.632,31.110001,243200,30.497988
2016-10-03,31.409,31.409,31.237,30.870001,204300,30.428595
2016-10-04,31.338,31.369,31.054,30.690001,249500,30.251169
2016-10-05,31.227,31.389,31.227,30.870001,186800,30.428595
2016-10-06,31.287,31.379,31.186,30.889999,287000,30.448307
2016-10-07,31.358,31.379,31.105,30.780001,245700,30.339882
2016-10-10,31.379,31.511,31.369,30.950001,237800,30.507452
2016-10-11,31.328,31.328,30.912,30.58,334000,30.142738
2016-10-12,31.013,31.115,30.922,30.59,197500,30.152597
2016-10-13,30.841,31.003,30.648,30.48,307400,30.044168
2016-10-14,31.064,31.155,30.912,30.469999,162000,30.034313
2016-10-17,30.892,30.932,30.77,30.370001,184800,29.935745
2016-10-18,31.034,31.034,30.912,30.530001,194300,30.093454
2016-10-19,31.013,31.145,30.953,30.620001,171700,30.182169
2016-10-20,31.013,31.095,30.871,30.559999,198900,30.123026
2016-10-21,30.861,31.003,30.821,30.540001,140200,30.103313
2016-10-24,31.145,31.145,30.983,30.620001,196200,30.182169
2016-10-25,31.044,31.115,30.963,30.540001,200900,30.103313
2016-10-26,30.841,31.074,30.841,30.559999,172800,30.123026
2016-10-27,31.105,31.105,30.882,30.469999,183400,30.034313
2016-10-28,30.841,31.013,30.699,30.370001,202100,29.935745
2016-10-31,30.831,30.882,30.78,30.370001,171300,29.935745
2016-11-01,30.851,30.902,30.415,30.18,209200,29.748459
2016-11-02,30.516,30.608,30.384,30.030001,281800,29.600607
2016-11-03,30.486,30.547,30.334,29.950001,282600,29.521748
2016-11-04,30.344,30.516,30.303,29.879999,396300,29.452749
2016-11-07,30.709,30.963,30.709,30.52,279800,30.083597
2016-11-08,30.841,31.166,30.8,30.6,646800,30.162457
2016-11-09,30.719,31.642,30.719,31.059999,324900,30.615877
2016-11-10,31.683,31.866,31.551,31.290001,348900,30.84259
2016-11-11,31.602,31.734,31.5,31.25,188400,30.80316
2016-11-14,31.764,31.896,31.724,31.389999,279700,30.941158
2016-11-15,31.896,32.119,31.866,31.639999,324200,31.187584
2016-11-16,32.018,32.079,31.967,31.58,242700,31.128441
2016-11-17,32.048,32.16,32.038,31.68,214700,31.227011
2016-11-18,32.15,32.16,32.069,31.639999,291900,31.187584
2016-11-21,32.251,32.373,32.241,31.9,273300,31.443865
2016-11-22,32.424,32.525,32.363,32.049999,279100,31.591721
2016-11-23,32.393,32.576,32.393,32.110001,230000,31.650862
2016-11-25,32.586,32.687,32.586,32.220001,238300,31.759293
2016-11-28,32.616,32.667,32.495,32.049999,165400,31.591721
2016-11-29,32.454,32.576,32.403,32.029999,209900,31.572004
2016-11-30,32.698,32.758,32.637,32.169998,297000,31.710003
2016-12-01,32.718,32.789,32.586,32.169998,349000,31.710003
2016-12-02,32.616,32.738,32.576,32.169998,229400,31.710003
2016-12-05,32.779,32.89,32.758,32.360001,212700,31.897287
2016-12-06,32.85,32.982,32.748,32.490002,360000,32.025429
2016-12-07,32.931,33.398,32.931,32.919998,199900,32.44928
2016-12-08,33.438,33.621,33.357,33.009998,215400,32.537991
2016-12-09,33.54,33.682,33.529,33.200001,263800,32.725281
2016-12-12,33.702,33.803,33.6,33.18,429200,32.705563
2016-12-13,33.742,33.935,33.692,33.380001,282800,32.902702
2016-12-14,33.813,33.824,33.428,33.029999,225300,32.557709
2016-12-15,33.479,33.773,33.479,33.16,254600,32.685848
2016-12-16,33.732,33.742,33.54,33.07,289400,32.597134
2016-12-19,33.244,33.324,33.223,32.98,389200,32.678883
2016-12-20,33.355,33.466,33.355,33.119999,340200,32.817604
2016-12-21,33.415,33.435,33.334,33.040001,241900,32.738335
2016-12-22,33.324,33.324,33.193,32.959999,274300,32.659065
2016-12-23,33.223,33.284,33.213,32.98,240300,32.678883
2016-12-27,33.355,33.415,33.294,33.049999,425600,32.748241
2016-12-28,33.435,33.435,33.062,32.77,260700,32.470802
2016-12-29,33.062,33.143,32.991,32.759998,303100,32.460888
2016-12-30,33.092,33.092,32.85,32.630001,303400,32.332077
2017-01-03,33.193,33.284,32.991,32.880001,224200,32.579796
2017-01-04,33.254,33.425,33.254,33.09,296800,32.787876
2017-01-05,33.355,33.385,33.163,33,370200,32.6987
2017-01-06,33.294,33.405,33.223,33.029999,256100,32.728424
2017-01-09,33.233,33.254,33.122,32.82,358400,32.520344
2017-01-10,33.133,33.304,33.102,32.82,312900,32.520344
2017-01-11,33.112,33.284,33.102,32.970001,250500,32.668972
2017-01-12,33.213,33.213,32.951,32.880001,269400,32.579796
2017-01-13,33.203,33.274,33.163,32.91,239800,32.60952
2017-01-17,33.112,33.223,33.072,32.849998,290300,32.550064
2017-01-18,33.173,33.193,33.092,32.849998,315000,32.550064
2017-01-19,33.213,33.213,32.971,32.740002,305100,32.441074
2017-01-20,33.122,33.244,33.072,32.880001,265300,32.579796
2017-01-23,33.082,33.153,32.921,32.740002,231100,32.441074
2017-01-24,33.102,33.385,33.092,33.029999,322900,32.728424
2017-01-25,33.435,33.566,33.435,33.259998,259700,32.956322
2017-01-26,33.556,33.587,33.455,33.189999,278800,32.886963
2017-01-27,33.516,33.516,33.365,33.110001,318800,32.807697
2017-01-30,33.294,33.294,33.021,32.889999,396000,32.589703
2017-01-31,33.133,33.193,32.981,32.889999,472000,32.589703
2017-02-01,33.274,33.334,33.042,32.84,292700,32.540161
2017-02-02,33.072,33.193,33.052,32.869999,295200,32.569885
2017-02-03,33.314,33.466,33.294,33.150002,313800,32.847332
2017-02-06,33.385,33.445,33.294,33.009998,324400,32.708607
2017-02-07,33.355,33.405,33.244,32.970001,352400,32.668972
2017-02-08,33.254,33.334,33.163,33.02,237000,32.718517
2017-02-09,33.365,33.577,33.365,33.25,216200,32.946419
2017-02-10,33.617,33.718,33.617,33.369999,245200,33.065319
2017-02-13,33.738,33.9,33.738,33.52,300800,33.213951
2017-02-14,33.809,34,33.778,33.68,342600,33.37249
2017-02-15,33.97,34.162,33.94,33.82,284200,33.511211
2017-02-16,34.152,34.152,33.99,33.75,387300,33.441853
2017-02-17,33.98,34.061,33.92,33.75,378700,33.441853
2017-02-21,34.182,34.333,34.182,33.970001,301200,33.659843
2017-02-22,34.263,34.273,34.192,33.93,292100,33.620209
2017-02-23,34.323,34.333,34.162,33.919998,336000,33.610298
2017-02-24,34.091,34.273,34.091,33.959999,309400,33.649933
2017-02-27,34.303,34.384,34.253,34.040001,281900,33.729206
2017-02-28,34.243,34.293,34.172,33.900002,364800,33.590481
2017-03-01,34.465,34.767,34.465,34.380001,608900,34.066101
2017-03-02,34.677,34.677,34.465,34.169998,289600,33.858017
2017-03-03,34.475,34.495,34.384,34.130001,306400,33.818382
2017-03-06,34.344,34.394,34.253,34.029999,377000,33.719292
2017-03-07,34.283,34.313,34.172,33.869999,347400,33.560757
2017-03-08,34.222,34.253,34.051,33.759998,283600,33.451759
2017-03-09,34.061,34.122,33.91,33.779999,289200,33.471573
2017-03-10,34.222,34.313,34.051,33.869999,280800,33.560757
2017-03-13,34.192,34.253,34.132,33.889999,581900,33.580574
2017-03-14,34.111,34.111,33.94,33.77,954000,33.46167
2017-03-15,34.142,34.465,34.142,34.07,331700,33.758926
2017-03-16,34.455,34.455,34.293,34.040001,285500,33.729206
2017-03-17,34.404,34.404,34.293,33.990002,261400,33.679661
2017-03-20,34.293,34.293,34.132,33.880001,323000,33.570667
2017-03-21,34.313,34.313,33.748,33.450001,794100,33.144592
2017-03-22,33.758,33.879,33.677,33.540001,465000,33.233772
2017-03-23,33.809,33.98,33.738,33.490002,331100,33.184227
2017-03-24,33.859,33.91,33.617,33.43,387500,33.124771
2017-03-27,33.435,33.718,33.415,33.349998,371700,33.045502
2017-03-28,33.637,34.031,33.627,33.66,306000,33.352676
2017-03-29,33.91,34.061,33.889,33.700001,220300,33.392311
2017-03-30,34.071,34.222,34.041,33.880001,249100,33.570667
2017-03-31,34.152,34.212,34.101,33.790001,265400,33.481487
2017-04-03,33.856,33.856,33.514,33.560001,301000,33.395908
2017-04-04,33.675,33.755,33.604,33.59,482500,33.425758
2017-04-05,33.876,34.036,33.584,33.459999,440500,33.296394
2017-04-06,33.655,33.825,33.594,33.59,355200,33.425758
2017-04-07,33.695,33.815,33.655,33.529999,256800,33.366051
2017-04-10,33.735,33.876,33.675,33.599998,318400,33.435711
2017-04-11,33.715,33.735,33.484,33.57,352900,33.405857
2017-04-12,33.695,33.715,33.534,33.41,279100,33.246639
2017-04-13,33.534,33.594,33.293,33.130001,317100,32.96801
2017-04-17,33.363,33.534,33.323,33.369999,482000,33.206833
2017-04-18,33.423,33.514,33.313,33.27,546500,33.107327
2017-04-19,33.494,33.544,33.273,33.150002,492500,32.987911
2017-04-20,33.373,33.655,33.373,33.419998,317400,33.256588
2017-04-21,33.524,33.564,33.423,33.299999,315300,33.137177
2017-04-24,33.805,33.856,33.745,33.639999,326100,33.475513
2017-04-25,33.916,34.067,33.916,33.849998,281800,33.684486
2017-04-26,34.016,34.197,33.996,33.860001,245900,33.694439
2017-04-27,34.046,34.046,33.886,33.830002,249500,33.664589
2017-04-28,34.026,34.026,33.845,33.689999,235200,33.525269
2017-05-01,33.936,33.946,33.805,33.709999,262300,33.545174
2017-05-02,33.876,33.876,33.765,33.650002,319600,33.48547
2017-05-03,33.785,33.825,33.705,33.639999,302500,33.475513
2017-05-04,33.815,33.815,33.604,33.580002,241000,33.41581
2017-05-05,33.755,33.936,33.755,33.759998,211400,33.594929
2017-05-08,33.946,33.966,33.856,33.790001,279800,33.624783
2017-05-09,33.986,33.986,33.825,33.709999,276900,33.545174
2017-05-10,33.856,33.976,33.856,33.779999,270700,33.61483
2017-05-11,33.906,33.946,33.745,33.720001,251900,33.555126
2017-05-12,33.825,33.825,33.725,33.59,297600,33.425758
2017-05-15,33.866,33.996,33.866,33.790001,307000,33.624783
2017-05-16,34.026,34.026,33.825,33.720001,418500,33.555126
2017-05-17,33.604,33.675,33.303,33.139999,470400,32.977959
2017-05-18,33.253,33.514,33.212,33.200001,325700,33.037666
2017-05-19,33.494,33.755,33.464,33.5,317600,33.336201
2017-05-22,33.735,33.815,33.705,33.639999,212100,33.475513
2017-05-23,33.845,33.896,33.785,33.68,278500,33.51532
2017-05-24,33.896,33.916,33.825,33.73,225500,33.565075
2017-05-25,34.006,34.067,33.926,33.810001,355700,33.644688
2017-05-26,33.926,33.976,33.916,33.779999,296200,33.61483
2017-05-30,33.886,33.966,33.886,33.740002,249600,33.575027
2017-05-31,33.946,33.946,33.765,33.709999,418100,33.545174
2017-06-01,33.956,34.217,33.926,34.049999,254500,33.883511
2017-06-02,34.177,34.247,34.127,34.029999,299300,33.863609
2017-06-05,34.187,34.227,34.137,33.990002,208300,33.823807
2017-06-06,34.097,34.177,34.026,33.919998,291200,33.754147
2017-06-07,34.117,34.157,33.976,33.889999,216000,33.724293
2017-06-08,34.097,34.187,34.046,33.939999,236400,33.774048
2017-06-09,34.127,34.328,34.127,34.130001,313400,33.96312
2017-06-12,34.268,34.398,34.227,34.169998,327800,34.002922
2017-06-13,34.388,34.489,34.368,34.299999,284100,34.132286
2017-06-14,34.539,34.539,34.278,34.23,279800,34.06263
2017-06-15,34.167,34.308,34.167,34.110001,211500,33.943218
2017-06-16,34.308,34.318,34.137,34.110001,242700,33.943218
2017-06-19,34.398,34.529,34.378,34.360001,207000,34.191998
2017-06-20,34.428,34.428,34.237,34.09,303600,33.923317
2017-06-21,34.247,34.278,34.067,33.919998,289800,33.754147
2017-06-22,34.127,34.197,34.077,33.91,201200,33.744194
2017-06-23,34.127,34.197,34.077,33.950001,236100,33.784
2017-06-26,33.9,33.99,33.87,33.91,221100,33.91
2017-06-27,33.86,33.96,33.69,33.689999,240100,33.689999
2017-06-28,33.86,34.03,33.86,33.959999,406800,33.959999
2017-06-29,34,34.05,33.6,33.740002,239900,33.740002
2017-06-30,NA,NA,NA,NA,NA,NA
2017-07-03,33.95,34.15,33.95,34.049999,241100,34.049999
2017-07-07,33.7,33.81,33.644,33.799999,227981,33.799999
