"Date","GLTR.Open","GLTR.High","GLTR.Low","GLTR.Close","GLTR.Volume","GLTR.Adjusted"
2010-10-22,75.73,75.8,75.3,75.699997,124200,75.699997
2010-10-25,76.93,77.03,76.29,76.639999,82600,76.639999
2010-10-26,76.21,77.2,75.8,77.040001,52300,77.040001
2010-10-27,76.54,76.62,75.75,76.169998,40600,76.169998
2010-10-28,76.73,77.31,76.36,77.230003,39900,77.230003
2010-10-29,77.56,78.64,77.36,78.620003,60800,78.620003
2010-11-01,79.03,79.11,78.15,78.349998,73200,78.349998
2010-11-02,78.81,78.87,78.41,78.809998,55200,78.809998
2010-11-03,78.62,78.65,76.72,78.309998,60000,78.309998
2010-11-04,80.46,81.94,80.21,81.839996,136000,81.839996
2010-11-05,81.36,82.81,81.24,82.559998,93400,82.559998
2010-11-08,82.44,84.12,82.18,84.059998,81000,84.059998
2010-11-09,85.44,86.9,81.7,82.349998,801300,82.349998
2010-11-10,83.92,83.94,81.81,83.43,207500,83.43
2010-11-11,83.74,84.06,82.75,84.050003,135200,84.050003
2010-11-12,82.73,83,80.02,80.589996,168300,80.589996
2010-11-15,80.69,81.2,79.39,79.449997,73300,79.449997
2010-11-16,79.18,79.34,77.71,78.480003,245400,78.480003
2010-11-17,78.7,79.31,78.41,78.720001,64900,78.720001
2010-11-18,80.27,81.32,80.13,81.07,160400,81.07
2010-11-19,80.49,81.64,80.05,81.610001,57100,81.610001
2010-11-22,81.41,82.43,81.12,82.389999,62000,82.389999
2010-11-23,82.03,82.7,81.75,82.239998,79300,82.239998
2010-11-24,82.22,82.49,81.76,82.330002,33600,82.330002
2010-11-26,80.57,81.11,80.28,80.900002,30900,80.900002
2010-11-29,81.12,81.8,80.5,81.629997,55600,81.629997
2010-11-30,82.64,83.69,82.42,83.290001,71300,83.290001
2010-12-01,83.97,84.47,83.42,84.029999,87700,84.029999
2010-12-02,84.21,85.33,84.2,84.449997,52200,84.449997
2010-12-03,85.27,86.24,85.27,86.129997,128400,86.129997
2010-12-06,86.49,87.55,86.2,87.400002,139000,87.400002
2010-12-07,88.07,88.11,84.62,84.620003,138300,84.620003
2010-12-08,84.73,85.02,82.91,83.709999,109200,83.709999
2010-12-09,84.54,84.94,83.98,84.059998,61700,84.059998
2010-12-10,83.84,84.27,83,84.220001,34800,84.220001
2010-12-13,85.65,85.97,85.28,85.550003,89900,85.550003
2010-12-14,85.46,87.2,85.24,85.639999,49700,85.639999
2010-12-15,84.81,85.49,84.25,84.300003,37600,84.300003
2010-12-16,84.24,84.24,83.12,84.07,53600,84.07
2010-12-17,84.16,84.71,83.64,84.57,37400,84.57
2010-12-20,84.9,85.27,84.19,85.120003,34100,85.120003
2010-12-21,84.98,85.31,84.65,85.160004,37400,85.160004
2010-12-22,85.34,85.34,84.99,85,13200,85
2010-12-23,84.62,85.08,84.23,84.910004,19900,84.910004
2010-12-27,85.04,85.21,84.84,85.150002,12800,85.150002
2010-12-28,86.41,87.22,86.24,87.139999,43000,87.139999
2010-12-29,87.45,87.88,87.33,87.68,52500,87.68
2010-12-30,87.8,87.81,87.11,87.25,47300,87.25
2010-12-31,87.73,88.48,87.73,88.400002,30600,88.400002
2011-01-03,88.52,88.82,87.74,87.870003,60300,87.870003
2011-01-04,86.89,86.91,84.91,85.760002,91900,85.760002
2011-01-05,84.44,85.2,83.67,85.010002,42600,85.010002
2011-01-06,84.95,84.95,84.16,84.57,37100,84.57
2011-01-07,84.11,84.99,83.88,84.040001,35700,84.040001
2011-01-10,84.39,84.59,84,84.559998,16600,84.559998
2011-01-11,85.54,85.76,85,85.620003,35400,85.620003
2011-01-12,85.94,86.26,85.5,86.230003,26100,86.230003
2011-01-13,86.46,86.46,84.46,84.730003,31300,84.730003
2011-01-14,84.3,84.56,83.47,83.949997,46800,83.949997
2011-01-18,84.75,85.13,84.63,84.809998,29000,84.809998
2011-01-19,85.92,85.93,84.61,84.769997,25000,84.769997
2011-01-20,83.13,83.2,82.39,82.620003,61100,82.620003
2011-01-21,82.19,82.77,81.98,82.589996,67600,82.589996
2011-01-24,82.3,82.83,81.54,81.709999,43800,81.709999
2011-01-25,81.21,81.38,80.75,81.239998,49600,81.239998
2011-01-26,81.19,82.56,80.88,82.540001,40200,82.540001
2011-01-27,82.37,82.62,80.67,80.75,31300,80.75
2011-01-28,80.58,83.19,80.58,82.68,30600,82.68
2011-01-31,82.12,83.27,82.12,82.709999,29100,82.709999
2011-02-01,83.4,83.85,82.55,83.760002,23300,83.760002
2011-02-02,83.35,83.75,82.84,83.370003,13300,83.370003
2011-02-03,83.22,84.62,82.59,84.620003,24900,84.620003
2011-02-04,84.9,85.13,84.26,84.599998,9500,84.599998
2011-02-07,84.75,85.1,84.48,84.940002,19900,84.940002
2011-02-08,85.77,86.66,85.65,86.620003,62900,86.620003
2011-02-09,86.77,86.82,86.05,86.360001,27400,86.360001
2011-02-10,85.66,86.42,85.52,86.160004,12600,86.160004
2011-02-11,86.12,86.41,85.39,85.580002,28200,85.580002
2011-02-14,86.33,86.88,86.33,86.790001,19200,86.790001
2011-02-15,87.28,87.4,87,87.199997,20800,87.199997
2011-02-16,87.32,87.76,86.66,87.209999,17500,87.209999
2011-02-17,87.97,88.8,87.57,88.739998,54800,88.739998
2011-02-18,88.85,90.29,88.8,89.720001,285200,89.720001
2011-02-22,90.9,91.05,89.78,90.120003,39300,90.120003
2011-02-23,90.38,91.45,90.38,90.830002,38600,90.830002
2011-02-24,92.72,92.72,88.25,88.699997,58600,88.699997
2011-02-25,90.03,90.76,89.67,90.709999,35600,90.709999
2011-02-28,90.99,91.68,90.71,91.459999,43400,91.459999
2011-03-01,92.47,93.3,92.38,93.300003,36400,93.300003
2011-03-02,93.54,93.85,92.75,93.330002,62100,93.330002
2011-03-03,92.61,92.9,91.79,92.129997,31200,92.129997
2011-03-04,92.78,94.1,92.78,94,31600,94
2011-03-07,95.16,95.5,94.19,94.559998,59100,94.559998
2011-03-08,94.45,94.45,93.75,94.309998,23400,94.309998
2011-03-09,94.92,94.92,93.66,94.330002,71300,94.330002
2011-03-10,93,93,91.69,92.470001,46300,92.470001
2011-03-11,91.28,93.91,91.18,93.419998,57200,93.419998
2011-03-14,93.8,94.12,93.11,93.459999,29600,93.459999
2011-03-15,89.8,91.16,89.58,90.620003,59700,90.620003
2011-03-16,91.12,91.58,89.75,90.339996,18800,90.339996
2011-03-17,90.68,91.16,90.33,90.629997,55900,90.629997
2011-03-18,91.94,92.45,91.87,92.25,20000,92.25
2011-03-21,93.57,93.98,93.37,93.790001,24400,93.790001
2011-03-22,93.44,94.08,93.35,94.010002,43300,94.010002
2011-03-23,94.21,95.66,94.21,95.589996,38900,95.589996
2011-03-24,95.98,96.73,94.67,94.900002,38100,94.900002
2011-03-25,95.65,95.87,94.5,95.07,36600,95.07
2011-03-28,93.87,94.81,93.77,94.639999,21000,94.639999
2011-03-29,94.25,94.89,94.06,94.559998,8000,94.559998
2011-03-30,95.5,95.5,94.3,95.199997,20400,95.199997
2011-03-31,96.18,96.3,95.8,95.860001,17100,95.860001
2011-04-01,95.11,95.93,94.55,95.790001,65400,95.790001
2011-04-04,97.11,97.14,96.68,97,14500,97
2011-04-05,96.77,98.55,96.73,98.510002,63700,98.510002
2011-04-06,99.16,99.31,98.43,98.980003,66100,98.980003
2011-04-07,98.77,99.32,98.49,98.989998,37800,98.989998
2011-04-08,100.16,100.97,99.72,100.910004,45300,100.910004
2011-04-11,101.16,101.29,99.06,99.620003,71700,99.620003
2011-04-12,100.06,100.15,98.49,99,49700,99
2011-04-13,99.89,100.14,99.2,99.709999,21300,99.709999
2011-04-14,100.27,102.08,100.2,102.080002,27900,102.080002
2011-04-15,102.45,103.27,102.13,103.269997,43100,103.269997
2011-04-18,103.46,104.05,102.27,103.970001,65900,103.970001
2011-04-19,103.74,104.69,103.14,104.599998,37100,104.599998
2011-04-20,105.7,106.57,105,106.300003,108700,106.300003
2011-04-21,107.1,108.15,106.68,108.099998,73200,108.099998
2011-04-25,110.05,110.05,106.88,108.419998,105500,108.419998
2011-04-26,106.94,106.94,105.34,106.050003,95600,106.050003
2011-04-27,107.38,110.56,105.9,110.459999,67700,110.459999
2011-04-28,111.01,112.36,109.5,111.129997,76000,111.129997
2011-04-29,111.6,112.38,111.04,111.68,62000,111.68
2011-05-02,108.29,111.09,105.19,106.269997,171000,106.269997
2011-05-03,106.18,106.99,102.14,103.379997,172000,103.379997
2011-05-04,102.98,103.4,99.57,100.209999,267000,100.209999
2011-05-05,97.61,98.15,92.89,93.190002,268200,93.190002
2011-05-06,94.06,96.78,93.42,94.580002,80900,94.580002
2011-05-09,97.14,98.42,96.67,98.32,128000,98.32
2011-05-10,98.56,99.56,98.31,99.169998,85300,99.169998
2011-05-11,97.6,97.66,94.63,94.980003,103400,94.980003
2011-05-12,93.03,95.32,91.63,93.660004,109000,93.660004
2011-05-13,95.01,95.76,92.95,94.239998,27700,94.239998
2011-05-16,94,94.86,92.75,92.75,37600,92.75
2011-05-17,92.16,92.92,91.4,92.82,69700,92.82
2011-05-18,94.21,95.21,93.9,94.620003,44200,94.620003
2011-05-19,94.68,95,93.78,94.610001,31800,94.610001
2011-05-20,94.33,95.53,93.38,95.18,28400,95.18
2011-05-23,94.42,95.24,94.37,95.239998,18600,95.239998
2011-05-24,96.44,97.26,96.29,97.230003,81200,97.230003
2011-05-25,98.04,98.93,97.93,98.669998,42000,98.669998
2011-05-26,98.22,98.31,97.21,98.120003,16300,98.120003
2011-05-27,99.07,99.39,98.7,99.290001,23300,99.290001
2011-05-31,100.33,100.35,99.5,100.129997,31100,100.129997
2011-06-01,99.56,100.5,97.63,98.089996,25900,98.089996
2011-06-02,98.61,98.77,96.23,97.349998,37200,97.349998
2011-06-03,96.9,97.97,96.9,97.699997,19200,97.699997
2011-06-06,98.91,99.27,97.87,98.18,11900,98.18
2011-06-07,99.28,99.28,98,98.879997,13100,98.879997
2011-06-08,98.12,98.5,97.85,98.209999,22300,98.209999
2011-06-09,99.01,99.64,98.86,99.639999,14800,99.639999
2011-06-10,97.99,98.36,97.4,97.5,19600,97.5
2011-06-13,96.55,96.94,95,95.279999,31800,95.279999
2011-06-14,95.1,96.48,95.04,96.480003,20000,96.480003
2011-06-15,95.9,97.02,95.74,96.629997,21600,96.629997
2011-06-16,96,96.53,95.55,96.07,31600,96.07
2011-06-17,95.93,96.79,95.84,96.75,12000,96.75
2011-06-20,96.55,97.12,96.29,96.760002,13000,96.760002
2011-06-21,97.15,97.85,97.15,97.669998,12900,97.669998
2011-06-22,97.84,98.37,97.7,97.760002,20200,97.760002
2011-06-23,95.97,95.97,94.48,95.449997,23100,95.449997
2011-06-24,94.67,94.67,93.36,93.410004,23600,93.410004
2011-06-27,92.87,93.08,92.16,92.360001,23900,92.360001
2011-06-28,92.89,93.29,92.65,93.089996,32600,93.089996
2011-06-29,93.75,94.78,93.58,94.779999,19600,94.779999
2011-06-30,94.92,94.92,94.07,94.25,15200,94.25
2011-07-01,92.88,92.94,92.1,92.940002,32900,92.940002
2011-07-05,94.76,95.91,94.73,95.699997,13400,95.699997
2011-07-06,96.31,96.92,96.28,96.510002,29200,96.510002
2011-07-07,97.06,97.5,96.73,97.269997,18600,97.269997
2011-07-08,97.98,98,97.29,97.82,28300,97.82
2011-07-11,98.09,98.2,96.48,97.120003,16500,97.120003
2011-07-12,96.39,98.33,96.2,97.919998,13600,97.919998
2011-07-13,99.66,101.03,99.55,100.629997,33600,100.629997
2011-07-14,102.03,102.35,100.88,101.220001,31300,101.220001
2011-07-15,101.13,102.32,101.1,102.32,35500,102.32
2011-07-18,103.76,104.37,103.58,104.169998,45500,104.169998
2011-07-19,104.08,104.08,101.55,101.910004,58200,101.910004
2011-07-20,101.15,103.61,100.87,103.610001,64000,103.610001
2011-07-21,103.49,103.5,101.95,102.440002,36900,102.440002
2011-07-22,103.48,104,103.36,103.739998,59700,103.739998
2011-07-25,104.72,105,103.74,104.400002,33400,104.400002
2011-07-26,104.27,105.43,103.98,105.389999,35500,105.389999
2011-07-27,106.2,106.22,104.24,104.370003,36700,104.370003
2011-07-28,104.5,104.5,102.78,103.849998,53000,103.849998
2011-07-29,104.68,105.02,103.89,104.239998,42200,104.239998
2011-08-01,103.46,104.66,103,103.5,26100,103.5
2011-08-02,104.84,106.35,104.42,106.330002,51700,106.330002
2011-08-03,106.7,107.75,106.55,106.910004,79000,106.910004
2011-08-04,108.02,108.11,102,102.910004,95300,102.910004
2011-08-05,103.87,104.18,101.46,102.830002,60100,102.830002
2011-08-08,105.18,105.76,104.1,104.989998,88600,104.989998
2011-08-09,104.77,105.96,103.34,103.709999,54100,103.709999
2011-08-10,106.25,108.15,106.01,108.150002,64200,108.150002
2011-08-11,106.53,106.87,105.18,106.43,49500,106.43
2011-08-12,105.67,106.56,105.41,106.489998,46900,106.489998
2011-08-15,106.6,107.86,106.45,107.730003,53700,107.730003
2011-08-16,107.96,108.96,107.88,108.900002,18600,108.900002
2011-08-17,109.3,109.94,108.8,109.620003,28700,109.620003
2011-08-18,110.91,111,110.22,110.919998,45500,110.919998
2011-08-19,113.89,114,112.16,113.959999,40100,113.959999
2011-08-22,115.17,116.78,114.86,116.580002,64500,116.580002
2011-08-23,114.92,115.75,111.88,112.040001,108000,112.040001
2011-08-24,111.46,111.86,106.85,107.970001,120300,107.970001
2011-08-25,105.95,109.53,105.29,109.370003,325300,109.370003
2011-08-26,109.75,111.61,108.52,111.610001,68200,111.610001
2011-08-29,110.56,110.56,109.08,109.629997,71900,109.629997
2011-08-30,111.64,112.38,110.88,112.339996,24100,112.339996
2011-08-31,112.05,112.85,111.3,111.959999,26500,111.959999
2011-09-01,111.68,112.36,111.3,112.059998,25300,112.059998
2011-09-02,115.07,115.67,114.72,115.660004,40000,115.660004
2011-09-06,114.79,115.58,113.06,114,46900,114
2011-09-07,110.16,112.06,109.62,111.449997,32700,111.449997
2011-09-08,114.12,114.25,113.07,114,402100,114
2011-09-09,112.41,113.63,111.89,112.57,47800,112.57
2011-09-12,110.97,111.3,108.52,109.419998,31100,109.419998
2011-09-13,110.35,111.65,109.85,111.110001,23300,111.110001
2011-09-14,110.54,110.65,109.85,110.360001,12900,110.360001
2011-09-15,108.91,108.98,107.43,108.260002,36600,108.260002
2011-09-16,108.51,110.37,108.51,109.739998,16900,109.739998
2011-09-19,109.58,109.58,106.9,107.889999,19400,107.889999
2011-09-20,107.35,109.23,107.35,108.720001,14500,108.720001
2011-09-21,109.15,109.99,107.7,107.980003,10300,107.980003
2011-09-22,103.35,103.72,100.79,101.629997,119800,101.629997
2011-09-23,96.52,97.7,90,92.779999,128900,92.779999
2011-09-26,88.43,92.18,88,91.510002,94500,91.510002
2011-09-27,95.61,95.72,93.67,94.18,40500,94.18
2011-09-28,94.22,94.22,89.78,90.080002,39800,90.080002
2011-09-29,91.9,91.99,90.16,91.629997,34300,91.629997
2011-09-30,91.03,91.68,90.3,90.540001,29600,90.540001
2011-10-03,92.56,92.7,91.8,91.879997,19600,91.879997
2011-10-04,91.94,91.94,87.94,90.209999,45900,90.209999
2011-10-05,89.85,91.51,89.37,91.449997,16900,91.449997
2011-10-06,92.25,94.07,91.91,93.879997,12000,93.879997
2011-10-07,94.36,94.64,91.86,92.239998,57400,92.239998
2011-10-10,94.46,94.88,94.12,94.870003,4500,94.870003
2011-10-11,94.15,94.68,93.98,94.629997,6900,94.629997
2011-10-12,95.67,95.87,95.03,95.480003,14400,95.480003
2011-10-13,94.49,94.49,93.33,94.110001,7700,94.110001
2011-10-14,95.29,95.34,94.52,95.209999,14300,95.209999
2011-10-17,95.54,95.54,94.07,94.519997,28200,94.519997
2011-10-18,92.7,94.77,91.51,94.629997,9300,94.629997
2011-10-19,93.77,93.9,92.42,92.540001,15400,92.540001
2011-10-20,91.38,91.99,89.96,91.239998,16200,91.239998
2011-10-21,92.94,93.01,92.39,92.809998,7800,92.809998
2011-10-24,93.36,94.24,93.36,93.790001,9200,93.790001
2011-10-25,93.95,97.47,93.95,97.110001,36400,97.110001
2011-10-26,98.13,98.48,97.8,98.099998,23200,98.099998
2011-10-27,98.89,101.29,98.85,100.639999,23200,100.639999
2011-10-28,100.87,101.11,100.21,100.949997,9000,100.949997
2011-10-31,99.41,99.46,98.82,99,10900,99
2011-11-01,95.77,97.76,95.59,97.760002,11400,97.760002
2011-11-02,98.94,99.82,98.59,99.360001,24500,99.360001
2011-11-03,100.9,100.95,99.55,100.790001,27300,100.790001
2011-11-04,100.17,100.21,99.67,100.040001,6900,100.040001
2011-11-07,101.23,102.42,101.23,102.419998,15700,102.419998
2011-11-08,102.2,103.06,101.55,102,16900,102
2011-11-09,101.8,101.92,99.89,100.360001,15600,100.360001
2011-11-10,100.42,100.42,98.4,100.099998,9400,100.099998
2011-11-11,100.69,101.81,100.69,101.730003,9000,101.730003
2011-11-14,101.48,101.48,100.65,101.019997,8000,101.019997
2011-11-15,101.32,101.8,100.47,101.440002,9600,101.440002
2011-11-16,100.1,100.79,99.39,99.699997,16800,99.699997
2011-11-17,98.29,98.42,94.9,95.529999,27900,95.529999
2011-11-18,96.09,96.98,95.65,96.559998,18300,96.559998
2011-11-21,95.02,95.06,93.02,94.360001,19500,94.360001
2011-11-22,94.91,96.71,94.91,96.32,6700,96.32
2011-11-23,94.73,95.25,94.05,95.080002,5900,95.080002
2011-11-25,93.48,94.71,93.43,93.43,3600,93.43
2011-11-28,95.96,96.02,95.37,95.559998,6700,95.559998
2011-11-29,95.41,95.95,95.21,95.669998,6700,95.669998
2011-11-30,97.1,98,96.92,97.830002,27300,97.830002
2011-12-01,98.14,98.54,97.28,97.75,7600,97.75
2011-12-02,98.75,98.75,97.46,97.589996,4600,97.589996
2011-12-05,97.62,97.96,95.97,95.989998,12000,95.989998
2011-12-06,95.55,97.66,95.5,97.660004,9300,97.660004
2011-12-07,97.64,97.69,96.98,97.379997,6200,97.379997
2011-12-08,96.2,96.48,95.1,95.32,23700,95.32
2011-12-09,95.85,96.59,95.69,96.32,7000,96.32
2011-12-12,93.76,93.76,92.96,93.669998,19100,93.669998
2011-12-13,93.61,94.21,91.34,91.779999,36100,91.779999
2011-12-14,89.29,89.56,87.03,87.730003,64500,87.730003
2011-12-15,88.67,88.67,86.79,87.589996,44300,87.589996
2011-12-16,88.8,89.37,88.64,89.330002,26900,89.330002
2011-12-19,88.71,89.01,87.91,88.07,45000,88.07
2011-12-20,89.62,89.89,89.51,89.709999,19400,89.709999
2011-12-21,89.57,90,89.12,89.699997,19800,89.699997
2011-12-22,89.37,89.38,88.73,89.129997,302600,89.129997
2011-12-23,89.57,89.66,89.13,89.269997,21200,89.269997
2011-12-27,88.66,88.97,88.37,88.370003,27400,88.370003
2011-12-28,87.58,87.58,84.86,85.040001,71100,85.040001
2011-12-29,83.72,85.65,83.46,85.599998,77900,85.599998
2011-12-30,86.53,87.55,86.1,86.25,36200,86.25
2012-01-03,88.43,89.92,88.39,89.769997,26900,89.769997
2012-01-04,89.05,89.92,89.05,89.370003,17600,89.370003
2012-01-05,88.49,89.92,88.48,89.879997,21900,89.879997
2012-01-06,90.03,90.03,88.72,88.769997,27300,88.769997
2012-01-09,89.27,89.3,88.8,88.910004,10200,88.910004
2012-01-10,91.06,91.35,90.7,90.830002,14700,90.830002
2012-01-11,91.04,91.7,90.81,91.220001,11100,91.220001
2012-01-12,92.5,92.65,91.59,91.769997,12400,91.769997
2012-01-13,90.88,91.17,90.4,90.900002,7100,90.900002
2012-01-17,92.25,92.61,91.71,91.839996,18800,91.839996
2012-01-18,91.96,92.91,91.96,92.800003,6900,92.800003
2012-01-19,92.71,92.99,92.35,92.830002,29100,92.830002
2012-01-20,92.5,94.81,92.41,94.809998,18900,94.809998
2012-01-23,94.97,95.83,94.97,95.519997,21000,95.519997
2012-01-24,94.89,95.2,94.6,94.730003,8400,94.730003
2012-01-25,94.27,97.86,93.81,97.739998,16800,97.739998
2012-01-26,98.94,98.94,98.18,98.190002,20000,98.190002
2012-01-27,98.27,99.3,98.27,99.279999,6500,99.279999
2012-01-30,98.48,98.82,98.33,98.5,13000,98.5
2012-01-31,99.69,99.75,98,98.519997,10600,98.519997
2012-02-01,99.57,99.75,99.23,99.32,17400,99.32
2012-02-02,99.47,100.63,99.38,100.519997,11400,100.519997
2012-02-03,99.72,99.83,98.52,98.610001,19000,98.610001
2012-02-06,98.05,98.8,98,98.550003,7700,98.550003
2012-02-07,98.44,100.3,98.18,100.110001,9700,100.110001
2012-02-08,100.09,100.29,99.04,99.599998,7800,99.599998
2012-02-09,100.64,100.64,99.11,99.220001,6300,99.220001
2012-02-10,98.18,98.9,98.03,98.459999,26500,98.459999
2012-02-13,98.66,98.99,98.39,98.760002,10600,98.760002
2012-02-14,98.78,98.86,97.93,98.239998,5700,98.239998
2012-02-15,99,99.09,98.16,98.459999,9200,98.459999
2012-02-16,97.31,98.66,97.25,98.559998,21700,98.559998
2012-02-17,98.88,98.88,97.89,97.919998,4000,97.919998
2012-02-21,99.74,100.85,99.72,100.830002,15700,100.830002
2012-02-22,100.37,101.77,100.33,101.660004,8200,101.660004
2012-02-23,101.96,103.09,101.63,102.660004,9700,102.660004
2012-02-24,102.58,102.78,102.31,102.379997,8800,102.379997
2012-02-27,102.29,102.78,101.98,102.120003,10500,102.120003
2012-02-28,103.32,104.9,103.31,104.660004,17700,104.660004
2012-02-29,104.66,105.25,98.58,99.019997,71100,99.019997
2012-03-01,99.62,101.17,99.61,100.989998,22000,100.989998
2012-03-02,100.08,100.24,99.32,99.860001,9100,99.860001
2012-03-05,99.33,99.33,98,98.620003,20500,98.620003
2012-03-06,95.8,96.41,95.42,96.080002,21900,96.080002
2012-03-07,96.26,97.29,96.07,97.150002,6500,97.150002
2012-03-08,97.89,98.18,97.42,98.160004,7000,98.160004
2012-03-09,97.23,99.36,97.23,99.129997,19600,99.129997
2012-03-12,98.47,98.53,97.91,98.089996,7800,98.089996
2012-03-13,97.25,98.39,96.47,96.779999,14500,96.779999
2012-03-14,95.39,96.01,94,94.779999,38200,94.779999
2012-03-15,94.7,96.18,94.42,95.639999,13000,95.639999
2012-03-16,95.41,95.83,95.35,95.669998,19000,95.669998
2012-03-19,95.69,96.58,95.48,96.220001,9100,96.220001
2012-03-20,95.1,95.42,94.36,94.639999,16900,94.639999
2012-03-21,94.65,95.32,94.65,94.699997,7500,94.699997
2012-03-22,93,93.63,92.9,93.410004,24700,93.410004
2012-03-23,94.15,95.06,94.15,94.889999,18900,94.889999
2012-03-26,96.03,96.76,96,96.669998,16300,96.669998
2012-03-27,96.79,97.1,95.96,95.959999,6500,95.959999
2012-03-28,95.63,95.69,94.24,94.720001,13700,94.720001
2012-03-29,94.5,94.86,93.76,94.860001,6500,94.860001
2012-03-30,95.38,95.43,94.87,95.269997,6300,95.269997
2012-04-02,95.36,96.66,95.34,96.360001,4400,96.360001
2012-04-03,96.42,96.5,94.7,94.839996,13100,94.839996
2012-04-04,92.88,93.04,91.95,92.300003,17100,92.300003
2012-04-05,92.78,93.28,92.78,93.279999,5000,93.279999
2012-04-09,93.69,93.89,93,93.32,6200,93.32
2012-04-10,93.58,94.15,92.68,93.989998,7200,93.989998
2012-04-11,94,94.22,93.61,93.760002,3400,93.760002
2012-04-12,93.73,95.54,93.73,95.389999,6500,95.389999
2012-04-13,94.97,94.99,93.43,93.620003,5300,93.620003
2012-04-16,93.62,93.89,93.19,93.57,6800,93.57
2012-04-17,93.96,94.05,93.25,93.830002,4300,93.830002
2012-04-18,93.43,93.62,93.09,93.290001,3900,93.290001
2012-04-19,93.84,94.11,93.49,93.580002,4000,93.580002
2012-04-20,93.54,93.7,93.38,93.580002,5900,93.580002
2012-04-23,92.05,92.52,91.79,92.519997,5900,92.519997
2012-04-24,92.85,92.94,92.33,92.419998,3900,92.419998
2012-04-25,92.58,92.58,91,92.449997,12600,92.449997
2012-04-26,92.8,93.6,92.57,93.370003,6000,93.370003
2012-04-27,94.05,94.06,93.83,93.849998,6000,93.849998
2012-04-30,92.87,93.61,92.78,93.580002,7100,93.580002
2012-05-01,94,94,93.39,93.529999,3700,93.529999
2012-05-02,92.74,92.76,92.38,92.730003,4100,92.730003
2012-05-03,91.9,92,91.17,91.559998,6400,91.559998
2012-05-04,91.39,92.14,91.21,91.900002,8400,91.900002
2012-05-07,91.65,91.65,90.77,91.339996,19000,91.339996
2012-05-08,89.83,89.89,88.85,89.599998,16300,89.599998
2012-05-09,88.28,88.98,88,88.709999,13200,88.709999
2012-05-10,89.09,89.27,88.6,88.599998,19400,88.599998
2012-05-11,87.51,88.39,87.31,87.809998,7300,87.809998
2012-05-14,86.79,86.79,86.24,86.279999,10800,86.279999
2012-05-15,86.13,86.26,85.18,85.190002,40000,85.190002
2012-05-16,84.92,85.67,83.88,84.529999,16600,84.529999
2012-05-17,85.67,87.16,85.57,86.739998,27400,86.739998
2012-05-18,87.67,88.4,87.67,87.82,16300,87.82
2012-05-21,87.27,87.91,87.17,87.910004,13000,87.910004
2012-05-22,87.13,87.99,86.41,86.410004,11600,86.410004
2012-05-23,85.75,85.98,84.38,85.980003,12000,85.980003
2012-05-24,86.94,86.94,85.99,86.239998,5700,86.239998
2012-05-25,86.39,87,86.37,86.889999,6600,86.889999
2012-05-29,87.55,87.55,85.49,85.68,7500,85.68
2012-05-30,84.95,86.27,84.5,86.139999,35200,86.139999
2012-05-31,86.15,86.42,85.43,86.029999,6700,86.029999
2012-06-01,87.77,88.82,87.36,88.739998,8100,88.739998
2012-06-04,88.36,88.36,87.72,88.290001,5800,88.290001
2012-06-05,88.22,88.65,88.19,88.650002,3500,88.650002
2012-06-06,90.48,90.8,89.47,89.720001,12700,89.720001
2012-06-07,90.15,90.15,87.4,87.800003,24900,87.800003
2012-06-08,86.81,87.81,86.81,87.720001,5800,87.720001
2012-06-11,87.32,88.1,87.32,88.089996,7400,88.089996
2012-06-12,88.52,89.08,88.44,88.889999,4700,88.889999
2012-06-13,89.37,89.37,88.84,88.959999,7500,88.959999
2012-06-14,89.26,89.26,88.43,89.139999,2100,89.139999
2012-06-15,89.14,89.36,89.01,89.120003,6100,89.120003
2012-06-18,88.78,89.37,88.47,89.209999,4300,89.209999
2012-06-19,89.32,89.35,88.56,88.660004,5700,88.660004
2012-06-20,88.01,88.66,87,87.57,11500,87.57
2012-06-21,86.59,86.59,85,85.099998,10900,85.099998
2012-06-22,85.04,85.34,84.7,85.339996,6900,85.339996
2012-06-25,85.15,86.58,85.15,86.349998,8900,86.349998
2012-06-26,85.81,85.9,85.03,85.400002,4800,85.400002
2012-06-27,85.66,85.66,84.92,85.080002,4400,85.080002
2012-06-28,84.59,84.62,83.25,83.82,13800,83.82
2012-06-29,86.51,86.98,86.05,86.650002,19300,86.650002
2012-07-02,86.32,86.75,86.21,86.589996,5800,86.589996
2012-07-03,88.03,88.49,88.02,88.379997,2300,88.379997
2012-07-05,87,87.55,86.97,87.120003,4500,87.120003
2012-07-06,86.15,86.22,85.37,85.660004,11000,85.660004
2012-07-09,86.1,86.29,85.96,86.139999,7100,86.139999
2012-07-10,86.56,86.56,84.74,84.739998,7500,84.739998
2012-07-11,85.52,85.59,84.88,85.349998,5400,85.349998
2012-07-12,84.28,85.53,84.15,85.309998,4800,85.309998
2012-07-13,85.79,86.5,85.79,86.080002,3300,86.080002
2012-07-16,86.21,86.25,85.88,86.160004,1600,86.160004
2012-07-17,85.74,86.12,84.89,85.709999,8000,85.709999
2012-07-18,85.28,85.66,85.16,85.449997,15500,85.449997
2012-07-19,85.82,86.11,85.62,85.730003,5500,85.730003
2012-07-20,85.06,85.95,85.06,85.839996,3200,85.839996
2012-07-23,84.67,85.19,84.67,85.190002,6300,85.190002
2012-07-24,85.45,85.5,84.66,84.910004,6600,84.910004
2012-07-25,86.1,86.72,85.92,86.410004,4500,86.410004
2012-07-26,87.01,87.12,86.67,86.879997,6600,86.879997
2012-07-27,87.29,87.53,86.86,87.519997,4300,87.519997
2012-07-30,87.51,88,87.18,87.949997,5900,87.949997
2012-07-31,88.16,88.16,87.41,87.43,9900,87.43
2012-08-01,86,86.57,86,86.169998,5500,86.169998
2012-08-02,85.92,86.05,85.41,85.43,6200,85.43
2012-08-03,86.75,86.98,86.37,86.709999,9900,86.709999
2012-08-06,86.92,87.35,86.92,87.330002,1100,87.330002
2012-08-07,87.59,87.6,87.38,87.489998,20500,87.489998
2012-08-08,87.39,87.67,87.38,87.419998,18500,87.419998
2012-08-09,87.44,87.74,87.4,87.739998,9900,87.739998
2012-08-10,87.81,87.81,87.69,87.730003,2200,87.730003
2012-08-13,87.25,87.39,86.92,86.919998,1700,86.919998
2012-08-14,86.59,86.81,86.57,86.650002,7900,86.650002
2012-08-15,86.85,87.07,86.8,86.809998,6800,86.809998
2012-08-16,87.07,87.89,86.84,87.769997,16800,87.769997
2012-08-17,88.13,88.13,87.75,87.949997,7100,87.949997
2012-08-20,87.81,89.06,87.81,89.059998,7500,89.059998
2012-08-21,90.07,90.49,90.07,90.169998,6800,90.169998
2012-08-22,90.61,91,90.1,91,5900,91
2012-08-23,92.71,93.22,92.39,92.830002,34200,92.830002
2012-08-24,92.82,93,92.64,92.849998,10200,92.849998
2012-08-27,93.19,93.57,92.82,92.82,6600,92.82
2012-08-28,92.95,93.1,92.62,92.82,2300,92.82
2012-08-29,92.92,92.92,92.26,92.309998,5100,92.309998
2012-08-30,92.6,92.6,91.49,91.889999,7700,91.889999
2012-08-31,92.35,94.52,91.91,94.510002,7900,94.510002
2012-09-04,95.24,95.58,94.78,95.470001,17600,95.470001
2012-09-05,95.34,95.43,95.03,95.290001,11800,95.290001
2012-09-06,96.13,96.57,95.94,96.050003,15700,96.050003
2012-09-07,97.74,98.39,97.56,98.290001,9800,98.290001
2012-09-10,98.13,98.41,97.62,97.620003,8700,97.620003
2012-09-11,98.37,98.56,97.99,98.019997,13700,98.019997
2012-09-12,98.7,98.7,97,98.029999,12800,98.029999
2012-09-13,98.05,101.04,97.35,100.769997,26100,100.769997
2012-09-14,101.11,101.37,100.78,101.129997,35000,101.129997
2012-09-17,100.78,101.02,99.61,99.690002,18800,99.690002
2012-09-18,100.15,101.11,100.01,100.730003,7400,100.730003
2012-09-19,100.75,100.81,100.37,100.650002,21500,100.650002
2012-09-20,100.16,100.51,99.42,100.5,7700,100.5
2012-09-21,101.58,101.63,100.44,100.669998,14200,100.669998
2012-09-24,99.25,99.84,99.25,99.550003,11800,99.550003
2012-09-25,100.07,100.24,99.06,99.129997,10800,99.129997
2012-09-26,98.52,99.14,97.96,99,28300,99
2012-09-27,99.81,100.9,99.7,100.660004,22000,100.660004
2012-09-28,100.66,100.9,100.08,100.379997,4800,100.379997
2012-10-01,101.16,101.71,100.71,100.82,12500,100.82
2012-10-02,101.01,101.16,100.59,100.75,7800,100.75
2012-10-03,100.94,101.16,100.76,100.849998,7600,100.849998
2012-10-04,101.4,102.05,101.32,101.910004,12400,101.910004
2012-10-05,101.55,101.68,100.6,100.879997,11600,100.879997
2012-10-08,99.98,100.41,99.95,100.279999,10500,100.279999
2012-10-09,100.09,100.2,99.32,99.709999,6400,99.709999
2012-10-10,99.41,99.96,99.41,99.739998,4800,99.739998
2012-10-11,100.06,100.33,99.86,99.870003,7100,99.870003
2012-10-12,99.47,99.58,98.77,98.830002,9300,98.830002
2012-10-15,98.06,98.06,96.85,97.32,10200,97.32
2012-10-16,97.61,97.92,97.49,97.839996,9500,97.839996
2012-10-17,97.98,98.54,97.98,98.370003,7700,98.370003
2012-10-18,97.78,98.08,97.5,97.550003,16200,97.550003
2012-10-19,97.21,97.21,95.76,96.059998,11300,96.059998
2012-10-22,96.29,96.57,96.19,96.57,4300,96.57
2012-10-23,95.3,95.34,94.62,94.75,16800,94.75
2012-10-24,95.2,95.2,94.49,94.610001,11300,94.610001
2012-10-25,95.57,95.65,95.27,95.519997,4800,95.519997
2012-10-26,95.5,95.67,95.17,95.25,5900,95.25
2012-10-31,95.61,96.29,95.61,95.849998,11300,95.849998
2012-11-01,96.25,96.25,95.71,95.709999,7400,95.709999
2012-11-02,94.76,94.76,92.88,93.07,12800,93.07
2012-11-05,93.24,93.54,93.22,93.510002,7200,93.510002
2012-11-06,93.98,95.76,93.73,95.519997,12300,95.519997
2012-11-07,95.51,95.53,94.44,95.269997,8200,95.269997
2012-11-08,95.12,96.42,95.12,96.360001,25000,96.360001
2012-11-09,96.66,96.96,96.4,96.519997,12700,96.519997
2012-11-12,96.56,96.69,96.01,96.169998,4100,96.169998
2012-11-13,95.92,96.92,95.88,96.389999,6700,96.389999
2012-11-14,96.78,97.16,96.34,96.720001,10400,96.720001
2012-11-15,96.7,96.7,95.44,96.099998,8800,96.099998
2012-11-16,95.75,96.1,95.44,95.639999,12100,95.639999
2012-11-19,97.2,97.54,96.96,97.349998,11100,97.349998
2012-11-20,97.4,97.4,96.88,97.220001,4600,97.220001
2012-11-21,97.06,97.59,96.96,97.57,13200,97.57
2012-11-23,97.95,99.41,97.95,99.330002,23000,99.330002
2012-11-26,99.28,99.28,99.02,99.190002,6600,99.190002
2012-11-27,98.93,99.16,98.82,98.82,8000,98.82
2012-11-28,96.59,97.94,96.5,97.940002,25000,97.940002
2012-11-29,98.52,98.91,98.5,98.769997,4900,98.769997
2012-11-30,98.45,98.62,97.11,97.480003,8900,97.480003
2012-12-03,98.5,98.5,97.74,97.910004,13100,97.910004
2012-12-04,96.2,96.7,95.91,96.419998,11000,96.419998
2012-12-05,96.09,96.26,95.7,96.260002,3500,96.260002
2012-12-06,95.96,96.79,95.88,96.629997,6100,96.629997
2012-12-07,96.77,96.93,96.51,96.910004,17100,96.910004
2012-12-10,97.66,97.66,97.31,97.32,4900,97.32
2012-12-11,96.84,97.02,96.76,97.019997,10000,97.019997
2012-12-12,97.48,98.46,96.97,97.730003,12700,97.730003
2012-12-13,95.65,96.28,95.57,96.040001,12300,96.040001
2012-12-14,96.02,96.06,95.67,95.669998,6500,95.669998
2012-12-17,95.66,95.83,95.61,95.760002,6700,95.760002
2012-12-18,95.9,95.9,93.87,94.269997,9200,94.269997
2012-12-19,93.6,94.03,93.45,93.639999,17900,93.639999
2012-12-20,91.93,92.04,90.9,91.550003,16100,91.550003
2012-12-21,91.54,92.15,91.47,91.739998,5900,91.739998
2012-12-24,92.03,92.05,91.59,91.760002,12900,91.760002
2012-12-26,92.32,92.36,91.69,91.949997,9100,91.949997
2012-12-27,91.67,92.45,91.67,92.379997,10000,92.379997
2012-12-28,92.15,93.2,91.64,91.790001,12600,91.790001
2012-12-31,91.91,92.97,91.85,92.809998,19600,92.809998
2013-01-02,94.57,94.78,93.85,93.849998,28300,93.849998
2013-01-03,93.56,93.68,92.26,92.269997,9600,92.269997
2013-01-04,91.3,92.72,91.01,92.040001,17100,92.040001
2013-01-07,91.43,91.78,91.33,91.669998,6900,91.669998
2013-01-08,92.27,92.52,91.92,92.309998,16000,92.309998
2013-01-09,92.39,92.49,91.94,92.43,13100,92.43
2013-01-10,93.21,93.85,93.21,93.690002,9200,93.690002
2013-01-11,93.31,93.31,92.41,92.919998,11200,92.919998
2013-01-14,93.92,94.02,93.5,93.870003,18900,93.870003
2013-01-15,94.5,94.96,94.32,94.629997,11200,94.629997
2013-01-16,94.5,95.01,94.33,94.949997,9400,94.949997
2013-01-17,94.51,95.78,94.5,95.410004,10400,95.410004
2013-01-18,95.86,95.86,95.2,95.360001,6300,95.360001
2013-01-22,95.59,96.32,95.56,96.010002,11700,96.010002
2013-01-23,96.33,96.33,95.8,95.879997,9600,95.879997
2013-01-24,94.99,95.15,94.61,94.660004,8200,94.660004
2013-01-25,94.24,94.25,93.94,93.980003,8300,93.980003
2013-01-28,93.7,93.87,93.24,93.5,20700,93.5
2013-01-29,93.94,94.52,93.94,94.389999,17800,94.389999
2013-01-30,95.57,96.07,95.28,95.440002,28000,95.440002
2013-01-31,94.99,95.1,93.98,94.510002,20800,94.510002
2013-02-01,95.73,95.75,94.54,95.080002,15700,95.080002
2013-02-04,94.52,95.47,94.52,95.169998,7500,95.169998
2013-02-05,95.64,95.66,94.9,95.370003,23700,95.370003
2013-02-06,95.22,95.64,95.22,95.599998,10500,95.599998
2013-02-07,94.96,95.65,94.72,94.910004,16000,94.910004
2013-02-08,94.64,95.09,94.63,94.730003,4300,94.730003
2013-02-11,93.77,93.81,93.31,93.620003,12000,93.620003
2013-02-12,93.37,93.98,93.37,93.970001,9000,93.970001
2013-02-13,93.8,93.85,93.26,93.330002,7600,93.330002
2013-02-14,93.67,93.71,92.41,92.82,32200,92.82
2013-02-15,91.51,91.65,90.62,91.080002,42700,91.080002
2013-02-19,91.22,91.22,90.33,90.620003,17900,90.620003
2013-02-20,89.42,89.47,87.71,88.099998,46600,88.099998
2013-02-21,88.04,88.82,88.02,88.43,10800,88.43
2013-02-22,88.24,88.67,87.91,88.669998,12900,88.669998
2013-02-25,89.21,89.56,89.19,89.410004,9900,89.410004
2013-02-26,89.27,90.54,88.77,90.370003,13800,90.370003
2013-02-27,89.95,89.95,89.11,89.370003,8700,89.370003
2013-02-28,89,89.09,87.92,88.209999,19300,88.209999
2013-03-01,88.37,88.55,87.79,88.029999,39100,88.029999
2013-03-04,88.01,88.25,87.74,87.959999,13100,87.959999
2013-03-05,88.73,88.94,88.04,88.389999,6500,88.389999
2013-03-06,88.25,88.98,88,88.949997,10900,88.949997
2013-03-07,88.95,89.08,88.6,88.739998,10100,88.739998
2013-03-08,88.05,89.31,88,89.080002,7000,89.080002
2013-03-11,88.9,89.13,88.8,89.129997,12800,89.129997
2013-03-12,89.64,89.86,89.59,89.660004,48400,89.660004
2013-03-13,89.74,89.82,89.04,89.190002,13000,89.190002
2013-03-14,88.72,89.25,88.68,89.040001,20600,89.040001
2013-03-15,89.33,89.5,89.1,89.129997,8500,89.129997
2013-03-18,89.86,89.86,89.47,89.57,7900,89.57
2013-03-19,89.46,89.83,89.35,89.57,6400,89.57
2013-03-20,89.48,89.54,89.33,89.43,11700,89.43
2013-03-21,90.14,90.31,90.08,90.099998,16400,90.099998
2013-03-22,89.38,89.56,89.31,89.459999,15700,89.459999
2013-03-25,89.3,89.58,88.96,89.440002,22100,89.440002
2013-03-26,89.17,89.25,88.97,89.139999,7900,89.139999
2013-03-27,88.71,89.5,88.54,89.370003,12500,89.370003
2013-03-28,89,89.13,88.5,88.760002,16000,88.760002
2013-04-01,88.5,88.68,88.24,88.449997,5900,88.449997
2013-04-02,87.5,87.6,86.79,86.940002,30700,86.940002
2013-04-03,86.66,86.85,85.36,85.860001,15000,85.860001
2013-04-04,85.08,85.61,84.9,85.360001,46500,85.360001
2013-04-05,85.94,86.73,85.76,86.610001,19000,86.610001
2013-04-08,86.56,86.57,86.17,86.470001,67400,86.470001
2013-04-09,86.57,87.83,86.57,87.580002,22300,87.580002
2013-04-10,87.15,87.25,86.29,86.360001,57800,86.360001
2013-04-11,86.27,86.93,86.24,86.449997,26200,86.449997
2013-04-12,84.94,85,82.25,82.489998,52100,82.489998
2013-04-15,76.87,77.47,74.24,74.239998,102100,74.239998
2013-04-16,76.56,76.67,75.17,75.650002,32100,75.650002
2013-04-17,75.89,76.49,74.92,75.099998,21300,75.099998
2013-04-18,75.73,76.13,75.46,75.690002,12600,75.690002
2013-04-19,76.61,76.61,75.7,76.080002,12100,76.080002
2013-04-22,77.34,77.36,76.87,77.059998,10600,77.059998
2013-04-23,76.43,76.43,75.78,76.279999,19000,76.279999
2013-04-24,76.73,77.09,76.38,76.959999,17100,76.959999
2013-04-25,78.04,79.66,78.03,79.400002,23200,79.400002
2013-04-26,79.82,80.15,78.49,78.860001,21500,78.860001
2013-04-29,79.83,80.39,79.5,79.949997,19700,79.949997
2013-04-30,79.84,79.95,79.42,79.949997,17200,79.949997
2013-05-01,78.38,79.03,77.62,78.610001,33400,78.610001
2013-05-02,79.29,79.35,79.01,79.110001,3600,79.110001
2013-05-03,79.2,79.92,79.08,79.580002,10600,79.580002
2013-05-06,79.56,79.6,79.13,79.489998,10300,79.489998
2013-05-07,78.24,78.78,78.03,78.769997,9500,78.769997
2013-05-08,79.1,79.55,78.92,79.43,28500,79.43
2013-05-09,79.05,79.6,78.76,78.959999,14100,78.959999
2013-05-10,77.52,78.56,77.25,78.5,21500,78.5
2013-05-13,78.15,78.22,77.86,77.919998,8800,77.919998
2013-05-14,77.48,78.26,77.48,77.800003,6700,77.800003
2013-05-15,76.86,76.86,75.57,75.639999,24600,75.639999
2013-05-16,75.06,75.98,75.06,75.82,15500,75.82
2013-05-17,75.28,75.49,74.18,74.18,31800,74.18
2013-05-20,73.34,76.75,73.32,76.540001,63900,76.540001
2013-05-21,74.44,75.46,74.23,74.949997,9700,74.949997
2013-05-22,75.73,77.06,74.31,74.720001,29100,74.720001
2013-05-23,75.38,75.76,74.95,75.760002,16000,75.760002
2013-05-24,75.31,75.47,75.09,75.089996,3600,75.089996
2013-05-28,75.15,75.96,74.79,75.099998,7200,75.099998
2013-05-29,75.21,75.74,75.21,75.57,9400,75.57
2013-05-30,76.63,77.2,76.6,76.669998,21300,76.669998
2013-05-31,75.86,76,75.11,75.110001,29500,75.110001
2013-06-03,75.83,77.05,75.62,76.690002,11500,76.690002
2013-06-04,75.85,76.12,75.72,76.120003,11600,76.120003
2013-06-05,76.21,76.57,76.09,76.32,11000,76.32
2013-06-06,76.15,77.32,76.12,76.860001,9200,76.860001
2013-06-07,75,75.45,74.47,74.550003,20700,74.550003
2013-06-10,74.67,75.39,74.63,75.110001,5400,75.110001
2013-06-11,74.08,74.63,74,74.5,9200,74.5
2013-06-12,74.35,75.18,74.34,74.879997,11800,74.879997
2013-06-13,74.31,74.72,74.03,74.720001,6800,74.720001
2013-06-14,74.9,75.07,74.79,75,6500,75
2013-06-17,74.6,74.6,74.29,74.470001,7900,74.470001
2013-06-18,73.97,73.98,73.31,73.75,10200,73.75
2013-06-19,73.87,74.7,72.68,72.779999,21700,72.779999
2013-06-20,69.24,69.81,68.21,68.349998,47500,68.349998
2013-06-21,69.28,69.52,68.94,69.339996,19600,69.339996
2013-06-24,68.68,68.88,67.9,68.330002,38100,68.330002
2013-06-25,68.39,68.48,67.98,68.139999,28700,68.139999
2013-06-26,66.13,66.16,64.92,65.260002,26300,65.260002
2013-06-27,65.63,65.8,64.26,64.519997,137000,64.519997
2013-06-28,64.46,66.77,64.46,66.769997,112500,66.769997
2013-07-01,67.27,68.13,67.09,67.779999,11600,67.779999
2013-07-02,67.83,67.85,67.04,67.129997,3900,67.129997
2013-07-03,67.49,68,67.48,67.480003,20900,67.480003
2013-07-05,65.7,65.82,65.25,65.82,17300,65.82
2013-07-08,66.47,66.76,66.47,66.699997,12400,66.699997
2013-07-09,67.33,67.57,66.88,67.199997,13000,67.199997
2013-07-10,67.03,67.82,67.03,67.25,22800,67.25
2013-07-11,69.26,69.58,69.12,69.580002,61100,69.580002
2013-07-12,68.91,69.35,68.91,69.239998,12300,69.239998
2013-07-15,69.19,69.53,69.19,69.529999,7300,69.529999
2013-07-16,69.6,69.89,69.6,69.830002,6700,69.830002
2013-07-17,69.94,70.05,68.26,68.540001,5300,68.540001
2013-07-18,68.83,69.05,68.75,68.790001,9000,68.790001
2013-07-19,69.34,69.46,69.18,69.349998,8800,69.349998
2013-07-22,70.94,71.83,70.94,71.550003,9400,71.550003
2013-07-23,71.12,71.93,71.12,71.910004,8400,71.910004
2013-07-24,71.5,71.52,70.51,70.860001,7500,70.860001
2013-07-25,70.77,71.29,70.77,71.269997,4200,71.269997
2013-07-26,70.78,70.93,70,70.93,4500,70.93
2013-07-29,70.84,71.04,70.71,70.709999,6800,70.709999
2013-07-30,70.36,70.53,70.13,70.440002,15300,70.440002
2013-07-31,70.2,71.07,67.81,70.339996,12000,70.339996
2013-08-01,70.54,70.54,69.85,69.940002,4000,69.940002
2013-08-02,70.06,70.4,70,70,3200,70
2013-08-05,70.08,70.08,69.61,69.68,7300,69.68
2013-08-06,68.97,69.08,68.77,68.769997,9200,68.769997
2013-08-07,68.86,69.13,68.71,68.910004,9400,68.910004
2013-08-08,69.82,70.91,69.76,70.830002,6000,70.830002
2013-08-09,70.9,71.28,70.77,71.110001,3200,71.110001
2013-08-12,72.81,73.04,72.7,72.720001,13300,72.720001
2013-08-13,72.82,72.82,72.27,72.519997,19800,72.519997
2013-08-14,72.37,73.38,72.37,73.279999,19500,73.279999
2013-08-15,73.1,75.91,73.01,75.519997,17500,75.519997
2013-08-16,76.21,76.36,75.54,76.080002,20100,76.080002
2013-08-19,76.04,76.05,75.58,75.779999,10000,75.779999
2013-08-20,76.06,76.15,75.73,75.769997,17600,75.769997
2013-08-21,75.51,76.1,75.4,75.699997,5100,75.699997
2013-08-22,76.01,76.4,75.9,76.080002,4500,76.080002
2013-08-23,76.06,77.76,76.06,77.660004,10400,77.660004
2013-08-26,77.76,78.15,77.43,78.110001,10100,78.110001
2013-08-27,78.9,79.16,78.62,78.620003,33100,78.620003
2013-08-28,78.81,78.88,78.51,78.510002,9400,78.510002
2013-08-29,77.9,78.09,77.49,77.650002,12400,77.650002
2013-08-30,76.55,77.26,76.55,76.75,6800,76.75
2013-09-03,78.03,78.43,77.92,78.209999,99900,78.209999
2013-09-04,76.67,76.67,76.13,76.349998,5600,76.349998
2013-09-05,76.3,76.3,75.13,75.349998,8500,75.349998
2013-09-06,76.38,76.83,76.38,76.690002,6100,76.690002
2013-09-09,76.58,76.6,76.32,76.349998,7300,76.349998
2013-09-10,74.67,75.08,74.66,75.029999,10600,75.029999
2013-09-11,75.16,75.16,75,75.07,7800,75.07
2013-09-12,73.15,73.17,72.37,72.370003,45900,72.370003
2013-09-13,72.17,72.82,71.77,72.82,4700,72.82
2013-09-16,72.59,72.8,71.78,71.82,89600,71.82
2013-09-17,72.04,72.09,71.76,71.830002,25000,71.830002
2013-09-18,71.25,75.4,70.92,75.239998,18900,75.239998
2013-09-19,75.39,75.86,75.16,75.459999,12300,75.459999
2013-09-20,74.18,74.26,72.54,72.57,30800,72.57
2013-09-23,72.1,72.68,72.1,72.209999,21700,72.209999
2013-09-24,71.56,72.44,71.56,72.239998,16700,72.239998
2013-09-25,72.18,73,72.18,72.639999,6700,72.639999
2013-09-26,72.62,72.68,72.11,72.209999,7400,72.209999
2013-09-27,72.92,72.92,72.7,72.699997,2400,72.699997
2013-09-30,72.17,72.77,72.14,72.379997,24700,72.379997
2013-10-01,70.58,70.71,69.82,70.550003,18400,70.550003
2013-10-02,71.05,72.32,71.04,72,4600,72
2013-10-03,71.63,71.91,71.15,71.75,7800,71.75
2013-10-04,71.82,71.82,71.39,71.599998,4200,71.599998
2013-10-07,72.02,73.02,72.01,72.699997,8600,72.699997
2013-10-08,73.05,73.22,72.65,72.650002,7600,72.650002
2013-10-09,71.73,71.93,71.29,71.610001,7200,71.610001
2013-10-10,71.39,71.72,70.96,70.959999,12100,70.959999
2013-10-11,69.94,69.95,69.68,69.919998,8300,69.919998
2013-10-14,70.65,70.79,70.11,70.110001,23300,70.110001
2013-10-15,69.74,70.66,69.65,70.459999,24400,70.459999
2013-10-16,70.22,70.55,69.9,70.43,18500,70.43
2013-10-17,72.03,72.66,72.03,72.410004,8700,72.410004
2013-10-18,72.37,72.63,72.28,72.339996,5500,72.339996
2013-10-21,72.88,72.92,72.74,72.760002,3200,72.760002
2013-10-22,74.16,74.28,74.06,74.07,22700,74.07
2013-10-23,73.58,73.9,73.58,73.639999,2900,73.639999
2013-10-24,74.05,74.54,74.05,74.190002,9800,74.190002
2013-10-25,73.67,74.28,73.67,74.279999,1600,74.279999
2013-10-28,74.16,74.55,74.08,74.260002,4500,74.260002
2013-10-29,74.21,74.41,73.91,74.040001,6700,74.040001
2013-10-30,74.99,75.11,73.42,74.190002,9500,74.190002
2013-10-31,72.88,73.11,72.47,72.760002,7000,72.760002
2013-11-01,72.36,72.54,72.07,72.489998,21700,72.489998
2013-11-04,72.49,72.49,72.13,72.199997,3300,72.199997
2013-11-05,72.16,72.21,71.9,72.190002,3300,72.190002
2013-11-06,72.53,72.71,72.46,72.620003,12300,72.620003
2013-11-07,71.92,72.19,71.91,71.940002,4400,71.940002
2013-11-08,71.31,71.31,70.93,71.190002,19800,71.190002
2013-11-11,70.87,70.99,70.79,70.980003,7700,70.980003
2013-11-12,70.38,70.67,69.5,69.699997,46200,69.699997
2013-11-13,69.84,69.9,69.43,69.650002,3500,69.650002
2013-11-14,70.16,70.57,70.16,70.440002,11900,70.440002
2013-11-15,70.22,70.35,70.2,70.339996,5000,70.339996
2013-11-18,70,70.01,69.13,69.25,16900,69.25
2013-11-19,69.28,69.54,69.16,69.32,6700,69.32
2013-11-20,68.69,69,67.66,67.720001,22700,67.720001
2013-11-21,67.58,68.06,67.56,67.790001,65800,67.790001
2013-11-22,67.87,67.94,67.58,67.669998,20300,67.669998
2013-11-25,67.46,68.2,67.39,68,25600,68
2013-11-26,67.65,67.88,67.46,67.580002,15600,67.580002
2013-11-27,67.84,67.92,67.1,67.18,10800,67.18
2013-11-29,67.96,68.22,67.93,67.93,5100,67.93
2013-12-02,66.98,67.13,66,66,34300,66
2013-12-03,65.85,66.28,65.85,66.059998,86900,66.059998
2013-12-04,66.68,67.89,66.4,67.510002,65800,67.510002
2013-12-05,66.49,67.22,66.29,66.68,19300,66.68
2013-12-06,66.95,67.19,66.7,66.82,13500,66.82
2013-12-09,67.24,67.88,67.24,67.739998,104300,67.739998
2013-12-10,69.06,69.06,68.73,68.989998,17900,68.989998
2013-12-11,68.98,69.03,68.55,68.57,1512700,68.57
2013-12-12,66.85,66.92,66.65,66.720001,17800,66.720001
2013-12-13,67.26,67.35,67.02,67.25,16100,67.25
2013-12-16,67.11,68.26,67.06,67.57,67300,67.57
2013-12-17,67.13,67.53,67,67.050003,60500,67.050003
2013-12-18,67.32,67.86,66.55,66.550003,37300,66.550003
2013-12-19,65.52,65.52,64.94,64.959999,277600,64.959999
2013-12-20,65.27,65.86,65.15,65.57,62500,65.57
2013-12-23,65.55,65.78,65.43,65.550003,63500,65.550003
2013-12-24,65.56,65.9,65.56,65.739998,24400,65.739998
2013-12-26,66.74,66.78,66.32,66.379997,55100,66.379997
2013-12-27,66.94,67.01,66.86,66.940002,48300,66.940002
2013-12-30,66.32,66.33,65.75,65.900002,94300,65.900002
2013-12-31,64.78,66.66,64.78,66.050003,72100,66.050003
2014-01-02,67.48,67.84,67.3,67.400002,32100,67.400002
2014-01-03,67.73,68.13,67.73,67.940002,10700,67.940002
2014-01-06,68.26,68.35,67.6,68.160004,30300,68.160004
2014-01-07,67.22,67.61,67.19,67.610001,12600,67.610001
2014-01-08,66.91,67.2,66.69,67.199997,24800,67.199997
2014-01-09,67.59,67.59,66.96,67.18,11000,67.18
2014-01-10,68.09,68.45,68.09,68.43,24900,68.43
2014-01-13,68.28,68.99,68.28,68.970001,10000,68.970001
2014-01-14,68.74,69.01,68.17,68.239998,24200,68.239998
2014-01-15,67.84,68.25,67.82,68.190002,9200,68.190002
2014-01-16,68.22,68.25,68.14,68.139999,5800,68.139999
2014-01-17,68.6,69.08,68.6,68.919998,57300,68.919998
2014-01-21,67.78,68.2,67.78,68.080002,34900,68.080002
2014-01-22,68.07,68.16,67.74,67.739998,7600,67.739998
2014-01-23,68.82,69.2,68.64,68.779999,12600,68.779999
2014-01-24,68.84,69.1,68.35,68.779999,19300,68.779999
2014-01-27,68.42,68.47,67.77,67.800003,20300,67.800003
2014-01-28,68.15,68.15,67.51,67.800003,41200,67.800003
2014-01-29,68.53,68.56,67.86,68.389999,1545400,68.389999
2014-01-30,66.84,66.95,66.64,66.699997,93000,66.699997
2014-01-31,67.14,67.26,66.54,66.809998,71800,66.809998
2014-02-03,67.17,67.9,67.11,67.360001,43700,67.360001
2014-02-04,67.09,67.5,67.09,67.5,8000,67.5
2014-02-05,68.19,68.21,67.7,68,10400,68
2014-02-06,68.18,68.18,67.9,68.07,8800,68.07
2014-02-07,68.05,68.48,68.05,68.419998,10200,68.419998
2014-02-10,68.98,69,68.76,68.769997,28300,68.769997
2014-02-11,68.9,69.5,68.89,69.370003,17200,69.370003
2014-02-12,69.42,69.89,69.37,69.550003,8500,69.550003
2014-02-13,69.55,70.29,69.55,70.290001,5900,70.290001
2014-02-14,71.58,71.88,71.47,71.879997,21500,71.879997
2014-02-18,72.08,72.48,71.96,72.470001,13800,72.470001
2014-02-19,72.2,72.42,71.62,71.620003,85700,71.620003
2014-02-20,72.01,72.39,71.75,72.379997,14900,72.379997
2014-02-21,72.39,72.63,72.11,72.470001,8200,72.470001
2014-02-24,73,73.28,72.94,73.120003,43200,73.120003
2014-02-25,72.68,73.23,72.68,72.959999,15200,72.959999
2014-02-26,72.37,72.37,71.77,71.849998,22800,71.849998
2014-02-27,72.12,72.33,71.93,72.099998,7400,72.099998
2014-02-28,72.09,72.12,71.64,71.800003,7500,71.800003
2014-03-03,72.88,73.24,72.86,73,19700,73
2014-03-04,72.15,72.49,72.02,72.309998,199700,72.309998
2014-03-05,72.58,72.79,72.48,72.550003,9400,72.550003
2014-03-06,73.02,73.43,72.98,73.309998,13700,73.309998
2014-03-07,71.95,72.46,71.85,72.339996,16500,72.339996
2014-03-10,72.04,72.5,72.04,72.290001,10900,72.290001
2014-03-11,72.92,72.92,72.18,72.379997,16300,72.379997
2014-03-12,73.27,73.67,73.11,73.489998,13600,73.489998
2014-03-13,73.27,73.75,73.27,73.550003,11300,73.550003
2014-03-14,74.56,74.64,73.8,74.080002,9400,74.080002
2014-03-17,73.82,74.03,73.09,73.25,16800,73.25
2014-03-18,72.3,72.81,72.3,72.480003,8300,72.480003
2014-03-19,72.04,72.12,71.4,71.400002,14000,71.400002
2014-03-20,71.05,71.33,70.89,71.010002,14700,71.010002
2014-03-21,71.62,71.62,71.31,71.5,8800,71.5
2014-03-24,70.63,70.86,70.2,70.230003,100800,70.230003
2014-03-25,70.49,70.6,70.22,70.309998,6600,70.309998
2014-03-26,70.27,70.27,69.47,69.620003,13600,69.620003
2014-03-27,69.32,69.38,68.94,69.190002,10600,69.190002
2014-03-28,69.22,69.47,69.22,69.370003,6900,69.370003
2014-03-31,69.38,69.58,69.05,69.07,5100,69.07
2014-04-01,69.31,69.31,68.92,69.059998,183600,69.059998
2014-04-02,69.85,69.89,69.61,69.610001,4900,69.610001
2014-04-03,69.55,69.55,69.37,69.529999,8300,69.529999
2014-04-04,70.08,70.37,69.92,70.040001,5800,70.040001
2014-04-07,69.66,70,69.51,69.660004,11500,69.660004
2014-04-08,70.29,70.34,70.14,70.139999,7300,70.139999
2014-04-09,69.78,70.23,69.71,70.160004,10800,70.160004
2014-04-10,70.92,70.92,70.65,70.690002,12100,70.690002
2014-04-11,70.7,70.88,70.64,70.720001,9500,70.720001
2014-04-14,71.15,71.29,70.98,71.029999,9300,71.029999
2014-04-15,69.37,69.84,69.17,69.730003,19600,69.730003
2014-04-16,69.77,69.79,69.63,69.790001,8100,69.790001
2014-04-17,69.66,69.7,69.33,69.349998,18000,69.349998
2014-04-21,68.92,68.92,68.65,68.839996,7100,68.839996
2014-04-22,68.99,68.99,68.55,68.800003,14900,68.800003
2014-04-23,68.85,68.85,68.7,68.760002,4900,68.760002
2014-04-24,68.56,69.6,68.56,69.379997,9300,69.379997
2014-04-25,69.84,70,69.7,69.800003,6900,69.800003
2014-04-28,69.73,69.73,69.25,69.419998,16900,69.419998
2014-04-29,69.37,69.58,69.35,69.440002,15200,69.440002
2014-04-30,68.69,69.18,68.66,68.940002,16700,68.940002
2014-05-01,68.31,68.62,68.25,68.610001,10200,68.610001
2014-05-02,68.66,69.79,68.53,69.449997,12400,69.449997
2014-05-05,70.09,70.18,69.95,70.120003,9900,70.120003
2014-05-06,70.02,70.09,69.91,69.980003,6300,69.980003
2014-05-07,69.58,69.58,68.92,69.029999,4800,69.029999
2014-05-08,68.94,68.99,68.78,68.860001,7700,68.860001
2014-05-09,68.87,68.87,68.6,68.739998,6400,68.739998
2014-05-12,69.66,69.7,69.45,69.480003,5800,69.480003
2014-05-13,69.64,69.7,69.45,69.519997,13200,69.519997
2014-05-14,70.22,70.34,70.16,70.300003,9300,70.300003
2014-05-15,69.79,69.87,69.45,69.599998,5900,69.599998
2014-05-16,69.18,69.48,69.18,69.349998,7600,69.349998
2014-05-19,69.91,69.91,69.28,69.32,3900,69.32
2014-05-20,69.29,69.63,69.29,69.529999,8400,69.529999
2014-05-21,69.42,69.52,69.15,69.440002,5200,69.440002
2014-05-22,69.95,69.95,69.66,69.669998,5800,69.669998
2014-05-23,69.53,69.67,69.36,69.540001,13600,69.540001
2014-05-27,68.78,68.8,68.27,68.379997,10800,68.379997
2014-05-28,68.07,68.21,67.96,68.089996,6800,68.089996
2014-05-29,67.83,68.09,67.83,68.019997,6700,68.019997
2014-05-30,67.97,67.97,67.12,67.519997,18300,67.519997
2014-06-02,67.23,67.43,67.14,67.190002,8000,67.190002
2014-06-03,67.28,67.44,67.14,67.440002,8600,67.440002
2014-06-04,67.35,67.44,67.21,67.309998,4200,67.309998
2014-06-05,67.82,67.97,67.7,67.900002,9800,67.900002
2014-06-06,67.85,67.94,67.7,67.900002,35200,67.900002
2014-06-09,68.1,68.1,67.88,67.889999,43200,67.889999
2014-06-10,68.31,68.54,68.31,68.440002,14700,68.440002
2014-06-11,68.57,68.63,68.46,68.470001,7100,68.470001
2014-06-12,68.58,68.94,68.46,68.940002,5700,68.940002
2014-06-13,68.89,69.05,68.83,69.040001,6100,69.040001
2014-06-16,69,69.01,68.76,68.760002,3000,68.760002
2014-06-17,68.61,68.96,68.61,68.959999,8900,68.959999
2014-06-18,69.06,69.3,69.03,69.260002,5100,69.260002
2014-06-19,70.23,71.93,70.23,71.75,7100,71.75
2014-06-20,71.5,71.84,71.37,71.510002,5000,71.510002
2014-06-23,71.61,71.72,71.4,71.660004,9800,71.660004
2014-06-24,72.09,72.09,71.76,71.760002,8200,71.760002
2014-06-25,71.81,72.17,71.78,72,6800,72
2014-06-26,71.9,71.99,71.75,71.949997,5200,71.949997
2014-06-27,72,72.22,72,72.089996,5600,72.089996
2014-06-30,71.77,72.44,71.65,72.440002,15000,72.440002
2014-07-01,72.56,72.76,72.5,72.5,9600,72.5
2014-07-02,72.56,72.84,72.56,72.629997,3500,72.629997
2014-07-03,72.41,72.44,72.4,72.400002,2100,72.400002
2014-07-07,71.96,72.24,71.92,72.230003,6200,72.230003
2014-07-08,72.41,72.41,72.06,72.300003,4700,72.300003
2014-07-09,72.53,72.9,72.42,72.699997,22800,72.699997
2014-07-10,73.52,73.52,73.24,73.239998,5400,73.239998
2014-07-11,73.18,73.35,73.18,73.349998,4100,73.349998
2014-07-14,71.74,71.89,71.6,71.82,8200,71.82
2014-07-15,71.84,72,71.06,71.07,7300,71.07
2014-07-16,71.25,71.48,71.21,71.330002,4300,71.330002
2014-07-17,71.62,72.61,71.58,72.400002,4400,72.400002
2014-07-18,71.75,71.88,71.58,71.879997,4200,71.879997
2014-07-21,72.25,72.25,71.9,71.940002,5900,71.940002
2014-07-22,71.92,71.92,71.66,71.75,5300,71.75
2014-07-23,71.69,71.88,71.68,71.709999,3300,71.709999
2014-07-24,71.36,71.36,70.51,70.699997,9700,70.699997
2014-07-25,70.89,71.59,70.84,71.589996,13500,71.589996
2014-07-28,71.46,71.46,71.26,71.449997,3900,71.449997
2014-07-29,71.65,71.65,71,71.300003,3100,71.300003
2014-07-30,71.02,71.11,70.95,71.110001,5800,71.110001
2014-07-31,70.64,70.7,70.32,70.480003,5500,70.480003
2014-08-01,70.78,70.95,70.53,70.580002,5900,70.580002
2014-08-04,70.54,70.54,70.18,70.18,6900,70.18
2014-08-05,69.8,69.91,69.56,69.739998,10900,69.739998
2014-08-06,70.46,70.66,70.46,70.599998,9200,70.599998
2014-08-07,70.36,70.8,70.36,70.720001,11300,70.720001
2014-08-08,70.63,70.8,70.62,70.769997,9400,70.769997
2014-08-11,70.69,70.87,70.57,70.870003,11100,70.870003
2014-08-12,71.09,71.09,70.7,70.779999,5000,70.779999
2014-08-13,70.87,70.97,70.62,70.75,5600,70.75
2014-08-14,70.87,70.97,70.73,70.760002,3800,70.760002
2014-08-15,69.88,70.55,69.79,70.330002,3600,70.330002
2014-08-18,69.91,70.2,69.91,70.040001,5100,70.040001
2014-08-19,70.09,70.09,69.58,69.739998,10600,69.739998
2014-08-20,69.84,69.84,69.36,69.459999,10900,69.459999
2014-08-21,69,69.14,68.9,69.139999,8000,69.139999
2014-08-22,69.07,69.3,68.97,69.290001,6200,69.290001
2014-08-25,69.1,69.12,68.9,69.050003,11500,69.050003
2014-08-26,69.61,69.61,69.19,69.190002,7700,69.190002
2014-08-27,69.42,69.42,69.16,69.260002,29500,69.260002
2014-08-28,69.83,69.83,69.6,69.650002,10800,69.650002
2014-08-29,69.65,69.69,69.49,69.510002,3900,69.510002
2014-09-02,68.65,68.65,68.27,68.400002,10300,68.400002
2014-09-03,68.28,68.57,68.27,68.519997,5800,68.519997
2014-09-04,68.73,68.86,68.15,68.209999,7700,68.209999
2014-09-05,68.4,68.55,68.28,68.550003,5200,68.550003
2014-09-08,68.2,68.2,67.68,67.93,10700,67.93
2014-09-09,67.82,67.82,67.34,67.519997,7100,67.519997
2014-09-10,67.51,67.57,67.14,67.470001,6500,67.470001
2014-09-11,66.94,66.94,66.5,66.779999,9300,66.779999
2014-09-12,66.33,66.46,66.05,66.360001,28200,66.360001
2014-09-15,66.55,66.55,66.33,66.470001,8200,66.470001
2014-09-16,66.52,66.8,66.33,66.620003,4700,66.620003
2014-09-17,66.67,66.67,65.92,65.919998,13600,65.919998
2014-09-18,65.57,66.05,65.56,65.970001,38800,65.970001
2014-09-19,65.59,65.59,64.45,64.849998,123200,64.849998
2014-09-22,64.49,64.82,64.33,64.580002,13200,64.580002
2014-09-23,65.13,65.13,64.77,64.870003,5600,64.870003
2014-09-24,64.64,64.86,64.45,64.57,12100,64.57
2014-09-25,63.98,64.57,63.84,64.5,8400,64.5
2014-09-26,64.19,64.21,64.03,64.18,6000,64.18
2014-09-29,64.31,64.31,64.09,64.160004,8300,64.160004
2014-09-30,63.7,63.89,63.05,63.200001,9200,63.200001
2014-10-01,63.4,64.03,63.4,63.66,38600,63.66
2014-10-02,63.41,63.47,63.18,63.310001,24900,63.310001
2014-10-03,62.47,62.63,62.06,62.150002,45700,62.150002
2014-10-06,62.59,63.33,62.5,63.209999,13300,63.209999
2014-10-07,63.52,63.55,63.35,63.369999,4800,63.369999
2014-10-08,63.85,64.14,63.15,64.139999,5300,64.139999
2014-10-09,64.41,64.68,64.04,64.040001,7500,64.040001
2014-10-10,63.96,63.99,63.7,63.939999,11100,63.939999
2014-10-13,64.23,64.36,64.06,64.360001,7500,64.360001
2014-10-14,64.37,64.5,64.23,64.360001,24400,64.360001
2014-10-15,64.59,65.23,64.32,64.379997,13400,64.379997
2014-10-16,64.02,64.4,63.94,64.279999,9400,64.279999
2014-10-17,64.26,64.28,63.91,64.099998,14400,64.099998
2014-10-20,64.61,64.65,64.47,64.580002,7400,64.580002
2014-10-21,64.87,65.13,64.84,64.919998,7000,64.919998
2014-10-22,64.44,64.49,64.11,64.169998,6500,64.169998
2014-10-23,64.05,64.09,63.8,64.029999,11000,64.029999
2014-10-24,64.23,64.23,63.84,63.939999,11600,63.939999
2014-10-27,63.9,64,63.82,63.82,3900,63.82
2014-10-28,64.4,64.4,63.98,63.98,8400,63.98
2014-10-29,64.06,64.09,63.28,63.360001,25200,63.360001
2014-10-30,62.72,62.72,61.95,62.169998,13500,62.169998
2014-10-31,60.53,61.11,60.27,61.110001,28500,61.110001
2014-11-03,61.07,61.23,60.87,61.049999,30300,61.049999
2014-11-04,60.73,61.06,60.71,60.73,13000,60.73
2014-11-05,59.09,59.51,58.94,58.939999,136300,58.939999
2014-11-06,59,59.32,58.99,59.080002,21500,59.080002
2014-11-07,59.75,60.63,59.75,60.630001,61500,60.630001
2014-11-10,60.35,60.35,59.43,59.43,16200,59.43
2014-11-11,59.64,60.56,59.63,60.279999,10800,60.279999
2014-11-12,60.14,60.27,59.9,59.98,10100,59.98
2014-11-13,60.12,60.18,59.77,59.900002,11000,59.900002
2014-11-14,59.47,61.79,59.33,61.630001,8100,61.630001
2014-11-17,61.18,61.39,61.08,61.330002,9700,61.330002
2014-11-18,61.74,61.75,61.53,61.689999,9900,61.689999
2014-11-19,61.78,61.93,60.85,61.080002,18700,61.080002
2014-11-20,61.49,61.76,61.28,61.720001,8600,61.720001
2014-11-21,62.39,62.54,61.89,62.169998,8900,62.169998
2014-11-24,62.1,62.27,61.93,62.029999,181600,62.029999
2014-11-25,62.27,62.5,62.15,62.490002,24100,62.490002
2014-11-26,62.38,62.43,62.26,62.27,8200,62.27
2014-11-28,61.11,61.12,60.17,60.169998,2700,60.169998
2014-12-01,61.09,63.2,61.09,62.720001,10700,62.720001
2014-12-02,61.91,62.23,61.75,62.18,7900,62.18
2014-12-03,62.28,62.7,62.28,62.450001,11700,62.450001
2014-12-04,62.55,62.74,62.36,62.41,66200,62.41
2014-12-05,62.08,62.08,61.67,61.799999,14500,61.799999
2014-12-08,61.94,62.24,61.68,62.23,42400,62.23
2014-12-09,63.11,64.31,63.11,63.779999,15900,63.779999
2014-12-10,63.9,64.09,63.78,63.869999,20200,63.869999
2014-12-11,63.38,64.01,63.38,63.709999,11900,63.709999
2014-12-12,63.59,63.8,63.4,63.599998,16300,63.599998
2014-12-15,62.86,63.19,61.49,61.68,5300,61.68
2014-12-16,62.3,62.31,60.96,61.119999,6800,61.119999
2014-12-17,61.21,61.6,60.79,60.860001,11800,60.860001
2014-12-18,61.69,61.78,61.2,61.490002,39900,61.490002
2014-12-19,61.39,61.64,61.37,61.509998,35600,61.509998
2014-12-22,61.43,61.54,60.27,60.43,40800,60.43
2014-12-23,60.6,64.27,60.51,60.650002,1647300,60.650002
2014-12-24,60.7,60.72,60.55,60.66,12500,60.66
2014-12-26,61.84,61.92,61.67,61.73,16200,61.73
2014-12-29,61.64,61.64,60.86,61.040001,76100,61.040001
2014-12-30,61.63,62.45,61.63,61.959999,132000,61.959999
2014-12-31,61.7,61.7,60.71,60.880001,57100,60.880001
2015-01-02,60.38,61.41,60.27,61.040001,15200,61.040001
2015-01-05,61.44,62.13,61.44,61.950001,17300,61.950001
2015-01-06,62.34,63.17,62.17,62.939999,81900,62.939999
2015-01-07,62.5,62.81,62.42,62.68,44400,62.68
2015-01-08,62.67,62.73,62.2,62.27,7300,62.27
2015-01-09,62.59,62.98,62.57,62.860001,12300,62.860001
2015-01-12,63.13,63.62,63.05,63.529999,12000,63.529999
2015-01-13,64.28,64.33,63.67,63.860001,249400,63.860001
2015-01-14,63.86,63.95,63.37,63.509998,13800,63.509998
2015-01-15,64.36,64.85,64.25,64.300003,32300,64.300003
2015-01-16,64.75,65.88,64.75,65.610001,15600,65.610001
2015-01-20,66.25,66.79,66.18,66.529999,16000,66.529999
2015-01-21,67.47,67.51,66.43,66.75,28600,66.75
2015-01-22,67.21,67.48,66.81,67.349998,7000,67.349998
2015-01-23,66.98,67,66.45,66.900002,10700,66.900002
2015-01-26,66.41,66.41,65.94,66.059998,11500,66.059998
2015-01-27,66.26,66.91,66.26,66.75,15000,66.75
2015-01-28,66.29,66.66,66.25,66.389999,10200,66.389999
2015-01-29,65.23,65.31,63.8,64.150002,1249500,64.150002
2015-01-30,64.39,65.45,64.2,65.449997,17500,65.449997
2015-02-02,64.87,65.41,64.72,65.050003,23200,65.050003
2015-02-03,65.11,65.22,64.38,64.769997,15100,64.769997
2015-02-04,65.1,65.61,64.98,65.089996,10000,65.089996
2015-02-05,64.69,65.13,64.49,65.089996,11900,65.089996
2015-02-06,63.73,63.92,63.06,63.400002,26800,63.400002
2015-02-09,63.71,63.92,63.69,63.830002,10400,63.830002
2015-02-10,63.46,63.78,63.27,63.380001,13700,63.380001
2015-02-11,63.51,63.51,62.76,62.759998,17000,62.759998
2015-02-12,63.16,63.16,62.85,62.970001,10400,62.970001
2015-02-13,63.7,64.07,63.7,63.73,4400,63.73
2015-02-17,62.2,62.2,61.78,62.18,11300,62.18
2015-02-18,62.03,62.22,61.49,62.139999,51400,62.139999
2015-02-19,62.33,62.33,61.95,61.98,6500,61.98
2015-02-20,62.12,62.18,61.49,61.560001,5300,61.560001
2015-02-23,61.83,62.28,61.59,61.740002,7800,61.740002
2015-02-24,61.64,61.86,61.28,61.630001,9700,61.630001
2015-02-25,62.32,62.32,62.06,62.200001,3800,62.200001
2015-02-26,62.85,62.85,62.3,62.299999,9800,62.299999
2015-02-27,62.84,62.88,62.5,62.5,13800,62.5
2015-03-02,62.7,62.7,62.2,62.220001,9400,62.220001
2015-03-03,62.38,62.61,62,62.029999,10300,62.029999
2015-03-04,62.2,62.2,61.74,61.790001,48800,61.790001
2015-03-05,62.07,62.31,61.7,61.799999,5700,61.799999
2015-03-06,60.85,60.85,60.23,60.32,14900,60.32
2015-03-09,60.59,60.59,60.25,60.25,38600,60.25
2015-03-10,60.3,60.33,59.79,59.82,27600,59.82
2015-03-11,59.51,59.54,58.95,59.369999,9900,59.369999
2015-03-12,59.68,59.68,59.22,59.400002,7800,59.400002
2015-03-13,59.5,59.5,59.24,59.400002,8200,59.400002
2015-03-16,59.56,59.65,59.13,59.369999,12100,59.369999
2015-03-17,58.79,59.42,58.64,58.93,219500,58.93
2015-03-18,59.05,60.3,58.8,60.299999,10900,60.299999
2015-03-19,60.08,60.48,59.96,60.34,38200,60.34
2015-03-20,60.8,61.73,60.78,61.419998,4000,61.419998
2015-03-23,61.73,62.09,61.62,62.060001,22000,62.060001
2015-03-24,61.95,61.95,61.65,61.950001,23900,61.950001
2015-03-25,62.39,62.39,61.98,61.98,48600,61.98
2015-03-26,62.48,62.58,62.3,62.349998,5700,62.349998
2015-03-27,62.25,62.25,61.82,62.110001,6200,62.110001
2015-03-30,61.39,61.39,60.98,61.09,61600,61.09
2015-03-31,61.1,61.34,61.03,61.099998,6000,61.099998
2015-04-01,61.64,62.51,61.64,62.299999,48800,62.299999
2015-04-02,61.93,62.15,61.62,61.889999,10600,61.889999
2015-04-06,63.29,63.29,62.73,62.73,71400,62.73
2015-04-07,62.61,62.61,62.4,62.43,9800,62.43
2015-04-08,62.4,62.4,61.56,61.689999,10400,61.689999
2015-04-09,61.28,61.28,61.12,61.16,9700,61.16
2015-04-10,62.12,62.22,61.84,62,4900,62
2015-04-13,61.68,61.68,61.43,61.439999,9500,61.439999
2015-04-14,61.27,61.52,61.08,61.080002,6000,61.080002
2015-04-15,61.18,61.74,61.07,61.59,11800,61.59
2015-04-16,61.86,61.86,61.26,61.5,10800,61.5
2015-04-17,61.7,61.77,61.57,61.689999,13100,61.689999
2015-04-20,61.1,61.1,60.73,60.950001,16400,60.950001
2015-04-21,61.03,61.34,61,61.189999,5700,61.189999
2015-04-22,60.92,60.92,60.32,60.32,19700,60.32
2015-04-23,60.45,60.92,60.37,60.759998,8200,60.759998
2015-04-24,60.46,60.57,59.99,60.080002,36100,60.080002
2015-04-27,60.68,61.85,60.68,61.689999,8900,61.689999
2015-04-28,61.68,62.4,61.68,62.169998,14100,62.169998
2015-04-29,62.23,62.33,61.87,62,15400,62
2015-04-30,60.66,60.87,60.32,60.869999,15000,60.869999
2015-05-01,60.3,60.67,60.27,60.669998,13000,60.669998
2015-05-04,61.16,61.66,61.16,61.279999,9000,61.279999
2015-05-05,61.98,62.02,61.65,61.689999,7900,61.689999
2015-05-06,61.84,61.84,61.45,61.540001,8600,61.540001
2015-05-07,61.4,61.4,60.94,60.939999,13600,60.939999
2015-05-08,61.52,61.54,61.2,61.470001,3900,61.470001
2015-05-11,61.45,61.48,60.91,60.939999,6500,60.939999
2015-05-12,61.31,61.68,61.3,61.59,6400,61.59
2015-05-13,62.29,63.11,62.29,62.919998,58300,62.919998
2015-05-14,63.4,63.6,63.32,63.400002,13400,63.400002
2015-05-15,63.44,63.8,63.33,63.75,9200,63.75
2015-05-18,64.09,64.14,63.78,63.91,11900,63.91
2015-05-19,63.29,63.31,62.5,62.650002,8900,62.650002
2015-05-20,62.86,62.93,62.7,62.740002,16000,62.740002
2015-05-21,62.57,62.71,62.45,62.709999,7400,62.709999
2015-05-22,62.51,62.67,62.38,62.450001,6600,62.450001
2015-05-26,61.62,61.71,61.38,61.630001,22000,61.630001
2015-05-27,61.53,61.6,61.4,61.509998,9000,61.509998
2015-05-28,61.47,61.57,61.17,61.549999,14900,61.549999
2015-05-29,61.62,61.7,61.49,61.549999,10900,61.549999
2015-06-01,62.12,62.27,61.38,61.419998,17600,61.419998
2015-06-02,61.62,61.75,61.52,61.669998,9600,61.669998
2015-06-03,61.31,61.39,60.73,61,17600,61
2015-06-04,60.57,60.64,60.28,60.389999,8800,60.389999
2015-06-05,59.62,60.15,59.62,60.07,23900,60.07
2015-06-08,60.08,60.08,59.88,60.040001,7000,60.040001
2015-06-09,60.34,60.34,60.06,60.060001,11100,60.060001
2015-06-10,60.73,60.73,60.41,60.439999,19300,60.439999
2015-06-11,60.17,60.36,60.06,60.240002,9200,60.240002
2015-06-12,60.05,60.2,59.94,60.080002,6300,60.080002
2015-06-15,60.14,60.68,60.12,60.369999,6400,60.369999
2015-06-16,60.06,60.12,59.58,60.099998,9000,60.099998
2015-06-17,60.08,60.46,59.8,60.360001,6800,60.360001
2015-06-18,61.06,61.11,60.62,60.799999,9200,60.799999
2015-06-19,60.85,60.87,60.55,60.599998,7600,60.599998
2015-06-22,60.06,60.23,59.95,60.139999,12600,60.139999
2015-06-23,59.56,59.64,59.41,59.560001,10700,59.560001
2015-06-24,59.48,59.54,59.4,59.540001,5000,59.540001
2015-06-25,59.31,59.45,59.26,59.389999,80900,59.389999
2015-06-26,59.12,59.38,59.1,59.380001,6500,59.380001
2015-06-29,59.39,59.4,59.2,59.259998,25500,59.259998
2015-06-30,59.01,59.44,58.85,59.130001,8700,59.130001
2015-07-01,59.11,59.26,58.99,59.040001,58500,59.040001
2015-07-02,58.97,59.03,58.85,58.950001,4700,58.950001
2015-07-06,58.62,59.25,58.62,58.91,3800,58.91
2015-07-07,58.03,58.03,57.34,57.68,75100,57.68
2015-07-08,57.86,57.99,57.75,57.790001,4600,57.790001
2015-07-09,58.49,58.49,58.01,58.060001,5800,58.060001
2015-07-10,58.24,58.55,58.07,58.299999,114000,58.299999
2015-07-13,57.85,58.25,57.76,58.16,9100,58.16
2015-07-14,58.23,58.23,57.82,57.919998,21100,57.919998
2015-07-15,57.35,57.43,57.18,57.389999,7700,57.389999
2015-07-16,57.01,57.22,56.98,57,15300,57
2015-07-17,56.71,56.71,56.31,56.439999,7800,56.439999
2015-07-20,55.59,55.84,55.13,55.189999,97700,55.189999
2015-07-21,55.41,55.79,55.26,55.299999,14200,55.299999
2015-07-22,54.83,55.32,54.72,55.150002,135500,55.150002
2015-07-23,55.33,55.34,54.71,54.709999,29500,54.709999
2015-07-24,54.38,55.31,54.27,55.310001,128400,55.310001
2015-07-27,55.34,55.4,54.87,54.869999,17100,54.869999
2015-07-28,55.04,55.16,55.04,55.130001,13300,55.130001
2015-07-29,55.19,55.47,54.94,55.349998,77400,55.349998
2015-07-30,54.93,55.27,54.83,54.939999,33000,54.939999
2015-07-31,55.37,55.37,55.06,55.060001,8500,55.060001
2015-08-03,54.95,55.04,54.35,54.43,13400,54.43
2015-08-04,54.61,54.79,54.4,54.490002,8200,54.490002
2015-08-05,54.58,54.58,54.27,54.439999,6700,54.439999
2015-08-06,54.49,54.93,54.49,54.650002,11400,54.650002
2015-08-07,54.81,55.38,54.81,54.959999,4700,54.959999
2015-08-10,55.13,56.15,55.11,55.860001,58600,55.860001
2015-08-11,56.14,56.2,55.91,56.09,7900,56.09
2015-08-12,56.43,56.94,56.43,56.93,7800,56.93
2015-08-13,56.42,56.57,56.37,56.439999,17500,56.439999
2015-08-14,56.73,56.88,56.15,56.23,7200,56.23
2015-08-17,56.63,56.63,56.36,56.459999,6300,56.459999
2015-08-18,55.58,55.87,55.5,55.869999,12800,55.869999
2015-08-19,56.23,56.98,56.23,56.91,9200,56.91
2015-08-20,57.47,57.94,57.47,57.759998,16500,57.759998
2015-08-21,57.68,57.8,57.38,57.68,11400,57.68
2015-08-24,56.75,57.28,56.5,56.66,19700,56.66
2015-08-25,56.33,56.33,55.63,55.790001,32300,55.790001
2015-08-26,54.85,54.88,54.58,54.880001,10800,54.880001
2015-08-27,54.85,55.54,54.82,55.43,64600,55.43
2015-08-28,55.73,56.35,55.73,56.09,37100,56.09
2015-08-31,55.79,56.16,55.7,56.16,5100,56.16
2015-09-01,56.38,56.38,56.06,56.07,7800,56.07
2015-09-02,56.26,56.37,55.87,56.080002,13800,56.080002
2015-09-03,55.86,56.1,55.7,55.759998,10600,55.759998
2015-09-04,55.45,55.56,55.3,55.560001,11300,55.560001
2015-09-08,55.89,56.09,55.77,55.900002,5800,55.900002
2015-09-09,55.42,55.42,54.9,55.049999,7700,55.049999
2015-09-10,55.45,55.45,55.23,55.23,6300,55.23
2015-09-11,54.57,55.21,54.24,54.900002,47600,54.900002
2015-09-14,54.65,54.9,54.65,54.810001,31500,54.810001
2015-09-15,54.62,54.85,54.62,54.84,38800,54.84
2015-09-16,55.34,56,55.34,55.860001,32700,55.860001
2015-09-17,55.66,56.64,55.66,56.419998,22400,56.419998
2015-09-18,56.96,56.96,56.62,56.630001,9800,56.630001
2015-09-21,56.52,56.69,56.52,56.52,2800,56.52
2015-09-22,55.67,55.82,55.57,55.779999,3900,55.779999
2015-09-23,56.37,56.37,56.07,56.07,3700,56.07
2015-09-24,56.77,57.43,56.75,57.240002,5300,57.240002
2015-09-25,57.17,57.17,56.96,57.040001,4800,57.040001
2015-09-28,56.02,56.03,55.84,55.84,20100,55.84
2015-09-29,56.08,56.08,55.77,55.849998,4700,55.849998
2015-09-30,55.42,55.65,55.25,55.330002,46700,55.330002
2015-10-01,55.51,55.63,55.32,55.450001,16700,55.450001
2015-10-02,56.43,57,56.43,56.990002,14100,56.990002
2015-10-05,57.56,57.62,57.25,57.25,5400,57.25
2015-10-06,58.05,58.4,58.01,58.040001,7000,58.040001
2015-10-07,58.15,58.39,57.98,58.150002,7800,58.150002
2015-10-08,57.65,58.18,57.56,57.68,10200,57.68
2015-10-09,58.44,58.65,58.37,58.540001,22800,58.540001
2015-10-12,59.09,59.09,58.58,58.650002,4700,58.650002
2015-10-13,58.81,59.01,58.7,58.73,7000,58.73
2015-10-14,59.18,59.84,59.18,59.799999,8000,59.799999
2015-10-15,59.61,59.88,59.5,59.880001,3200,59.880001
2015-10-16,59.67,59.67,59.48,59.5,2700,59.5
2015-10-19,59.26,59.26,58.85,58.849998,5600,58.849998
2015-10-20,59.13,59.34,59.05,59.299999,7000,59.299999
2015-10-21,58.58,58.66,58.44,58.57,4300,58.57
2015-10-22,58.53,58.95,58.53,58.779999,9800,58.779999
2015-10-23,58.89,58.89,58.5,58.779999,18500,58.779999
2015-10-26,58.89,58.89,58.68,58.68,11600,58.68
2015-10-27,58.56,58.83,58.56,58.639999,17900,58.639999
2015-10-28,59.37,59.72,58.23,58.619999,7900,58.619999
2015-10-29,58.09,58.17,57.7,57.84,12800,57.84
2015-10-30,57.74,57.74,57.48,57.580002,6500,57.580002
2015-11-02,56.98,57.18,56.9,57.080002,11500,57.080002
2015-11-03,56.55,56.6,56.21,56.32,8600,56.32
2015-11-04,56.45,56.45,55.67,55.75,11100,55.75
2015-11-05,55.54,55.56,55.33,55.330002,32200,55.330002
2015-11-06,54.72,54.72,54.57,54.650002,12300,54.650002
2015-11-09,54.35,54.42,54.15,54.290001,19500,54.290001
2015-11-10,53.99,54.17,53.86,53.990002,9300,53.990002
2015-11-11,53.81,53.83,53.54,53.540001,12900,53.540001
2015-11-12,53.19,53.79,53.19,53.450001,34900,53.450001
2015-11-13,53.15,53.29,53.09,53.189999,10400,53.189999
2015-11-16,53.3,53.36,53.19,53.34,11400,53.34
2015-11-17,53.24,53.24,52.59,52.740002,147800,52.740002
2015-11-18,52.68,52.77,52.55,52.68,76600,52.68
2015-11-19,52.96,53.41,52.96,53.18,6400,53.18
2015-11-20,53.25,53.26,52.91,53,200800,53
2015-11-23,52.64,52.86,52.53,52.57,65600,52.57
2015-11-24,53.01,53.1,52.79,52.810001,24000,52.810001
2015-11-25,52.58,52.9,52.45,52.799999,14800,52.799999
2015-11-27,52.18,52.5,52.18,52.349998,278200,52.349998
2015-11-30,52.3,52.58,52.3,52.41,23600,52.41
2015-12-01,52.66,52.73,52.41,52.639999,34900,52.639999
2015-12-02,52.16,52.19,51.82,51.900002,68500,51.900002
2015-12-03,52.19,52.53,51.99,52.419998,54700,52.419998
2015-12-04,53.03,53.93,53.02,53.919998,215100,53.919998
2015-12-07,53.52,53.52,52.94,53.009998,87500,53.009998
2015-12-08,53.23,53.23,52.76,52.82,15700,52.82
2015-12-09,53.39,53.39,52.83,52.91,41600,52.91
2015-12-10,52.78,52.85,52.71,52.709999,23800,52.709999
2015-12-11,52.1,52.74,52.1,52.630001,35000,52.630001
2015-12-14,52.6,52.6,52.02,52.029999,16900,52.029999
2015-12-15,52.21,52.39,52.08,52.200001,21500,52.200001
2015-12-16,52.93,53.33,52.73,53.040001,45300,53.040001
2015-12-17,52.06,52.06,51.61,51.639999,63200,51.639999
2015-12-18,52.22,52.85,52.14,52.630001,45500,52.630001
2015-12-21,53.08,53.36,53.08,53.25,28200,53.25
2015-12-22,53.22,53.26,53,53.040001,24500,53.040001
2015-12-23,52.96,53.06,52.84,52.959999,31600,52.959999
2015-12-24,53.17,53.36,53.16,53.330002,14600,53.330002
2015-12-28,52.83,52.83,52.41,52.599998,55400,52.599998
2015-12-29,52.8,52.82,52.6,52.619999,30300,52.619999
2015-12-30,52.14,52.28,52.08,52.119999,33800,52.119999
2015-12-31,52.21,52.48,52.21,52.290001,33200,52.290001
2016-01-04,53.03,53.3,52.6,52.610001,9000,52.610001
2016-01-05,52.88,52.99,52.75,52.869999,10300,52.869999
2016-01-06,53.11,53.23,52.93,53.18,7500,53.18
2016-01-07,53.56,53.84,53.29,53.73,207300,53.73
2016-01-08,53.45,53.45,53.02,53.220001,5600,53.220001
2016-01-11,53.21,53.21,52.59,52.650002,53200,52.650002
2016-01-12,52.35,52.45,52.16,52.400002,41300,52.400002
2016-01-13,52.57,53.04,52.57,52.98,15000,52.98
2016-01-14,52.31,52.37,51.86,52.150002,20200,52.150002
2016-01-15,53.06,53.06,52.46,52.57,15500,52.57
2016-01-19,52.82,52.84,52.54,52.66,21400,52.66
2016-01-20,52.92,53.35,52.92,53.110001,14300,53.110001
2016-01-21,52.86,53.13,52.57,53.09,26900,53.09
2016-01-22,53.14,53.45,52.88,52.93,25200,52.93
2016-01-25,53.49,53.54,53.38,53.509998,9600,53.509998
2016-01-26,53.8,54.38,53.8,54.299999,9800,54.299999
2016-01-27,54.12,54.54,54.01,54.470001,5100,54.470001
2016-01-28,53.84,53.89,53.76,53.810001,10000,53.810001
2016-01-29,53.82,53.99,53.71,53.93,172300,53.93
2016-02-01,54.25,54.48,54.25,54.48,57900,54.48
2016-02-02,54.37,54.45,54.1,54.299999,21000,54.299999
2016-02-03,54.43,55.39,54.43,55.200001,35300,55.200001
2016-02-04,55.88,56.09,55.55,55.959999,15700,55.959999
2016-02-05,55.49,56.6,55.41,56.599998,8100,56.599998
2016-02-08,57.22,57.94,57.22,57.630001,9500,57.630001
2016-02-09,57.82,57.96,57.38,57.380001,14600,57.380001
2016-02-10,57.48,57.76,57.05,57.759998,11800,57.759998
2016-02-11,59.49,60.25,59.2,59.639999,23500,59.639999
2016-02-12,59.38,59.6,59.23,59.490002,49400,59.490002
2016-02-16,58.3,58.3,57.63,57.630001,36500,57.630001
2016-02-17,58.03,58.22,57.92,58,5000,58
2016-02-18,57.81,59.17,57.81,59.169998,6800,59.169998
2016-02-19,58.59,58.8,58.49,58.619999,7000,58.619999
2016-02-22,57.63,57.92,57.56,57.700001,12500,57.700001
2016-02-23,58.18,58.5,58.18,58.34,6900,58.34
2016-02-24,59.23,59.45,58.31,58.369999,10200,58.369999
2016-02-25,58.23,58.61,58.23,58.450001,13200,58.450001
2016-02-26,58.13,58.17,57.37,57.599998,4400,57.599998
2016-02-29,57.85,58.4,57.81,58.400002,5600,58.400002
2016-03-01,58.59,58.59,58,58.419998,6600,58.419998
2016-03-02,58.4,58.7,58.4,58.57,11900,58.57
2016-03-03,58.7,59.81,58.7,59.740002,6500,59.740002
2016-03-04,60.08,60.74,60,60.209999,16400,60.209999
2016-03-07,60.59,60.83,60.41,60.720001,7700,60.720001
2016-03-08,60.85,60.85,60.04,60.040001,9300,60.040001
2016-03-09,59.4,60.02,59.34,59.59,7200,59.59
2016-03-10,60.09,60.67,60.09,60.610001,5300,60.610001
2016-03-11,60.61,60.65,59.91,59.91,8400,59.91
2016-03-14,60.54,60.54,59.03,59.099998,20400,59.099998
2016-03-15,59,59.16,58.89,59.130001,8800,59.130001
2016-03-16,58.98,60.44,58.94,60.439999,5400,60.439999
2016-03-17,61.02,61.15,60.69,60.689999,13200,60.689999
2016-03-18,60.43,60.58,60.36,60.41,8000,60.41
2016-03-21,60.27,60.38,60.17,60.23,10700,60.23
2016-03-22,60.64,60.82,60.44,60.509998,12100,60.509998
2016-03-23,59.05,59.05,58.67,58.990002,7900,58.990002
2016-03-24,58.91,58.91,58.62,58.619999,6100,58.619999
2016-03-28,58.85,58.85,58.53,58.599998,10200,58.599998
2016-03-29,58.93,59.53,58.66,59.490002,6900,59.490002
2016-03-30,59.17,59.36,58.77,58.77,8400,58.77
2016-03-31,59.51,59.56,59.22,59.279999,8100,59.279999
2016-04-01,58.2,58.57,57.92,58.470001,6300,58.470001
2016-04-04,58.46,58.46,58.03,58.029999,12200,58.029999
2016-04-05,58.87,58.87,58.5,58.720001,21600,58.720001
2016-04-06,58.31,58.44,58.25,58.369999,5800,58.369999
2016-04-07,59.21,59.27,58.89,59,4100,59
2016-04-08,58.96,59.3,58.96,59.169998,19800,59.169998
2016-04-11,60.04,60.54,60.04,60.540001,7800,60.540001
2016-04-12,60.76,60.8,60.48,60.77,14100,60.77
2016-04-13,60.63,60.63,60.17,60.389999,6700,60.389999
2016-04-14,60.19,60.19,59.77,59.82,5300,59.82
2016-04-15,59.92,60.37,59.92,60.240002,7900,60.240002
2016-04-18,60.44,60.44,60.07,60.130001,13200,60.130001
2016-04-19,61.75,61.82,61.6,61.610001,7500,61.610001
2016-04-20,61.9,62.14,61.52,61.540001,12000,61.540001
2016-04-21,62.5,62.5,61.7,61.939999,17700,61.939999
2016-04-22,61.85,62.04,61,61.27,7900,61.27
2016-04-25,61.48,61.66,61.36,61.529999,16500,61.529999
2016-04-26,61.7,61.75,61.56,61.73,10000,61.73
2016-04-27,61.94,62.18,61.73,61.990002,9800,61.990002
2016-04-28,62.42,63.37,62.42,63.32,60400,63.32
2016-04-29,64,64.5,63.98,64.370003,15400,64.370003
2016-05-02,64.42,64.49,63.83,63.93,23500,63.93
2016-05-03,64.15,64.15,63.32,63.549999,16700,63.549999
2016-05-04,63.46,63.61,62.84,63.23,36300,63.23
2016-05-05,63.69,63.69,62.79,63.169998,14000,63.169998
2016-05-06,63.47,64.05,63.43,63.759998,12500,63.759998
2016-05-09,62.59,62.59,62.13,62.130001,15400,62.130001
2016-05-10,62.42,62.66,62.18,62.560001,26500,62.560001
2016-05-11,63.32,63.4,63,63.360001,24200,63.360001
2016-05-12,63.3,63.3,62.5,62.529999,16400,62.529999
2016-05-13,62.46,62.75,62.26,62.689999,13100,62.689999
2016-05-16,63.44,63.44,62.67,62.799999,23100,62.799999
2016-05-17,62.68,63.13,62.62,63.009998,16900,63.009998
2016-05-18,62.31,62.66,61.64,61.830002,15400,61.830002
2016-05-19,60.8,61.22,60.68,61.09,17700,61.09
2016-05-20,61.51,61.51,60.89,61.130001,16400,61.130001
2016-05-23,60.62,60.95,60.62,60.82,8600,60.82
2016-05-24,60.32,60.35,59.85,59.860001,21700,59.860001
2016-05-25,59.7,59.85,59.59,59.830002,18300,59.830002
2016-05-26,60.4,60.4,59.69,59.810001,19000,59.810001
2016-05-27,59.71,59.71,59.14,59.220001,12200,59.220001
2016-05-31,59.17,59.36,59.11,59.279999,5500,59.279999
2016-06-01,59.18,59.22,58.9,59.09,8300,59.09
2016-06-02,59.11,59.11,58.96,59.009998,9400,59.009998
2016-06-03,60.36,60.53,60.31,60.529999,11100,60.529999
2016-06-06,60.7,60.79,60.48,60.779999,9200,60.779999
2016-06-07,60.36,60.76,60.36,60.669998,13900,60.669998
2016-06-08,61.9,61.97,61.73,61.939999,8500,61.939999
2016-06-09,61.94,62.48,61.94,62.41,12600,62.41
2016-06-10,62.45,62.62,62.06,62.459999,20600,62.459999
2016-06-13,62.79,62.87,62.57,62.799999,21300,62.799999
2016-06-14,62.9,62.9,62.49,62.669998,50700,62.669998
2016-06-15,62.77,63.24,62.67,63.099998,16400,63.099998
2016-06-16,63.9,63.97,62.24,62.25,15500,62.25
2016-06-17,62.88,63.11,62.52,63.080002,19600,63.080002
2016-06-20,62.58,63.06,62.58,63.060001,38900,63.060001
2016-06-21,62.34,62.34,61.92,62.009998,15600,62.009998
2016-06-22,62.09,62.27,62.03,62.099998,16600,62.099998
2016-06-23,62.01,62.25,62.01,62.040001,18600,62.040001
2016-06-24,64.55,64.55,63.81,64.160004,27100,64.160004
2016-06-27,64.39,64.48,63.98,64.389999,35100,64.389999
2016-06-28,64.13,64.29,63.93,64.139999,57200,64.139999
2016-06-29,64.95,65.34,64.95,65.07,26600,65.07
2016-06-30,65.19,65.81,65.05,65.779999,52700,65.779999
2016-07-01,66.74,67.61,66.74,67.580002,130700,67.580002
2016-07-05,67.9,68.28,67.6,68.25,56900,68.25
2016-07-06,68.52,68.95,68.39,68.690002,34400,68.690002
2016-07-07,68.34,68.34,67.68,68.150002,29400,68.150002
2016-07-08,68.38,68.97,68.01,68.970001,154800,68.970001
2016-07-11,68.73,69,68.64,68.75,45600,68.75
2016-07-12,68.58,68.59,67.61,67.809998,50200,67.809998
2016-07-13,68.48,68.64,68.19,68.639999,106200,68.639999
2016-07-14,67.75,68.31,67.63,68.309998,80600,68.309998
2016-07-15,67.75,68.02,67.7,67.870003,33100,67.870003
2016-07-18,67.69,67.95,67.67,67.949997,28000,67.949997
2016-07-19,67.73,67.94,67.64,67.849998,34500,67.849998
2016-07-20,66.8,67.17,66.7,66.739998,37900,66.739998
2016-07-21,66.87,68.01,66.87,67.980003,28100,67.980003
2016-07-22,67.5,67.55,67.24,67.419998,20200,67.419998
2016-07-25,66.96,67.45,66.74,67,19700,67
2016-07-26,67.45,67.45,67.33,67.389999,14600,67.389999
2016-07-27,68.1,68.98,67.89,68.970001,29400,68.970001
2016-07-28,69.03,69.05,68.46,68.75,24400,68.75
2016-07-29,69.12,69.54,68.78,69.5,39200,69.5
2016-08-01,69.49,69.75,69.42,69.629997,24600,69.629997
2016-08-02,70.26,70.35,70.12,70.18,107600,70.18
2016-08-03,69.96,69.96,69.59,69.709999,77500,69.709999
2016-08-04,69.71,69.9,69.64,69.690002,35000,69.690002
2016-08-05,68.73,68.73,68.16,68.18,24900,68.18
2016-08-08,68.16,68.36,68.13,68.190002,23600,68.190002
2016-08-09,68.44,68.53,68.32,68.489998,21000,68.489998
2016-08-10,69.61,69.63,69.15,69.260002,46800,69.260002
2016-08-11,69.15,69.28,68.33,68.379997,45900,68.379997
2016-08-12,69.11,69.12,67.9,67.959999,31800,67.959999
2016-08-15,68.07,68.34,68.03,68.230003,17200,68.230003
2016-08-16,68.27,68.74,68.24,68.440002,28800,68.440002
2016-08-17,68.23,68.47,67.73,68.300003,39100,68.300003
2016-08-18,68.52,68.76,68.48,68.669998,27400,68.669998
2016-08-19,67.93,68.17,67.79,67.790001,22800,67.790001
2016-08-22,67.35,67.35,67.04,67.160004,19000,67.160004
2016-08-23,67.46,67.47,67.15,67.169998,21800,67.169998
2016-08-24,66.65,66.65,66.19,66.220001,30400,66.220001
2016-08-25,66.25,66.34,65.96,66.209999,25500,66.209999
2016-08-26,66.66,67.29,66.19,66.25,28800,66.25
2016-08-29,66.14,66.63,66.14,66.510002,32100,66.510002
2016-08-30,66.25,66.25,65.72,65.760002,22700,65.760002
2016-08-31,65.61,65.84,65.61,65.650002,14500,65.650002
2016-09-01,65.62,66.05,65.21,66.010002,21900,66.010002
2016-09-02,66.8,67.07,66.45,67.07,18300,67.07
2016-09-06,67.81,68.8,67.7,68.720001,13800,68.720001
2016-09-07,68.64,68.64,68.11,68.190002,45200,68.190002
2016-09-08,68.18,68.32,67.64,67.75,19200,67.75
2016-09-09,67.44,67.44,66.82,66.82,97100,66.82
2016-09-12,66.33,66.8,66.08,66.75,19700,66.75
2016-09-13,66.54,66.54,65.88,66.059998,15000,66.059998
2016-09-14,66.22,66.49,66.21,66.279999,17300,66.279999
2016-09-15,66.14,66.37,65.71,66.029999,15500,66.029999
2016-09-16,65.54,65.78,65.53,65.769997,104900,65.769997
2016-09-19,66.53,66.53,66.33,66.339996,37200,66.339996
2016-09-20,66.29,66.61,66.17,66.440002,34900,66.440002
2016-09-21,67.22,67.81,67.11,67.800003,26200,67.800003
2016-09-22,68.13,68.34,67.95,67.970001,38200,67.970001
2016-09-23,67.93,68.03,67.64,67.769997,25300,67.769997
2016-09-26,67.74,67.79,67.26,67.260002,23400,67.260002
2016-09-27,66.97,66.97,66.53,66.779999,18900,66.779999
2016-09-28,66.55,66.86,66.48,66.760002,12700,66.760002
2016-09-29,66.53,66.81,66.4,66.629997,10900,66.629997
2016-09-30,67.51,67.51,66.45,66.650002,20100,66.650002
2016-10-03,66.32,66.36,65.79,65.949997,59000,65.949997
2016-10-04,65,65,63.38,63.470001,146500,63.470001
2016-10-05,63.61,63.61,62.85,63.18,58000,63.18
2016-10-06,62.37,62.43,61.93,62.220001,52400,62.220001
2016-10-07,62.83,62.91,61.69,62.470001,15900,62.470001
2016-10-10,62.78,62.9,62.66,62.73,11800,62.73
2016-10-11,62.6,62.6,62.22,62.220001,17900,62.220001
2016-10-12,62.34,63.49,62.09,62.330002,13500,62.330002
2016-10-13,62.33,62.45,62.18,62.349998,27400,62.349998
2016-10-14,62.06,62.44,61.96,62.09,16700,62.09
2016-10-17,62.05,62.22,62.05,62.139999,15500,62.139999
2016-10-18,62.49,62.76,62.35,62.610001,24400,62.610001
2016-10-19,62.91,63,62.74,62.779999,23500,62.779999
2016-10-20,62.92,62.92,62.4,62.540001,14100,62.540001
2016-10-21,62.49,62.51,62.33,62.490002,15500,62.490002
2016-10-24,63.11,63.11,62.36,62.560001,16200,62.560001
2016-10-25,62.82,63.25,62.82,63.16,14900,63.16
2016-10-26,63.03,63.1,62.61,62.689999,14800,62.689999
2016-10-27,62.8,62.8,62.62,62.75,11100,62.75
2016-10-28,62.93,63.53,62.71,63.150002,15100,63.150002
2016-10-31,63.13,63.34,63.03,63.34,23100,63.34
2016-11-01,64.24,64.5,64.12,64.209999,17100,64.209999
2016-11-02,64.74,65.2,64.64,64.669998,53700,64.669998
2016-11-03,64.19,64.64,64.15,64.57,16800,64.57
2016-11-04,64.78,64.83,64.58,64.779999,62500,64.779999
2016-11-07,64.13,64.13,63.75,64.040001,23200,64.040001
2016-11-08,64.19,64.77,63.95,64.050003,21800,64.050003
2016-11-09,65.6,65.6,64,64.150002,37000,64.150002
2016-11-10,64.39,64.39,63.66,63.75,38400,63.75
2016-11-11,63.58,63.58,61.11,61.439999,78500,61.439999
2016-11-14,60.86,61.16,60.28,60.73,81900,60.73
2016-11-15,60.99,61.37,60.88,61.34,36700,61.34
2016-11-16,61.5,61.5,61.09,61.189999,16500,61.189999
2016-11-17,61.32,61.49,60.51,60.560001,36600,60.560001
2016-11-18,60.44,60.49,60.04,60.290001,69000,60.290001
2016-11-21,60.59,60.7,60.33,60.439999,52000,60.439999
2016-11-22,60.67,60.83,60.46,60.66,23100,60.66
2016-11-23,59.7,59.79,59.11,59.59,138600,59.59
2016-11-25,59.77,59.8,59.34,59.43,22800,59.43
2016-11-28,59.75,60.1,59.6,60.09,27900,60.09
2016-11-29,59.61,60.1,59.61,60,28500,60
2016-11-30,59.84,59.86,59.3,59.380001,49000,59.380001
2016-12-01,58.95,59.55,58.76,59.27,128400,59.27
2016-12-02,59.41,59.77,59.31,59.560001,27800,59.560001
2016-12-05,59.21,59.8,58.87,59.5,64600,59.5
2016-12-06,59.49,59.8,59.35,59.360001,24800,59.360001
2016-12-07,60.06,60.28,59.94,59.950001,61800,59.950001
2016-12-08,59.81,59.93,59.61,59.779999,22300,59.779999
2016-12-09,59.67,59.67,59.05,59.119999,16900,59.119999
2016-12-12,59.6,59.72,59.41,59.450001,91300,59.450001
2016-12-13,59.44,59.52,58.99,59.299999,35000,59.299999
2016-12-14,59.63,60.68,58.48,58.57,39700,58.57
2016-12-15,57.53,57.53,56.86,57.040001,225300,57.040001
2016-12-16,57.28,57.84,56.97,57.439999,135400,57.439999
2016-12-19,57.57,57.57,57.25,57.400002,124900,57.400002
2016-12-20,56.57,57.2,56.52,57.169998,65900,57.169998
2016-12-21,57.3,57.31,56.9,56.950001,46900,56.950001
2016-12-22,56.89,57.07,56.66,56.720001,39400,56.720001
2016-12-23,56.75,56.84,56.64,56.700001,89100,56.700001
2016-12-27,56.96,57.44,56.96,57.299999,53500,57.299999
2016-12-28,57.11,57.56,57.11,57.549999,35200,57.549999
2016-12-29,57.58,58.12,57.47,57.98,77900,57.98
2016-12-30,58.04,58.15,57.53,57.560001,49500,57.560001
2017-01-03,58.08,58.89,57.99,58.529999,83100,58.529999
2017-01-04,58.93,59.19,58.84,58.970001,15600,58.970001
2017-01-05,59.64,60,59.64,59.759998,33700,59.759998
2017-01-06,59.4,59.7,59.36,59.5,28100,59.5
2017-01-09,59.88,60.14,59.72,59.919998,46100,59.919998
2017-01-10,60.15,60.43,60.15,60.299999,11600,60.299999
2017-01-11,60.04,60.67,59.68,60.299999,22100,60.299999
2017-01-12,60.88,61,60.5,60.52,16000,60.52
2017-01-13,60.18,60.68,60,60.650002,23500,60.650002
2017-01-17,61.57,61.57,61.32,61.48,44800,61.48
2017-01-18,61.45,61.63,60.92,60.98,47400,60.98
2017-01-19,60.61,61,60.37,60.939999,40600,60.939999
2017-01-20,60.99,61.61,60.84,61.34,84700,61.34
2017-01-23,61.58,61.73,61.4,61.650002,57200,61.650002
2017-01-24,61.7,61.91,61.37,61.52,23300,61.52
2017-01-25,60.72,60.89,60.5,60.73,24000,60.73
2017-01-26,60.18,60.36,59.95,60.150002,15100,60.150002
2017-01-27,60.05,60.71,60,60.639999,58600,60.639999
2017-01-30,60.7,60.99,60.7,60.830002,24800,60.830002
2017-01-31,61.78,61.96,61.69,61.880001,28500,61.880001
2017-02-01,61.58,61.97,61.35,61.77,59600,61.77
2017-02-02,62.31,62.36,61.81,61.93,21000,61.93
2017-02-03,61.74,62.08,61.7,61.970001,20700,61.970001
2017-02-06,62.63,62.92,62.42,62.919998,16500,62.919998
2017-02-07,62.7,62.93,62.63,62.68,49200,62.68
2017-02-08,63.12,63.24,62.79,63.009998,35100,63.009998
2017-02-09,63.15,63.28,62.6,62.630001,69400,62.630001
2017-02-10,62.47,63.22,62.47,63.080002,43200,63.080002
2017-02-13,62.74,62.74,62.37,62.630001,26300,62.630001
2017-02-14,63.19,63.19,62.44,62.830002,152400,62.830002
2017-02-15,62.54,63.14,62.5,63.139999,22900,63.139999
2017-02-16,63.43,63.56,63.36,63.5,155400,63.5
2017-02-17,63.46,63.5,63.16,63.200001,18500,63.200001
2017-02-21,62.83,63.33,62.61,63.16,39400,63.16
2017-02-22,63.17,63.23,62.9,63.150002,26000,63.150002
2017-02-23,63.71,63.74,63.51,63.66,23700,63.66
2017-02-24,64.21,64.22,63.97,64.169998,17700,64.169998
2017-02-27,64.31,64.65,63.91,63.919998,31800,63.919998
2017-02-28,64.21,64.37,63.84,63.939999,25400,63.939999
2017-03-01,63.57,64.09,63.51,63.959999,20800,63.959999
2017-03-02,63.45,63.66,62.59,62.73,27900,62.73
2017-03-03,62.48,63.02,62.24,62.959999,27200,62.959999
2017-03-06,62.8,62.8,62.4,62.470001,17100,62.470001
2017-03-07,62,62.05,61.75,61.779999,38700,61.779999
2017-03-08,61.38,61.46,61.18,61.220001,18000,61.220001
2017-03-09,61.09,61.11,60.57,60.57,18400,60.57
2017-03-10,60.68,60.79,60.46,60.790001,17900,60.790001
2017-03-13,60.76,60.86,60.69,60.73,21000,60.73
2017-03-14,60.64,60.87,60.36,60.400002,21300,60.400002
2017-03-15,60.51,61.71,60.32,61.68,39900,61.68
2017-03-16,62.22,62.22,61.8,61.860001,12300,61.860001
2017-03-17,62.06,62.16,62,62.110001,14200,62.110001
2017-03-20,62.27,62.39,62.13,62.349998,14200,62.349998
2017-03-21,62.52,62.91,62.52,62.810001,43500,62.810001
2017-03-22,62.95,63.02,62.82,62.889999,60200,62.889999
2017-03-23,63.22,63.22,62.82,62.959999,24700,62.959999
2017-03-24,63.07,63.41,62.98,63.23,16000,63.23
2017-03-27,63.99,64.01,63.57,63.73,22300,63.73
2017-03-28,63.86,63.88,63.39,63.529999,39200,63.529999
2017-03-29,63.59,63.75,63.54,63.75,21400,63.75
2017-03-30,63.54,63.79,63.31,63.330002,30200,63.330002
2017-03-31,63.54,63.73,63.47,63.599998,214000,63.599998
2017-04-03,63.53,63.81,63.49,63.790001,32700,63.790001
2017-04-04,64.02,64.09,63.86,64,36500,64
2017-04-05,63.68,64.01,63.49,64.010002,23900,64.010002
2017-04-06,63.76,63.84,63.67,63.799999,44100,63.799999
2017-04-07,64.3,64.4,63.49,63.59,38500,63.59
2017-04-10,63.16,63.47,63.02,63.380001,27800,63.380001
2017-04-11,63.91,64.55,63.85,64.449997,33800,64.449997
2017-04-12,64.51,64.9,64.36,64.889999,41500,64.889999
2017-04-13,65.22,65.22,64.91,65.120003,26600,65.120003
2017-04-17,65.16,65.33,64.83,64.940002,42200,64.940002
2017-04-18,65,65,64.44,64.900002,23400,64.900002
2017-04-19,64.7,64.7,64.17,64.32,28400,64.32
2017-04-20,64.47,64.59,64.17,64.459999,37400,64.459999
2017-04-21,64.45,64.49,64.14,64.440002,29500,64.440002
2017-04-24,63.69,64.16,63.66,64.099998,32700,64.099998
2017-04-25,63.57,63.68,63.31,63.389999,73600,63.389999
2017-04-26,63.29,63.53,63.08,63.450001,48100,63.450001
2017-04-27,63.3,63.3,63,63.139999,20700,63.139999
2017-04-28,63.11,63.31,63.07,63.220001,17800,63.220001
2017-05-01,62.95,63.15,62.28,62.52,14800,62.52
2017-05-02,62.32,62.48,62.25,62.310001,12800,62.310001
2017-05-03,61.95,61.95,61.26,61.279999,29000,61.279999
2017-05-04,60.72,61.02,60.62,60.779999,41400,60.779999
2017-05-05,60.85,61.03,60.77,61.02,32500,61.02
2017-05-08,60.96,60.97,60.8,60.860001,8200,60.860001
2017-05-09,60.48,60.48,60.12,60.380001,25400,60.380001
2017-05-10,60.62,60.64,60.41,60.450001,14500,60.450001
2017-05-11,60.54,60.82,60.54,60.75,17800,60.75
2017-05-12,61.07,61.12,60.93,61.009998,16100,61.009998
2017-05-15,61.68,61.68,61.26,61.290001,16600,61.290001
2017-05-16,61.53,61.78,61.5,61.66,53900,61.66
2017-05-17,62.33,62.47,62.16,62.369999,21600,62.369999
2017-05-18,62.07,62.09,61.51,61.610001,40900,61.610001
2017-05-19,62.07,62.08,61.89,62.040001,17100,62.040001
2017-05-22,62.24,62.72,62.21,62.619999,25100,62.619999
2017-05-23,62.87,62.87,62.21,62.27,22900,62.27
2017-05-24,62.15,62.54,62.09,62.529999,19100,62.529999
2017-05-25,62.57,62.65,62.43,62.470001,16000,62.470001
2017-05-26,63.05,63.24,63.02,63.110001,22200,63.110001
2017-05-30,63.02,63.15,63,63.09,17900,63.09
2017-05-31,63.04,63.52,63.02,63.279999,21800,63.279999
2017-06-01,62.86,63.24,62.86,63.240002,10600,63.240002
2017-06-02,63.7,63.98,63.61,63.900002,17300,63.900002
2017-06-05,64.1,64.18,63.95,64.040001,23400,64.040001
2017-06-06,64.66,64.75,64.49,64.620003,13400,64.620003
2017-06-07,64.36,64.51,64,64.190002,13100,64.190002
2017-06-08,64.21,64.21,63.51,63.860001,15400,63.860001
2017-06-09,63.43,63.68,63.43,63.560001,11600,63.560001
2017-06-12,63.41,63.48,63.13,63.450001,17500,63.450001
2017-06-13,62.77,63.13,62.7,63.029999,19900,63.029999
2017-06-14,63.83,63.83,62.63,62.709999,17300,62.709999
2017-06-15,62.38,62.54,62.31,62.490002,17600,62.490002
2017-06-16,62.33,62.45,62.29,62.400002,10800,62.400002
2017-06-19,62.04,62.08,61.82,61.82,60600,61.82
2017-06-20,61.87,61.88,61.68,61.84,10400,61.84
2017-06-21,61.8,62.04,61.8,62.009998,26800,62.009998
2017-06-22,62.35,62.35,62.07,62.25,9900,62.25
2017-06-23,62.6,62.6,62.32,62.360001,14400,62.360001
2017-06-26,61.9,62.03,61.87,61.959999,32000,61.959999
2017-06-27,62.17,62.28,61.96,62.169998,17400,62.169998
2017-06-28,62.7,62.7,62.14,62.330002,16400,62.330002
2017-06-29,62.09,62.14,61.8,62.099998,16300,62.099998
2017-06-30,NA,NA,NA,NA,NA,NA
2017-07-03,61,61.21,60.56,60.689999,15600,60.689999
2017-07-07,60.11,60.11,59.331,59.75,15191,59.75
