"Date","IEMG.Open","IEMG.High","IEMG.Low","IEMG.Close","IEMG.Volume","IEMG.Adjusted"
2012-10-24,53.506,53.572,53.131,48.220001,149500,43.762993
2012-10-25,53.726,53.814,53.34,48.540001,9800,44.053417
2012-10-26,53.153,53.285,52.933,48.189999,618700,43.735764
2012-10-31,53.561,53.561,52.933,48.23,17500,43.772064
2012-11-01,53.539,53.99,53.539,49,217200,44.470894
2012-11-02,54.2,54.2,53.506,48.560001,112600,44.071568
2012-11-05,53.539,53.935,53.495,48.93,45600,44.407364
2012-11-06,54.178,54.42,53.979,49.27,24700,44.715939
2012-11-07,53.77,53.88,53.23,48.549999,121200,44.062489
2012-11-08,53.638,53.759,52.944,48.060001,101800,43.617775
2012-11-09,52.944,53.517,52.944,48.259998,28100,43.799301
2012-11-12,53.318,53.406,53.175,48.32,9400,43.853748
2012-11-13,52.624,52.933,52.602,47.830002,87300,43.409042
2012-11-14,52.866,52.866,52.04,47.23,36100,42.864498
2012-11-15,52.128,52.316,52.04,47.400002,53400,43.01878
2012-11-16,52.227,52.349,51.787,47.509998,92500,43.118618
2012-11-19,52.822,53.142,52.822,48.23,7000,43.772064
2012-11-20,52.811,53.01,52.723,48.099998,24900,43.654076
2012-11-21,52.767,52.922,52.668,47.990002,11000,43.554253
2012-11-23,53.605,53.748,53.484,48.779999,81700,44.271229
2012-11-26,53.682,53.715,53.506,48.75,84800,44.244003
2012-11-27,53.605,53.726,53.318,48.389999,21500,43.917278
2012-11-28,53.109,53.693,52.889,48.709999,119200,44.207699
2012-11-29,53.979,54.134,53.836,49.080002,72700,44.543503
2012-11-30,54.056,54.101,53.99,49,7000,44.470894
2012-12-03,54.31,54.31,54.045,49.07,26900,44.534424
2012-12-04,54.321,54.42,54.189,49.209999,40500,44.661488
2012-12-05,54.729,54.971,54.596,49.669998,25000,45.078968
2012-12-06,54.927,55.07,54.795,49.959999,17500,45.342155
2012-12-07,55.39,55.39,55.004,50.16,52700,45.523678
2012-12-10,55.213,55.599,55.213,50.450001,12100,45.786873
2012-12-11,55.577,55.83,55.566,50.599998,20300,45.923008
2012-12-12,55.941,56.26,55.786,50.709999,133200,46.022839
2012-12-13,55.875,56.007,55.555,50.549999,99000,45.877632
2012-12-14,55.886,56.029,55.764,50.77,64600,46.07729
2012-12-17,55.952,56.095,55.886,50.82,55300,46.122669
2012-12-18,55.784,56.323,55.564,51.189999,44500,46.561085
2012-12-19,56.444,56.543,56.213,51.189999,703200,46.561085
2012-12-20,56.367,56.576,56.103,51.450001,352900,46.797577
2012-12-21,55.784,55.949,55.586,50.68,219800,46.097202
2012-12-24,55.938,55.938,55.597,50.66,32100,46.07901
2012-12-26,56.246,56.301,56.081,51.049999,236000,46.433739
2012-12-27,56.116,56.468,55.963,51.299999,81300,46.668446
2012-12-28,56.809,56.809,56.336,51.400002,157100,46.75943
2012-12-31,56.809,57.512,56.644,52.200001,106900,47.487198
2013-01-02,58.161,58.546,58.117,53.259998,91800,48.4515
2013-01-03,58.095,58.557,58.029,52.919998,311900,48.142189
2013-01-04,58.007,58.249,57.82,52.950001,48700,48.169487
2013-01-07,57.952,57.952,57.699,52.650002,413200,47.896572
2013-01-08,57.589,57.644,57.238,52.279999,150100,47.559971
2013-01-09,57.787,57.787,57.578,52.540001,201200,47.796501
2013-01-10,58.205,58.81,57.809,52.919998,263700,48.142189
2013-01-11,57.82,57.82,57.556,52.490002,117000,47.751015
2013-01-14,58.106,58.106,57.688,52.700001,968100,47.942055
2013-01-15,57.71,57.71,57.479,52.41,210300,47.678238
2013-01-16,57.403,57.655,57.227,52.400002,303700,47.669144
2013-01-17,57.875,58.128,57.754,52.759998,110500,47.996635
2013-01-18,57.985,58.084,57.787,52.77,372700,48.005733
2013-01-22,57.985,57.985,57.743,52.700001,131600,47.942055
2013-01-23,57.864,57.864,57.501,52.43,247400,47.696434
2013-01-24,57.677,57.831,57.392,52.279999,309800,47.559971
2013-01-25,57.381,57.381,57.029,52.130001,217600,47.423519
2013-01-28,57.205,57.205,56.743,51.720001,241000,47.050537
2013-01-29,57.095,57.6,57.095,52.32,208800,47.596359
2013-01-30,57.403,57.413,57.194,52.029999,124100,47.332542
2013-01-31,57.348,57.348,57.128,52.080002,293500,47.378033
2013-02-01,57.633,57.798,57.413,52.450001,251000,47.714626
2013-02-04,57.348,57.424,56.776,51.779999,173100,47.105114
2013-02-05,57.326,57.348,57.073,52.029999,205300,47.332542
2013-02-06,56.897,57.095,56.721,51.93,114400,47.241577
2013-02-07,57.062,57.062,56.435,51.540001,136600,46.886787
2013-02-08,56.908,57.084,56.853,51.93,327400,47.241577
2013-02-11,56.952,57.029,56.743,51.830002,79200,47.150604
2013-02-12,57.04,57.249,56.776,51.900002,159500,47.214283
2013-02-13,57.512,57.512,57.216,52.169998,138100,47.4599
2013-02-14,57.216,57.392,57.128,52.200001,125100,47.487198
2013-02-15,57.49,57.49,57.117,52.049999,261100,47.350739
2013-02-19,57.315,57.435,57.183,52.02,172600,47.323448
2013-02-20,57.435,57.501,56.732,51.639999,335900,46.977757
2013-02-21,56.523,56.589,55.973,51.150002,651300,46.531994
2013-02-22,56.358,56.6,56.303,51.43,756700,46.786713
2013-02-25,56.886,56.941,55.721,50.689999,694800,46.113518
2013-02-26,56.138,56.193,55.765,51.07,821000,46.459213
2013-02-27,56.171,56.743,56.149,51.549999,153800,46.895882
2013-02-28,56.655,56.798,56.369,51.279999,602900,46.650249
2013-03-01,56.49,56.611,56.105,51.41,402400,46.768517
2013-03-04,56.193,56.193,55.809,51.060001,1063900,46.450123
2013-03-05,56.699,56.886,56.611,51.560001,527600,46.904984
2013-03-06,57.029,57.029,56.743,51.790001,93300,47.114212
2013-03-07,57.04,57.15,56.853,51.93,1010300,47.241577
2013-03-08,57.457,57.589,57.161,52.32,416600,47.596359
2013-03-11,57.304,57.315,57.084,52.080002,483700,47.378033
2013-03-12,57.018,57.062,56.556,51.549999,792100,46.895882
2013-03-13,56.622,56.622,56.193,51.139999,241200,46.5229
2013-03-14,56.512,56.578,56.281,51.369999,452200,46.732128
2013-03-15,56.215,56.215,55.952,50.93,368800,46.331856
2013-03-18,55.501,55.644,55.292,50.360001,411900,45.813324
2013-03-19,55.281,55.424,54.643,49.970001,302600,45.458527
2013-03-20,55.457,55.457,55.237,50.330002,776100,45.78603
2013-03-21,55.083,55.127,54.709,49.810001,739900,45.312977
2013-03-22,54.973,54.984,54.764,49.970001,356500,45.458527
2013-03-25,55.237,55.336,54.709,49.91,1073900,45.403946
2013-03-26,55.347,55.6,55.347,50.57,214100,46.004356
2013-03-27,55.127,55.721,55.127,50.669998,260000,46.095325
2013-03-28,55.655,55.831,55.49,50.759998,205300,46.177204
2013-04-01,55.831,55.831,55.237,50.290001,360900,45.749638
2013-04-02,55.523,55.567,55.27,50.330002,128800,45.78603
2013-04-03,55.325,55.325,54.588,49.790001,499900,45.294781
2013-04-04,54.687,54.808,54.281,49.66,122700,45.176517
2013-04-05,53.819,54.555,53.61,49.540001,271000,45.067352
2013-04-08,54.105,54.511,54.05,49.560001,289600,45.085548
2013-04-09,54.643,55.226,54.446,50,249900,45.485817
2013-04-10,55.402,55.721,55.303,50.490002,388800,45.931583
2013-04-11,55.578,55.655,55.358,50.490002,281200,45.931583
2013-04-12,55.083,55.083,54.457,49.889999,413200,45.38575
2013-04-15,54.479,54.479,53.445,48.619999,387900,44.230412
2013-04-16,54.654,54.709,54.292,49.709999,282600,45.222
2013-04-17,54.248,54.248,53.533,48.959999,318700,44.539715
2013-04-18,54.259,54.259,53.665,49,231600,44.576107
2013-04-19,54.588,54.709,54.457,49.709999,169800,45.222
2013-04-22,54.819,54.907,54.49,49.939999,978800,45.431236
2013-04-23,54.841,55.226,54.797,50.16,814500,45.631374
2013-04-24,55.127,55.534,55.127,50.34,429800,45.795124
2013-04-25,55.732,55.973,55.578,50.709999,275900,46.131718
2013-04-26,55.644,55.644,55.182,50.349998,328100,45.804222
2013-04-29,55.787,56.061,55.622,50.849998,777400,46.259083
2013-04-30,56.028,56.677,55.875,51.470001,495300,46.823101
2013-05-01,56.666,56.666,55.897,50.950001,239900,46.350052
2013-05-02,56.226,56.523,56.193,51.360001,969900,46.723038
2013-05-03,56.842,57.194,56.82,51.790001,793900,47.114212
2013-05-06,56.963,56.996,56.776,51.799999,159300,47.12331
2013-05-07,57.271,57.446,57.051,52.200001,982700,47.487198
2013-05-08,57.589,57.842,57.589,52.549999,430100,47.805603
2013-05-09,57.776,57.776,57.161,52.139999,402100,47.432613
2013-05-10,57.007,57.073,56.666,51.77,245800,47.096024
2013-05-13,56.71,56.71,56.468,51.43,1009700,46.786713
2013-05-14,56.688,56.941,56.622,51.639999,109200,46.977757
2013-05-15,56.677,56.842,56.545,51.68,176400,47.014149
2013-05-16,56.809,56.996,56.589,51.509998,195400,46.859493
2013-05-17,56.798,56.886,56.633,51.669998,801200,47.005047
2013-05-20,56.798,56.985,56.765,51.830002,85600,47.150604
2013-05-21,56.908,57.161,56.6,51.849998,1682900,47.1688
2013-05-22,57.084,57.468,56.182,51.27,391300,46.641163
2013-05-23,55.6,55.995,55.27,50.869999,318400,46.277275
2013-05-24,55.644,55.644,55.226,50.540001,328900,45.977062
2013-05-28,56.336,56.336,55.776,50.75,418400,46.168106
2013-05-29,55.611,55.644,55.215,50.299999,888300,45.758732
2013-05-30,55.204,55.523,55.105,50.200001,181100,45.667763
2013-05-31,54.852,54.852,54.105,49.220001,527800,44.776237
2013-06-03,54.369,54.929,54.028,49.919998,436700,45.413036
2013-06-04,54.83,54.863,54.083,49.389999,2280100,44.930893
2013-06-05,54.215,54.215,53.368,48.57,607300,44.184925
2013-06-06,53.313,53.786,53.093,48.93,651100,44.512424
2013-06-07,53.478,53.753,53.137,48.59,543300,44.203117
2013-06-10,53.115,53.115,52.632,47.98,445400,43.64819
2013-06-11,51.785,52.148,51.555,47.150002,393400,42.893131
2013-06-12,52.258,52.258,51.346,46.849998,313100,42.620216
2013-06-13,51.445,52.379,51.335,47.619999,430400,43.320702
2013-06-14,52.236,52.28,51.445,46.889999,581200,42.656601
2013-06-17,52.159,52.335,51.774,47.32,481400,43.047779
2013-06-18,51.928,52.225,51.818,47.41,471600,43.129658
2013-06-19,51.829,51.983,50.664,46.099998,722300,41.937923
2013-06-20,49.697,49.697,48.015,44.09,1386000,40.109398
2013-06-21,49.224,49.356,48.367,44.73,566500,40.691612
2013-06-24,48.18,48.543,47.498,43.939999,3012800,39.972935
2013-06-25,48.971,49.103,48.389,44.630001,1573400,40.600647
2013-06-26,49.268,49.917,49.268,45.310001,1248400,41.21925
2013-06-27,49.426,49.818,49.415,45.639999,556300,41.90419
2013-06-28,49.545,50.199,49.382,46.060001,1007800,42.28981
2013-07-01,50.428,50.537,50.09,46.080002,615100,42.308174
2013-07-02,50.145,50.395,49.175,45.419998,431600,41.702198
2013-07-03,48.99,49.382,48.794,45.110001,263800,41.417572
2013-07-05,49.164,49.404,48.347,44.75,433200,41.087036
2013-07-08,48.74,49.11,48.674,44.740002,529400,41.077854
2013-07-09,49.284,49.371,48.979,45.240002,342300,41.536934
2013-07-10,49.077,49.328,48.87,44.919998,2403700,41.243122
2013-07-11,50.548,51.081,50.362,46.869999,955800,43.033508
2013-07-12,50.646,50.678,50.417,46.41,492800,42.61116
2013-07-15,50.929,51.364,50.929,47.02,506500,43.17123
2013-07-16,51.255,51.353,50.961,47.130001,424900,43.272224
2013-07-17,51.778,51.778,51.582,47.470001,449200,43.584396
2013-07-18,51.452,51.582,51.19,47.080002,202600,43.226318
2013-07-19,51.168,51.168,50.94,46.919998,287600,43.079414
2013-07-22,51.19,51.637,51.07,47.279999,674600,43.40995
2013-07-23,52.061,52.214,51.887,47.779999,316900,43.869022
2013-07-24,52.083,52.083,51.299,47.259998,410100,43.391582
2013-07-25,51.506,51.865,51.408,47.599998,319000,43.703751
2013-07-26,51.615,51.811,51.255,47.529999,1302900,43.639484
2013-07-29,51.321,51.343,51.081,46.959999,349100,43.116138
2013-07-30,51.353,51.353,50.918,46.830002,1029500,42.996784
2013-07-31,50.689,51.179,50.406,46.540001,550300,42.730522
2013-08-01,51.201,51.626,51.125,47.279999,249300,43.40995
2013-08-02,51.353,51.778,51.332,47.360001,360700,43.483398
2013-08-05,51.397,51.419,51.081,47.07,300800,43.217136
2013-08-06,51.049,51.049,50.548,46.549999,298400,42.739704
2013-08-07,50.308,50.406,50.123,46.060001,502900,42.28981
2013-08-08,50.863,51.212,50.417,46.889999,392900,43.051872
2013-08-09,51.147,51.419,51.059,47.02,231100,43.17123
2013-08-12,51.462,51.746,51.343,47.330002,295500,43.455856
2013-08-13,51.746,52.007,51.615,47.59,551700,43.694576
2013-08-14,52.094,52.094,51.931,47.73,375700,43.823116
2013-08-15,51.408,51.539,50.951,47.16,418900,43.299763
2013-08-16,51.506,51.571,50.961,46.869999,674100,43.033508
2013-08-19,50.765,50.787,50.101,46,218100,42.234718
2013-08-20,50.057,50.33,49.894,45.990002,259200,42.22554
2013-08-21,49.535,49.611,48.794,44.91,579600,41.23394
2013-08-22,49.339,49.698,49.339,45.57,229800,41.839916
2013-08-23,50.057,50.253,49.752,46.060001,356200,42.28981
2013-08-26,50.341,50.341,49.676,45.639999,249500,41.90419
2013-08-27,48.946,48.957,48.511,44.59,478500,40.940132
2013-08-28,48.598,49.099,48.391,44.68,382000,41.022774
2013-08-29,49.273,49.578,49.034,45.049999,405500,41.36248
2013-08-30,49.578,49.6,49.153,45.380001,604900,41.66547
2013-09-03,50.243,50.297,49.687,45.759998,603500,42.014366
2013-09-04,50.21,50.624,50.047,46.439999,314300,42.638706
2013-09-05,50.602,51.179,50.58,46.860001,481800,43.024323
2013-09-06,51.604,51.909,51.19,47.509998,385500,43.62112
2013-09-09,52.138,53.063,52.127,48.650002,989300,44.667809
2013-09-10,53.314,53.521,53.161,49.110001,2347500,45.090157
2013-09-11,53.303,53.532,53.085,49.07,943800,45.053429
2013-09-12,53.227,53.281,52.867,48.57,380500,44.59436
2013-09-13,52.933,53.27,52.889,48.84,795200,44.842255
2013-09-16,53.859,54.044,53.619,49.310001,812200,45.273785
2013-09-17,53.706,53.826,53.597,49.299999,655900,45.264606
2013-09-18,53.695,55.819,53.368,51.209999,501300,47.018261
2013-09-19,55.612,55.732,55.307,51.119999,2020300,46.935627
2013-09-20,55.427,55.427,54.349,50.009998,855400,45.916485
2013-09-23,54.534,54.763,54.392,50.130001,1275400,46.026665
2013-09-24,54.447,54.523,54.098,49.790001,1135400,45.7145
2013-09-25,54.131,54.207,53.793,49.470001,739100,45.420681
2013-09-26,54.196,54.294,53.782,49.610001,400900,45.549229
2013-09-27,53.684,53.75,53.347,49.07,355900,45.053429
2013-09-30,53.02,53.151,52.671,48.650002,981700,44.667809
2013-10-01,53.347,53.978,53.194,49.549999,1428600,45.494137
2013-10-02,53.739,54.131,53.575,49.689999,904900,45.622677
2013-10-03,54.458,54.479,53.652,49.52,1146100,45.466595
2013-10-04,54.207,54.665,54.087,50.07,1220300,45.971569
2013-10-07,54.011,54.37,53.902,49.639999,476500,45.576771
2013-10-08,54.458,54.458,53.619,49.25,594100,45.218693
2013-10-09,54.076,54.305,53.662,49.700001,2659500,45.631866
2013-10-10,54.621,55.34,54.621,50.73,740000,46.577549
2013-10-11,55.1,55.547,54.98,51,510000,46.825451
2013-10-14,55.067,55.83,54.904,51.189999,341900,46.999897
2013-10-15,55.623,55.699,55.122,50.740002,602000,46.586735
2013-10-16,55.579,55.873,55.46,51.150002,690500,46.963173
2013-10-17,55.656,56.037,55.536,51.419998,437400,47.211071
2013-10-18,56.222,56.287,55.982,51.52,2285600,47.302887
2013-10-21,56.113,56.157,55.895,51.470001,2178700,47.256981
2013-10-22,56.396,56.821,56.353,51.900002,746000,47.651787
2013-10-23,55.656,55.656,55.242,50.77,499900,46.614281
2013-10-24,55.623,55.623,55.144,50.759998,680300,46.605095
2013-10-25,55.405,55.558,55.176,51,368200,46.825451
2013-10-28,55.547,55.808,55.514,51.18,735400,46.990723
2013-10-29,55.895,55.928,55.797,51.299999,302400,47.100891
2013-10-30,56.059,56.08,55.383,51.080002,1064300,46.898914
2013-10-31,55.808,55.841,55.144,50.639999,756300,46.494919
2013-11-01,55.242,55.405,54.839,50.59,569300,46.449013
2013-11-04,55.264,55.405,55.187,50.869999,256600,46.706089
2013-11-05,54.763,54.763,54.37,49.959999,501200,45.870579
2013-11-06,54.621,54.795,54.523,50.139999,277100,46.035843
2013-11-07,54.599,54.599,53.532,49.209999,732100,45.181973
2013-11-08,53.292,53.532,52.976,49.150002,598700,45.126881
2013-11-11,53.423,53.466,53.107,48.830002,379800,44.833076
2013-11-12,53.074,53.216,52.562,48.5,568500,44.530087
2013-11-13,52.432,53.053,52.377,48.669998,430200,44.686169
2013-11-14,53.074,53.739,52.922,49.34,754400,45.301327
2013-11-15,54.207,54.926,54.207,50.23,798600,46.118481
2013-11-18,55.078,55.677,55.078,50.650002,938200,46.504101
2013-11-19,55.362,55.362,54.828,50.389999,471300,46.265385
2013-11-20,54.468,55.013,54.12,49.779999,497000,45.705315
2013-11-21,54.142,54.251,53.924,49.77,465400,45.696129
2013-11-22,54.262,54.577,54.12,50.049999,329100,45.953209
2013-11-25,54.458,54.577,53.837,49.52,1155400,45.466595
2013-11-26,54.098,54.207,53.717,49.650002,641800,45.585957
2013-11-27,54.185,54.49,54.098,49.98,360400,45.888943
2013-11-29,54.229,54.991,54.229,50.349998,243000,46.228657
2013-12-02,54.73,54.773,53.793,49.41,1248300,45.365601
2013-12-03,53.761,54.044,53.358,49.290001,862600,45.255424
2013-12-04,53.477,53.826,53.194,49.330002,546400,45.292145
2013-12-05,53.488,53.848,53.401,49.040001,1533600,45.025887
2013-12-06,54.131,54.686,54.109,50.009998,777900,45.916485
2013-12-09,54.665,54.806,54.534,50.119999,906100,46.017483
2013-12-10,54.425,54.621,54.36,50.130001,4645600,46.026665
2013-12-11,54.153,54.229,53.401,49.09,2054000,45.071793
2013-12-12,53.325,53.39,52.965,48.889999,7797600,44.888165
2013-12-13,53.39,53.412,53.107,48.98,731400,44.970798
2013-12-16,53.608,53.924,53.543,49.189999,1139200,45.163605
2013-12-17,53.575,53.575,53.14,48.790001,1123800,44.796349
2013-12-18,52.476,53.501,51.677,49.240002,1580100,45.640762
2013-12-19,52.174,52.357,51.818,48.400002,1325500,44.862164
2013-12-20,52.325,52.465,52.098,48.380001,3230900,44.84362
2013-12-23,52.465,52.67,52.422,48.73,2855600,45.168037
2013-12-24,52.713,52.832,52.692,48.939999,476900,45.362686
2013-12-26,52.638,52.638,52.357,48.560001,688800,45.010468
2013-12-27,52.886,53.166,52.832,49.279999,343600,45.677834
2013-12-30,53.155,53.382,53.134,49.400002,4358300,45.789063
2013-12-31,53.458,53.76,53.35,49.810001,837300,46.169094
2014-01-02,52.799,52.799,51.807,48.07,1047200,44.556282
2014-01-03,52.174,52.174,51.613,48.029999,946600,44.519199
2014-01-06,51.807,51.807,51.332,47.580002,1066600,44.102104
2014-01-07,51.699,51.785,51.483,47.84,790800,44.34309
2014-01-08,51.688,51.742,51.343,47.709999,762000,44.222591
2014-01-09,51.44,51.451,50.868,47.509998,1549900,44.037212
2014-01-10,51.602,52.174,51.494,48.220001,979700,44.695313
2014-01-13,52.184,52.184,51.365,47.75,915500,44.25967
2014-01-14,51.785,52.109,51.57,48.23,1182500,44.704586
2014-01-15,52.033,52.098,51.882,48.220001,835400,44.695313
2014-01-16,51.947,52.055,51.645,48,509200,44.491398
2014-01-17,51.731,51.742,51.451,47.790001,620300,44.296749
2014-01-21,51.818,51.818,51.224,47.709999,687400,44.222591
2014-01-22,51.796,52.077,51.656,48.259998,1588900,44.732388
2014-01-23,51.613,51.613,50.577,47.139999,2232500,43.69426
2014-01-24,50.372,50.372,49.477,45.880001,1977200,42.526363
2014-01-27,49.509,49.682,48.894,45.599998,3140000,42.266823
2014-01-28,49.703,49.822,49.498,46.049999,1060100,42.683933
2014-01-29,49.11,49.487,48.786,45.389999,1656800,42.072178
2014-01-30,49.682,49.725,49.272,45.799999,777900,42.452206
2014-01-31,48.916,49.584,48.732,45.830002,849900,42.480019
2014-02-03,49.045,49.088,48.117,44.66,1645200,41.395542
2014-02-04,48.764,49.369,48.764,45.470001,1845800,42.146328
2014-02-05,48.98,49.218,48.635,45.389999,1129300,42.072178
2014-02-06,49.347,49.973,49.347,46.290001,1744800,42.906387
2014-02-07,50.21,50.34,49.908,46.450001,837500,43.054695
2014-02-10,50.091,50.091,49.487,46.080002,641400,42.711739
2014-02-11,50.048,50.804,49.94,47,1675600,43.564495
2014-02-12,51.019,51.192,50.577,46.939999,1418000,43.508877
2014-02-13,50.145,50.825,50.091,47.110001,933300,43.666454
2014-02-14,50.976,51.57,50.976,47.57,474400,44.092827
2014-02-18,51.343,51.354,50.911,47.220001,680100,43.76841
2014-02-19,50.782,51.106,50.501,46.900002,1179900,43.471802
2014-02-20,50.652,50.911,50.318,47.09,1570100,43.647911
2014-02-21,50.955,51.278,50.89,47.389999,990400,43.925983
2014-02-24,51.095,51.505,50.998,47.400002,756100,43.935261
2014-02-25,51.106,51.106,50.415,46.900002,479000,43.471802
2014-02-26,50.847,50.879,50.426,46.849998,593800,43.425453
2014-02-27,51.073,51.559,50.933,47.689999,1321700,44.20406
2014-02-28,51.537,51.613,50.847,47.380001,1476000,43.916718
2014-03-03,50.383,50.512,49.994,46.709999,525900,43.295692
2014-03-04,51.257,51.343,50.998,47.419998,501500,43.953789
2014-03-05,51.149,51.321,50.976,47.549999,593200,44.074287
2014-03-06,51.699,52.152,51.699,48.169998,794200,44.648968
2014-03-07,51.775,51.775,51.019,47.610001,737200,44.129902
2014-03-10,51.116,51.116,50.631,47.259998,706000,43.805485
2014-03-11,51.052,51.257,50.394,46.810001,461200,43.388386
2014-03-12,50.286,50.631,50.059,46.900002,946900,43.471802
2014-03-13,50.76,50.76,49.52,46.02,554200,42.656128
2014-03-14,49.725,50.221,49.725,46.32,523100,42.934196
2014-03-17,50.329,50.631,50.253,46.84,359600,43.416183
2014-03-18,50.706,51.214,50.631,47.459999,491500,43.990864
2014-03-19,50.901,51.084,50.016,46.580002,812900,43.175194
2014-03-20,49.94,50.448,49.725,46.689999,631400,43.277149
2014-03-21,50.555,51.16,50.545,46.98,477500,43.545959
2014-03-24,50.901,51.073,50.674,47.23,916200,43.777683
2014-03-25,51.451,51.667,51.289,47.790001,491900,44.296749
2014-03-26,51.936,52.055,51.58,47.830002,1149900,44.333824
2014-03-27,51.721,52.271,51.623,48.43,394100,44.889965
2014-03-28,52.638,52.907,52.54,48.759998,426100,45.195847
2014-03-31,53.015,53.22,52.875,49.080002,1696200,45.492455
2014-04-01,53.382,53.565,53.242,49.59,3061400,45.965172
2014-04-02,53.425,53.738,53.339,49.799999,634200,46.159821
2014-04-03,53.501,53.511,52.94,49.5,1140300,45.881752
2014-04-04,53.889,54.321,53.253,49.419998,1098600,45.807602
2014-04-07,53.479,53.63,53.22,49.57,533900,45.946632
2014-04-08,54.072,54.45,53.965,50.139999,555400,46.474968
2014-04-09,54.342,54.774,53.889,50.580002,2859500,46.882809
2014-04-10,54.569,54.741,53.943,50.049999,1806100,46.391548
2014-04-11,53.663,54.04,53.663,50.040001,2366500,46.382286
2014-04-14,54.159,54.159,53.673,49.939999,644500,46.289585
2014-04-15,53.652,53.652,52.551,49.360001,1029200,45.751984
2014-04-16,53.565,53.878,53.414,49.900002,645100,46.252518
2014-04-17,53.846,54.439,53.706,50.279999,499400,46.60474
2014-04-21,54.213,54.213,53.878,50.110001,552600,46.447166
2014-04-22,54.029,54.116,53.9,49.98,1100300,46.326668
2014-04-23,53.695,53.695,53.306,49.650002,539800,46.02079
2014-04-24,53.749,53.749,53.209,49.720001,563200,46.085674
2014-04-25,53.048,53.048,52.648,49.07,596900,45.483185
2014-04-28,53.134,53.36,52.799,49.330002,601900,45.724178
2014-04-29,53.468,53.76,53.458,49.59,1024400,45.965172
2014-04-30,53.166,53.479,53.134,49.560001,662300,45.93737
2014-05-01,53.382,53.587,53.22,49.619999,550700,45.992981
2014-05-02,53.49,53.867,53.317,49.779999,3904000,46.141281
2014-05-05,53.458,53.511,53.253,49.580002,1792100,45.955906
2014-05-06,53.63,53.965,53.522,49.759998,407100,46.122746
2014-05-07,53.619,53.932,53.468,49.98,871500,46.326668
2014-05-08,54.062,54.202,53.846,49.93,304900,46.280323
2014-05-09,53.889,53.921,53.663,49.889999,644000,46.243244
2014-05-12,54.288,54.569,54.245,50.57,473800,46.873543
2014-05-13,54.774,54.914,54.601,50.740002,968100,47.031116
2014-05-14,54.936,55.227,54.698,51.060001,846400,47.327724
2014-05-15,55.076,55.076,54.418,50.650002,1306000,46.947693
2014-05-16,54.925,55.335,54.871,51.25,1700200,47.503838
2014-05-19,55.292,55.378,55.194,51.279999,4432400,47.531647
2014-05-20,55.097,55.205,54.731,50.82,659800,47.105263
2014-05-21,55.119,55.302,55.119,51.209999,596000,47.466759
2014-05-22,55.626,55.626,55.464,51.549999,1408800,47.781906
2014-05-23,55.669,55.766,55.594,51.560001,581000,47.791176
2014-05-27,55.421,55.432,54.99,51.130001,526000,47.392605
2014-05-28,55.356,55.583,55.281,51.400002,1103200,47.642872
2014-05-29,55.648,55.691,55.507,51.52,550500,47.754097
2014-05-30,55.421,55.421,54.871,50.950001,1868700,47.225765
2014-06-02,55.141,55.227,55.043,51.099998,1074000,47.364796
2014-06-03,55.238,55.464,55.076,51.299999,534400,47.550179
2014-06-04,55.141,55.184,54.957,51.080002,559300,47.346268
2014-06-05,55.572,55.723,55.367,51.540001,509700,47.772633
2014-06-06,55.928,56.263,55.928,52.049999,954500,48.245358
2014-06-09,56.198,56.37,56.058,52.220001,835900,48.402931
2014-06-10,56.543,56.64,56.349,52.459999,1423100,48.625389
2014-06-11,56.414,56.5,56.295,52.290001,1315400,48.467815
2014-06-12,56.597,56.597,56.068,52.099998,678500,48.291702
2014-06-13,56.079,56.284,55.96,52.110001,625100,48.300972
2014-06-16,55.971,56.122,55.809,51.869999,892200,48.078514
2014-06-17,55.939,55.96,55.766,51.830002,958200,48.041439
2014-06-18,55.863,56.565,55.68,52.389999,561400,48.560505
2014-06-19,56.37,56.457,56.112,52.16,481000,48.347317
2014-06-20,56.112,56.187,55.982,52.040001,421900,48.236092
2014-06-23,56.112,56.122,55.863,51.91,410300,48.115589
2014-06-24,56.133,56.5,55.885,51.889999,614500,48.09705
2014-06-25,55.118,55.204,54.936,51.59,1260700,48.231678
2014-06-26,55.268,55.3,55.054,51.639999,486400,48.278423
2014-06-27,55.268,55.407,55.086,51.799999,411000,48.428009
2014-06-30,55.482,55.482,55.204,51.700001,416600,48.334522
2014-07-01,55.535,55.781,55.535,52.130001,426600,48.736526
2014-07-02,56.113,56.113,55.952,52.419998,889900,49.007648
2014-07-03,56.049,56.402,55.984,52.720001,273000,49.28812
2014-07-07,56.273,56.369,56.188,52.689999,577600,49.260067
2014-07-08,56.38,56.38,55.995,52.459999,819600,49.045044
2014-07-09,56.145,56.466,56.081,52.75,490000,49.316166
2014-07-10,55.653,56.145,55.524,52.48,624900,49.063744
2014-07-11,55.963,56.156,55.888,52.450001,752000,49.035698
2014-07-14,56.423,56.508,56.327,52.830002,2699700,49.390965
2014-07-15,56.583,56.594,56.188,52.77,347700,49.334869
2014-07-16,56.765,56.765,56.53,52.919998,465200,49.475098
2014-07-17,56.166,56.359,55.514,51.970001,629400,48.586941
2014-07-18,56.284,56.509,56.188,52.759998,425200,49.325512
2014-07-21,56.262,56.69,56.156,52.93,451800,49.484455
2014-07-22,57.214,57.268,57.107,53.450001,506000,49.9706
2014-07-23,57.247,57.3,57.075,53.439999,469700,49.961246
2014-07-24,57.321,57.428,57.225,53.639999,578400,50.148228
2014-07-25,57.161,57.257,57.022,53.419998,725300,49.942551
2014-07-28,57.311,57.557,57.129,53.799999,330300,50.297813
2014-07-29,57.578,57.578,57.129,53.43,1061900,49.9519
2014-07-30,57.418,57.428,56.637,53.200001,1056100,49.736877
2014-07-31,56.295,56.359,55.77,52.220001,6633700,48.820671
2014-08-01,56.016,56.369,55.77,52.630001,1933300,49.203979
2014-08-04,56.551,56.861,56.305,53.09,764200,49.634037
2014-08-05,56.295,56.359,55.803,52.27,3077500,48.867416
2014-08-06,55.738,55.899,55.599,52.009998,2744600,48.624336
2014-08-07,55.77,55.824,55.204,51.790001,457200,48.418663
2014-08-08,55.524,55.984,55.471,52.27,656200,48.867416
2014-08-11,56.198,56.583,56.198,52.889999,447100,49.447052
2014-08-12,56.391,56.605,56.241,52.91,1357100,49.465748
2014-08-13,56.958,57.107,56.797,53.23,419800,49.764923
2014-08-14,57.054,57.097,56.915,53.299999,552900,49.830368
2014-08-15,57.257,57.257,56.583,53.169998,677400,49.708828
2014-08-18,57.14,57.354,56.936,53.619999,377300,50.129532
2014-08-19,57.471,57.674,57.45,53.91,744600,50.400658
2014-08-20,57.418,57.642,57.343,53.77,1034700,50.269772
2014-08-21,57.407,57.482,57.279,53.619999,466400,50.129532
2014-08-22,57.428,57.503,57.065,53.57,465400,50.082787
2014-08-25,57.514,57.685,57.386,53.93,401800,50.419357
2014-08-26,57.696,58.006,57.696,54.23,6913600,50.699821
2014-08-27,58.049,58.231,57.985,54.389999,1424300,50.849407
2014-08-28,57.578,57.76,57.503,53.970001,509900,50.456749
2014-08-29,57.792,57.835,57.589,53.959999,493500,50.447403
2014-09-02,57.696,57.706,57.525,53.939999,1384200,50.428699
2014-09-03,58.584,58.616,58.305,54.619999,891100,51.064434
2014-09-04,58.594,58.669,58.102,54.439999,960800,50.896152
2014-09-05,58.402,58.712,58.209,54.889999,1445600,51.316856
2014-09-08,58.626,58.626,57.963,54.310001,3904600,50.77462
2014-09-09,57.771,57.867,57.225,53.669998,3508200,50.176277
2014-09-10,57.022,57.3,56.829,53.560001,2823200,50.073441
2014-09-11,56.915,56.99,56.797,53.209999,4895300,49.74622
2014-09-12,56.68,56.68,56.166,52.669998,1245800,49.241375
2014-09-15,56.241,56.252,55.899,52.43,844800,49.017002
2014-09-16,56.006,56.99,55.984,52.990002,1880200,49.540543
2014-09-17,56.733,56.755,56.134,52.48,1868700,49.063744
2014-09-18,56.316,56.391,56.156,52.59,1348100,49.16658
2014-09-19,56.466,56.487,55.76,52.299999,1658700,48.895462
2014-09-22,55.578,55.578,54.893,51.529999,1753000,48.175579
2014-09-23,54.872,55.214,54.754,51.220001,1280500,47.885765
2014-09-24,55.171,55.663,54.958,51.959999,1143000,48.577587
2014-09-25,54.776,54.829,54.273,50.810001,1440200,47.502457
2014-09-26,54.38,54.797,54.369,51.099998,556000,47.773575
2014-09-29,53.481,53.781,53.417,50.09,1408900,46.829323
2014-09-30,53.417,53.631,53.353,50.040001,2468100,46.782581
2014-10-01,53.396,53.396,52.519,49.200001,2652800,45.997261
2014-10-02,52.69,53.118,52.102,49.369999,1796100,46.156189
2014-10-03,52.957,53.332,52.765,49.779999,1309700,46.539501
2014-10-06,54.134,54.198,53.856,50.41,3662400,47.128487
2014-10-07,53.877,53.909,53.364,49.889999,2653100,46.642342
2014-10-08,53.524,54.23,52.947,50.639999,3268000,47.343521
2014-10-09,54.027,54.048,53.161,49.860001,3298800,46.6143
2014-10-10,52.797,52.936,52.166,48.779999,1532900,45.604595
2014-10-13,52.936,53.353,52.669,49.259998,2718800,46.053356
2014-10-14,52.861,53.214,52.54,49.419998,2075900,46.202938
2014-10-15,52.283,52.433,51.171,48.919998,3143400,45.735485
2014-10-16,51.171,52.316,51.128,48.52,3645500,45.361526
2014-10-17,52.358,52.701,52.123,48.970001,1634200,45.782234
2014-10-20,52.348,52.604,52.262,49.139999,1834100,45.941162
2014-10-21,52.551,52.979,52.465,49.310001,2045200,46.100098
2014-10-22,52.733,52.818,52.316,49.02,1245700,45.828979
2014-10-23,52.519,52.733,52.39,49.07,1231800,45.875725
2014-10-24,52.519,52.989,52.476,49.369999,2018900,46.156189
2014-10-27,51.984,52.337,51.909,48.91,2354000,45.726139
2014-10-28,52.872,53.396,52.872,49.82,1545300,46.5769
2014-10-29,53.685,53.824,53.011,49.77,2080000,46.530155
2014-10-30,53.385,53.931,53.385,50.27,1868200,46.997604
2014-10-31,53.941,54.113,53.813,50.43,1401300,47.147194
2014-11-03,53.845,53.941,53.481,50.110001,1832600,46.848022
2014-11-04,53.599,53.674,53.31,50.139999,935100,46.876068
2014-11-05,53.257,53.268,52.915,49.75,960600,46.511456
2014-11-06,53.032,53.15,52.551,49.150002,5221500,45.950516
2014-11-07,52.615,52.904,52.594,49.450001,1979800,46.230988
2014-11-10,53.353,53.385,52.968,49.540001,764700,46.315125
2014-11-11,52.882,53.043,52.786,49.540001,1202600,46.315125
2014-11-12,52.979,53.193,52.797,49.419998,1797800,46.202938
2014-11-13,53.054,53.182,52.604,49.32,1315700,46.109447
2014-11-14,52.69,53.15,52.636,49.68,2417200,46.446011
2014-11-17,52.669,52.679,52.551,49.200001,2062300,45.997261
2014-11-18,52.669,52.936,52.669,49.439999,999100,46.221634
2014-11-19,52.775,53.032,52.529,49.450001,1636900,46.230988
2014-11-20,52.872,53.011,52.743,49.349998,1259100,46.137493
2014-11-21,54.027,54.273,53.781,50.720001,2432300,47.418312
2014-11-24,53.995,53.995,53.792,50.369999,884000,47.091095
2014-11-25,53.995,53.995,53.535,50.09,1640500,46.829323
2014-11-26,53.995,54.23,53.952,50.650002,1057300,47.352875
2014-11-28,53.599,53.599,53.171,49.779999,798800,46.539501
2014-12-01,52.722,52.722,52.294,48.990002,5239800,45.80093
2014-12-02,52.594,52.594,52.337,48.959999,2326600,45.772881
2014-12-03,52.551,52.711,52.476,49.130001,1052300,45.93182
2014-12-04,52.797,52.861,52.54,49.209999,1552900,46.006611
2014-12-05,52.455,52.669,52.316,49.150002,987500,45.950516
2014-12-08,52.262,52.262,51.749,48.450001,1456500,45.296085
2014-12-09,51.289,51.374,51.075,48.009998,2227800,44.884724
2014-12-10,51.257,51.257,50.583,47.369999,2862800,44.286385
2014-12-11,50.465,50.69,50.166,46.98,1899400,43.921772
2014-12-12,50.091,50.144,49.47,46.27,3209900,43.257992
2014-12-15,49.524,49.631,48.561,45.57,3036600,42.603558
2014-12-16,48.251,49.299,48.091,45.439999,4765800,42.482018
2014-12-17,47.509,48.848,47.362,45.880001,5867700,43.505173
2014-12-18,48.901,49.102,48.553,46.32,3596500,43.922398
2014-12-19,48.922,49.334,48.922,46.560001,4086900,44.149971
2014-12-22,49.608,49.798,49.566,47.099998,8904200,44.662022
2014-12-23,49.344,49.513,49.07,46.689999,3682400,44.273239
2014-12-24,49.302,49.418,49.186,46.82,1553400,44.396511
2014-12-26,49.819,49.977,49.724,47.18,1616300,44.737881
2014-12-29,49.734,49.85,49.545,46.990002,3028000,44.557716
2014-12-30,49.608,49.713,49.471,47.02,2177100,44.58617
2014-12-31,49.819,49.903,49.576,47.029999,1822100,44.595646
2015-01-02,49.523,49.566,48.996,46.59,3759600,44.178421
2015-01-05,48.87,48.933,48.279,45.880001,2753500,43.505173
2015-01-06,48.416,48.574,47.878,45.639999,3063900,43.277592
2015-01-07,49.007,49.165,48.775,46.580002,2111400,44.168941
2015-01-08,49.829,50.135,49.734,47.41,1520600,44.955978
2015-01-09,50.009,50.093,49.65,47.240002,1850800,44.794777
2015-01-12,49.787,49.808,49.376,46.889999,1456200,44.462894
2015-01-13,50.061,50.262,49.45,47.27,2392200,44.823219
2015-01-14,49.407,49.682,49.218,47.07,1609000,44.633572
2015-01-15,50.219,50.314,49.618,47.099998,1709200,44.662022
2015-01-16,49.566,50.082,49.534,47.43,2943500,44.974937
2015-01-20,49.777,49.987,49.682,47.34,1994700,44.889599
2015-01-21,50.42,50.958,50.314,48.27,2296600,45.771461
2015-01-22,51.232,51.854,50.958,49.139999,3315800,46.596424
2015-01-23,51.59,51.706,51.443,48.799999,1781400,46.274029
2015-01-26,51.358,51.643,51.232,48.82,3650800,46.292995
2015-01-27,50.989,51.369,50.947,48.630001,1802500,46.112827
2015-01-28,51.285,51.285,50.641,48.099998,1726300,45.61026
2015-01-29,50.821,50.863,50.325,48.18,1505300,45.686119
2015-01-30,49.882,50.146,49.555,47.02,4877300,44.58617
2015-02-02,50.135,50.567,50.04,47.810001,2052500,45.335278
2015-02-03,50.947,51.337,50.863,48.619999,1734600,46.103344
2015-02-04,51.19,51.453,50.989,48.41,1102900,45.904209
2015-02-05,50.947,51.379,50.915,48.709999,1305200,46.188686
2015-02-06,50.673,50.852,50.378,47.93,1635800,45.449062
2015-02-09,50.346,50.578,50.346,47.849998,946300,45.373199
2015-02-10,50.304,50.378,50.146,47.740002,2009100,45.268894
2015-02-11,49.924,50.177,49.703,47.43,1252500,44.974937
2015-02-12,50.578,51.084,50.536,48.389999,1360500,45.88525
2015-02-13,51.285,51.559,51.242,48.869999,1694400,46.340401
2015-02-17,51.39,51.432,51.063,48.759998,1055300,46.236095
2015-02-18,51.221,51.474,51.105,48.779999,872000,46.255062
2015-02-19,51.126,51.474,51.031,48.59,681500,46.074898
2015-02-20,51.126,51.601,51,48.860001,1045600,46.330921
2015-02-23,51.306,51.337,51,48.48,1082400,45.970592
2015-02-24,51.348,51.886,51.147,49.09,1476900,46.549015
2015-02-25,51.569,51.791,51.569,49.029999,7489400,46.492123
2015-02-26,51.728,51.78,51.633,48.990002,970100,46.454197
2015-02-27,51.622,51.949,51.622,49,2904100,46.463676
2015-03-02,51.59,51.643,51.453,48.959999,2141600,46.425743
2015-03-03,51.358,51.443,51.274,48.639999,1615000,46.122307
2015-03-04,50.968,50.968,50.578,48.209999,1546300,45.714569
2015-03-05,50.863,50.989,50.599,48.150002,792700,45.657673
2015-03-06,50.441,50.451,49.903,47.459999,2154300,45.003387
2015-03-09,50.061,50.156,49.84,47.279999,1533900,44.832706
2015-03-10,49.154,49.165,48.764,46.25,3125700,43.856018
2015-03-11,49.017,49.197,48.912,46.549999,1876000,44.140488
2015-03-12,49.745,49.777,49.355,46.869999,916200,44.443932
2015-03-13,49.049,49.07,48.585,46.290001,2324700,43.893948
2015-03-16,49.355,49.471,49.218,46.860001,1149100,44.434444
2015-03-17,49.45,49.935,49.418,47.32,2377200,44.870636
2015-03-18,49.798,51.158,49.703,48.360001,2608000,45.856808
2015-03-19,50.473,50.546,50.072,47.619999,1827600,45.155106
2015-03-20,50.694,51.031,50.641,48.25,1865300,45.752499
2015-03-23,51.021,51.126,50.852,48.439999,2279600,45.932659
2015-03-24,51.116,51.242,51.042,48.560001,2136900,46.046452
2015-03-25,51.211,51.242,50.462,47.869999,2310300,45.392162
2015-03-26,50.346,50.346,49.924,47.540001,3447600,45.07925
2015-03-27,50.198,50.325,50.082,47.669998,1280400,45.202518
2015-03-30,50.821,51.211,50.778,48.48,4136800,45.970592
2015-03-31,50.863,51.084,50.768,48.330002,3460100,45.828354
2015-04-01,51.517,51.675,51.316,49,3943600,46.463676
2015-04-02,52.097,52.466,52.012,49.650002,2181800,47.080032
2015-04-06,52.866,53.309,52.761,50.310001,931900,47.705872
2015-04-07,52.982,53.077,52.782,50.060001,1225900,47.468811
2015-04-08,53.984,54.048,53.605,51.09,1865900,48.445492
2015-04-09,54.227,54.438,54.027,51.59,1410700,48.919613
2015-04-10,54.375,54.469,54.174,51.630001,1255700,48.957542
2015-04-13,54.564,54.754,54.185,51.400002,1405300,48.739452
2015-04-14,54.28,54.533,54.09,51.630001,1652800,48.957542
2015-04-15,54.375,54.754,54.29,51.889999,1839700,49.204079
2015-04-16,55.007,55.45,54.849,52.380001,1349300,49.66872
2015-04-17,54.322,54.691,53.837,51.360001,9350100,48.701523
2015-04-20,54.153,54.311,54.132,51.360001,1720400,48.701523
2015-04-21,54.691,54.712,54.448,51.66,1402300,48.985992
2015-04-22,54.817,55.102,54.701,52.16,1640100,49.460102
2015-04-23,54.87,55.556,54.87,52.560001,1594300,49.839405
2015-04-24,55.819,55.819,55.503,52.689999,1102600,49.962669
2015-04-27,55.84,55.946,55.756,52.889999,4295300,50.152321
2015-04-28,55.883,56.072,55.735,53.060001,3855900,50.313522
2015-04-29,55.397,55.566,55.197,52.470001,3518600,49.754066
2015-04-30,54.891,54.902,54.575,51.84,5331000,49.156673
2015-05-01,54.733,54.997,54.564,52.040001,1747000,49.346321
2015-05-04,54.902,55.229,54.902,52.32,1762600,49.611824
2015-05-05,54.955,54.965,54.596,51.810001,1671300,49.128227
2015-05-06,54.67,54.712,53.879,51.200001,1716300,48.549801
2015-05-07,53.721,53.858,53.531,51.040001,2304500,48.398083
2015-05-08,54.364,54.775,54.332,51.740002,1244300,49.061852
2015-05-11,54.501,54.564,54.005,51.220001,1380500,48.568764
2015-05-12,53.71,54.069,53.626,51.119999,2504800,48.473938
2015-05-13,54.438,54.48,54.048,51.27,1701400,48.616177
2015-05-14,54.438,54.712,54.396,51.830002,853700,49.147194
2015-05-15,54.607,55.007,54.501,52.16,1317900,49.460102
2015-05-18,54.796,54.796,54.512,51.709999,1172700,49.033398
2015-05-19,54.67,54.744,54.554,51.799999,884700,49.118744
2015-05-20,54.554,54.775,54.396,51.799999,1239000,49.118744
2015-05-21,54.269,54.48,54.153,51.639999,1077500,48.967018
2015-05-22,54.723,54.786,54.522,51.779999,1642600,49.099777
2015-05-26,54.343,54.343,53.689,51.009998,1616200,48.369629
2015-05-27,53.478,53.911,53.383,51.080002,1161300,48.436012
2015-05-28,53.035,53.257,52.94,50.439999,1589200,47.829132
2015-05-29,53.214,53.214,52.677,49.950001,3238400,47.364498
2015-06-01,52.74,52.835,52.413,49.849998,1682300,47.269672
2015-06-02,52.497,52.93,52.402,50,1585100,47.411911
2015-06-03,52.487,52.613,52.339,49.77,2206900,47.193817
2015-06-04,52.086,52.16,51.685,49.060001,2142400,46.520573
2015-06-05,51.379,51.664,51.221,48.779999,2071100,46.255062
2015-06-08,51.538,51.548,51.39,48.810001,2298700,46.283512
2015-06-09,51.211,51.242,51.042,48.459999,1942200,45.951626
2015-06-10,51.59,51.833,51.527,49.07,1452700,46.530052
2015-06-11,51.664,51.675,51.432,48.959999,1310200,46.425743
2015-06-12,51.559,51.706,51.411,48.919998,1347400,46.387814
2015-06-15,51,51.084,50.863,48.419998,1660200,45.913696
2015-06-16,50.884,51.105,50.789,48.389999,1149500,45.88525
2015-06-17,51.063,51.59,50.778,48.689999,1950200,46.16972
2015-06-18,51.812,52.033,51.685,49.189999,1707400,46.643841
2015-06-19,51.643,51.801,51.474,48.82,1296100,46.292995
2015-06-22,52.286,52.318,52.086,49.389999,1951600,46.833488
2015-06-23,52.424,52.613,52.286,49.880001,1829200,47.298126
2015-06-24,52.529,52.613,52.255,49.549999,5472000,46.985207
2015-06-25,51.448,51.458,51.103,48.900002,1895900,46.791912
2015-06-26,50.769,50.925,50.633,48.549999,1710700,46.457001
2015-06-29,50.121,50.121,49.515,47.389999,2390900,45.347012
2015-06-30,50.424,50.424,50.058,48.040001,1925200,45.96899
2015-07-01,50.528,50.56,50.121,48.110001,3824600,46.035973
2015-07-02,50.56,50.716,50.413,48.299999,1514800,46.217781
2015-07-06,49.473,49.473,48.804,46.880001,2310000,44.859001
2015-07-07,47.999,48.24,47.31,46.080002,4656100,44.093483
2015-07-08,47.195,47.195,46.411,44.439999,4722200,42.524185
2015-07-09,47.362,48.762,47.362,45.41,7708700,43.45237
2015-07-10,48.647,48.793,48.334,46.560001,4019000,44.552792
2015-07-13,49.003,49.097,48.877,46.919998,4506600,44.89727
2015-07-14,48.835,49.149,48.773,47,1786900,44.97382
2015-07-15,48.793,48.825,48.48,46.470001,2413000,44.466671
2015-07-16,49.013,49.201,48.961,47.049999,1824600,45.021664
2015-07-17,49.212,49.243,49.023,46.98,1895900,44.954685
2015-07-20,48.647,48.888,48.48,46.689999,2610900,44.677185
2015-07-21,48.908,49.013,48.783,46.709999,1926500,44.696323
2015-07-22,48.449,48.449,48.125,46.099998,3797100,44.112621
2015-07-23,48.187,48.187,47.707,45.700001,2724200,43.72987
2015-07-24,47.404,47.404,46.839,45.049999,2145000,43.107887
2015-07-27,46.285,46.348,46.014,44.119999,4846300,42.217979
2015-07-28,46.536,46.609,46.181,44.59,3642800,42.667717
2015-07-29,46.724,47.184,46.578,45.009998,4128100,43.069611
2015-07-30,46.588,46.63,46.296,44.560001,2834000,42.639011
2015-07-31,47.017,47.153,46.777,44.889999,4101600,42.954788
2015-08-03,46.338,46.421,46.003,44.189999,3958800,42.284962
2015-08-04,46.557,46.662,46.202,44.349998,2391700,42.438065
2015-08-05,46.797,46.818,46.327,44.43,2473600,42.514614
2015-08-06,46.181,46.212,45.941,44.09,3085200,42.189274
2015-08-07,46.087,46.233,45.972,44.080002,2372100,42.179707
2015-08-10,46.369,46.871,46.264,44.849998,2776700,42.916508
2015-08-11,45.94,45.94,45.408,43.740002,4011600,41.854366
2015-08-12,44.99,45.178,44.739,43.139999,5968400,41.280228
2015-08-13,45.188,45.282,44.99,43.099998,3851100,41.241951
2015-08-14,45.199,45.293,45.084,43.209999,3121700,41.347214
2015-08-17,44.519,44.697,44.425,42.73,2797500,40.887905
2015-08-18,44.122,44.289,44.039,42.25,2348100,40.428593
2015-08-19,43.777,44.007,43.234,41.700001,5124800,39.902309
2015-08-20,43.056,43.119,42.795,41.029999,5252400,39.261189
2015-08-21,42.304,42.377,41.468,39.700001,6880900,37.988529
2015-08-24,40.663,40.788,38.155,37.889999,16638600,36.256557
2015-08-25,40.381,42.659,40.203,38.490002,12050600,36.830696
2015-08-26,41.018,41.677,40.475,39.799999,9908100,38.084213
2015-08-27,42.314,43.255,42.178,41.380001,9089600,39.596104
2015-08-28,42.722,42.962,42.492,40.91,6177500,39.146362
2015-08-31,42.398,42.722,42.084,40.689999,6743200,38.935848
2015-09-01,41.677,41.729,40.893,39.290001,7089600,37.596199
2015-09-02,41.677,41.76,41.259,39.959999,3763300,38.237316
2015-09-03,41.854,42.356,41.739,40.049999,4628000,38.323441
2015-09-04,41.091,41.133,40.36,38.799999,4072500,37.127327
2015-09-08,41.718,41.875,41.478,40.07,3342500,38.342575
2015-09-09,42.555,42.669,41.687,39.919998,5594900,38.199039
2015-09-10,41.781,42.387,41.739,40.360001,4343100,38.620075
2015-09-11,42.095,42.377,41.98,40.540001,3205900,38.792316
2015-09-14,42.199,42.293,41.948,40.439999,3349900,38.696625
2015-09-15,42.272,42.732,42.21,40.799999,3306700,39.041103
2015-09-16,43.317,43.767,43.234,41.75,3181200,39.95015
2015-09-17,43.223,44.53,43.223,41.720001,3426700,39.921444
2015-09-18,43.088,43.443,42.669,40.970001,4046900,39.203777
2015-09-21,42.952,42.973,42.649,41.009998,6735900,39.24205
2015-09-22,41.969,42.084,41.729,40.240002,4126000,38.505253
2015-09-23,41.844,41.907,41.415,39.66,3701200,37.950253
2015-09-24,40.903,41.426,40.642,39.5,12972300,37.79715
2015-09-25,41.844,41.844,41.165,39.470001,4233200,37.768444
2015-09-28,40.924,40.935,40.266,38.549999,7536100,36.888107
2015-09-29,40.464,40.736,40.297,38.830002,4505800,37.156033
2015-09-30,41.541,41.781,41.332,39.889999,5799900,38.170334
2015-10-01,42.053,42.137,41.635,40.139999,4875900,38.409561
2015-10-02,41.718,42.92,41.614,41.060001,4119400,39.289898
2015-10-05,43.391,43.819,43.359,41.919998,5035400,40.112823
2015-10-06,43.652,43.798,43.485,41.830002,4459800,40.026703
2015-10-07,44.592,45.052,44.488,42.799999,4554900,40.954884
2015-10-08,44.603,45.251,44.467,43.27,3301500,41.404621
2015-10-09,45.575,45.742,45.178,43.389999,3426600,41.519447
2015-10-12,45.439,45.46,45.063,43.18,3111800,41.318504
2015-10-13,44.603,44.916,44.373,42.490002,2699200,40.658249
2015-10-14,44.697,44.937,44.603,42.849998,6945500,41.002728
2015-10-15,45.554,45.836,45.282,43.860001,4456500,41.969193
2015-10-16,45.648,45.836,45.449,43.799999,3911200,41.911774
2015-10-19,45.397,45.397,45.167,43.369999,2115300,41.500313
2015-10-20,45.313,45.46,45.209,43.360001,2635600,41.490746
2015-10-21,45.115,45.157,44.728,42.84,5132700,40.99316
2015-10-22,45.24,45.711,45.157,43.68,2967300,41.796951
2015-10-23,45.961,46.024,45.711,43.900002,2574300,42.007465
2015-10-26,45.679,45.69,45.449,43.549999,2124800,41.672554
2015-10-27,45.104,45.178,44.927,43.110001,2246200,41.251522
2015-10-28,45.167,45.334,44.342,42.700001,5599500,40.8592
2015-10-29,44.122,44.394,44.091,42.32,2173700,40.495579
2015-10-30,44.509,44.509,44.237,42.34,6246800,40.514717
2015-11-02,44.624,45.084,44.582,43.139999,3223600,41.280228
2015-11-03,44.948,45.763,44.937,43.66,7663300,41.777813
2015-11-04,45.846,45.888,45.167,43.360001,3201500,41.490746
2015-11-05,45.293,45.502,45.104,43.349998,3520000,41.481178
2015-11-06,44.415,44.812,44.185,42.84,3687000,40.99316
2015-11-09,44.133,44.237,43.6,41.790001,5295800,39.98843
2015-11-10,43.547,43.6,43.317,41.66,3015000,39.864033
2015-11-11,43.84,43.84,43.526,41.759998,1921600,39.959717
2015-11-12,43.464,43.673,43.15,41.330002,2848800,39.548256
2015-11-13,43.035,43.046,42.502,40.799999,4418700,39.041103
2015-11-16,42.722,43.443,42.669,41.560001,4159700,39.768349
2015-11-17,43.485,43.537,43.223,41.459999,2969200,39.672653
2015-11-18,43.286,43.809,43.213,41.880001,6579200,40.074547
2015-11-19,44.039,44.216,43.944,42.209999,6256700,40.39032
2015-11-20,44.477,44.707,44.404,42.610001,6222000,40.773079
2015-11-23,44.31,44.404,44.08,42.259998,4648400,40.43816
2015-11-24,43.913,44.425,43.84,42.43,4272200,40.600838
2015-11-25,44.143,44.143,43.913,42.189999,3440900,40.371181
2015-11-27,43.547,43.547,43.202,41.400002,1168500,39.615246
2015-11-30,43.056,43.255,42.973,41.369999,5823700,39.586536
2015-12-01,43.411,43.579,43.328,41.700001,5348700,39.902309
2015-12-02,43.349,43.349,42.899,41.240002,4595300,39.462139
2015-12-03,43.255,43.265,42.69,41.02,6460200,39.251621
2015-12-04,42.607,43.192,42.534,41.279999,4102200,39.500412
2015-12-07,42.764,42.764,42.346,40.630001,6146100,38.878437
2015-12-08,41.614,41.98,41.489,40.169998,6626900,38.438263
2015-12-09,41.802,42.189,41.489,39.810001,7878700,38.093788
2015-12-10,41.52,41.666,41.259,39.52,7570800,37.816292
2015-12-11,40.496,40.506,40.151,38.470001,7986100,36.811554
2015-12-14,40.611,40.809,40.245,39.029999,8891500,37.347408
2015-12-15,41.29,41.562,41.248,39.66,8725500,37.950253
2015-12-16,41.76,42.387,41.562,40.360001,10536600,38.620075
2015-12-17,42.157,42.231,41.666,39.889999,7386000,38.170334
2015-12-18,41.813,41.823,41.52,39.740002,7148800,38.026806
2015-12-21,40.888,40.888,40.496,39.529999,6684300,38.352795
2015-12-22,40.785,41.083,40.733,39.860001,7572300,38.672974
2015-12-23,41.331,41.589,41.269,40.34,8273800,39.138676
2015-12-24,41.382,41.475,41.331,40.169998,2660400,38.973736
2015-12-28,41.166,41.187,40.98,39.939999,4566100,38.750584
2015-12-29,41.331,41.372,41.166,40.02,6215900,38.828205
2015-12-30,40.867,40.929,40.63,39.450001,5423200,38.275177
2015-12-31,40.723,40.826,40.568,39.389999,6550300,38.216965
2016-01-04,39.599,39.599,39.208,38.389999,6750900,37.246746
2016-01-05,39.733,39.764,39.537,38.48,5367200,37.334064
2016-01-06,38.971,39.187,38.795,37.790001,6487100,36.664616
2016-01-07,38.125,38.476,37.754,36.650002,8851600,35.558563
2016-01-08,38.053,38.136,37.342,36.299999,8229500,35.218987
2016-01-11,37.713,37.713,37.023,36.259998,6296000,35.180176
2016-01-12,37.558,37.754,37.136,36.290001,7252900,35.209282
2016-01-13,37.857,37.899,36.909,35.900002,8054400,34.830902
2016-01-14,37.012,37.569,36.765,36.360001,8974500,35.277203
2016-01-15,36.043,36.219,35.518,34.860001,8378200,33.821869
2016-01-19,36.889,36.889,36.26,35.439999,6732100,34.384598
2016-01-20,35.683,36.002,34.951,34.689999,9857800,33.656929
2016-01-21,35.827,36.342,35.497,34.849998,7856600,33.812164
2016-01-22,36.94,37.043,36.693,35.939999,13047300,34.869705
2016-01-25,36.806,36.94,36.414,35.360001,6726400,34.30698
2016-01-26,36.621,37.002,36.569,35.830002,4285800,34.762985
2016-01-27,36.909,37.291,36.538,35.68,6207700,34.617447
2016-01-28,37.404,37.497,37.023,36.209999,7631200,35.131664
2016-01-29,37.909,38.496,37.785,37.34,7764200,36.228012
2016-02-01,37.971,38.228,37.765,37.02,5276700,35.917545
2016-02-02,37.558,37.579,36.919,35.91,7342700,34.840599
2016-02-03,37.404,38.002,36.755,36.830002,12832300,35.733204
2016-02-04,38.239,38.651,37.981,37.049999,9343400,35.946651
2016-02-05,38.156,38.167,37.62,36.650002,6399700,35.558563
2016-02-08,37.321,37.425,36.837,36.18,8285100,35.102558
2016-02-09,36.693,37.177,36.425,35.68,8753200,34.617447
2016-02-10,37.239,37.6,36.93,35.830002,9542300,34.762985
2016-02-11,36.208,36.559,36.043,35.27,9592400,34.219662
2016-02-12,36.559,36.899,36.404,35.790001,4981900,34.724174
2016-02-16,37.579,37.692,37.373,36.529999,6889000,35.442139
2016-02-17,37.868,38.466,37.868,37.25,5428800,36.140697
2016-02-18,38.476,38.486,38.064,37.02,4327300,35.917545
2016-02-19,37.94,38.187,37.826,36.869999,4017600,35.772011
2016-02-22,38.62,38.929,38.558,37.759998,4645400,36.635506
2016-02-23,38.63,38.641,38.084,36.990002,3547800,35.888443
2016-02-24,37.528,38.198,37.352,36.93,4996800,35.830227
2016-02-25,37.95,38.218,37.734,37.049999,5228500,35.946651
2016-02-26,38.393,38.404,37.775,36.68,4238400,35.587669
2016-02-29,38.208,38.466,38.105,36.98,7779500,35.878735
2016-03-01,38.919,39.486,38.785,38.299999,4321100,37.159424
2016-03-02,39.455,39.97,39.414,38.779999,5338000,37.62513
2016-03-03,39.96,40.372,39.908,39.16,3624800,37.993816
2016-03-04,40.764,41.331,40.671,39.939999,7831500,38.750584
2016-03-07,40.764,41.279,40.733,39.849998,4727800,38.663265
2016-03-08,40.599,40.671,40.269,39.220001,6104500,38.052029
2016-03-09,40.62,40.898,40.558,39.43,4582100,38.255775
2016-03-10,40.888,40.97,40.176,39.52,6019400,38.34309
2016-03-11,41.29,41.65,41.279,40.380001,3771800,39.177483
2016-03-14,41.434,41.547,41.207,40.09,3141800,38.896122
2016-03-15,40.712,40.743,40.517,39.52,2298400,38.34309
2016-03-16,40.424,41.63,40.352,40.299999,4700400,39.099865
2016-03-17,41.537,42.496,41.537,41.16,3778800,39.934254
2016-03-18,42.63,42.774,42.537,41.290001,4202000,40.060387
2016-03-21,42.526,42.784,42.516,41.450001,2636300,40.215618
2016-03-22,42.403,42.794,42.341,41.349998,3572200,40.118595
2016-03-23,42.3,42.3,41.887,40.650002,4143700,39.439445
2016-03-24,41.589,41.836,41.393,40.57,3272300,39.361824
2016-03-28,41.877,41.97,41.764,40.720001,2133200,39.507362
2016-03-29,41.743,42.516,41.63,41.220001,2537100,39.99247
2016-03-30,43.124,43.299,42.928,41.68,3197100,40.43877
2016-03-31,43.155,43.227,42.825,41.619999,4879100,40.380554
2016-04-01,42.094,42.877,41.939,41.540001,6531600,40.30294
2016-04-04,42.784,42.805,42.31,41.099998,3092900,39.876038
2016-04-05,41.753,41.846,41.496,40.330002,4394500,39.128975
2016-04-06,41.516,42.104,41.372,40.849998,4868500,39.633484
2016-04-07,41.599,41.619,41.176,40.07,3770700,38.876713
2016-04-08,42.166,42.217,41.867,40.709999,3271100,39.497658
2016-04-11,42.599,42.784,42.454,41.200001,4374600,39.973064
2016-04-12,42.671,43.227,42.465,41.830002,6323800,40.584301
2016-04-13,43.732,43.835,43.578,42.52,6655700,41.253754
2016-04-14,43.753,43.763,43.557,42.34,5362900,41.079113
2016-04-15,43.547,43.619,43.392,42.119999,3320900,40.865665
2016-04-18,43.279,43.794,43.176,42.32,5618700,41.059708
2016-04-19,43.99,44.351,43.99,42.970001,5783500,41.690353
2016-04-20,43.908,44.258,43.763,42.740002,4691300,41.467205
2016-04-21,43.938,43.938,43.526,42.299999,3531300,41.040302
2016-04-22,43.454,43.712,43.299,42.080002,4766600,40.826859
2016-04-25,43.32,43.33,43.052,41.849998,3176600,40.603703
2016-04-26,43.444,43.547,43.299,42.23,4556600,40.972393
2016-04-27,43.382,43.835,43.248,42.450001,3735400,41.185837
2016-04-28,43.351,43.701,43.258,42.07,2749900,40.817154
2016-04-29,43.238,43.382,42.836,41.900002,4568000,40.652218
2016-05-02,43.165,43.186,42.877,41.799999,6434100,40.555195
2016-05-03,42.362,42.392,41.918,40.720001,6784300,39.507362
2016-05-04,41.743,41.753,41.3,40.130001,6120300,38.934929
2016-05-05,41.712,41.795,41.228,40.119999,4341100,38.925228
2016-05-06,41.207,41.547,41.145,40.189999,3349000,38.993141
2016-05-09,41.331,41.331,40.764,39.630001,3788700,38.449821
2016-05-10,41.321,41.671,41.248,40.419998,5269900,39.21629
2016-05-11,41.589,41.826,41.465,40.330002,3660200,39.128975
2016-05-12,41.795,41.815,41.3,40.209999,4056900,39.012543
2016-05-13,41.135,41.279,40.64,39.52,3169100,38.34309
2016-05-16,41.104,41.31,41.042,39.950001,2914200,38.760284
2016-05-17,41.145,41.31,40.908,39.790001,7790600,38.605057
2016-05-18,41.898,41.898,40.455,39.48,36141400,38.304283
2016-05-19,40.372,40.424,40.094,39.16,13545700,37.993816
2016-05-20,40.723,40.815,40.63,39.52,9181400,38.34309
2016-05-23,40.671,40.857,40.599,39.43,7446200,38.255775
2016-05-24,40.826,41.094,40.795,39.82,4683100,38.634163
2016-05-25,41.372,41.609,41.341,40.209999,8510500,39.012543
2016-05-26,41.733,41.795,41.506,40.439999,5599600,39.235691
2016-05-27,41.805,41.887,41.558,40.439999,3334700,39.235691
2016-05-31,41.836,41.898,41.619,40.470001,6992600,39.264801
2016-06-01,41.609,41.805,41.496,40.48,3793900,39.274506
2016-06-02,41.743,42.073,41.63,40.790001,3636900,39.575275
2016-06-03,42.465,42.65,42.228,41.360001,6762700,40.128296
2016-06-06,42.805,43.073,42.743,41.689999,9798700,40.448471
2016-06-07,43.238,43.444,43.238,42.080002,5899400,40.826859
2016-06-08,43.64,43.753,43.537,42.380001,4236500,41.117924
2016-06-09,43.165,43.269,43.062,41.91,3314100,40.661919
2016-06-10,42.392,42.526,42.073,40.93,4730200,39.711102
2016-06-13,41.681,41.97,41.547,40.360001,4063800,39.158077
2016-06-14,41.496,41.671,41.166,40.240002,5315500,39.041653
2016-06-15,41.856,42.228,41.774,40.599998,7689600,39.39093
2016-06-16,41.217,41.743,40.908,40.5,4744300,39.293907
2016-06-17,41.784,41.836,41.516,40.560001,6183200,39.352123
2016-06-20,42.599,42.784,42.465,41.23,5223500,40.002171
2016-06-21,42.733,42.939,42.496,41.560001,4673800,40.322342
2016-06-22,42.28,42.402,42.075,41.220001,9839900,40.36232
2016-06-23,42.698,43.117,42.494,42.200001,6261800,41.32193
2016-06-24,40.666,41.514,40.472,39.73,13088800,38.90332
2016-06-27,40.493,40.493,39.686,39.27,8940600,38.452892
2016-06-28,41.116,41.299,40.901,40.43,7476100,39.588757
2016-06-29,42.035,42.28,41.963,41.389999,5285700,40.528782
2016-06-30,42.453,42.77,42.27,41.84,7259300,40.969421
2016-07-01,42.944,43.138,42.892,42.150002,5498000,41.272968
2016-07-05,42.545,42.545,42.137,41.349998,5276000,40.489613
2016-07-06,41.647,42.116,41.483,41.189999,5126200,40.332939
2016-07-07,42.3,42.423,41.892,41.130001,4760600,40.274189
2016-07-08,42.494,42.882,42.423,41.970001,4561500,41.096714
2016-07-11,43.138,43.383,43.138,42.310001,6756300,41.429638
2016-07-12,43.771,43.955,43.669,42.93,5969100,42.036739
2016-07-13,43.832,43.873,43.505,42.830002,5141300,41.93882
2016-07-14,44.251,44.465,44.128,43.419998,7184400,42.516541
2016-07-15,44.353,44.353,44.087,43.330002,11761400,42.428417
2016-07-18,44.087,44.608,44.087,43.669998,5493100,42.761341
2016-07-19,44.292,44.292,44.046,43.240002,4060900,42.34029
2016-07-20,44.271,44.486,44.169,43.470001,2562100,42.565502
2016-07-21,44.302,44.486,44.169,43.369999,3448200,42.467579
2016-07-22,44.455,44.618,44.322,43.669998,2992200,42.761341
2016-07-25,44.455,44.455,44.128,43.259998,2019600,42.359871
2016-07-26,44.424,44.578,44.332,43.560001,8469800,42.653629
2016-07-27,44.649,44.772,44.23,43.700001,5891700,42.790718
2016-07-28,44.629,44.68,44.404,43.709999,4413100,42.80051
2016-07-29,44.721,44.966,44.526,43.970001,7389100,43.055099
2016-08-01,45.119,45.119,44.782,43.869999,4583300,42.957176
2016-08-02,44.812,44.874,44.23,43.619999,7443600,42.712379
2016-08-03,44.261,44.71,44.169,43.759998,2236000,42.849464
2016-08-04,44.761,45.098,44.71,44.009998,3323900,43.094265
2016-08-05,45.211,45.456,45.129,44.490002,2006500,43.564278
2016-08-08,45.691,45.783,45.65,44.77,2601500,43.838455
2016-08-09,45.864,46.201,45.864,45.099998,4522500,44.161587
2016-08-10,46.273,46.293,45.926,45.080002,2988900,44.142006
2016-08-11,46.212,46.6,46.171,45.619999,4865900,44.670765
2016-08-12,46.457,46.569,46.252,45.470001,4069900,44.523888
2016-08-15,46.732,47.008,46.732,45.93,3600500,44.974316
2016-08-16,46.824,46.824,46.549,45.68,4195400,44.729515
2016-08-17,46.273,46.487,45.956,45.459999,8162800,44.514095
2016-08-18,46.692,46.824,46.559,45.849998,4659900,44.895981
2016-08-19,46.283,46.589,46.15,45.59,7340500,44.641388
2016-08-22,46.13,46.14,45.823,44.970001,6365100,44.03429
2016-08-23,46.344,46.436,45.762,44.810001,4055100,43.877625
2016-08-24,45.772,45.956,45.65,44.93,4473300,43.995121
2016-08-25,45.772,45.956,45.691,44.950001,7488700,44.014706
2016-08-26,46.048,46.497,45.241,44.619999,8545300,43.69157
2016-08-29,45.629,45.966,45.558,44.93,6070400,43.995121
2016-08-30,46.007,46.12,45.752,44.880001,6698300,43.946163
2016-08-31,45.599,45.64,45.241,44.41,10875400,43.485943
2016-09-01,45.354,45.711,45.313,44.759998,8896100,43.828659
2016-09-02,46.263,46.395,46.099,45.360001,10920200,44.416176
2016-09-06,46.967,47.366,46.906,46.290001,15342800,45.326828
2016-09-07,47.325,47.345,47.1,46.220001,11295800,45.258282
2016-09-08,47.223,47.335,46.998,46.049999,6701200,45.091816
2016-09-09,46.375,46.406,45.548,44.599998,7019300,43.671986
2016-09-12,44.986,46.038,44.904,44.970001,6823800,44.03429
2016-09-13,45.211,45.354,44.557,43.849998,12658400,42.937592
2016-09-14,45.006,45.415,44.915,44.02,13256800,43.104061
2016-09-15,45.333,45.823,45.088,44.77,8152700,43.838455
2016-09-16,45.323,45.497,45.037,44.5,5618500,43.57407
2016-09-19,45.966,46.12,45.711,44.799999,4158200,43.867828
2016-09-20,46.079,46.109,45.772,44.82,3973900,43.887413
2016-09-21,46.252,47.069,46.12,46.049999,7899400,45.091816
2016-09-22,47.366,47.529,47.141,46.299999,12461500,45.336617
2016-09-23,46.957,47.039,46.671,45.700001,5935000,44.7491
2016-09-26,46.324,46.395,46.058,45.119999,3198200,44.181168
2016-09-27,46.406,46.732,46.232,45.759998,4553000,44.80785
2016-09-28,46.814,47.161,46.416,46.16,5203200,45.199532
2016-09-29,46.875,46.977,46.171,45.360001,6747600,44.416176
2016-09-30,46.579,46.722,46.355,45.610001,7078600,44.660973
2016-10-03,46.671,46.937,46.497,45.880001,11601600,44.925358
2016-10-04,46.845,46.977,46.242,45.41,11590200,44.465134
2016-10-05,46.855,47.11,46.722,46.09,7214100,45.130985
2016-10-06,46.794,47.059,46.681,46.060001,5037200,45.101612
2016-10-07,47.039,47.12,46.467,45.849998,7075900,44.895981
2016-10-10,47.069,47.386,47.049,46.259998,5199100,45.297447
2016-10-11,46.457,46.508,45.956,45.23,9923500,44.288879
2016-10-12,46.099,46.293,45.915,45.189999,3756600,44.249714
2016-10-13,45.476,45.895,45.201,44.799999,6254200,43.867828
2016-10-14,46.109,46.212,45.742,44.84,4728600,43.906994
2016-10-17,45.783,45.915,45.701,44.799999,3657600,43.867828
2016-10-18,46.518,46.64,46.375,45.619999,5220300,44.670765
2016-10-19,46.783,46.926,46.61,45.849998,4702200,44.895981
2016-10-20,46.681,46.855,46.508,45.720001,3936500,44.768684
2016-10-21,46.426,46.712,46.365,45.689999,2554200,44.739307
2016-10-24,47.008,47.059,46.743,45.900002,2179600,44.944942
2016-10-25,46.794,46.977,46.743,45.900002,3501300,44.944942
2016-10-26,46.467,46.64,46.283,45.439999,4931800,44.494511
2016-10-27,46.487,46.487,46.007,45.07,10603600,44.13221
2016-10-28,46.048,46.252,45.629,44.889999,7648100,43.955952
2016-10-31,46.058,46.232,45.966,45.139999,5169100,44.200752
2016-11-01,46.263,46.273,45.384,44.759998,7573100,43.828659
2016-11-02,45.619,45.67,44.986,44.25,10954200,43.329273
2016-11-03,45.252,45.374,44.925,44.119999,7658000,43.201973
2016-11-04,44.71,44.915,44.567,43.689999,8966500,42.780926
2016-11-07,45.691,46.191,45.65,45.169998,11337300,44.230129
2016-11-08,45.966,46.671,45.854,45.459999,7883500,44.514095
2016-11-09,45.058,45.456,44.782,44.07,21928800,43.153019
2016-11-10,44.669,44.772,43.536,42.880001,18568200,41.987782
2016-11-11,42.944,43.27,42.443,42.07,15447200,41.194633
2016-11-14,42.801,42.923,42.341,41.73,19188200,40.861706
2016-11-15,42.995,43.577,42.954,42.610001,7636500,41.723396
2016-11-16,43.066,43.27,42.964,42.279999,6669300,41.400261
2016-11-17,43.26,43.526,43.158,42.34,10382200,41.459015
2016-11-18,43.321,43.372,42.984,42.18,9340400,41.302345
2016-11-21,43.362,43.536,43.291,42.540001,4782000,41.654854
2016-11-22,43.975,44.046,43.73,43.07,4902700,42.173824
2016-11-23,43.424,43.587,43.332,42.650002,7423800,41.762566
2016-11-25,43.791,43.791,43.679,42.830002,1793800,41.93882
2016-11-28,43.863,44.077,43.863,43.060001,4713000,42.164032
2016-11-29,43.852,44.138,43.771,43.130001,2940200,42.232578
2016-11-30,44.23,44.261,44.067,43.27,9082900,42.369663
2016-12-01,43.965,44.046,43.577,42.77,7602800,41.880066
2016-12-02,43.607,43.822,43.556,42.720001,6111200,41.831108
2016-12-05,43.761,43.985,43.761,43.049999,6876300,42.15424
2016-12-06,44.118,44.2,43.985,43.25,3826100,42.350079
2016-12-07,44.435,44.925,44.373,43.93,7503600,43.01593
2016-12-08,44.802,45.078,44.741,44.099998,8760000,43.182388
2016-12-09,44.772,44.935,44.721,43.919998,6937200,43.006138
2016-12-12,44.578,44.71,44.414,43.619999,8428300,42.712379
2016-12-13,44.802,45.109,44.792,44.09,8081100,43.172604
2016-12-14,44.7,44.802,43.73,42.849998,7360500,41.958401
2016-12-15,43.863,44.016,43.72,42.990002,10551900,42.09549
2016-12-16,43.863,43.904,43.577,42.810001,10571600,41.919235
2016-12-19,43.658,43.679,43.403,42.52,5916300,41.635269
2016-12-20,43.556,43.577,43.424,42.610001,5448100,41.723396
2016-12-21,42.434,42.434,42.152,41.860001,5657700,41.560169
2016-12-22,41.82,41.82,41.538,41.419998,6394400,41.123318
2016-12-23,41.779,41.92,41.719,41.619999,3332500,41.321888
2016-12-27,42.031,42.132,42.001,41.759998,4222900,41.460884
2016-12-28,42.474,42.474,42.253,42.029999,4372500,41.728951
2016-12-29,42.766,43.038,42.736,42.689999,7865900,42.384224
2016-12-30,43.048,43.048,42.635,42.450001,7684200,42.145943
2017-01-03,43.169,43.421,43.048,42.91,7008600,42.60265
2017-01-04,43.492,43.653,43.481,43.290001,5154300,42.979927
2017-01-05,43.915,44.146,43.884,43.790001,5440400,43.476345
2017-01-06,43.955,43.965,43.794,43.59,7137800,43.277779
2017-01-09,43.844,43.945,43.794,43.490002,4766300,43.178497
2017-01-10,44.066,44.297,44.066,43.790001,5614900,43.476345
2017-01-11,44.176,44.599,44.015,44.220001,17920900,43.903267
2017-01-12,44.781,44.781,44.529,44.43,6235900,44.111763
2017-01-13,44.61,44.751,44.559,44.419998,5647700,44.101833
2017-01-17,44.69,44.781,44.589,44.41,3916900,44.091904
2017-01-18,44.761,44.761,44.428,44.209999,4593800,43.893337
2017-01-19,44.479,44.529,44.176,44.029999,10502800,43.714626
2017-01-20,44.408,44.519,44.247,44.18,7771100,43.863552
2017-01-23,44.801,45.174,44.761,44.84,18865100,44.518826
2017-01-24,45.375,45.566,45.325,45.099998,27211400,44.776962
2017-01-25,45.647,45.879,45.587,45.52,4724800,45.193954
2017-01-26,45.808,45.818,45.627,45.330002,6708500,45.005318
2017-01-27,45.687,45.738,45.516,45.32,4196500,44.995388
2017-01-30,45.405,45.486,45.264,45.130001,10071100,44.806747
2017-01-31,45.536,45.647,45.415,45.240002,11000800,44.915962
2017-02-01,45.788,45.818,45.526,45.299999,14349900,44.975529
2017-02-02,45.808,45.879,45.728,45.5,8893200,45.174099
2017-02-03,46.06,46.201,45.959,45.779999,3459800,45.452091
2017-02-06,46.11,46.13,45.999,45.700001,4239600,45.372665
2017-02-07,45.959,45.969,45.778,45.48,4763600,45.15424
2017-02-08,45.899,46.161,45.858,45.799999,4066000,45.471947
2017-02-09,46.302,46.402,46.241,45.990002,4780900,45.660591
2017-02-10,46.392,46.684,46.372,46.330002,5680100,45.998154
2017-02-13,46.705,46.896,46.705,46.52,5482100,46.18679
2017-02-14,46.856,46.906,46.513,46.540001,7869400,46.20665
2017-02-15,46.916,47.279,46.886,46.93,7095000,46.593857
2017-02-16,47.289,47.289,47.057,46.75,6518200,46.415146
2017-02-17,46.765,46.926,46.715,46.560001,5698300,46.226505
2017-02-21,47.168,47.41,47.148,47.049999,5420100,46.712994
2017-02-22,47.319,47.541,47.299,47.169998,5440300,46.832134
2017-02-23,47.792,47.812,47.51,47.220001,5792400,46.881779
2017-02-24,47.027,47.138,46.976,46.720001,5649300,46.385361
2017-02-27,46.956,47.057,46.805,46.529999,8072400,46.19672
2017-02-28,46.876,46.896,46.483,46.16,5738600,45.829369
2017-03-01,46.896,47.208,46.846,46.84,10509100,46.504501
2017-03-02,46.765,46.795,46.352,46.049999,5537300,45.720158
2017-03-03,46.543,46.735,46.443,46.380001,5467100,46.047794
2017-03-06,46.795,46.795,46.604,46.389999,5004200,46.057724
2017-03-07,46.896,46.916,46.735,46.470001,4539000,46.13715
2017-03-08,46.654,46.745,46.342,46.060001,7585100,45.730087
2017-03-09,46.191,46.201,45.778,45.68,6729500,45.35281
2017-03-10,46.382,46.483,46.251,46.150002,5454400,45.819443
2017-03-13,46.946,47.128,46.916,46.759998,6079200,46.425072
2017-03-14,46.976,47.007,46.805,46.52,4247000,46.18679
2017-03-15,47.107,48.105,46.966,47.689999,16302000,47.348412
2017-03-16,48.346,48.427,48.195,47.959999,23296100,47.616478
2017-03-17,48.356,48.407,48.225,47.950001,11154000,47.606548
2017-03-20,48.558,48.91,48.518,48.48,17871000,48.132751
2017-03-21,49.021,49.092,48.215,47.889999,19361100,47.546978
2017-03-22,48.225,48.578,48.125,48.150002,12260100,47.805119
2017-03-23,48.387,48.679,48.326,48.18,11336200,47.834904
2017-03-24,48.518,48.729,48.497,48.290001,6954300,47.944115
2017-03-27,48.316,48.578,48.185,48.169998,8393100,47.82497
2017-03-28,48.487,48.749,48.467,48.25,7058100,47.9044
2017-03-29,48.538,48.749,48.487,48.369999,6843400,48.02354
2017-03-30,48.548,48.689,48.447,48.110001,6558700,47.765404
2017-03-31,48.195,48.296,48.115,47.790001,7453100,47.447697
2017-04-03,48.356,48.487,48.165,48.099998,9076600,47.755474
2017-04-04,48.346,48.548,48.276,48.139999,6693700,47.795189
2017-04-05,48.679,48.8,48.316,47.970001,8520000,47.626408
2017-04-06,48.326,48.397,48.145,47.93,6377700,47.586693
2017-04-07,48.175,48.417,48.145,47.860001,5094100,47.517193
2017-04-10,48.024,48.044,47.853,47.630001,7701800,47.288841
2017-04-11,48.004,48.034,47.611,47.57,10832100,47.229271
2017-04-12,48.094,48.135,47.833,47.790001,9010100,47.447697
2017-04-13,48.266,48.366,47.974,47.639999,5117300,47.298767
2017-04-17,48.165,48.407,48.084,48.049999,3330500,47.705833
2017-04-18,47.893,48.044,47.732,47.490002,7045200,47.149845
2017-04-19,47.974,47.984,47.49,47.23,7258600,46.891705
2017-04-20,48.084,48.165,47.933,47.799999,5826700,47.457623
2017-04-21,48.175,48.195,48.064,47.799999,5337600,47.457623
2017-04-24,48.789,48.83,48.638,48.380001,7414100,48.03347
2017-04-25,49.122,49.303,49.071,48.849998,7934100,48.500099
2017-04-26,49.112,49.233,48.961,48.630001,9148100,48.281681
2017-04-27,49.102,49.102,48.83,48.599998,4208600,48.251892
2017-04-28,49.031,49.112,48.9,48.700001,4933000,48.351177
2017-05-01,49.243,49.424,49.152,48.93,7270900,48.579529
2017-05-02,49.505,49.676,49.454,49.23,6508500,48.87738
2017-05-03,49.404,49.464,49.182,48.900002,5563400,48.549747
2017-05-04,49.102,49.142,48.779,48.490002,10976500,48.142681
2017-05-05,48.779,49.212,48.729,48.860001,7102200,48.510033
2017-05-08,49.364,49.424,49.162,48.860001,8900700,48.510033
2017-05-09,49.525,49.857,49.505,49.360001,10680800,49.006451
2017-05-10,49.817,50.008,49.777,49.650002,7613000,49.294373
2017-05-11,50.059,50.179,49.837,49.75,7738400,49.393658
2017-05-12,50.2,50.331,50.159,49.950001,5896200,49.592224
2017-05-15,50.552,50.784,50.532,50.400002,6420600,50.039001
2017-05-16,50.733,50.854,50.663,50.470001,4247100,50.108501
2017-05-17,50.411,50.472,49.968,49.639999,13758900,49.284443
2017-05-18,48.88,49.595,48.608,48.84,16834900,48.490173
2017-05-19,49.867,50.3,49.857,49.84,9539000,49.483013
2017-05-22,50.24,50.361,50.169,49.900002,7281500,49.542583
2017-05-23,50.22,50.28,50.099,49.860001,5901500,49.502869
2017-05-24,50.26,50.492,50.2,50.060001,11857300,49.701439
2017-05-25,50.693,50.804,50.552,50.279999,6876300,49.919857
2017-05-26,50.733,50.854,50.693,50.439999,4400700,50.078712
2017-05-30,50.552,50.653,50.492,50.259998,8383800,49.900002
2017-05-31,50.472,50.502,50.169,49.84,7056300,49.483013
2017-06-01,50.411,50.663,50.29,50.279999,8087900,49.919857
2017-06-02,50.834,50.945,50.733,50.549999,5011400,50.187923
2017-06-05,50.905,51.015,50.844,50.529999,4121500,50.168068
2017-06-06,50.824,50.995,50.784,50.529999,7996800,50.168068
2017-06-07,50.794,50.925,50.582,50.450001,7782400,50.088642
2017-06-08,51.187,51.207,50.965,50.779999,5119300,50.416279
2017-06-09,51.207,51.247,50.522,50.400002,9563800,50.039001
2017-06-12,50.502,50.532,50.27,50.130001,5648100,49.770935
2017-06-13,50.743,50.794,50.582,50.389999,6819200,50.029072
2017-06-14,51.076,51.126,50.572,50.389999,7950200,50.029072
2017-06-15,50.109,50.22,49.918,49.830002,9412300,49.473083
2017-06-16,50.32,50.361,50.069,49.950001,8175300,49.592224
2017-06-19,50.582,50.824,50.522,50.400002,6430300,50.039001
2017-06-20,49.86,49.91,49.47,49.48,7885300,49.48
2017-06-21,49.76,49.87,49.57,49.669998,7366200,49.669998
2017-06-22,49.87,50.05,49.75,49.860001,5843400,49.860001
2017-06-23,49.95,50.19,49.9,50.119999,5385700,50.119999
2017-06-26,50.55,50.67,50.4,50.529999,9527800,50.529999
2017-06-27,50.28,50.4,49.97,49.970001,7190900,49.970001
2017-06-28,50.14,50.41,50.02,50.349998,5721400,50.349998
2017-06-29,50.15,50.16,49.43,49.75,11205000,49.75
2017-06-30,NA,NA,NA,NA,NA,NA
2017-07-03,50.29,50.41,50.17,50.259998,3558400,50.259998
2017-07-07,49.75,49.847,49.535,49.73,8839782,49.73
