"Date","IQDF.Open","IQDF.High","IQDF.Low","IQDF.Close","IQDF.Volume","IQDF.Adjusted"
2013-04-16,28.845,29.031,28.845,24.870001,1200,21.348043
2013-04-17,28.624,28.624,28.472,24.440001,200,20.978931
2013-04-18,28.402,28.705,28.402,24.540001,14400,21.064775
2013-04-19,28.589,28.589,28.589,24.540001,0,21.064775
2013-04-22,28.589,28.589,28.589,24.540001,0,21.064775
2013-04-23,28.589,28.589,28.589,24.540001,0,21.064775
2013-04-24,29.369,29.416,29.369,25.24,1400,21.665644
2013-04-25,29.404,29.404,29.404,25.24,0,21.665644
2013-04-26,29.462,29.462,29.462,25.290001,40900,21.708563
2013-04-29,29.928,29.928,29.928,25.690001,200,22.051914
2013-04-30,30.511,30.511,29.963,25.719999,700,22.077665
2013-05-01,29.87,29.87,29.87,25.639999,1000,22.008999
2013-05-02,29.94,30.208,29.94,25.74,7500,22.094833
2013-05-03,30.266,30.336,30.266,26.030001,21000,22.343767
2013-05-06,30.208,30.266,30.196,25.969999,94800,22.292263
2013-05-07,30.243,30.243,30.08,25.940001,36800,22.266516
2013-05-08,30.453,30.464,30.429,26.139999,11900,22.438187
2013-05-09,30.371,30.371,30.196,25.92,800,22.249342
2013-05-10,30.138,30.161,30.045,25.889999,13900,22.223593
2013-05-13,30.208,30.278,30.068,25.91,19300,22.240761
2013-05-14,30.231,30.278,30.173,25.9,17500,22.232176
2013-05-15,30.15,30.196,30.15,25.92,17400,22.249342
2013-05-16,30.196,30.231,30.173,25.9,11100,22.232176
2013-05-17,30.185,30.185,30.185,25.91,10500,22.240761
2013-05-20,30.383,30.383,30.371,26.07,200,22.378101
2013-05-21,30.511,30.72,30.511,26.23,16500,22.515446
2013-05-22,30.522,30.522,30.313,26.02,4000,22.335188
2013-05-23,29.649,30.103,29.614,25.65,13800,22.01758
2013-05-24,30.324,30.324,29.637,25.51,20600,21.897408
2013-05-28,29.975,30.033,29.975,25.74,9900,22.094833
2013-05-29,29.719,30.196,29.649,25.629999,39600,22.000414
2013-05-30,29.905,29.905,29.905,25.67,1400,22.03475
2013-05-31,30.359,30.359,29.416,25.25,1800,21.674227
2013-06-03,29.934,29.934,28.972,25.15,8300,21.693203
2013-06-04,29.192,29.308,29.042,25.049999,6300,21.606949
2013-06-05,28.81,28.856,28.624,24.700001,64200,21.305054
2013-06-06,29.192,29.192,28.474,24.709999,6400,21.313681
2013-06-07,28.926,29.39,28.833,24.959999,36100,21.52932
2013-06-10,29.621,29.621,28.775,24.889999,31400,21.468937
2013-06-11,28.555,28.624,28.555,24.66,2400,21.270552
2013-06-12,28.694,28.694,28.404,24.5,67100,21.132544
2013-06-13,28.578,28.926,28.578,24.950001,12400,21.520695
2013-06-14,28.752,28.845,28.613,24.68,10400,21.287804
2013-06-17,29.03,29.03,28.798,24.84,7700,21.425812
2013-06-18,28.984,29.065,28.984,25.07,700,21.624201
2013-06-19,28.474,28.578,28.474,24.65,3000,21.261929
2013-06-20,27.848,28.659,27.372,23.620001,72800,20.373499
2013-06-21,27.361,27.419,27.361,23.65,10000,20.399372
2013-06-24,26.978,26.978,26.793,23.110001,8500,19.933594
2013-06-25,27.164,27.314,27.152,23.559999,27700,20.321743
2013-06-26,27.558,27.569,27.477,23.780001,6200,20.511507
2013-06-27,27.778,27.778,27.778,23.959999,900,20.666767
2013-06-28,27.674,28.079,27.674,24.030001,21700,20.727146
2013-07-01,28.114,28.149,28.114,24.27,16900,20.934158
2013-07-02,27.824,28.033,27.569,24.08,20500,20.770267
2013-07-03,27.639,27.848,27.616,23.959999,18600,20.666767
2013-07-05,27.732,27.79,27.685,23.92,12100,20.632265
2013-07-08,27.836,28.126,27.755,23.99,26500,20.692644
2013-07-09,28.23,28.23,27.859,24.23,37700,20.899654
2013-07-10,28.103,28.311,28.021,24.17,28900,20.847902
2013-07-11,28.775,28.833,28.439,24.870001,25900,21.451689
2013-07-12,28.613,28.659,28.543,24.719999,15600,21.322302
2013-07-15,28.752,28.879,28.717,24.879999,33700,21.460316
2013-07-16,29.053,29.053,28.752,24.91,126900,21.486189
2013-07-17,29.03,29.03,28.914,24.959999,10000,21.52932
2013-07-18,29.227,29.227,28.972,25.09,6300,21.641453
2013-07-19,30.143,30.143,28.972,24.99,900,21.555195
2013-07-22,29.274,29.274,29.111,25.209999,11400,21.744953
2013-07-23,29.911,29.911,29.274,25.25,1400,21.779461
2013-07-24,29.378,29.378,29.216,25.200001,11100,21.73633
2013-07-25,29.123,29.332,29.123,25.299999,35600,21.822586
2013-07-26,29.007,29.25,29.007,25.219999,13700,21.753582
2013-07-29,29.03,29.088,29.007,25.09,30000,21.641453
2013-07-30,29.019,29.042,28.937,24.959999,18400,21.52932
2013-07-31,28.879,29.1,28.879,25.1,43300,21.650076
2013-08-01,29.1,29.216,29.076,25.18,36800,21.719076
2013-08-02,29.274,29.32,29.262,25.290001,32300,21.813959
2013-08-05,29.239,29.355,29.239,25.32,8600,21.83984
2013-08-06,29.795,29.795,29.158,25.23,10200,21.762209
2013-08-07,28.995,29.158,28.995,25.139999,10100,21.684576
2013-08-08,29.134,29.459,29.134,25.41,33700,21.917469
2013-08-09,29.308,29.447,29.308,25.4,8000,21.908842
2013-08-12,29.32,29.447,29.32,25.4,25300,21.908842
2013-08-13,29.424,29.61,29.424,25.540001,12400,22.0296
2013-08-14,29.436,29.552,29.436,25.49,1300,21.986473
2013-08-15,29.749,29.749,29.158,25.41,11900,21.917469
2013-08-16,29.9,29.9,29.355,25.459999,48800,21.96059
2013-08-19,29.343,29.482,29.192,25.18,4900,21.719076
2013-08-20,29.181,29.192,29.169,25.16,15700,21.701828
2013-08-21,29.668,29.668,28.648,24.709999,10300,21.313681
2013-08-22,29.285,29.285,29.042,25.049999,14900,21.606949
2013-08-23,29.216,29.297,29.216,25.27,22100,21.796709
2013-08-26,29.146,29.239,29.111,25.16,17800,21.701828
2013-08-27,29.216,29.216,28.648,24.73,46200,21.330931
2013-08-28,28.392,29.111,28.392,24.809999,65100,21.399933
2013-08-29,28.59,28.671,28.555,24.73,9500,21.330931
2013-08-30,28.671,28.671,28.671,24.73,0,21.330931
2013-09-03,28.385,28.535,28.385,24.75,13100,21.484573
2013-09-04,28.811,28.811,28.5,24.969999,20300,21.67555
2013-09-05,28.615,28.88,28.615,25.01,10000,21.710276
2013-09-06,28.915,29.007,28.915,25.17,15000,21.849163
2013-09-09,29.33,29.364,29.33,25.49,24100,22.126944
2013-09-10,29.606,29.664,29.514,25.700001,32000,22.309238
2013-09-11,29.572,29.883,29.549,25.940001,24200,22.517574
2013-09-12,29.721,29.744,29.525,25.700001,9500,22.309238
2013-09-13,29.537,29.618,29.445,25.68,59600,22.291876
2013-09-16,30.47,30.47,29.94,26,70200,22.56966
2013-09-17,29.986,30.032,29.837,26.07,22100,22.630419
2013-09-18,30.009,30.919,29.894,26.84,19000,23.298834
2013-09-19,30.597,30.597,30.366,26.360001,27500,22.882158
2013-09-20,30.436,30.516,30.309,26.32,44700,22.847439
2013-09-23,31.76,31.76,30.148,26.309999,34900,22.838758
2013-09-24,30.217,30.401,30.148,26.379999,75400,22.899519
2013-09-25,30.021,30.205,29.998,26.219999,23300,22.760628
2013-09-26,30.159,30.332,30.159,26.33,33400,22.856117
2013-09-27,30.263,30.413,30.159,26.23,19000,22.76931
2013-09-30,30.159,30.194,29.883,26.18,89700,22.72591
2013-10-01,30.228,30.332,29.998,26.23,10900,22.76931
2013-10-02,30.251,30.343,30.021,26.25,35000,22.786674
2013-10-03,30.101,30.182,30.101,26.190001,8200,22.734592
2013-10-04,31.415,31.415,30.125,26.209999,43200,22.751947
2013-10-07,30.067,30.067,30.067,26.1,14800,22.656464
2013-10-08,29.94,29.94,29.767,25.84,21200,22.430765
2013-10-09,29.802,30.182,29.71,26.059999,9700,22.621742
2013-10-10,31.173,31.173,30.309,26.549999,35800,23.047092
2013-10-11,30.447,30.643,30.332,26.440001,40600,22.951605
2013-10-14,30.528,30.747,30.447,26.6,25400,23.090492
2013-10-15,30.701,30.758,30.47,26.450001,23900,22.960287
2013-10-16,30.758,30.85,30.747,26.76,40700,23.229383
2013-10-17,30.989,31.219,30.989,27.1,36400,23.524529
2013-10-18,31.38,31.415,31.219,27.27,13500,23.672094
2013-10-21,31.369,31.449,31.173,27.27,28900,23.672094
2013-10-22,31.772,31.772,31.576,27.530001,16500,23.8978
2013-10-23,31.288,31.392,31.207,27.200001,13600,23.611334
2013-10-24,31.415,31.495,31.3,27.32,47400,23.715506
2013-10-25,31.472,31.541,31.449,27.34,36800,23.732862
2013-10-28,31.426,31.507,31.38,27.35,22500,23.741545
2013-10-29,31.53,31.53,31.426,27.360001,16600,23.750223
2013-10-30,31.576,31.576,31.311,27.24,44700,23.646051
2013-10-31,31.219,31.369,31.173,27.17,21800,23.585289
2013-11-01,31.104,31.196,31.069,27.030001,22000,23.463764
2013-11-04,30.931,31.311,30.931,27.18,5100,23.593969
2013-11-05,30.85,31.115,30.85,26.92,34400,23.368275
2013-11-06,31.23,31.3,31.161,27.139999,11400,23.559248
2013-11-07,31.184,31.196,30.666,26.620001,30600,23.107857
2013-11-08,30.839,30.919,30.758,26.84,34400,23.298834
2013-11-11,30.793,30.85,30.793,26.74,5300,23.212023
2013-11-12,30.597,30.712,30.597,26.59,4700,23.081814
2013-11-13,30.873,30.873,30.574,26.74,5900,23.212023
2013-11-14,30.816,31.069,30.712,26.969999,17100,23.411676
2013-11-15,31.184,31.323,31.184,27.190001,22500,23.602657
2013-11-18,31.426,31.553,31.323,27.24,13800,23.646051
2013-11-19,31.346,31.346,31.127,27.049999,31900,23.481125
2013-11-20,31.242,31.242,30.989,26.91,16200,23.359592
2013-11-21,31.046,31.15,31.046,27.040001,24400,23.472446
2013-11-22,31.138,31.242,31.104,27.120001,32800,23.541885
2013-11-25,31.115,31.115,30.954,26.959999,15000,23.402998
2013-11-26,30.873,31.081,30.873,26.85,10500,23.307507
2013-11-27,31.127,31.138,31.023,26.940001,33300,23.385639
2013-11-29,31.323,31.323,31.253,27.129999,5600,23.550571
2013-12-02,31.127,31.15,30.977,26.889999,21000,23.34223
2013-12-03,31.392,31.392,30.643,26.6,25200,23.090492
2013-12-04,30.47,30.608,30.436,26.5,6900,23.003687
2013-12-05,30.516,30.562,30.436,26.440001,33900,22.951605
2013-12-06,30.701,30.827,30.689,26.74,65500,23.212023
2013-12-09,30.781,30.85,30.701,26.719999,10500,23.194662
2013-12-10,30.701,30.735,30.562,26.620001,17200,23.107857
2013-12-11,30.551,30.551,30.355,26.379999,7700,22.899519
2013-12-12,30.274,30.274,30.136,26.219999,16000,22.760628
2013-12-13,30.217,30.217,30.044,26.18,34100,22.72591
2013-12-16,30.389,30.447,30.355,26.43,4000,22.942926
2013-12-17,30.217,30.309,30.217,26.309999,10600,22.838758
2013-12-18,30.413,30.62,30.32,26.530001,9300,23.029726
2013-12-19,30.493,30.62,30.424,26.58,73800,23.073137
2013-12-20,30.712,30.827,30.712,26.719999,52800,23.194662
2013-12-23,30.931,31.023,30.862,26.870001,16800,23.324877
2013-12-24,31.012,31.104,31.012,26.969999,37600,23.411676
2013-12-26,31.104,31.104,31.058,26.98,7000,23.420359
2013-12-27,31.155,31.155,30.823,26.93,17000,23.511156
2013-12-30,31.018,31.098,30.995,27.120001,61300,23.677034
2013-12-31,31.064,31.201,31.041,27.24,65100,23.781801
2014-01-02,30.903,30.903,30.445,26.58,42200,23.205593
2014-01-03,30.628,30.674,30.56,26.68,27200,23.292894
2014-01-06,30.663,30.663,30.571,26.700001,20100,23.310354
2014-01-07,30.64,30.651,30.56,26.700001,66300,23.310354
2014-01-08,30.617,30.64,30.537,26.66,31300,23.275431
2014-01-09,30.365,30.525,30.365,26.639999,10300,23.257971
2014-01-10,30.731,30.835,30.697,26.91,52900,23.493696
2014-01-13,30.731,30.754,30.628,26.74,19400,23.345274
2014-01-14,30.64,30.754,30.64,26.84,4600,23.432583
2014-01-15,30.983,30.983,30.617,26.959999,34600,23.537346
2014-01-16,30.812,30.823,30.72,26.9,35900,23.484966
2014-01-17,30.743,30.777,30.663,26.77,58300,23.371468
2014-01-21,30.823,30.823,30.674,26.9,75800,23.484966
2014-01-22,30.777,30.892,30.777,26.9,35300,23.484966
2014-01-23,30.548,30.583,30.468,26.690001,65100,23.301624
2014-01-24,30.319,30.319,29.895,26.1,37700,22.786526
2014-01-27,29.712,29.93,29.643,26.049999,17000,22.742874
2014-01-28,29.895,29.953,29.781,26.139999,25600,22.821447
2014-01-29,29.609,29.689,29.494,25.83,22800,22.550804
2014-01-30,29.575,29.712,29.575,25.940001,22800,22.646841
2014-01-31,29.254,29.494,29.254,25.719999,28000,22.454765
2014-02-03,29.197,29.197,28.91,25.24,59800,22.035707
2014-02-04,29.219,29.311,29.162,25.59,57100,22.341276
2014-02-05,29.197,29.323,29.128,25.559999,90600,22.315083
2014-02-06,29.517,29.827,29.517,26.01,320500,22.707951
2014-02-07,29.872,30.033,29.872,26.209999,13200,22.882561
2014-02-10,29.815,30.021,29.815,26.17,16500,22.847641
2014-02-11,30.113,30.525,30.113,26.65,79200,23.266701
2014-02-12,30.583,30.617,30.479,26.65,27400,23.266701
2014-02-13,30.502,30.686,30.468,26.790001,213200,23.388929
2014-02-14,30.766,30.961,30.766,26.870001,28900,23.458773
2014-02-18,30.938,31.006,30.926,27.040001,40700,23.607191
2014-02-19,30.892,31.029,30.869,26.98,50500,23.55481
2014-02-20,30.754,30.88,30.628,26.950001,13200,23.52862
2014-02-21,31.041,31.098,31.029,27.09,26500,23.650843
2014-02-24,31.121,31.35,31.121,27.25,136700,23.790531
2014-02-25,31.213,31.213,30.983,27.049999,11900,23.615921
2014-02-26,31.087,31.087,30.869,26.950001,15200,23.52862
2014-02-27,30.8,31.064,30.8,27.120001,9700,23.677034
2014-02-28,31.27,31.316,31.132,27.190001,86100,23.738148
2014-03-03,30.743,30.812,30.468,26.65,89500,23.266701
2014-03-04,31.109,31.247,31.006,27.280001,42700,23.816723
2014-03-05,31.155,31.247,31.087,27.25,19900,23.790531
2014-03-06,31.556,31.636,31.522,27.530001,41000,24.034986
2014-03-07,31.545,31.545,31.258,27.299999,16900,23.834185
2014-03-10,31.27,31.27,31.098,27.200001,37200,23.74688
2014-03-11,31.19,31.201,30.983,27.049999,41200,23.615921
2014-03-12,30.835,30.972,30.835,27.040001,245900,23.607191
2014-03-13,30.903,30.903,30.479,26.610001,27100,23.231781
2014-03-14,30.468,30.537,30.468,26.66,7200,23.275431
2014-03-17,30.754,30.892,30.754,26.93,16300,23.511156
2014-03-18,31.018,31.167,31.018,27.209999,41700,23.75561
2014-03-19,31.075,31.075,30.686,26.82,7200,23.415123
2014-03-20,30.457,30.72,30.457,26.77,20200,23.371468
2014-03-21,30.469,30.538,30.264,26.559999,40400,23.309158
2014-03-24,30.424,30.435,30.196,26.709999,28400,23.4408
2014-03-25,30.709,30.8,30.606,26.950001,213400,23.651424
2014-03-26,30.959,30.959,30.777,27.030001,9300,23.721632
2014-03-27,30.937,31.005,30.937,27.209999,194200,23.879602
2014-03-28,31.221,31.267,31.062,27.26,32800,23.923481
2014-03-31,31.426,31.426,31.256,27.549999,42800,24.177984
2014-04-01,31.301,31.609,31.301,27.65,7700,24.265747
2014-04-02,31.54,31.632,31.54,27.76,10600,24.362288
2014-04-03,31.54,31.54,31.335,27.540001,8500,24.16921
2014-04-04,31.723,31.723,31.301,27.610001,19700,24.230644
2014-04-07,31.449,31.472,31.21,27.540001,64200,24.16921
2014-04-08,31.506,31.552,31.506,27.67,9700,24.283302
2014-04-09,31.62,31.882,31.62,27.98,231700,24.555357
2014-04-10,31.768,31.768,31.392,27.58,22200,24.204319
2014-04-11,31.29,31.426,31.29,27.49,20200,24.125332
2014-04-14,31.404,31.404,31.267,27.440001,9200,24.081448
2014-04-15,31.039,31.267,31.028,27.440001,31600,24.081448
2014-04-16,31.461,31.609,31.426,27.74,68200,24.344732
2014-04-17,31.689,31.848,31.632,27.93,13600,24.511477
2014-04-21,31.62,31.848,31.597,27.950001,25900,24.529028
2014-04-22,31.985,32.019,31.973,28.09,24900,24.651892
2014-04-23,32.11,32.11,31.962,28.049999,2800,24.616787
2014-04-24,31.951,32.053,31.951,28.1,39900,24.660669
2014-04-25,31.882,31.894,31.803,27.93,57200,24.511477
2014-04-28,32.11,32.11,31.859,28,17800,24.572908
2014-04-29,32.019,32.167,32.019,28.15,4100,24.704546
2014-04-30,32.144,32.144,32.11,28.18,2400,24.730879
2014-05-01,32.247,32.247,32.11,28.27,15900,24.80986
2014-05-02,32.11,32.236,32.11,28.27,47200,24.80986
2014-05-05,32.019,32.224,32.019,28.280001,7500,24.818638
2014-05-06,32.327,32.327,32.133,28.25,16900,24.792311
2014-05-07,32.281,32.361,32.179,28.4,167100,24.923948
2014-05-08,32.361,32.361,32.247,28.299999,7200,24.836193
2014-05-09,32.167,32.258,32.122,28.26,233400,24.801085
2014-05-12,32.384,32.406,32.292,28.440001,42100,24.959057
2014-05-13,32.486,32.486,32.418,28.450001,18700,24.967831
2014-05-14,32.532,32.589,32.509,28.540001,17200,25.046816
2014-05-15,32.361,32.361,32.304,28.4,20300,24.923948
2014-05-16,32.372,32.475,32.361,28.5,28300,25.011709
2014-05-19,32.395,32.406,32.327,28.440001,452300,24.959057
2014-05-20,32.235,32.235,32.122,28.25,10900,24.792311
2014-05-21,32.304,32.429,32.292,28.459999,39600,24.976603
2014-05-22,32.486,32.52,32.395,28.52,86600,25.029259
2014-05-23,32.543,32.623,32.543,28.620001,42900,25.117022
2014-05-27,32.828,32.828,32.612,28.68,20700,25.16968
2014-05-28,32.623,32.668,32.6,28.66,65400,25.152128
2014-05-29,32.794,32.794,32.691,28.76,41700,25.239887
2014-05-30,32.885,32.885,32.748,28.75,18800,25.231112
2014-06-02,32.874,32.885,32.771,28.780001,48400,25.257441
2014-06-03,32.817,32.851,32.737,28.82,19800,25.292543
2014-06-04,32.646,32.782,32.623,28.76,25000,25.239887
2014-06-05,32.965,33.056,32.851,28.969999,30800,25.424183
2014-06-06,33.101,33.238,33.101,29.16,33000,25.590931
2014-06-09,33.181,33.272,33.158,29.200001,22900,25.626038
2014-06-10,33.136,33.25,33.056,29.110001,138700,25.547052
2014-06-11,33.158,33.17,33.113,29.09,25500,25.529499
2014-06-12,33.307,33.318,33.101,29.049999,62100,25.494389
2014-06-13,33.136,33.238,32.805,29.110001,37800,25.547052
2014-06-16,33.147,33.17,33.067,29.07,45000,25.511942
2014-06-17,33.033,33.113,33.033,29.059999,12900,25.503168
2014-06-18,33.25,33.5,33.215,29.309999,45000,25.722567
2014-06-19,33.58,33.58,33.478,29.41,31800,25.810328
2014-06-20,32.348,32.36,32.27,28.83,11200,25.756729
2014-06-23,32.091,32.236,32.091,28.73,11100,25.667381
2014-06-24,32.248,32.248,32.046,28.629999,26000,25.578049
2014-06-25,32.136,32.158,32.001,28.67,129900,25.613783
2014-06-26,32.068,32.158,31.923,28.709999,21900,25.649517
2014-06-27,32.046,32.124,32.035,28.700001,20200,25.640583
2014-06-30,32.147,32.225,32.136,28.780001,26500,25.712057
2014-07-01,32.326,32.415,32.326,28.940001,56400,25.855
2014-07-02,32.348,32.382,32.348,28.93,16500,25.846067
2014-07-03,32.438,32.516,32.438,29.049999,10600,25.953274
2014-07-07,32.415,32.471,32.36,28.969999,34500,25.881805
2014-07-08,32.259,32.259,32.124,28.77,19200,25.703123
2014-07-09,32.158,32.348,32.113,28.889999,25900,25.810328
2014-07-10,31.789,32.024,31.789,28.610001,47900,25.560179
2014-07-11,31.934,32.068,31.934,28.65,57000,25.595913
2014-07-14,32.236,32.281,32.203,28.809999,32000,25.738857
2014-07-15,32.292,32.292,32.035,28.73,44200,25.667381
2014-07-16,32.248,32.304,32.225,28.84,66200,25.765657
2014-07-17,32.169,32.225,31.923,28.52,43900,25.479771
2014-07-18,32.046,32.236,32.024,28.76,66500,25.694191
2014-07-21,32.068,32.203,32.057,28.77,75600,25.703123
2014-07-22,32.337,32.404,32.337,28.9,104700,25.819265
2014-07-23,32.427,32.46,32.371,28.98,93600,25.890732
2014-07-24,32.483,32.572,32.46,29.08,105300,25.98008
2014-07-25,32.639,32.639,32.348,28.940001,76600,25.855
2014-07-28,32.36,32.483,32.281,28.99,74900,25.899672
2014-07-29,32.438,32.438,32.348,28.91,46300,25.828197
2014-07-30,32.281,32.281,32.102,28.799999,60700,25.729923
2014-07-31,31.923,31.968,31.733,28.379999,43300,25.354698
2014-08-01,31.71,31.777,31.587,28.379999,19800,25.354698
2014-08-04,31.8,31.945,31.733,28.540001,46300,25.497643
2014-08-05,31.71,31.722,31.475,28.15,34800,25.149214
2014-08-06,31.341,31.486,31.251,28.07,95500,25.07774
2014-08-07,31.352,31.352,31.016,27.780001,23900,24.818657
2014-08-08,31.061,31.24,31.05,27.9,67800,24.925861
2014-08-11,31.464,31.464,31.307,28.030001,35400,25.042007
2014-08-12,31.341,31.419,31.341,28.07,20100,25.07774
2014-08-13,31.531,31.554,31.453,28.139999,57800,25.14028
2014-08-14,31.565,31.598,31.565,28.23,12900,25.220684
2014-08-15,31.643,31.677,31.397,28.219999,43100,25.21175
2014-08-18,31.632,31.755,31.632,28.360001,12900,25.33683
2014-08-19,31.811,31.889,31.766,28.49,19900,25.452971
2014-08-20,31.811,31.867,31.744,28.450001,19500,25.417236
2014-08-21,31.867,31.968,31.856,28.540001,51800,25.497643
2014-08-22,31.822,31.845,31.71,28.41,47300,25.381496
2014-08-25,31.968,32.001,31.968,28.57,56400,25.524441
2014-08-26,32.035,32.124,32.035,28.65,65500,25.595913
2014-08-27,32.113,32.225,32.113,28.75,251300,25.685253
2014-08-28,31.912,32.057,31.912,28.59,49800,25.542309
2014-08-29,31.934,32.046,31.901,28.59,39600,25.542309
2014-09-02,31.923,31.934,31.822,28.469999,24000,25.435101
2014-09-03,32.169,32.203,32.091,28.73,38300,25.667381
2014-09-04,32.214,32.236,32.013,28.6,21700,25.551245
2014-09-05,31.867,32.102,31.867,28.68,35600,25.622715
2014-09-08,31.833,31.867,31.632,28.299999,16600,25.283222
2014-09-09,31.486,31.565,31.419,28.1,16100,25.104544
2014-09-10,31.498,31.531,31.341,28.17,108400,25.167082
2014-09-11,31.33,31.33,31.263,27.950001,52900,24.970537
2014-09-12,31.184,31.263,31.139,27.879999,39100,24.907995
2014-09-15,31.016,31.106,30.972,27.75,437100,24.791853
2014-09-16,30.904,31.285,30.904,27.91,34400,24.934801
2014-09-17,31.106,31.139,30.927,27.629999,64500,24.684647
2014-09-18,31.028,31.083,30.994,27.719999,14800,24.765051
2014-09-19,30.751,30.751,30.396,27.459999,31300,24.735323
2014-09-22,30.463,30.463,30.174,27.25,19700,24.546164
2014-09-23,30.141,30.163,30.019,27.09,92900,24.402042
2014-09-24,30.163,30.241,29.963,27.24,41300,24.537153
2014-09-25,30.074,30.074,29.697,26.809999,103500,24.14982
2014-09-26,29.719,29.885,29.719,26.91,41900,24.239897
2014-09-29,29.574,29.597,29.43,26.629999,153100,23.987684
2014-09-30,29.386,29.563,29.364,26.559999,73800,23.924625
2014-10-01,29.319,29.375,29.097,26.280001,450500,23.672411
2014-10-02,29.208,29.208,28.62,26.040001,206400,23.456224
2014-10-03,28.886,29.042,28.853,26.16,36700,23.564318
2014-10-06,29.33,29.33,29.097,26.309999,42400,23.699432
2014-10-07,29.031,29.042,28.797,25.940001,191700,23.366146
2014-10-08,28.808,29.241,28.642,26.299999,154700,23.690426
2014-10-09,28.919,28.942,28.409,25.68,237600,23.131945
2014-10-10,28.387,28.398,28.054,25.27,352700,22.762629
2014-10-13,28.353,28.376,28.009,25.23,282600,22.726593
2014-10-14,28.098,28.209,27.976,25.219999,78600,22.717585
2014-10-15,27.865,27.887,27.399,25.1,46700,22.609493
2014-10-16,27.232,27.832,27.232,24.879999,93500,22.411324
2014-10-17,28.198,28.22,28.054,25.370001,195400,22.852705
2014-10-20,28.198,28.287,28.042,25.469999,457200,22.942778
2014-10-21,28.331,28.575,28.331,25.719999,114100,23.167974
2014-10-22,28.42,28.564,28.253,25.450001,268900,22.924768
2014-10-23,28.498,28.664,28.498,25.719999,69400,23.167974
2014-10-24,28.586,28.686,28.564,25.82,28200,23.258049
2014-10-27,28.442,28.531,28.309,25.65,70900,23.104921
2014-10-28,28.786,28.964,28.764,26.09,148500,23.501261
2014-10-29,29.119,29.119,28.72,25.93,22500,23.35714
2014-10-30,28.764,29.097,28.764,26.17,42600,23.57332
2014-10-31,29.175,29.286,29.164,26.379999,50500,23.762489
2014-11-03,29.197,29.208,29.075,26.209999,39500,23.609354
2014-11-04,28.986,29.019,28.875,26.129999,94000,23.537289
2014-11-05,28.919,29.031,28.875,26.129999,87200,23.537289
2014-11-06,28.953,28.953,28.72,25.870001,118700,23.303093
2014-11-07,28.631,28.797,28.631,25.93,80400,23.35714
2014-11-10,28.953,28.964,28.897,26.030001,36800,23.447218
2014-11-11,28.942,29.119,28.942,26.23,23600,23.627369
2014-11-12,28.797,28.919,28.797,26.02,64100,23.438204
2014-11-13,28.897,28.919,28.786,26.01,55400,23.429203
2014-11-14,28.731,28.975,28.731,26.08,71200,23.492252
2014-11-17,28.731,28.853,28.731,25.98,71800,23.402174
2014-11-18,29.053,29.142,28.942,26.209999,439500,23.609354
2014-11-19,29.042,29.13,28.864,26.139999,64100,23.546299
2014-11-20,28.986,28.986,28.842,26.08,38900,23.492252
2014-11-21,29.33,29.33,29.175,26.35,65500,23.735466
2014-11-24,29.386,29.43,29.319,26.450001,133200,23.825544
2014-11-25,29.352,29.408,29.297,26.440001,129900,23.816534
2014-11-26,29.408,29.519,29.408,26.57,112500,23.933634
2014-11-28,29.297,29.319,29.219,26.32,14300,23.708441
2014-12-01,29.153,29.153,28.964,26.190001,45300,23.591339
2014-12-02,29.053,29.097,29.031,26.190001,82600,23.591339
2014-12-03,29.042,29.186,29.042,26.25,86700,23.645388
2014-12-04,29.042,29.086,28.931,26.09,230500,23.501261
2014-12-05,28.953,29.008,28.897,26.08,48900,23.492252
2014-12-08,28.864,28.864,28.609,25.83,64600,23.267059
2014-12-09,28.376,28.475,28.276,25.59,144200,23.050871
2014-12-10,28.464,28.464,27.954,25.280001,109400,22.771633
2014-12-11,28.054,28.176,27.909,25.18,193500,22.681557
2014-12-12,27.754,27.843,27.41,24.75,271500,22.294222
2014-12-15,27.41,27.421,26.832,24.280001,139300,21.870857
2014-12-16,26.788,27.365,26.788,24.32,144600,21.906889
2014-12-17,27.132,27.632,27.132,24.66,134800,22.213154
2014-12-18,27.732,27.931,27.643,25.16,414200,22.66354
2014-12-19,27.854,27.998,27.832,25.200001,125900,22.69957
2014-12-22,28.331,28.331,28.109,25.43,406100,22.906746
2014-12-23,28.054,28.109,27.987,25.280001,194400,22.771633
2014-12-24,28.031,28.142,28.031,25.34,104400,22.825682
2014-12-26,28.209,28.298,28.176,25.440001,109800,22.915758
2014-12-29,27.791,27.791,27.571,25.08,102300,22.75967
2014-12-30,27.494,27.56,27.416,24.959999,189200,22.650772
2014-12-31,27.549,27.549,27.174,24.66,277600,22.378531
2015-01-02,27.361,27.383,27.13,24.700001,21700,22.414827
2015-01-05,26.998,26.998,26.645,24.23,66800,21.988312
2015-01-06,26.689,26.744,26.293,23.99,153800,21.770515
2015-01-07,26.557,26.733,26.48,24.25,135000,22.00646
2015-01-08,26.843,27.031,26.843,24.49,203000,22.224255
2015-01-09,26.976,27.053,26.877,24.52,1148800,22.251482
2015-01-12,26.888,26.932,26.744,24.41,101400,22.151659
2015-01-13,27.207,27.262,26.921,24.52,72200,22.251482
2015-01-14,26.888,27.02,26.777,24.49,32700,22.224255
2015-01-15,27.053,27.174,26.987,24.49,134200,22.224255
2015-01-16,26.932,27.35,26.932,24.780001,63000,22.487425
2015-01-20,27.361,27.383,27.218,24.799999,41300,22.505573
2015-01-21,27.45,27.593,27.361,25.040001,18000,22.723373
2015-01-22,27.659,27.835,27.571,25.24,12800,22.904865
2015-01-23,27.681,27.747,27.659,25.110001,14900,22.786894
2015-01-26,27.703,27.945,27.703,25.299999,51800,22.959318
2015-01-27,27.593,27.967,27.593,25.32,120200,22.977467
2015-01-28,27.835,27.901,27.505,24.959999,101400,22.650772
2015-01-29,27.659,27.791,27.538,25.190001,48400,22.859495
2015-01-30,27.527,27.527,27.284,24.76,17000,22.469275
2015-02-02,27.461,27.681,27.461,25.110001,64000,22.786894
2015-02-03,27.901,28.155,27.846,25.549999,68000,23.186186
2015-02-04,27.846,27.945,27.714,25.15,79500,22.823198
2015-02-05,27.901,28.21,27.901,25.59,127500,23.222486
2015-02-06,27.967,27.978,27.703,25.18,61600,22.85042
2015-02-09,27.648,27.802,27.637,25.190001,92400,22.859495
2015-02-10,27.868,27.879,27.703,25.25,100300,22.913944
2015-02-11,27.56,27.637,27.494,25.08,92700,22.75967
2015-02-12,27.791,28.034,27.791,25.43,47700,23.07729
2015-02-13,28.21,28.265,28.166,25.65,27300,23.276936
2015-02-17,28.32,28.342,28.1,25.65,51900,23.276936
2015-02-18,28.243,28.463,28.21,25.73,70600,23.349533
2015-02-19,28.397,28.419,28.232,25.700001,299000,23.322311
2015-02-20,28.166,28.552,28.166,25.91,100900,23.512878
2015-02-23,28.298,28.386,28.254,25.75,62300,23.367683
2015-02-24,28.518,28.529,28.276,25.82,126800,23.431211
2015-02-25,28.419,28.507,28.375,25.85,48900,23.458433
2015-02-26,28.43,28.441,28.375,25.799999,53300,23.413055
2015-02-27,28.386,28.563,28.386,25.84,49700,23.449358
2015-03-02,28.386,28.386,28.298,25.74,39900,23.358606
2015-03-03,28.342,28.342,28.188,25.639999,44200,23.26786
2015-03-04,27.99,28.045,27.912,25.450001,157000,23.095438
2015-03-05,28.221,28.221,28.034,25.49,75200,23.131739
2015-03-06,27.879,27.879,27.56,25.030001,69500,22.714296
2015-03-09,27.714,27.714,27.593,25.059999,31800,22.74152
2015-03-10,27.273,27.273,26.932,24.440001,119400,22.178886
2015-03-11,27.042,27.042,26.888,24.450001,65400,22.187958
2015-03-12,27.394,27.394,27.174,24.75,65300,22.460203
2015-03-13,27.053,27.064,26.91,24.549999,24200,22.278709
2015-03-16,27.24,27.328,27.24,24.780001,38300,22.487425
2015-03-17,27.141,27.306,27.119,24.76,36700,22.469275
2015-03-18,27.317,27.923,27.306,25.309999,29200,22.96839
2015-03-19,27.802,27.802,27.527,25.01,64400,22.696146
2015-03-20,27.733,28.085,27.733,25.49,122300,23.198523
2015-03-23,28.184,28.25,28.14,25.66,63800,23.353241
2015-03-24,28.381,28.381,28.217,25.68,38300,23.371447
2015-03-25,28.283,28.304,28.041,25.540001,96500,23.24403
2015-03-26,27.909,27.909,27.744,25.34,121600,23.062006
2015-03-27,27.909,27.909,27.535,25.190001,509200,22.925493
2015-03-30,27.689,27.799,27.689,25.26,11800,22.989201
2015-03-31,27.403,27.513,27.382,24.99,71100,22.743475
2015-04-01,27.513,27.678,27.513,25.16,75500,22.898191
2015-04-02,27.942,27.942,27.81,25.42,19900,23.134817
2015-04-06,28.228,28.447,28.129,25.74,79400,23.42605
2015-04-07,28.315,28.414,28.206,25.719999,88200,23.407848
2015-04-08,28.546,28.568,28.348,25.860001,46400,23.535263
2015-04-09,28.491,28.557,28.447,25.950001,223900,23.617172
2015-04-10,28.546,28.656,28.546,26.08,120800,23.735485
2015-04-13,28.612,28.612,28.381,25.879999,47800,23.553463
2015-04-14,28.557,28.689,28.557,26.09,135300,23.744585
2015-04-15,28.711,28.876,28.7,26.280001,35700,23.917505
2015-04-16,28.876,29.151,28.843,26.469999,58700,24.090424
2015-04-17,28.766,28.766,28.557,26.08,18100,23.735485
2015-04-20,28.689,28.733,28.623,26.09,63500,23.744585
2015-04-21,28.755,28.898,28.755,26.200001,40800,23.8447
2015-04-22,28.777,28.92,28.766,26.280001,23400,23.917505
2015-04-23,28.876,29.118,28.766,26.459999,21900,24.081326
2015-04-24,29.216,29.348,29.194,26.65,37600,24.254244
2015-04-27,29.535,29.612,29.491,26.84,25800,24.427162
2015-04-28,29.436,29.546,29.436,26.889999,5900,24.472672
2015-04-29,29.282,29.37,29.227,26.67,15800,24.272444
2015-04-30,29.304,29.304,29.074,26.48,62900,24.099524
2015-05-01,29.063,29.293,29.063,26.66,49800,24.263342
2015-05-04,29.195,29.381,29.195,26.74,54200,24.336151
2015-05-05,29.194,29.315,29.03,26.49,59100,24.108631
2015-05-06,29.238,29.238,28.997,26.440001,249700,24.06312
2015-05-07,29.052,29.052,28.821,26.309999,123600,23.944807
2015-05-08,29.348,29.513,29.304,26.83,248500,24.41806
2015-05-11,29.282,29.293,29.151,26.530001,63100,24.145031
2015-05-12,29.074,29.216,29.063,26.57,72300,24.181437
2015-05-13,29.337,29.381,29.26,26.67,5900,24.272444
2015-05-14,29.634,29.634,29.414,26.889999,35300,24.472672
2015-05-15,29.381,29.623,29.348,26.959999,151700,24.536373
2015-05-18,29.403,29.48,29.37,26.77,76500,24.363455
2015-05-19,29.216,29.26,29.216,26.610001,6900,24.21784
2015-05-20,29.118,29.282,29.118,26.59,25200,24.199638
2015-05-21,29.096,29.381,29.096,26.690001,13300,24.290646
2015-05-22,29.14,29.184,29.129,26.540001,29700,24.154133
2015-05-26,28.942,28.942,28.678,26.1,40600,23.753687
2015-05-27,28.711,28.942,28.711,26.33,22100,23.963011
2015-05-28,28.832,28.832,28.656,26.24,48900,23.881102
2015-05-29,28.777,28.777,28.403,25.940001,71200,23.608072
2015-06-01,28.436,28.447,28.272,25.799999,43600,23.480656
2015-06-02,28.337,28.601,28.337,25.950001,51800,23.617172
2015-06-03,28.535,28.656,28.535,25.969999,12800,23.635376
2015-06-04,28.513,28.513,28.151,25.620001,54600,23.316835
2015-06-05,28.019,28.019,27.854,25.4,9800,23.116613
2015-06-08,27.876,27.964,27.843,25.450001,125600,23.162123
2015-06-09,27.832,27.887,27.788,25.309999,53400,23.034702
2015-06-10,28.14,28.315,28.118,25.67,112300,23.362341
2015-06-11,28.304,28.392,28.261,25.77,30300,23.453352
2015-06-12,28.03,28.173,28.03,25.559999,27800,23.26223
2015-06-15,27.799,27.986,27.799,25.469999,41000,23.180321
2015-06-16,27.92,28.052,27.898,25.51,33500,23.216726
2015-06-17,27.953,28.118,27.777,25.58,48500,23.28043
2015-06-18,28.162,28.458,28.162,25.799999,52500,23.480656
2015-06-19,27.302,27.367,27.291,25.280001,42300,23.407509
2015-06-22,27.669,27.788,27.669,25.67,11500,23.76862
2015-06-23,27.853,27.875,27.702,25.700001,86300,23.796398
2015-06-24,27.626,27.669,27.551,25.540001,91600,23.648249
2015-06-25,27.745,27.745,27.475,25.440001,26400,23.555653
2015-06-26,27.432,27.507,27.313,25.42,43500,23.537138
2015-06-29,26.913,27,26.611,24.68,84900,22.85195
2015-06-30,26.87,26.87,26.535,24.709999,43000,22.879726
2015-07-01,26.903,26.946,26.687,24.780001,45100,22.944544
2015-07-02,26.795,26.805,26.697,24.82,25500,22.981579
2015-07-06,26.449,26.449,26.179,24.34,24300,22.537134
2015-07-07,25.887,26.233,25.704,24.27,23500,22.472319
2015-07-08,25.661,25.747,25.509,23.67,135500,21.916759
2015-07-09,25.855,26.103,25.855,24.01,13000,22.231575
2015-07-10,26.643,26.708,26.535,24.719999,215700,22.888985
2015-07-13,26.741,26.795,26.708,24.77,43800,22.935284
2015-07-14,27,27,26.762,24.9,23100,23.055655
2015-07-15,26.751,26.805,26.579,24.709999,304900,22.879726
2015-07-16,26.957,26.989,26.913,24.92,8800,23.074171
2015-07-17,26.924,26.924,26.838,24.889999,22800,23.046392
2015-07-20,26.881,26.903,26.827,24.870001,13300,23.027876
2015-07-21,26.784,26.838,26.773,24.84,23300,23.000099
2015-07-22,26.514,26.579,26.492,24.59,19500,22.768616
2015-07-23,26.535,26.546,26.395,24.440001,39600,22.629726
2015-07-24,26.319,26.341,26.06,24.200001,86300,22.407505
2015-07-27,25.931,26.028,25.877,24.02,63600,22.240837
2015-07-28,26.039,26.244,25.995,24.290001,32400,22.490837
2015-07-29,26.19,26.525,26.19,24.469999,107100,22.657501
2015-07-30,26.33,26.438,26.309,24.469999,33100,22.657501
2015-07-31,26.87,26.87,26.492,24.559999,19100,22.740837
2015-08-03,26.503,26.503,26.298,24.35,22300,22.546392
2015-08-04,26.557,26.589,26.427,24.48,23400,22.666761
2015-08-05,26.622,26.622,26.492,24.559999,33000,22.740837
2015-08-06,26.427,26.471,26.319,24.42,30200,22.61121
2015-08-07,26.276,26.33,26.244,24.370001,34300,22.564911
2015-08-10,26.449,26.697,26.449,24.709999,44600,22.879726
2015-08-11,26.341,26.384,26.19,24.360001,42800,22.555653
2015-08-12,25.963,26.179,25.887,24.24,24900,22.44454
2015-08-13,26.028,26.157,26.028,24.15,62700,22.361204
2015-08-14,26.06,26.136,26.017,24.16,32300,22.370466
2015-08-17,25.931,26.017,25.833,24.059999,33200,22.277874
2015-08-18,25.844,25.877,25.79,23.92,64200,22.148243
2015-08-19,25.531,25.693,25.401,23.700001,26500,21.944536
2015-08-20,25.315,25.315,25.077,23.219999,899500,21.500092
2015-08-21,24.937,24.991,24.483,22.67,1404300,20.990831
2015-08-24,23.76,24.095,23.252,21.889999,738900,20.268604
2015-08-25,24.332,24.494,23.803,22.08,262500,20.444534
2015-08-26,24.224,24.397,23.922,22.59,83000,20.916758
2015-08-27,24.494,24.786,24.494,22.879999,162100,21.185278
2015-08-28,24.775,24.786,24.624,22.940001,133700,21.240831
2015-08-31,24.818,24.818,24.397,22.77,177100,21.083424
2015-09-01,24.138,24.138,23.652,21.9,74400,20.277863
2015-09-02,24.321,24.321,23.738,22.15,371100,20.509348
2015-09-03,23.933,24.181,23.933,22.23,73100,20.58342
2015-09-04,23.619,23.619,23.35,21.719999,40900,20.111197
2015-09-08,24.041,24.149,23.965,22.360001,74800,20.703793
2015-09-09,24.494,24.494,23.987,22.209999,35100,20.564901
2015-09-10,24.095,24.267,24.041,22.379999,56600,20.722309
2015-09-11,23.965,24.159,23.965,22.370001,67700,20.713051
2015-09-14,23.9,24.062,23.9,22.219999,240000,20.574162
2015-09-15,23.922,24.17,23.922,22.360001,305800,20.703793
2015-09-16,24.17,24.602,24.17,22.77,232000,21.083424
2015-09-17,24.559,24.98,24.451,22.809999,190400,21.120459
2015-09-18,23.767,23.916,23.596,22.139999,392200,20.727259
2015-09-21,23.692,23.692,23.489,22.09,46700,20.68045
2015-09-22,23.232,23.232,22.859,21.549999,51000,20.174908
2015-09-23,22.901,23.008,22.805,21.379999,228000,20.015755
2015-09-24,22.581,22.837,22.485,21.280001,87400,19.922136
2015-09-25,22.965,23.04,22.741,21.360001,50900,19.997032
2015-09-28,22.581,22.602,22.292,20.92,77500,19.585106
2015-09-29,22.314,22.506,22.25,20.969999,58500,19.631916
2015-09-30,22.538,22.784,22.538,21.32,22900,19.959583
2015-10-01,22.901,22.987,22.73,21.379999,208600,20.015755
2015-10-02,22.677,23.339,22.677,21.83,41700,20.437042
2015-10-05,23.681,23.841,23.66,22.280001,144800,20.858326
2015-10-06,23.628,23.927,23.628,22.360001,58700,20.933224
2015-10-07,24.258,24.354,24.13,22.74,26700,21.288975
2015-10-08,24.183,24.61,24.183,23.040001,48200,21.569832
2015-10-09,24.749,24.749,24.589,23.09,39400,21.61664
2015-10-12,24.696,24.696,24.621,23.049999,72800,21.579193
2015-10-13,24.429,24.429,24.215,22.68,169900,21.232803
2015-10-14,24.386,24.461,24.322,22.83,16800,21.373232
2015-10-15,24.578,24.76,24.578,23.16,100200,21.682175
2015-10-16,24.781,24.856,24.717,23.27,34500,21.785156
2015-10-19,24.621,24.674,24.514,23.1,55100,21.626005
2015-10-20,24.536,24.589,24.493,22.940001,138700,21.476212
2015-10-21,24.621,24.642,24.429,22.870001,45700,21.410679
2015-10-22,24.674,24.813,24.61,23.1,91600,21.626005
2015-10-23,24.845,24.877,24.717,23.26,614200,21.775793
2015-10-26,24.867,24.899,24.739,23.200001,64100,21.719624
2015-10-27,24.717,24.717,24.439,22.91,19700,21.448128
2015-10-28,24.546,24.717,24.343,22.93,55600,21.46685
2015-10-29,24.29,24.429,24.29,22.84,135400,21.382593
2015-10-30,24.418,24.514,24.418,22.879999,16500,21.42004
2015-11-02,24.546,24.685,24.546,23.110001,36700,21.635366
2015-11-03,24.621,24.888,24.621,23.24,74000,21.757069
2015-11-04,24.717,24.845,24.568,23.09,54900,21.61664
2015-11-05,24.835,24.835,24.536,23.030001,43200,21.560471
2015-11-06,24.343,24.354,24.076,22.799999,210800,21.345146
2015-11-09,24.151,24.194,23.969,22.549999,57900,21.111097
2015-11-10,23.991,24.023,23.895,22.440001,84800,21.008116
2015-11-11,24.13,24.172,24.002,22.5,50600,21.064289
2015-11-12,23.863,23.895,23.67,22.16,37100,20.745983
2015-11-13,23.617,23.638,23.457,21.98,156300,20.577469
2015-11-16,23.596,23.799,23.542,22.24,53300,20.820877
2015-11-17,23.692,23.991,23.692,22.34,65900,20.914497
2015-11-18,23.799,24.151,23.799,22.610001,151000,21.167269
2015-11-19,24.343,24.343,24.247,22.780001,245300,21.326424
2015-11-20,24.504,24.504,24.247,22.700001,30500,21.251526
2015-11-23,24.172,24.215,24.002,22.49,401900,21.054926
2015-11-24,23.916,24.066,23.852,22.5,98500,21.064289
2015-11-25,23.916,24.087,23.916,22.49,276600,21.054926
2015-11-27,23.991,23.991,23.937,22.42,15100,20.989393
2015-11-30,23.905,23.927,23.799,22.33,57200,20.905134
2015-12-01,24.034,24.13,24.002,22.59,179100,21.148548
2015-12-02,23.98,24.076,23.809,22.32,164700,20.895775
2015-12-03,24.044,24.076,23.767,22.309999,276300,20.886412
2015-12-04,23.734,23.937,23.734,22.379999,43100,20.951944
2015-12-07,23.991,23.991,23.542,22.1,52200,20.689814
2015-12-08,23.19,23.403,23.158,21.780001,178200,20.390232
2015-12-09,23.339,23.489,23.158,21.76,180100,20.37151
2015-12-10,23.2,23.254,23.072,21.6,171700,20.221718
2015-12-11,22.752,22.773,22.56,21.18,272300,19.828518
2015-12-14,22.709,22.709,22.463,21.18,99600,19.828518
2015-12-15,22.698,22.976,22.698,21.43,226000,20.062565
2015-12-16,23.115,23.329,22.976,21.799999,528800,20.408955
2015-12-17,23.264,23.264,22.944,21.48,753400,20.109375
2015-12-18,22.944,22.955,22.784,21.34,119700,19.978306
2015-12-21,23.062,23.072,22.773,21.51,204500,20.137459
2015-12-22,22.955,23.051,22.88,21.57,67000,20.19363
2015-12-23,23.275,23.446,23.254,21.93,353700,20.530663
2015-12-24,23.446,23.467,23.393,21.92,94600,20.521296
2015-12-28,23.414,23.414,23.275,21.860001,260000,20.465128
2015-12-29,23.236,23.247,23.12,21.879999,390600,20.631081
2015-12-30,23.088,23.098,22.992,21.690001,357400,20.451927
2015-12-31,22.939,22.982,22.823,21.52,103100,20.29163
2016-01-04,22.43,22.441,22.165,21.16,81800,19.952179
2016-01-05,22.345,22.367,22.197,21.02,110700,19.820171
2016-01-06,21.921,22.006,21.847,20.719999,44400,19.537291
2016-01-07,21.677,21.677,21.402,20.200001,169600,19.046978
2016-01-08,21.741,21.741,21.168,20.02,229900,18.877251
2016-01-11,21.486,21.486,21.083,20.030001,112600,18.886681
2016-01-12,21.465,21.529,21.2,20.139999,50600,18.9904
2016-01-13,21.688,21.688,21.009,19.85,163000,18.716953
2016-01-14,21.253,21.444,21.221,20.15,31000,18.99983
2016-01-15,20.914,20.914,20.447,19.43,42000,18.320929
2016-01-19,20.967,20.977,20.67,19.65,60000,18.52837
2016-01-20,20.606,20.606,20.002,19.23,180200,18.132341
2016-01-21,20.437,20.627,20.182,19.32,120300,18.217205
2016-01-22,21.02,21.147,20.967,19.940001,54500,18.801819
2016-01-25,21.094,21.094,20.871,19.68,81500,18.55666
2016-01-26,21.073,21.349,21.062,20.129999,302200,18.98097
2016-01-27,21.412,21.529,21.115,19.959999,452900,18.820673
2016-01-28,21.529,21.539,21.243,20.209999,180000,19.056406
2016-01-29,21.603,21.879,21.603,20.629999,129600,19.452431
2016-02-01,21.677,21.847,21.614,20.540001,139500,19.367571
2016-02-02,21.455,21.476,21.179,20.01,191100,18.867821
2016-02-03,21.433,21.539,21.02,20.309999,123900,19.150696
2016-02-04,21.614,21.783,21.582,20.4,37100,19.235559
2016-02-05,21.624,21.646,21.359,20.219999,25700,19.065832
2016-02-08,21.115,21.115,20.787,19.799999,414600,18.669806
2016-02-09,20.702,20.797,20.511,19.48,95300,18.368074
2016-02-10,20.829,20.935,20.638,19.49,240200,18.377502
2016-02-11,20.415,20.468,20.182,19.209999,109600,18.113483
2016-02-12,20.553,20.755,20.437,19.559999,67200,18.443508
2016-02-16,21.19,21.243,21.03,20.030001,62900,18.886681
2016-02-17,21.38,21.624,21.38,20.370001,41500,19.207273
2016-02-18,21.709,21.709,21.508,20.299999,228800,19.141266
2016-02-19,21.455,21.55,21.338,20.299999,37000,19.141266
2016-02-22,21.783,21.868,21.783,20.620001,49300,19.443003
2016-02-23,21.667,21.73,21.444,20.24,138800,19.084692
2016-02-24,21.094,21.412,20.977,20.190001,410100,19.037546
2016-02-25,21.455,21.656,21.402,20.4,53400,19.235559
2016-02-26,21.699,21.741,21.486,20.290001,147700,19.131842
2016-02-29,21.539,21.73,21.539,20.370001,52800,19.207273
2016-03-01,21.868,22.176,21.847,20.889999,51300,19.69759
2016-03-02,22.155,22.324,22.07,21.049999,51200,19.848457
2016-03-03,22.367,22.611,22.356,21.309999,63000,20.093615
2016-03-04,22.727,22.95,22.727,21.57,89800,20.338776
2016-03-07,22.632,22.908,22.632,21.549999,61300,20.319918
2016-03-08,22.727,22.727,22.558,21.299999,52800,20.084187
2016-03-09,22.664,22.791,22.653,21.4,30300,20.178478
2016-03-10,22.802,22.95,22.452,21.379999,72700,20.15962
2016-03-11,23.014,23.247,23.014,21.889999,316800,20.640507
2016-03-14,23.162,23.258,23.109,21.82,97000,20.574507
2016-03-15,22.855,22.929,22.791,21.6,76600,20.367064
2016-03-16,22.855,23.247,22.812,21.92,145900,20.668798
2016-03-17,23.321,23.565,23.247,22.18,421800,20.91396
2016-03-18,23.544,23.597,23.491,22.18,56300,20.91396
2016-03-21,23.295,23.38,23.253,22.09,58000,20.918692
2016-03-22,23.095,23.295,23.063,22,50000,20.833464
2016-03-23,23.084,23.084,22.873,21.700001,55200,20.549374
2016-03-24,22.609,22.767,22.545,21.540001,68700,20.397856
2016-03-28,22.862,23.422,22.831,21.68,78800,20.530432
2016-03-29,22.725,23.158,22.683,21.93,71800,20.767176
2016-03-30,23.38,23.506,23.348,22.200001,34600,21.02286
2016-03-31,23.39,23.422,23.264,22.08,75500,20.909222
2016-04-01,22.978,23.105,22.841,21.870001,46400,20.710361
2016-04-04,23.137,23.147,23.01,21.83,59200,20.672478
2016-04-05,22.63,22.651,22.535,21.389999,128800,20.255808
2016-04-06,22.598,22.862,22.577,21.65,54200,20.50202
2016-04-07,22.63,22.63,22.408,21.32,102800,20.189518
2016-04-08,22.905,22.989,22.873,21.690001,40800,20.5399
2016-04-11,23.147,23.242,23.084,21.870001,508400,20.710361
2016-04-12,23.274,23.538,23.179,22.209999,46600,21.032328
2016-04-13,23.749,23.802,23.654,22.52,499300,21.32589
2016-04-14,23.823,23.834,23.76,22.530001,114700,21.335361
2016-04-15,23.77,23.834,23.749,22.49,47100,21.29748
2016-04-18,23.749,23.971,23.686,22.67,168000,21.467936
2016-04-19,24.151,24.298,24.151,22.98,108500,21.761499
2016-04-20,24.182,24.383,24.172,22.99,183100,21.770969
2016-04-21,24.203,24.203,24.003,22.790001,96200,21.581577
2016-04-22,24.034,24.119,23.96,22.780001,112000,21.572104
2016-04-25,23.992,23.992,23.897,22.66,54500,21.458466
2016-04-26,24.108,24.119,24.034,22.83,32200,21.619453
2016-04-27,24.066,24.172,23.971,22.860001,52100,21.647861
2016-04-28,23.887,24.098,23.855,22.610001,38300,21.411119
2016-04-29,24.003,24.003,23.76,22.620001,107800,21.420589
2016-05-02,23.929,24.024,23.918,22.74,92000,21.534227
2016-05-03,23.728,23.728,23.538,22.290001,65700,21.108088
2016-05-04,23.38,23.432,23.2,22.01,123300,20.842934
2016-05-05,23.327,23.359,23.221,22.040001,131500,20.871346
2016-05-06,23.147,23.285,23.137,22.02,361400,20.852404
2016-05-09,23.253,23.295,23.158,21.969999,332700,20.805054
2016-05-10,23.285,23.496,23.285,22.25,242500,21.070208
2016-05-11,23.348,23.454,23.295,22.1,93400,20.928162
2016-05-12,23.528,23.538,23.232,22.040001,69500,20.871346
2016-05-13,23.063,23.147,22.978,21.780001,70700,20.625128
2016-05-16,23.137,23.285,23.137,22.030001,130700,20.861874
2016-05-17,23.179,23.274,23.084,21.860001,120900,20.700886
2016-05-18,23.063,23.264,22.968,21.809999,97000,20.653538
2016-05-19,22.894,22.926,22.799,21.68,65000,20.530432
2016-05-20,23.052,23.116,23.031,21.82,83700,20.663006
2016-05-23,23,23.052,22.957,21.76,122300,20.60619
2016-05-24,23.147,23.295,23.147,22.049999,1902800,20.880814
2016-05-25,23.39,23.506,23.39,22.23,91300,21.051266
2016-05-26,23.633,23.633,23.538,22.32,87600,21.136494
2016-05-27,23.549,23.549,23.464,22.25,42600,21.070208
2016-05-31,23.612,23.623,23.337,22.15,88800,20.975508
2016-06-01,23.264,23.369,23.232,22.110001,104500,20.937632
2016-06-02,23.221,23.38,23.221,22.110001,56600,20.937632
2016-06-03,23.506,23.601,23.411,22.33,69800,21.145967
2016-06-06,23.686,23.802,23.675,22.49,177500,21.29748
2016-06-07,23.908,24.024,23.908,22.700001,125700,21.496347
2016-06-08,24.066,24.129,24.034,22.799999,138400,21.591043
2016-06-09,23.76,23.834,23.739,22.549999,74500,21.3543
2016-06-10,23.369,23.38,23.137,21.98,96400,20.814522
2016-06-13,22.989,23.073,22.841,21.67,153900,20.520962
2016-06-14,22.693,22.725,22.461,21.370001,68500,20.236872
2016-06-15,22.746,22.883,22.704,21.52,68100,20.378914
2016-06-16,22.377,22.704,22.229,21.49,240000,20.350504
2016-06-17,22.831,22.968,22.778,21.719999,40600,20.56831
2016-06-20,22.85,22.871,22.767,21.889999,62200,21.046902
2016-06-21,22.881,23.037,22.881,22.030001,112600,21.181511
2016-06-22,22.996,23.079,22.892,22.01,128700,21.162281
2016-06-23,23.276,23.453,23.172,22.530001,71600,21.662252
2016-06-24,21.789,22.195,21.727,20.889999,194900,20.085419
2016-06-27,21.498,21.498,21.165,20.57,271300,19.777742
2016-06-28,21.841,21.956,21.737,21.1,234700,20.287331
2016-06-29,22.32,22.434,22.32,21.530001,109600,20.700769
2016-06-30,22.496,22.756,22.465,21.879999,287900,21.037287
2016-07-01,22.798,22.871,22.788,21.969999,28900,21.123823
2016-07-05,22.528,22.569,22.382,21.540001,245700,20.710382
2016-07-06,22.153,22.372,22.132,21.51,243900,20.68154
2016-07-07,22.424,22.455,22.195,21.41,111800,20.58539
2016-07-08,22.559,22.642,22.507,21.76,45600,20.921909
2016-07-11,22.85,22.954,22.85,22,115200,21.152666
2016-07-12,23.193,23.245,23.131,22.280001,138700,21.421883
2016-07-13,23.214,23.214,23.131,22.299999,57400,21.441113
2016-07-14,23.433,23.453,23.37,22.52,102400,21.652637
2016-07-15,23.349,23.381,23.297,22.48,39300,21.61418
2016-07-18,23.256,23.401,23.245,22.469999,38500,21.604563
2016-07-19,23.172,23.224,23.12,22.280001,79900,21.421883
2016-07-20,23.204,23.308,23.162,22.370001,82700,21.508417
2016-07-21,23.256,23.329,23.183,22.34,107700,21.47957
2016-07-22,23.318,23.318,23.245,22.4,151100,21.53726
2016-07-25,23.37,23.37,23.245,22.43,591400,21.566105
2016-07-26,23.391,23.443,23.339,22.52,30500,21.652637
2016-07-27,23.568,23.578,23.391,22.629999,28300,21.758404
2016-07-28,23.609,23.609,23.453,22.629999,98800,21.758404
2016-07-29,23.599,23.745,23.578,22.809999,246100,21.931467
2016-08-01,24.233,24.233,23.516,22.629999,148200,21.758404
2016-08-02,23.537,23.537,23.36,22.540001,93500,21.671869
2016-08-03,23.214,23.349,23.214,22.450001,32200,21.585335
2016-08-04,23.443,23.537,23.443,22.6,70300,21.729557
2016-08-05,23.557,23.661,23.557,22.719999,64300,21.844934
2016-08-08,23.682,23.734,23.672,22.790001,225200,21.912241
2016-08-09,23.817,23.953,23.817,22.98,112400,22.094919
2016-08-10,24.036,24.057,23.942,23.040001,83200,22.152611
2016-08-11,24.015,24.15,24.015,23.209999,81600,22.316063
2016-08-12,24.098,24.109,23.994,23.110001,119700,22.219913
2016-08-15,24.067,24.161,24.067,23.200001,58000,22.30645
2016-08-16,24.077,24.119,24.046,23.139999,60800,22.248758
2016-08-17,23.942,24.088,23.859,23.120001,75100,22.229528
2016-08-18,24.046,24.181,24.046,23.24,50500,22.344908
2016-08-19,23.88,24.025,23.88,23.09,36100,22.200686
2016-08-22,23.901,23.973,23.859,23.049999,74800,22.162226
2016-08-23,24.109,24.14,24.005,23.1,52800,22.210302
2016-08-24,23.963,24.015,23.921,23.02,36300,22.133381
2016-08-25,23.88,23.932,23.859,22.969999,118600,22.085304
2016-08-26,23.901,24.067,23.599,22.76,91600,21.883394
2016-08-29,23.651,23.786,23.651,22.870001,39800,21.989159
2016-08-30,23.755,23.807,23.693,22.809999,48800,21.931467
2016-08-31,23.682,23.713,23.568,22.709999,40100,21.835318
2016-09-01,23.682,23.734,23.609,22.809999,47800,21.931467
2016-09-02,23.911,23.984,23.88,23.059999,54400,22.171841
2016-09-06,24.046,24.223,24.046,23.27,36200,22.373751
2016-09-07,24.223,24.254,24.14,23.27,102700,22.373751
2016-09-08,24.233,24.275,24.161,23.27,53900,22.373751
2016-09-09,23.953,23.973,23.682,22.77,106600,21.893011
2016-09-12,23.474,23.828,23.474,22.9,179100,22.018002
2016-09-13,23.485,23.495,23.245,22.42,59400,21.55649
2016-09-14,23.297,23.422,23.276,22.41,93700,21.546875
2016-09-15,23.339,23.609,23.329,22.67,51300,21.796858
2016-09-16,23.297,23.349,23.256,22.379999,70000,21.518028
2016-09-19,22.983,23.045,22.891,22.290001,185600,21.66617
2016-09-20,23.066,23.096,23.014,22.370001,59500,21.743933
2016-09-21,23.24,23.446,23.158,22.77,69900,22.132736
2016-09-22,23.703,23.755,23.611,22.950001,105000,22.307699
2016-09-23,23.487,23.539,23.436,22.790001,191900,22.152176
2016-09-26,23.23,23.271,23.199,22.559999,92000,21.928612
2016-09-27,23.148,23.333,23.138,22.67,82000,22.035534
2016-09-28,23.374,23.518,23.261,22.85,113600,22.210497
2016-09-29,23.446,23.528,23.21,22.59,156600,21.957775
2016-09-30,23.302,23.477,23.292,22.77,100900,22.132736
2016-10-03,23.354,23.426,23.333,22.74,86300,22.103575
2016-10-04,23.487,23.528,23.302,22.66,97300,22.025816
2016-10-05,23.467,23.549,23.426,22.84,205500,22.200777
2016-10-06,23.426,23.467,23.384,22.799999,43900,22.161896
2016-10-07,23.446,23.446,23.199,22.700001,55800,22.064695
2016-10-10,23.415,23.487,23.415,22.77,16100,22.132736
2016-10-11,23.333,23.333,23.035,22.43,68700,21.80225
2016-10-12,22.973,23.076,22.963,22.360001,43800,21.734209
2016-10-13,22.798,23.004,22.747,22.32,66600,21.695328
2016-10-14,23.076,23.138,22.973,22.33,40200,21.705051
2016-10-17,22.942,22.973,22.901,22.280001,37800,21.656448
2016-10-18,23.179,23.189,23.117,22.5,132800,21.870291
2016-10-19,23.22,23.292,23.21,22.610001,55100,21.977213
2016-10-20,23.189,23.323,23.189,22.65,188900,22.016094
2016-10-21,23.107,23.23,23.107,22.559999,97200,21.928612
2016-10-24,23.292,23.292,23.199,22.6,258700,21.967493
2016-10-25,23.22,23.282,23.189,22.57,169200,21.938332
2016-10-26,23.117,23.199,23.086,22.459999,139900,21.831409
2016-10-27,23.127,23.189,23.076,22.43,101700,21.80225
2016-10-28,23.096,23.148,23.024,22.440001,96700,21.811974
2016-10-31,23.096,23.148,23.066,22.49,146100,21.860571
2016-11-01,23.21,23.21,22.932,22.370001,79800,21.743933
2016-11-02,22.994,23.024,22.819,22.24,62500,21.617567
2016-11-03,22.891,22.922,22.808,22.17,20500,21.549526
2016-11-04,22.644,22.664,22.52,21.889999,104700,21.277363
2016-11-07,22.829,22.911,22.829,22.27,58400,21.64673
2016-11-08,22.87,23.127,22.87,22.4,102200,21.773092
2016-11-09,22.736,22.952,22.716,22.25,70400,21.627287
2016-11-10,22.88,22.901,22.644,22.059999,53000,21.442606
2016-11-11,22.592,22.654,22.448,21.99,199800,21.374565
2016-11-14,22.428,22.448,22.304,21.809999,101600,21.199602
2016-11-15,22.428,22.603,22.428,21.950001,77100,21.335686
2016-11-16,22.294,22.376,22.294,21.709999,43600,21.1024
2016-11-17,22.387,22.52,22.387,21.799999,80300,21.189882
2016-11-18,22.315,22.345,22.273,21.690001,129300,21.082962
2016-11-21,22.428,22.5,22.407,21.870001,104200,21.257925
2016-11-22,22.582,22.623,22.52,21.98,187300,21.364845
2016-11-23,22.325,22.469,22.325,21.83,76400,21.219044
2016-11-25,22.603,22.603,22.551,21.940001,13400,21.325966
2016-11-28,22.52,22.603,22.52,21.91,57700,21.296804
2016-11-29,22.561,22.664,22.52,21.959999,124400,21.345402
2016-11-30,22.757,22.757,22.644,22.02,179700,21.403727
2016-12-01,22.592,22.654,22.541,21.93,112500,21.316246
2016-12-02,22.531,22.644,22.531,21.969999,65300,21.355125
2016-12-05,22.736,22.819,22.716,22.15,172500,21.530088
2016-12-06,22.839,23.024,22.839,22.379999,90700,21.753649
2016-12-07,23.055,23.374,23.055,22.68,105000,22.045254
2016-12-08,23.271,23.374,23.251,22.67,84500,22.035534
2016-12-09,23.282,23.405,23.282,22.74,115000,22.103575
2016-12-12,23.384,23.426,23.364,22.73,117700,22.093857
2016-12-13,23.58,23.673,23.528,22.93,86000,22.288258
2016-12-14,23.528,23.549,23.148,22.5,91200,21.870291
2016-12-15,23.127,23.24,23.127,22.559999,104300,21.928612
2016-12-16,23.148,23.199,23.096,22.49,103700,21.860571
2016-12-19,23.189,23.189,23.076,22.43,376900,21.80225
2016-12-20,23.179,23.189,23.096,22.52,278600,21.889734
2016-12-21,23.189,23.21,23.158,22.530001,155100,21.899452
2016-12-22,22.78,22.79,22.719,22.290001,94000,21.839987
2016-12-23,22.698,22.78,22.698,22.309999,318600,21.859583
2016-12-27,22.77,22.851,22.77,22.379999,317400,21.928169
2016-12-28,22.79,22.831,22.739,22.309999,168100,21.859583
2016-12-29,22.943,22.953,22.872,22.450001,113500,21.996758
2016-12-30,23.086,23.086,22.933,22.52,268200,22.065344
2017-01-03,23.045,23.127,23.045,22.629999,133300,22.173122
2017-01-04,23.27,23.372,23.239,22.9,129600,22.437672
2017-01-05,23.443,23.586,23.443,23.09,76800,22.623837
2017-01-06,23.474,23.484,23.413,22.99,157600,22.525854
2017-01-09,23.321,23.433,23.311,22.93,141900,22.467068
2017-01-10,23.402,23.433,23.351,22.9,42300,22.437672
2017-01-11,23.28,23.535,23.28,23.059999,73500,22.594442
2017-01-12,23.586,23.596,23.515,23.08,64900,22.614038
2017-01-13,23.596,23.627,23.535,23.139999,177600,22.672825
2017-01-17,23.607,23.607,23.525,23.07,123800,22.60424
2017-01-18,23.464,23.515,23.382,22.950001,85500,22.486664
2017-01-19,23.423,23.423,23.331,22.940001,101300,22.476864
2017-01-20,23.474,23.505,23.413,23.030001,105100,22.565048
2017-01-23,23.515,23.566,23.464,23.08,63100,22.614038
2017-01-24,23.535,23.698,23.535,23.190001,89800,22.721817
2017-01-25,23.78,23.872,23.78,23.389999,72200,22.917778
2017-01-26,23.852,23.852,23.78,23.32,154000,22.849192
2017-01-27,23.78,23.811,23.729,23.309999,71600,22.839394
2017-01-30,23.637,23.658,23.566,23.18,292200,22.712021
2017-01-31,23.658,23.698,23.586,23.200001,248600,22.731617
2017-02-01,23.831,23.831,23.688,23.309999,145100,22.839394
2017-02-02,23.831,23.831,23.729,23.299999,112800,22.829596
2017-02-03,23.811,23.913,23.79,23.4,112100,22.927578
2017-02-06,23.719,23.719,23.647,23.219999,111500,22.751211
2017-02-07,23.627,23.647,23.596,23.15,115600,22.682625
2017-02-08,23.647,23.739,23.637,23.24,136000,22.770807
2017-02-09,23.831,23.862,23.801,23.34,72400,22.868788
2017-02-10,23.862,23.974,23.862,23.459999,172000,22.986364
2017-02-13,24.025,24.076,24.005,23.57,112900,23.094145
2017-02-14,24.045,24.107,23.954,23.59,176700,23.113741
2017-02-15,23.984,24.229,23.984,23.73,176000,23.250916
2017-02-16,24.29,24.321,24.26,23.809999,134700,23.329298
2017-02-17,24.199,24.26,24.168,23.77,103200,23.290108
2017-02-21,24.28,24.341,24.28,23.809999,231300,23.329298
2017-02-22,24.229,24.321,24.209,23.82,81200,23.339098
2017-02-23,24.403,24.474,24.382,23.889999,92700,23.407684
2017-02-24,24.117,24.199,24.117,23.68,48900,23.201925
2017-02-27,24.056,24.127,24.056,23.620001,31800,23.143137
2017-02-28,24.127,24.137,24.015,23.549999,70500,23.074549
2017-03-01,24.158,24.352,24.158,23.84,155000,23.358694
2017-03-02,24.188,24.199,24.107,23.639999,62300,23.162731
2017-03-03,24.209,24.301,24.158,23.780001,119900,23.299908
2017-03-06,24.199,24.25,24.178,23.719999,133100,23.241116
2017-03-07,24.188,24.199,24.127,23.67,70400,23.192127
2017-03-08,24.107,24.107,23.954,23.469999,140500,22.996164
2017-03-09,24.015,24.045,23.954,23.52,150700,23.045155
2017-03-10,24.209,24.239,24.137,23.75,94200,23.270512
2017-03-13,24.331,24.392,24.311,23.9,40600,23.417482
2017-03-14,24.229,24.26,24.178,23.73,89900,23.250916
2017-03-15,24.26,24.648,24.26,24.129999,83000,23.642838
2017-03-16,24.79,24.801,24.729,24.27,247900,23.780014
2017-03-17,24.872,24.903,24.821,24.360001,153200,23.868196
2017-03-20,24.694,24.724,24.612,24.27,100500,23.873114
2017-03-21,24.856,24.856,24.531,24.129999,175600,23.735403
2017-03-22,24.45,24.582,24.44,24.17,80100,23.77475
2017-03-23,24.501,24.663,24.501,24.190001,63700,23.794422
2017-03-24,24.633,24.745,24.633,24.299999,99900,23.902622
2017-03-27,24.694,24.775,24.633,24.34,91600,23.941969
2017-03-28,24.795,24.897,24.785,24.450001,94800,24.050171
2017-03-29,24.795,24.867,24.745,24.43,106700,24.030499
2017-03-30,24.816,24.836,24.745,24.35,53800,23.951805
2017-03-31,24.694,24.765,24.673,24.309999,44700,23.912458
2017-04-03,24.684,24.755,24.531,24.27,101100,23.873114
2017-04-04,24.612,24.714,24.582,24.309999,68500,23.912458
2017-04-05,24.694,24.755,24.582,24.190001,75400,23.794422
2017-04-06,24.602,24.643,24.562,24.209999,65100,23.814095
2017-04-07,24.572,24.623,24.551,24.18,88500,23.784586
2017-04-10,24.551,24.562,24.521,24.139999,133400,23.745239
2017-04-11,24.633,24.684,24.531,24.26,122300,23.863277
2017-04-12,24.623,24.684,24.541,24.25,76100,23.853441
2017-04-13,24.602,24.623,24.511,24.110001,115600,23.715731
2017-04-17,24.633,24.704,24.612,24.280001,137100,23.882952
2017-04-18,24.49,24.521,24.409,24.08,130800,23.68622
2017-04-19,24.541,24.541,24.379,23.98,102600,23.587856
2017-04-20,24.602,24.643,24.592,24.209999,132700,23.814095
2017-04-21,24.602,24.602,24.531,24.16,110500,23.764912
2017-04-24,25.131,25.172,25.08,24.75,94800,24.345264
2017-04-25,25.283,25.344,25.253,24.91,228400,24.502647
2017-04-26,25.263,25.304,25.212,24.82,192700,24.41412
2017-04-27,25.253,25.253,25.121,24.77,54900,24.364939
2017-04-28,25.212,25.233,25.172,24.790001,181900,24.384611
2017-05-01,25.304,25.314,25.243,24.83,142900,24.423956
2017-05-02,25.395,25.436,25.365,25.02,91900,24.610849
2017-05-03,25.344,25.385,25.294,24.93,668100,24.522322
2017-05-04,25.365,25.416,25.344,24.99,115900,24.581339
2017-05-05,25.466,25.68,25.466,25.26,147800,24.846924
2017-05-08,25.599,25.599,25.507,25.129999,64900,24.719049
2017-05-09,25.558,25.558,25.466,25.08,82900,24.669868
2017-05-10,25.548,25.558,25.497,25.139999,165200,24.728886
2017-05-11,25.416,25.497,25.365,25.08,60400,24.669868
2017-05-12,25.527,25.619,25.527,25.190001,212300,24.77807
2017-05-15,25.751,25.792,25.721,25.35,100500,24.935453
2017-05-16,25.965,25.965,25.924,25.52,164400,25.102673
2017-05-17,25.843,25.873,25.67,25.26,106800,24.846924
2017-05-18,25.517,25.578,25.405,25.1,89500,24.689541
2017-05-19,25.792,25.914,25.792,25.459999,95900,25.043653
2017-05-22,25.934,25.985,25.893,25.530001,63200,25.112511
2017-05-23,26.046,26.046,25.954,25.540001,213700,25.122347
2017-05-24,25.954,26.046,25.934,25.620001,182900,25.201038
2017-05-25,26.107,26.117,26.026,25.629999,186900,25.210873
2017-05-26,25.965,25.975,25.924,25.549999,99900,25.132181
2017-05-30,25.954,25.985,25.934,25.530001,33900,25.112511
2017-05-31,26.066,26.066,25.944,25.549999,111300,25.132181
2017-06-01,26.005,26.046,25.944,25.6,87600,25.181364
2017-06-02,26.198,26.249,26.137,25.809999,61100,25.38793
2017-06-05,26.137,26.137,26.087,25.68,107000,25.260057
2017-06-06,26.046,26.066,26.015,25.629999,38500,25.210873
2017-06-07,26.046,26.107,25.914,25.59,98500,25.171528
2017-06-08,25.944,26.015,25.924,25.59,119700,25.171528
2017-06-09,25.924,25.995,25.822,25.469999,225300,25.05349
2017-06-12,25.904,25.924,25.802,25.440001,157900,25.023981
2017-06-13,25.995,26.026,25.944,25.57,121300,25.151855
2017-06-14,26.137,26.168,25.924,25.549999,53500,25.132181
2017-06-15,25.67,25.771,25.619,25.34,62000,24.925617
2017-06-16,25.873,25.924,25.802,25.5,38100,25.083
2017-06-19,25.16,25.2,25.15,25.16,114400,25.16
2017-06-20,25.15,25.15,24.93,24.950001,67700,24.950001
2017-06-21,24.94,24.96,24.85,24.92,75800,24.92
2017-06-22,24.94,25,24.91,24.950001,123300,24.950001
2017-06-23,24.98,25.03,24.92,25.01,130500,25.01
2017-06-26,25.23,25.24,25.11,25.15,122600,25.15
2017-06-27,25.16,25.17,25.05,25.1,93300,25.1
2017-06-28,25.23,25.36,25.18,25.35,172500,25.35
2017-06-29,25.28,25.28,25.03,25.1,69200,25.1
2017-06-30,NA,NA,NA,NA,NA,NA
2017-07-03,25.18,25.2,25.17,25.190001,70600,25.190001
2017-07-07,25.01,25.11,24.99,25.110001,60856,25.110001
