"Date","MLPA.Open","MLPA.High","MLPA.Low","MLPA.Close","MLPA.Volume","MLPA.Adjusted"
2012-04-19,20.767,20.892,20.767,15.08,9900,10.892111
2012-04-20,20.933,20.933,20.906,15.1,1400,10.906557
2012-04-23,20.947,21.044,20.767,15.12,34400,10.921003
2012-04-24,20.878,20.961,20.795,15.12,43000,10.921003
2012-04-25,20.92,20.92,20.878,15.08,14000,10.892111
2012-04-26,20.933,21.003,20.933,15.17,19000,10.957115
2012-04-27,21.03,21.072,21.017,15.22,4200,10.993234
2012-04-30,21.086,21.155,21.072,15.28,8600,11.036571
2012-05-01,21.183,21.197,21.141,15.28,3600,11.036571
2012-05-02,21.169,21.183,21.169,15.3,4100,11.051016
2012-05-03,21.418,21.418,21.044,15.2,2200,10.978786
2012-05-04,20.961,21.003,20.961,15.17,600,10.957115
2012-05-07,21.183,21.183,20.837,15.08,3300,10.892111
2012-05-08,20.767,20.767,20.657,15,7500,10.83433
2012-05-09,20.698,20.698,20.421,14.75,1500,10.653757
2012-05-10,20.504,20.74,20.504,14.95,23400,10.798215
2012-05-11,20.726,20.726,20.56,14.85,18000,10.725986
2012-05-14,20.546,20.573,20.38,14.72,47300,10.632091
2012-05-15,20.504,20.504,20.297,14.69,22000,10.610418
2012-05-16,20.449,20.449,20.255,14.65,29700,10.581528
2012-05-17,20.269,20.269,19.95,14.41,10400,10.408178
2012-05-18,19.937,19.992,19.563,14.14,14500,10.213161
2012-05-21,19.618,19.964,19.604,14.42,15100,10.415402
2012-05-22,19.978,20.214,19.978,14.5,15900,10.473186
2012-05-23,19.909,20.103,19.798,14.49,81000,10.465961
2012-05-24,19.964,20.047,19.909,14.48,2000,10.45874
2012-05-25,19.909,20.117,19.909,14.51,14800,10.480409
2012-05-29,20.103,20.227,20.103,14.52,2200,10.487632
2012-05-30,20.352,20.352,19.798,14.33,27600,10.350395
2012-05-31,19.909,19.909,19.66,14.28,7500,10.31428
2012-06-01,19.604,19.604,19.147,13.83,27300,9.98925
2012-06-04,19.341,19.494,18.94,13.71,35100,9.902578
2012-06-05,19.064,19.064,18.995,13.72,1700,9.909799
2012-06-06,19.84,19.84,19.535,14.2,15100,10.256497
2012-06-07,19.84,19.923,19.687,14.26,2600,10.299835
2012-06-08,19.604,19.701,19.577,14.23,4900,10.278165
2012-06-11,19.743,19.743,19.66,14.2,1700,10.256497
2012-06-12,19.632,19.66,19.632,14.2,1300,10.256497
2012-06-13,19.66,19.66,19.66,14.2,600,10.256497
2012-06-14,19.66,19.66,19.563,14.13,4700,10.205938
2012-06-15,19.715,19.77,19.618,14.23,4500,10.278165
2012-06-18,19.521,19.646,19.438,14.14,10800,10.213161
2012-06-19,19.66,19.937,19.66,14.38,28900,10.386511
2012-06-20,19.992,20.047,19.895,14.4,12600,10.400954
2012-06-21,19.923,19.923,19.674,14.22,4100,10.270944
2012-06-22,19.66,19.729,19.577,14.25,1600,10.292612
2012-06-25,19.66,19.66,19.272,14.02,35500,10.126485
2012-06-26,19.466,19.466,19.314,14.05,5700,10.148155
2012-06-27,19.646,19.881,19.577,14.36,4400,10.372065
2012-06-28,19.77,19.867,19.687,14.34,15200,10.357618
2012-06-29,20.753,20.753,20.186,14.66,7000,10.588752
2012-07-02,20.042,20.083,19.892,14.68,24500,10.730558
2012-07-03,20.275,20.275,20.042,14.66,6900,10.715939
2012-07-05,20.234,20.234,20.015,14.7,4900,10.745176
2012-07-06,20.015,20.138,19.946,14.72,21700,10.759796
2012-07-09,20.151,20.261,20.028,14.79,6100,10.810965
2012-07-10,20.193,20.193,20.015,14.63,11400,10.694009
2012-07-11,20.165,20.179,20.097,14.75,7900,10.781726
2012-07-12,20.22,20.521,20.138,14.77,19700,10.796345
2012-07-13,20.384,20.398,20.329,14.91,5100,10.898679
2012-07-16,20.411,20.507,20.247,14.92,12700,10.905989
2012-07-17,20.384,20.507,20.384,14.96,15900,10.935225
2012-07-18,20.521,20.548,20.521,15.01,4700,10.971775
2012-07-19,20.589,20.603,20.535,15.01,6700,10.971775
2012-07-20,20.562,20.603,20.521,15.04,12600,10.993706
2012-07-23,20.124,20.466,20.124,14.93,9300,10.913299
2012-07-24,20.384,20.384,20.329,14.89,400,10.884063
2012-07-25,20.288,20.288,20.234,14.82,900,10.832892
2012-07-26,20.781,20.781,20.261,14.88,2200,10.876749
2012-07-27,20.521,20.521,20.357,14.93,16300,10.913299
2012-07-30,20.63,20.63,20.466,15.02,14300,10.979085
2012-07-31,20.576,20.589,20.452,14.99,5000,10.957159
2012-08-01,20.521,20.644,20.521,15.08,6600,11.022944
2012-08-02,20.535,20.535,20.398,14.94,4900,10.920608
2012-08-03,20.521,20.808,20.493,15.21,20500,11.117971
2012-08-06,20.535,20.576,20.452,15.04,13200,10.993706
2012-08-07,20.712,20.712,20.48,15.03,4500,10.986396
2012-08-08,20.658,20.658,20.398,14.96,16200,10.935225
2012-08-09,20.384,20.507,20.384,14.99,13400,10.957159
2012-08-10,20.452,20.562,20.452,15.02,19900,10.979085
2012-08-13,20.781,20.781,20.507,15.02,17600,10.979085
2012-08-14,20.726,20.726,20.507,15,3800,10.964467
2012-08-15,20.617,20.671,20.576,15.09,19600,11.030255
2012-08-16,20.74,20.74,20.548,15.14,3100,11.066801
2012-08-17,20.699,20.699,20.603,15.13,2600,11.059493
2012-08-20,20.712,20.726,20.63,15.13,4200,11.059493
2012-08-21,20.767,20.767,20.644,15.11,2200,11.044871
2012-08-22,20.576,20.63,20.562,15.08,12500,11.022944
2012-08-23,20.794,20.794,20.535,15.04,6500,10.993706
2012-08-24,20.63,20.63,20.521,15.02,10200,10.979085
2012-08-27,20.712,20.712,20.521,15.04,11200,10.993706
2012-08-28,20.589,20.644,20.589,15.09,5100,11.030255
2012-08-29,20.74,20.74,20.658,15.12,5100,11.052182
2012-08-30,20.671,20.699,20.644,15.13,10800,11.059493
2012-08-31,20.712,20.808,20.671,15.21,7200,11.117971
2012-09-04,20.808,20.863,20.644,15.17,65800,11.088732
2012-09-05,20.794,20.794,20.74,15.18,4400,11.096041
2012-09-06,20.699,20.781,20.617,15.07,20200,11.015634
2012-09-07,20.712,20.74,20.671,15.11,5400,11.044871
2012-09-10,20.726,20.753,20.726,15.15,5600,11.07411
2012-09-11,20.699,20.726,20.658,15.13,4900,11.059493
2012-09-12,20.74,20.808,20.671,15.21,3500,11.117971
2012-09-13,20.685,20.849,20.685,15.23,12800,11.132589
2012-09-14,20.849,21.054,20.781,15.39,32400,11.249543
2012-09-17,22.204,22.204,21,15.36,7900,11.227613
2012-09-18,21.013,21.136,20.986,15.35,6500,11.220304
2012-09-19,20.863,20.986,20.781,15.33,41800,11.205684
2012-09-20,21.068,21.068,20.877,15.33,5700,11.205684
2012-09-21,21.027,21.082,20.959,15.36,15500,11.227613
2012-09-24,21.013,21.164,20.945,15.36,60000,11.227613
2012-09-25,21.15,21.15,20.904,15.3,11300,11.183756
2012-09-26,20.918,20.918,20.849,15.27,12700,11.161828
2012-09-27,20.931,21.027,20.931,15.36,12500,11.227613
2012-09-28,21.013,21.013,21.013,15.36,0,11.227613
2012-10-01,20.426,20.507,20.426,15.23,12800,11.310793
2012-10-02,20.534,20.534,20.453,15.22,95600,11.303366
2012-10-03,20.615,20.615,20.413,15.27,6200,11.3405
2012-10-04,20.655,20.777,20.561,15.32,102200,11.377632
2012-10-05,20.601,20.75,20.601,15.33,5300,11.385058
2012-10-08,20.601,20.655,20.601,15.3,11900,11.36278
2012-10-09,20.642,20.682,20.601,15.31,41800,11.370205
2012-10-10,20.548,20.588,20.548,15.28,12000,11.347924
2012-10-11,20.709,20.709,20.561,15.28,12400,11.347924
2012-10-12,20.561,20.575,20.48,15.28,7300,11.347924
2012-10-15,20.628,20.628,20.548,15.32,7500,11.377632
2012-10-16,20.669,20.736,20.601,15.4,14600,11.437045
2012-10-17,21.679,21.679,20.696,15.41,13100,11.444471
2012-10-18,20.871,20.871,20.709,15.4,9800,11.437045
2012-10-19,20.857,20.857,20.521,15.27,14100,11.3405
2012-10-22,20.561,20.655,20.548,15.33,18200,11.385058
2012-10-23,20.682,20.682,20.44,15.27,13200,11.3405
2012-10-24,20.601,20.655,20.534,15.25,12300,11.325645
2012-10-25,20.615,20.669,20.548,15.26,4900,11.333073
2012-10-26,20.992,20.992,20.44,15.23,18700,11.310793
2012-10-31,20.561,20.561,20.426,15.19,11800,11.281086
2012-11-01,20.736,20.736,20.399,15.24,13400,11.318219
2012-11-02,20.44,20.575,20.44,15.23,5600,11.310793
2012-11-05,20.413,20.507,20.413,15.21,25900,11.295941
2012-11-06,20.413,20.601,20.413,15.27,16100,11.3405
2012-11-07,20.48,20.494,20.251,15.18,24200,11.273658
2012-11-08,20.44,20.467,20.305,15.11,29000,11.221671
2012-11-09,20.251,20.251,20.063,14.95,21700,11.102846
2012-11-12,20.13,20.198,19.511,14.62,36700,10.857767
2012-11-13,19.592,19.592,19.134,14.36,18700,10.664674
2012-11-14,19.524,19.524,18.986,14.14,19200,10.501288
2012-11-15,19.08,19.08,18.555,13.94,28100,10.352755
2012-11-16,18.918,19.39,18.689,14.4,9900,10.69438
2012-11-19,19.78,19.78,19.672,14.67,9400,10.8949
2012-11-20,19.767,19.794,19.645,14.7,17100,10.917179
2012-11-21,19.74,19.821,19.74,14.71,13700,10.924607
2012-11-23,19.861,19.942,19.861,14.78,3400,10.976594
2012-11-26,20.817,20.817,19.821,14.72,20900,10.932034
2012-11-27,19.901,19.942,19.794,14.77,27800,10.969166
2012-11-28,20.642,20.642,19.794,14.8,6800,10.991446
2012-11-29,20.817,20.817,19.807,14.91,30000,11.073139
2012-11-30,20.251,20.251,19.861,14.96,19200,11.110272
2012-12-03,20.063,20.063,19.847,14.79,30300,10.984021
2012-12-04,19.847,19.861,19.713,14.65,33300,10.880045
2012-12-05,19.767,19.847,19.592,14.61,300400,10.850341
2012-12-06,19.726,19.726,19.497,14.48,27900,10.753794
2012-12-07,19.699,19.699,19.484,14.53,7000,10.790926
2012-12-10,19.43,19.74,19.43,14.55,24000,10.805781
2012-12-11,19.592,19.619,19.484,14.56,27800,10.813207
2012-12-12,19.551,19.578,19.322,14.35,24300,10.657247
2012-12-13,19.376,19.376,19.053,14.28,44500,10.605261
2012-12-14,19.295,19.349,19.08,14.27,9700,10.597834
2012-12-17,19.255,19.309,19.188,14.29,17900,10.612687
2012-12-18,19.443,19.605,19.295,14.51,63700,10.776073
2012-12-19,19.699,19.821,19.511,14.66,14200,10.887473
2012-12-20,19.605,19.861,19.605,14.75,14000,10.954314
2012-12-21,19.659,19.807,19.551,14.68,19500,10.902328
2012-12-24,19.592,19.686,19.592,14.58,15000,10.82806
2012-12-26,19.969,19.969,19.403,14.41,17400,10.701806
2012-12-27,19.336,19.349,19.228,14.29,5400,10.612687
2012-12-28,19.255,19.376,19.255,14.35,15600,10.657247
2012-12-31,19.309,19.565,19.282,14.53,20600,10.790926
2013-01-02,20.117,20.224,19.874,14.96,21500,11.110272
2013-01-03,20.13,20.238,20.049,14.97,30300,11.117701
2013-01-04,20.063,20.278,20.063,15.06,24400,11.18454
2013-01-07,20.453,20.453,20.198,15.1,70600,11.214248
2013-01-08,20.332,20.332,20.251,15.06,15200,11.18454
2013-01-09,20.48,20.48,20.305,15.13,13400,11.236527
2013-01-10,20.399,20.507,20.386,15.22,26500,11.303366
2013-01-11,20.48,20.507,20.413,15.23,11900,11.310793
2013-01-14,20.669,20.669,20.48,15.28,53600,11.347924
2013-01-15,20.534,20.534,20.373,15.25,26500,11.325645
2013-01-16,20.453,20.561,20.359,15.24,63000,11.318219
2013-01-17,20.588,20.669,20.588,15.33,28500,11.385058
2013-01-18,20.723,20.763,20.561,15.42,22000,11.451899
2013-01-22,20.871,20.925,20.75,15.52,66800,11.526166
2013-01-23,21.005,21.005,20.777,15.46,63200,11.481606
2013-01-24,20.938,20.938,20.709,15.38,16500,11.422194
2013-01-25,20.803,20.803,20.669,15.38,17000,11.422194
2013-01-28,20.736,20.898,20.736,15.52,21000,11.526166
2013-01-29,20.898,20.952,20.817,15.56,28700,11.555874
2013-01-30,21.073,21.073,20.898,15.59,46200,11.578154
2013-01-31,20.992,21.046,20.992,15.59,13600,11.578154
2013-02-01,21.059,21.194,21.032,15.73,22700,11.682126
2013-02-04,21.194,21.194,21.032,15.67,17700,11.637564
2013-02-05,21.1,21.167,20.992,15.72,23500,11.6747
2013-02-06,21.207,21.207,20.978,15.61,48100,11.593003
2013-02-07,21.14,21.14,20.938,15.59,18100,11.578154
2013-02-08,20.489,20.489,20.382,15.42,34300,11.627923
2013-02-11,20.542,20.568,20.422,15.47,39300,11.665627
2013-02-12,20.489,20.621,20.382,15.55,73600,11.725953
2013-02-13,20.621,20.754,20.595,15.65,23500,11.801359
2013-02-14,20.807,20.807,20.701,15.66,26000,11.808899
2013-02-15,20.873,20.873,20.581,15.52,28900,11.70333
2013-02-19,20.595,20.754,20.595,15.65,83600,11.801359
2013-02-20,20.807,20.807,20.634,15.57,45100,11.741033
2013-02-21,20.568,20.621,20.343,15.48,28600,11.673166
2013-02-22,20.502,20.502,20.409,15.43,10900,11.635461
2013-02-25,20.807,20.807,20.356,15.39,101100,11.605299
2013-02-26,20.303,20.449,20.29,15.37,35200,11.590218
2013-02-27,20.396,20.542,20.396,15.47,15700,11.665627
2013-02-28,20.634,20.634,20.515,15.48,8800,11.673166
2013-03-01,20.608,20.608,20.475,15.49,25500,11.680707
2013-03-04,20.528,20.648,20.475,15.57,132000,11.741033
2013-03-05,20.595,20.701,20.595,15.56,42500,11.733493
2013-03-06,20.82,20.82,20.382,15.48,93300,11.673166
2013-03-07,20.528,20.634,20.528,15.56,38400,11.733493
2013-03-08,20.714,20.767,20.701,15.66,27000,11.808899
2013-03-11,20.714,20.767,20.687,15.66,17700,11.808899
2013-03-12,20.886,20.886,20.356,15.64,60500,11.793818
2013-03-13,20.873,20.873,20.661,15.61,70700,11.771195
2013-03-14,20.74,20.966,20.608,15.58,43400,11.748573
2013-03-15,20.595,20.634,20.595,15.55,6800,11.725953
2013-03-18,20.515,20.608,20.515,15.51,45400,11.695789
2013-03-19,20.595,20.595,20.542,15.52,15900,11.70333
2013-03-20,20.581,20.78,20.581,15.67,17500,11.816442
2013-03-21,20.74,21.019,20.74,15.8,181500,11.914474
2013-03-22,20.992,21.152,20.992,15.9,29900,11.989879
2013-03-25,21.165,21.231,21.059,15.93,32500,12.012503
2013-03-26,21.099,21.244,21.085,16.02,37200,12.08037
2013-03-27,21.205,21.231,21.165,15.99,92600,12.057748
2013-03-28,21.337,21.337,21.152,16.049999,12800,12.102991
2013-04-01,21.152,21.311,21.152,16.049999,55400,12.102991
2013-04-02,21.39,21.39,21.231,16.02,105700,12.08037
2013-04-03,21.377,21.377,20.913,15.84,52500,11.944635
2013-04-04,21.205,21.205,20.953,15.83,21400,11.937094
2013-04-05,20.833,21.019,20.82,15.84,32000,11.944635
2013-04-08,21.045,21.258,20.939,16.02,45600,12.08037
2013-04-09,21.231,21.43,21.231,16.120001,45300,12.155781
2013-04-10,21.483,21.483,21.311,16.09,39700,12.133158
2013-04-11,21.351,21.351,21.205,16.059999,13700,12.110533
2013-04-12,21.271,21.271,21.178,16.01,18200,12.072829
2013-04-15,21.112,21.125,20.953,15.81,26700,11.922012
2013-04-16,20.992,21.218,20.992,15.99,15600,12.057748
2013-04-17,21.099,21.152,21.006,15.91,36400,11.99742
2013-04-18,21.099,21.125,21.059,15.9,10800,11.989879
2013-04-19,21.059,21.297,21.059,16.040001,44700,12.095453
2013-04-22,21.43,21.43,21.284,16.08,34600,12.125615
2013-04-23,21.417,21.457,21.404,16.17,15700,12.193482
2013-04-24,21.51,21.523,21.443,16.18,36900,12.201024
2013-04-25,21.523,21.563,21.39,16.139999,20800,12.17086
2013-04-26,21.523,21.523,21.178,16.049999,157300,12.102991
2013-04-29,21.324,21.337,21.231,16.09,57800,12.133158
2013-04-30,21.443,21.443,21.297,16.120001,58100,12.155781
2013-05-01,21.47,21.47,21.191,16.049999,41100,12.102991
2013-05-02,21.47,21.47,21.085,15.92,47600,12.004961
2013-05-03,21.205,21.297,21.165,16.059999,17700,12.110533
2013-05-06,21.311,21.417,21.311,16.120001,31200,12.155781
2013-05-07,21.377,21.43,21.377,16.139999,24200,12.17086
2013-05-08,21.47,21.682,21.457,16.35,77500,12.329218
2013-05-09,21.147,21.147,20.951,16.129999,80100,12.34146
2013-05-10,21.108,21.212,21.016,16.219999,27900,12.410319
2013-05-13,21.068,21.199,21.068,16.190001,29800,12.387366
2013-05-14,21.121,21.278,21.068,16.280001,40000,12.456228
2013-05-15,21.304,21.304,21.082,16.17,17700,12.372063
2013-05-16,21.134,21.173,21.003,16.09,24200,12.310853
2013-05-17,21.016,21.121,21.016,16.16,73500,12.364411
2013-05-20,21.134,21.173,21.082,16.200001,35000,12.39502
2013-05-21,21.173,21.421,21.173,16.370001,91300,12.525088
2013-05-22,21.539,21.539,21.343,16.34,37700,12.502135
2013-05-23,21.304,21.369,21.173,16.280001,22600,12.456228
2013-05-24,21.304,21.304,21.212,16.26,41700,12.440927
2013-05-28,21.304,21.369,21.291,16.34,14800,12.502135
2013-05-29,21.369,21.369,21.029,16.129999,62900,12.34146
2013-05-30,21.173,21.173,20.716,15.97,31900,12.219039
2013-05-31,20.859,20.885,20.729,15.89,38600,12.157829
2013-06-03,20.768,20.781,20.65,15.9,32300,12.16548
2013-06-04,20.755,20.846,20.637,15.81,14100,12.096619
2013-06-05,20.598,20.598,20.363,15.61,22200,11.943595
2013-06-06,20.454,20.663,20.428,15.8,17400,12.088968
2013-06-07,20.768,20.899,20.689,15.94,19200,12.196084
2013-06-10,20.872,20.912,20.781,16,8800,12.241991
2013-06-11,20.794,20.833,20.703,15.86,16300,12.134875
2013-06-12,20.742,20.794,20.65,15.84,74400,12.119574
2013-06-13,20.703,20.768,20.611,15.87,15500,12.142526
2013-06-14,20.755,20.912,20.755,15.99,19100,12.234341
2013-06-17,20.925,21.016,20.912,16.07,43400,12.295551
2013-06-18,20.938,21.042,20.925,16.040001,45700,12.272597
2013-06-19,21.029,21.055,20.951,16.030001,8100,12.264947
2013-06-20,20.872,20.872,20.48,15.77,24300,12.066015
2013-06-21,20.716,20.755,20.35,15.72,41600,12.027757
2013-06-24,20.533,20.533,20.01,15.69,29400,12.004802
2013-06-25,20.559,20.755,20.48,15.88,19300,12.150178
2013-06-26,20.807,20.99,20.807,16.049999,11400,12.280249
2013-06-27,21.042,21.238,21.042,16.23,22800,12.41797
2013-06-28,21.186,21.291,21.108,16.290001,18800,12.463881
2013-07-01,21.434,21.434,21.265,16.35,26600,12.509787
2013-07-02,21.356,21.408,21.238,16.26,48900,12.440927
2013-07-03,21.265,21.265,21.134,16.209999,11900,12.402669
2013-07-05,21.395,21.395,20.99,16.23,18400,12.41797
2013-07-08,21.33,21.343,21.186,16.33,80100,12.494482
2013-07-09,21.317,21.382,21.251,16.32,55300,12.486832
2013-07-10,21.408,21.408,21.33,16.370001,39100,12.525088
2013-07-11,21.513,21.617,21.447,16.530001,23900,12.647509
2013-07-12,21.63,21.761,21.5,16.610001,27100,12.708719
2013-07-15,21.813,21.813,21.591,16.66,124900,12.746975
2013-07-16,21.827,21.827,21.447,16.49,34600,12.616904
2013-07-17,21.604,21.604,21.487,16.49,24000,12.616904
2013-07-18,21.604,21.63,21.447,16.41,30800,12.555693
2013-07-19,21.487,21.487,21.408,16.440001,87400,12.578648
2013-07-22,21.565,21.565,21.474,16.48,47600,12.60925
2013-07-23,21.63,21.63,21.408,16.459999,35700,12.593949
2013-07-24,21.5,21.5,21.304,16.360001,31600,12.517437
2013-07-25,21.382,21.421,21.369,16.370001,11800,12.525088
2013-07-26,21.343,21.474,21.291,16.43,29700,12.570996
2013-07-29,21.487,21.487,21.291,16.33,12600,12.494482
2013-07-30,21.421,21.434,21.199,16.309999,22400,12.479181
2013-07-31,21.33,21.33,21.199,16.23,73700,12.41797
2013-08-01,21.343,21.395,21.186,16.209999,115900,12.402669
2013-08-02,21.265,21.278,21.173,16.200001,12200,12.39502
2013-08-05,21.186,21.265,21.108,16.209999,21700,12.402669
2013-08-06,21.082,21.369,21.082,16.299999,42300,12.47153
2013-08-07,21.251,21.251,21.003,16.190001,9100,12.387366
2013-08-08,21.238,21.238,21.095,16.16,39900,12.364411
2013-08-09,20.583,20.635,20.532,15.93,20000,12.359756
2013-08-12,20.609,20.609,20.493,15.91,22600,12.344238
2013-08-13,20.493,20.506,20.3,15.83,23100,12.282166
2013-08-14,20.3,20.403,20.235,15.83,5100,12.282166
2013-08-15,20.274,20.416,20.274,15.83,18000,12.282166
2013-08-16,20.39,20.39,20.248,15.71,50300,12.189064
2013-08-19,20.3,20.3,20.196,15.67,21300,12.158029
2013-08-20,20.274,20.403,20.184,15.83,18900,12.282166
2013-08-21,20.351,20.493,20.351,15.88,15100,12.320962
2013-08-22,20.467,20.596,20.08,15.92,14400,12.351997
2013-08-23,20.557,20.596,20.544,15.97,5200,12.390792
2013-08-26,20.519,20.583,20.441,15.86,18800,12.305443
2013-08-27,20.39,20.493,20.364,15.85,21500,12.297687
2013-08-28,20.454,20.544,20.454,15.92,9800,12.351997
2013-08-29,20.544,20.544,20.467,15.91,17600,12.344238
2013-08-30,20.532,20.532,20.312,15.78,29200,12.243377
2013-09-03,20.519,20.519,20.209,15.75,10900,12.2201
2013-09-04,20.222,20.248,20.184,15.67,13100,12.158029
2013-09-05,20.248,20.312,20.209,15.75,63700,12.2201
2013-09-06,20.325,20.325,20.248,15.72,10400,12.196822
2013-09-09,20.235,20.416,20.196,15.84,22900,12.289927
2013-09-10,20.351,20.506,20.351,15.9,23000,12.33648
2013-09-11,20.48,20.48,20.338,15.86,12700,12.305443
2013-09-12,20.416,20.467,20.325,15.81,14500,12.266653
2013-09-13,20.416,20.416,20.171,15.72,19400,12.196822
2013-09-16,20.467,20.467,20.08,15.58,94600,12.088198
2013-09-17,20.132,20.132,19.977,15.56,209000,12.072683
2013-09-18,20.106,20.3,20.003,15.74,145000,12.21234
2013-09-19,20.364,20.673,20.364,15.96,184800,12.383033
2013-09-20,20.519,20.596,20.493,15.95,18600,12.375273
2013-09-23,20.48,20.493,20.403,15.87,276500,12.313204
2013-09-24,20.416,20.532,20.416,15.86,14600,12.305443
2013-09-25,20.377,20.506,20.351,15.88,4600,12.320962
2013-09-26,20.57,20.622,20.57,16,17200,12.414068
2013-09-27,20.506,20.57,20.493,15.94,5900,12.367516
2013-09-30,20.428,20.596,20.428,15.98,12100,12.398549
2013-10-01,20.519,20.764,20.519,16.040001,4500,12.445104
2013-10-02,20.686,20.764,20.66,16.1,14100,12.491656
2013-10-03,20.712,20.712,20.635,16.030001,39200,12.437346
2013-10-04,20.635,20.635,20.57,16.01,18300,12.421825
2013-10-07,20.57,20.583,20.441,15.86,13300,12.305443
2013-10-08,20.519,20.519,20.416,15.84,8200,12.289927
2013-10-09,20.364,20.467,20.235,15.88,9400,12.320962
2013-10-10,20.699,20.699,20.351,15.81,32000,12.266653
2013-10-11,20.261,20.544,20.261,15.94,4200,12.367516
2013-10-14,20.622,20.622,20.416,16,31400,12.414068
2013-10-15,20.544,20.609,20.428,15.9,25600,12.33648
2013-10-16,20.557,20.557,20.48,15.92,20600,12.351997
2013-10-17,20.544,20.867,20.532,16.059999,19800,12.460621
2013-10-18,20.648,20.751,20.596,16.030001,17100,12.437346
2013-10-21,20.738,20.892,20.738,16.200001,14800,12.569242
2013-10-22,20.867,21.047,20.867,16.309999,23100,12.65459
2013-10-23,20.996,20.996,20.88,16.27,36400,12.623557
2013-10-24,20.983,21.073,20.97,16.35,20800,12.685627
2013-10-25,21.137,21.137,20.944,16.35,96900,12.685627
2013-10-28,20.983,21.073,20.712,16.25,33000,12.608036
2013-10-29,20.905,21.047,20.854,16.32,14900,12.66235
2013-10-30,21.124,21.124,20.944,16.35,17900,12.685627
2013-10-31,21.034,21.034,20.802,16.27,12800,12.623557
2013-11-01,21.034,21.034,20.88,16.219999,12000,12.584762
2013-11-04,20.996,20.996,20.776,16.25,10800,12.608036
2013-11-05,20.931,21.008,20.867,16.190001,62300,12.561484
2013-11-06,21.008,21.021,20.88,16.309999,15600,12.65459
2013-11-07,20.567,20.567,20.275,15.98,42800,12.563391
2013-11-08,20.338,20.338,20.135,15.95,12700,12.539805
2013-11-11,20.402,20.402,20.122,15.82,19800,12.437601
2013-11-12,20.16,20.275,20.16,15.94,24200,12.531945
2013-11-13,20.173,20.211,20.084,15.86,14900,12.469048
2013-11-14,20.186,20.326,20.186,15.92,15300,12.51622
2013-11-15,20.186,20.453,20.186,16.08,22800,12.642012
2013-11-18,20.504,20.504,20.351,16.02,24400,12.594841
2013-11-19,20.313,20.338,20.199,15.9,26100,12.500495
2013-11-20,20.186,20.275,20.16,15.94,16300,12.531945
2013-11-21,20.389,20.389,20.249,16.01,49200,12.586979
2013-11-22,20.377,20.529,20.377,16.110001,15600,12.665598
2013-11-25,20.517,20.517,20.478,16.129999,8700,12.681321
2013-11-26,20.517,20.529,20.44,16.09,14500,12.649876
2013-11-27,20.478,20.529,20.402,16.139999,34200,12.689182
2013-11-29,20.529,20.555,20.428,16.110001,4700,12.665598
2013-12-02,20.453,20.453,20.3,15.99,17800,12.571254
2013-12-03,20.249,20.288,20.224,15.93,11300,12.524083
2013-12-04,20.199,20.199,20.071,15.81,16300,12.429738
2013-12-05,20.084,20.084,19.97,15.72,21900,12.358982
2013-12-06,19.995,20.033,19.919,15.73,17300,12.366842
2013-12-09,20.008,20.059,19.97,15.72,18100,12.358982
2013-12-10,19.982,19.982,19.944,15.7,11800,12.343258
2013-12-11,19.982,19.982,19.855,15.62,27100,12.280362
2013-12-12,19.944,19.944,19.804,15.62,9600,12.280362
2013-12-13,19.868,19.982,19.83,15.71,28400,12.351121
2013-12-16,19.906,20.008,19.881,15.63,17700,12.288223
2013-12-17,19.97,19.97,19.804,15.57,17300,12.241052
2013-12-18,19.919,20.135,19.715,15.54,33000,12.217466
2013-12-19,19.881,19.881,19.766,15.6,24600,12.264639
2013-12-20,19.919,20.071,19.893,15.77,29200,12.398292
2013-12-23,19.906,20.262,19.906,15.91,19400,12.508359
2013-12-24,20.466,20.466,20.3,15.98,26900,12.563391
2013-12-26,20.517,20.529,20.377,16.02,37700,12.594841
2013-12-27,20.377,20.453,20.351,16.059999,22200,12.626287
2013-12-30,20.402,20.542,20.402,16.129999,27800,12.681321
2013-12-31,20.593,20.631,20.58,16.18,31400,12.72063
2014-01-02,20.491,20.555,20.351,16.030001,20400,12.602701
2014-01-03,20.517,20.517,20.313,16.030001,105300,12.602701
2014-01-06,20.428,20.428,20.351,16.01,13300,12.586979
2014-01-07,20.453,20.453,20.275,16.040001,14400,12.610564
2014-01-08,20.428,20.428,20.237,15.95,44300,12.539805
2014-01-09,20.288,20.313,20.199,15.92,45500,12.51622
2014-01-10,20.313,20.313,20.135,15.88,40900,12.484774
2014-01-13,20.249,20.275,20.148,15.87,43000,12.476912
2014-01-14,20.224,20.262,20.11,15.92,90100,12.51622
2014-01-15,20.224,20.3,20.186,15.9,23900,12.500495
2014-01-16,20.249,20.275,20.186,15.94,33200,12.531945
2014-01-17,20.084,20.288,20.084,15.88,29000,12.484774
2014-01-21,20.224,20.415,20.224,16.049999,52000,12.618424
2014-01-22,20.466,20.491,20.377,16.110001,48000,12.665598
2014-01-23,20.415,20.542,20.415,16.129999,38300,12.681321
2014-01-24,20.44,20.453,20.351,16.059999,30300,12.626287
2014-01-27,20.428,20.44,20.186,16,41200,12.579116
2014-01-28,20.453,20.478,20.173,16.049999,73800,12.618424
2014-01-29,20.478,20.504,20.402,16.040001,16500,12.610564
2014-01-30,20.542,20.542,20.44,16.09,12900,12.649876
2014-01-31,20.249,20.618,20.249,16.17,20500,12.71277
2014-02-03,20.631,20.656,20.415,16.120001,39200,12.67346
2014-02-04,20.466,20.504,20.364,16.02,36600,12.594841
2014-02-05,20.377,20.478,20.351,16.08,32000,12.642012
2014-02-06,20.517,20.593,20.466,16.17,27900,12.71277
2014-02-07,20.087,20.212,20.087,16.07,68300,12.808414
2014-02-10,20.162,20.162,19.999,15.99,40900,12.744649
2014-02-11,20.137,20.187,20.062,16.059999,85200,12.800443
2014-02-12,20.15,20.212,20.124,16.07,59300,12.808414
2014-02-13,20.25,20.338,20.175,16.110001,71800,12.840295
2014-02-14,20.237,20.288,20.162,16.110001,56800,12.840295
2014-02-18,20.325,20.325,20.162,16.09,39400,12.824354
2014-02-19,20.2,20.2,20.037,15.99,50800,12.744649
2014-02-20,20.15,20.15,19.924,15.93,41300,12.696829
2014-02-21,19.961,20.012,19.949,15.92,38500,12.688857
2014-02-24,19.874,19.961,19.861,15.85,47700,12.633065
2014-02-25,19.861,19.974,19.848,15.88,24200,12.656976
2014-02-26,20.037,20.099,19.861,16.02,44800,12.768563
2014-02-27,20.074,20.087,19.999,16.01,33900,12.760592
2014-02-28,19.974,19.999,19.961,15.91,20500,12.680887
2014-03-03,19.986,20.012,19.899,15.95,41500,12.712769
2014-03-04,20.112,20.112,19.986,15.99,33900,12.744649
2014-03-05,20.074,20.112,20.037,16.01,18600,12.760592
2014-03-06,20.15,20.15,20.049,16,21600,12.752621
2014-03-07,20.175,20.175,20.049,16,15100,12.752621
2014-03-10,20.175,20.175,19.974,15.96,16900,12.720738
2014-03-11,20.049,20.049,19.936,15.94,31300,12.704797
2014-03-12,19.949,19.986,19.924,15.91,25300,12.680887
2014-03-13,20.012,20.012,19.874,15.88,23700,12.656976
2014-03-14,19.949,20.049,19.936,15.94,29700,12.704797
2014-03-17,20.049,20.099,20.012,16.01,23600,12.760592
2014-03-18,20.137,20.212,20.099,16.08,104400,12.816382
2014-03-19,20.062,20.175,19.999,15.97,64000,12.72871
2014-03-20,19.999,19.999,19.911,15.91,22000,12.680887
2014-03-21,20.062,20.074,19.999,15.98,25600,12.736678
2014-03-24,20.062,20.062,19.911,15.93,30600,12.696829
2014-03-25,20.124,20.124,19.949,15.91,24700,12.680887
2014-03-26,20.062,20.062,19.949,15.93,38700,12.696829
2014-03-27,20.099,20.099,19.961,15.98,18000,12.736678
2014-03-28,20.087,20.137,20.074,16.049999,35100,12.792472
2014-03-31,20.124,20.25,20.124,16.139999,24500,12.864206
2014-04-01,20.288,20.413,20.237,16.26,98700,12.959851
2014-04-02,20.413,20.438,20.35,16.280001,25100,12.975791
2014-04-03,20.476,20.501,20.388,16.290001,32600,12.983764
2014-04-04,20.413,20.576,20.413,16.32,22800,13.007673
2014-04-07,20.35,20.476,20.313,16.200001,31100,12.912027
2014-04-08,20.363,20.476,20.338,16.290001,23600,12.983764
2014-04-09,20.363,20.488,20.363,16.290001,28700,12.983764
2014-04-10,20.426,20.539,20.288,16.23,37900,12.935938
2014-04-11,20.325,20.513,20.325,16.32,44300,13.007673
2014-04-14,20.589,20.639,20.513,16.370001,26600,13.047525
2014-04-15,20.501,20.539,20.463,16.35,27800,13.031584
2014-04-16,20.526,20.626,20.526,16.42,36200,13.087377
2014-04-17,20.677,20.739,20.589,16.52,33500,13.167082
2014-04-21,20.752,20.84,20.727,16.610001,33800,13.238816
2014-04-22,20.764,20.927,20.764,16.620001,34200,13.246787
2014-04-23,20.94,20.94,20.777,16.6,40700,13.230844
2014-04-24,20.752,20.84,20.714,16.549999,39500,13.190993
2014-04-25,20.702,20.702,20.614,16.469999,45500,13.127227
2014-04-28,20.601,20.752,20.601,16.52,43200,13.167082
2014-04-29,20.677,20.865,20.677,16.620001,27100,13.246787
2014-04-30,20.953,20.953,20.764,16.6,20300,13.230844
2014-05-01,20.752,20.94,20.752,16.68,24800,13.294607
2014-05-02,20.978,21.04,20.902,16.73,54600,13.33446
2014-05-05,20.978,21.153,20.965,16.860001,27900,13.438076
2014-05-06,21.254,21.254,21.028,16.809999,36500,13.398223
2014-05-07,20.654,20.666,20.369,16.639999,37300,13.438601
2014-05-08,20.542,20.629,20.443,16.549999,59400,13.365917
2014-05-09,20.381,20.443,20.381,16.49,19800,13.317461
2014-05-12,20.381,20.53,20.369,16.540001,34300,13.357841
2014-05-13,20.555,20.555,20.394,16.5,41800,13.325537
2014-05-14,20.394,20.53,20.344,16.57,34700,13.382069
2014-05-15,20.455,20.517,20.406,16.57,23600,13.382069
2014-05-16,20.53,20.567,20.48,16.58,29500,13.390143
2014-05-19,20.592,20.592,20.455,16.540001,46400,13.357841
2014-05-20,20.555,20.555,20.443,16.59,34700,13.398223
2014-05-21,20.468,20.629,20.468,16.59,24800,13.398223
2014-05-22,20.616,20.691,20.567,16.700001,39800,13.487059
2014-05-23,20.691,20.703,20.616,16.65,29800,13.446679
2014-05-27,20.567,20.666,20.567,16.65,43100,13.446679
2014-05-28,20.567,20.641,20.567,16.66,23200,13.454754
2014-05-29,20.579,20.654,20.567,16.66,45400,13.454754
2014-05-30,20.654,20.728,20.567,16.74,19300,13.519362
2014-06-02,20.641,20.815,20.641,16.809999,33900,13.575896
2014-06-03,20.827,20.839,20.728,16.77,35200,13.543593
2014-06-04,20.691,20.864,20.691,16.799999,66400,13.56782
2014-06-05,20.728,20.914,20.728,16.83,30800,13.592049
2014-06-06,20.901,20.976,20.889,16.940001,22900,13.680885
2014-06-09,20.852,21.025,20.852,16.950001,50200,13.688962
2014-06-10,21.05,21.05,20.938,16.93,48600,13.672809
2014-06-11,20.802,21.037,20.802,16.91,47500,13.656656
2014-06-12,20.852,20.876,20.802,16.85,65300,13.6082
2014-06-13,20.889,20.889,20.815,16.870001,18600,13.624353
2014-06-16,20.815,21.037,20.815,16.98,33900,13.713189
2014-06-17,21.013,21.025,20.938,16.93,37300,13.672809
2014-06-18,20.914,20.914,20.753,16.83,38900,13.592049
2014-06-19,20.864,21.075,20.864,17.02,22400,13.745492
2014-06-20,20.976,21,20.926,16.940001,45000,13.680885
2014-06-23,20.926,21.149,20.926,17.08,43500,13.793952
2014-06-24,21.198,21.285,21.112,17.139999,31400,13.842408
2014-06-25,21.211,21.31,21.198,17.18,42100,13.87471
2014-06-26,21.285,21.297,21.248,17.190001,31200,13.882787
2014-06-27,21.297,21.409,21.248,17.25,38400,13.931246
2014-06-30,21.397,21.458,21.297,17.33,49300,13.995851
2014-07-01,21.471,21.52,21.446,17.379999,34800,14.03623
2014-07-02,21.582,21.582,21.372,17.32,36100,13.987775
2014-07-03,21.397,21.409,21.297,17.219999,22300,13.907013
2014-07-07,21.297,21.322,21.087,17.07,39700,13.785872
2014-07-08,21.136,21.136,21.025,17.01,38000,13.737416
2014-07-09,21.161,21.211,20.988,17.129999,30600,13.834332
2014-07-10,21.161,21.186,21.112,17.110001,26200,13.818179
2014-07-11,21.186,21.248,21.149,17.16,36000,13.858556
2014-07-14,21.347,21.347,21.198,17.120001,42300,13.826257
2014-07-15,21.136,21.285,21.136,17.16,44200,13.858556
2014-07-16,21.236,21.372,21.236,17.26,50700,13.939321
2014-07-17,21.335,21.421,21.31,17.27,63200,13.947396
2014-07-18,21.421,21.446,21.347,17.25,49200,13.931246
2014-07-21,21.409,21.446,21.322,17.280001,32400,13.955473
2014-07-22,21.421,21.496,21.421,17.360001,42700,14.020082
2014-07-23,21.458,21.595,21.458,17.379999,31600,14.03623
2014-07-24,21.595,21.607,21.471,17.34,32000,14.003927
2014-07-25,21.421,21.471,21.384,17.290001,52100,13.963549
2014-07-28,21.446,21.458,21.359,17.280001,17700,13.955473
2014-07-29,21.471,21.496,21.322,17.26,30100,13.939321
2014-07-30,21.421,21.421,21.136,17.129999,48900,13.834332
2014-07-31,21.136,21.136,20.914,16.93,47800,13.672809
2014-08-01,20.864,20.963,20.777,16.879999,771300,13.632426
2014-08-04,20.901,21.149,20.864,17.08,168200,13.793952
2014-08-05,21.161,21.161,20.876,16.879999,27200,13.632426
2014-08-06,20.852,20.876,20.79,16.82,36600,13.583972
2014-08-07,20.328,20.377,20.182,16.6,27300,13.596258
2014-08-08,20.292,20.316,20.182,16.629999,48000,13.62083
2014-08-11,20.548,20.89,20.548,16.99,37600,13.915688
2014-08-12,20.756,20.756,20.609,16.93,87300,13.866546
2014-08-13,20.792,20.866,20.621,17.01,33000,13.93207
2014-08-14,20.853,20.927,20.853,17.1,27000,14.005783
2014-08-15,21.037,21.049,20.902,17.190001,24000,14.079499
2014-08-18,21.171,21.171,20.878,17.209999,44800,14.095878
2014-08-19,21.122,21.122,21.012,17.25,35800,14.128642
2014-08-20,21.061,21.171,21.049,17.33,28200,14.194168
2014-08-21,21.134,21.159,21.061,17.32,28600,14.185975
2014-08-22,21.159,21.159,21.049,17.27,45600,14.145022
2014-08-25,21.122,21.195,21.061,17.35,52400,14.210546
2014-08-26,21.183,21.268,21.183,17.4,70800,14.2515
2014-08-27,21.244,21.305,21.195,17.450001,36700,14.292452
2014-08-28,21.305,21.33,21.256,17.459999,35600,14.300644
2014-08-29,21.366,21.439,21.354,17.559999,23800,14.382545
2014-09-02,21.427,21.452,21.342,17.5,16200,14.333405
2014-09-03,21.391,21.391,21.33,17.5,34700,14.333405
2014-09-04,21.342,21.354,21.244,17.43,31800,14.276071
2014-09-05,21.244,21.33,21.232,17.469999,35600,14.308832
2014-09-08,21.269,21.342,21.269,17.48,24000,14.317022
2014-09-09,21.244,21.378,21.244,17.51,32200,14.341592
2014-09-10,21.342,21.366,21.293,17.5,35200,14.333405
2014-09-11,21.268,21.317,21.207,17.459999,21400,14.300644
2014-09-12,21.354,21.354,20.963,17.24,31500,14.12045
2014-09-15,21.098,21.098,20.89,17.18,23100,14.071307
2014-09-16,20.939,21.171,20.939,17.290001,574200,14.161406
2014-09-17,21.159,21.183,21.098,17.33,25200,14.194168
2014-09-18,21.232,21.268,21.11,17.389999,23200,14.243308
2014-09-19,21.268,21.33,21.22,17.469999,22400,14.308832
2014-09-22,21.342,21.342,21.085,17.290001,27900,14.161406
2014-09-23,21.11,21.11,20.939,17.190001,22800,14.079499
2014-09-24,20.939,21.024,20.792,17.200001,28400,14.087688
2014-09-25,21.012,21.012,20.792,17.059999,35400,13.973021
2014-09-26,20.829,21.061,20.744,17.209999,381700,14.095878
2014-09-29,20.988,21.098,20.988,17.24,28700,14.12045
2014-09-30,20.988,21.171,20.975,17.34,73100,14.202355
2014-10-01,21.171,21.269,20.988,17.200001,23400,14.087688
2014-10-02,20.975,21.061,20.719,17.25,21500,14.128642
2014-10-03,21.037,21.073,20.988,17.23,50600,14.11226
2014-10-06,21.024,21.024,20.878,17.15,53200,14.046736
2014-10-07,20.78,20.963,20.78,17.02,32500,13.94026
2014-10-08,20.768,20.768,20.426,16.9,25900,13.841972
2014-10-09,20.646,20.707,20.231,16.629999,34400,13.62083
2014-10-10,20.328,20.328,19.596,16.450001,45200,13.473401
2014-10-13,20.084,20.084,19.449,15.94,25900,13.055685
2014-10-14,19.474,19.559,18.656,15.73,160900,12.88368
2014-10-15,19.144,19.767,18.619,16.17,216000,13.244065
2014-10-16,19.608,20.463,19.608,16.639999,85000,13.629021
2014-10-17,20.548,20.548,20.072,16.68,83200,13.661782
2014-10-20,20.402,20.463,20.243,16.73,23400,13.702733
2014-10-21,20.499,20.744,20.499,16.889999,57600,13.833781
2014-10-22,20.744,20.792,20.475,16.799999,27900,13.760066
2014-10-23,20.695,20.731,20.646,16.93,80900,13.866546
2014-10-24,20.585,20.756,20.585,16.969999,52300,13.899306
2014-10-27,20.719,20.719,20.524,16.940001,59700,13.874736
2014-10-28,20.731,20.744,20.597,16.969999,33500,13.899306
2014-10-29,20.707,20.768,20.585,16.959999,72300,13.891114
2014-10-30,20.682,20.719,20.499,16.790001,33000,13.751878
2014-10-31,20.719,20.719,20.438,16.85,39900,13.801023
2014-11-03,20.609,20.731,20.536,16.93,34300,13.866546
2014-11-04,20.866,20.866,20.267,16.67,30800,13.65359
2014-11-05,20.512,20.524,20.28,16.76,58400,13.727306
2014-11-06,20.585,20.585,20.316,16.77,30600,13.735497
2014-11-07,19.989,20.122,19.977,16.719999,25200,13.901786
2014-11-10,20.11,20.146,19.989,16.629999,27000,13.826956
2014-11-11,19.965,19.977,19.893,16.58,30700,13.785381
2014-11-12,19.881,20.025,19.881,16.620001,22900,13.818643
2014-11-13,19.953,20.073,19.833,16.530001,50700,13.743812
2014-11-14,19.941,20.073,19.905,16.690001,43400,13.876843
2014-11-17,19.953,20.218,19.953,16.809999,38100,13.976615
2014-11-18,20.206,20.338,20.182,16.879999,39100,14.034816
2014-11-19,20.374,20.53,20.302,16.950001,35000,14.093019
2014-11-20,20.41,20.518,20.41,17.040001,60300,14.167848
2014-11-21,20.603,20.687,20.494,17.040001,61900,14.167848
2014-11-24,20.543,20.543,20.314,16.92,33600,14.068075
2014-11-25,20.386,20.41,20.218,16.879999,68700,14.034816
2014-11-26,20.362,20.446,20.134,17,51900,14.134591
2014-11-28,20.302,20.302,19.773,16.48,44300,13.702239
2014-12-01,19.785,19.785,19.063,15.94,70400,13.25326
2014-12-02,19.159,19.616,19.159,16.25,101500,13.511006
2014-12-03,19.652,19.797,19.544,16.41,63900,13.644036
2014-12-04,19.761,19.857,19.761,16.459999,83000,13.68561
2014-12-05,19.833,19.833,19.616,16.33,26200,13.57752
2014-12-08,19.484,19.508,18.907,15.78,91900,13.120225
2014-12-09,18.895,19.123,18.762,15.86,41400,13.186742
2014-12-10,18.931,18.931,18.51,15.46,76200,12.854166
2014-12-11,18.642,18.955,18.546,15.48,64700,12.870792
2014-12-12,18.51,18.618,18.293,15.38,81000,12.787647
2014-12-15,18.642,18.678,18.077,15.12,192700,12.571473
2014-12-16,18.065,18.57,17.836,15.29,97700,12.712818
2014-12-17,18.462,18.991,18.342,15.76,59300,13.103598
2014-12-18,19.183,19.268,18.702,15.83,95100,13.161799
2014-12-19,19.015,19.087,18.895,15.82,60500,13.153484
2014-12-22,18.859,19.039,18.666,15.8,853900,13.136855
2014-12-23,19.039,19.244,19.027,15.97,77000,13.278202
2014-12-24,19.268,19.268,19.051,15.94,48700,13.25326
2014-12-26,19.22,19.22,19.075,15.93,34100,13.244944
2014-12-29,19.087,19.364,19.087,16.02,57000,13.319774
2014-12-30,19.316,19.34,19.135,16.030001,53800,13.328088
2014-12-31,19.304,19.388,19.159,15.94,34600,13.25326
2015-01-02,19.268,19.46,19.232,16.1,46200,13.386289
2015-01-05,19.244,19.364,18.823,15.68,60500,13.037082
2015-01-06,18.847,18.907,18.45,15.52,39700,12.904052
2015-01-07,18.823,18.835,18.546,15.49,75000,12.879108
2015-01-08,18.714,18.835,18.678,15.61,44600,12.97888
2015-01-09,18.847,18.847,18.642,15.61,45800,12.97888
2015-01-12,18.594,18.702,18.233,15.26,80700,12.687875
2015-01-13,18.233,18.414,17.945,14.93,178700,12.413496
2015-01-14,17.909,18.149,17.536,15.09,60300,12.546528
2015-01-15,18.342,18.474,18.125,15.22,58300,12.654617
2015-01-16,18.426,18.666,18.378,15.52,90600,12.904052
2015-01-20,18.642,18.811,18.486,15.52,81400,12.904052
2015-01-21,18.606,18.967,18.606,15.77,39500,13.111912
2015-01-22,19.003,19.268,18.775,15.76,68500,13.103598
2015-01-23,18.955,19.075,18.883,15.74,49100,13.086969
2015-01-26,19.015,19.111,18.955,15.83,50000,13.161799
2015-01-27,19.003,19.063,18.702,15.71,2409800,13.062025
2015-01-28,19.003,19.003,18.678,15.55,29800,12.928992
2015-01-29,18.859,18.859,18.438,15.52,45600,12.904052
2015-01-30,18.618,18.955,18.594,15.64,64500,13.003824
2015-02-02,18.883,18.991,18.775,15.76,57400,13.103598
2015-02-03,19.027,19.195,19.027,15.91,64900,13.228313
2015-02-04,19.135,19.147,18.883,15.8,123200,13.136855
2015-02-05,19.183,19.244,19.015,15.96,84600,13.269886
2015-02-06,18.717,18.824,18.504,15.7,35900,13.261441
2015-02-09,18.599,18.634,18.362,15.57,39900,13.151632
2015-02-10,18.492,18.492,18.267,15.59,62800,13.168526
2015-02-11,18.208,18.457,18.208,15.4,22400,13.008035
2015-02-12,18.303,18.445,18.244,15.56,36700,13.143187
2015-02-13,18.445,18.622,18.445,15.63,33300,13.202312
2015-02-17,18.54,18.634,18.386,15.69,37900,13.252994
2015-02-18,18.54,18.575,18.48,15.66,33600,13.227652
2015-02-19,18.457,18.54,18.303,15.63,49500,13.202312
2015-02-20,18.492,18.646,18.492,15.74,42500,13.295228
2015-02-23,18.575,18.634,18.457,15.66,46900,13.227652
2015-02-24,18.611,18.611,18.457,15.63,32900,13.202312
2015-02-25,18.528,18.682,18.528,15.71,37400,13.269886
2015-02-26,18.551,18.551,18.374,15.54,39600,13.12629
2015-02-27,18.457,18.457,18.35,15.56,23500,13.143187
2015-03-02,18.445,18.54,18.303,15.48,35900,13.075609
2015-03-03,18.267,18.445,18.267,15.57,31900,13.151632
2015-03-04,18.457,18.457,18.303,15.53,48500,13.117844
2015-03-05,18.327,18.504,18.327,15.57,41700,13.151632
2015-03-06,18.303,18.386,18.149,15.39,65500,12.999589
2015-03-09,18.161,18.267,18.007,15.21,21900,12.847548
2015-03-10,17.971,18.102,17.865,15.25,2466600,12.881333
2015-03-11,18.113,18.113,17.829,15.08,99500,12.73774
2015-03-12,17.853,17.853,17.782,15.05,56700,12.7124
2015-03-13,17.77,17.817,17.64,14.96,142200,12.636378
2015-03-16,17.604,17.687,17.557,14.93,64000,12.611038
2015-03-17,17.569,17.782,17.569,14.95,44700,12.627931
2015-03-18,17.699,17.96,17.604,15.14,45700,12.788421
2015-03-19,17.711,17.924,17.711,15.07,49900,12.729292
2015-03-20,17.841,17.9,17.841,15.11,51800,12.763081
2015-03-23,17.971,18.09,17.865,15.28,55000,12.906675
2015-03-24,18.173,18.173,17.912,15.15,62900,12.796868
2015-03-25,17.817,18.019,17.817,15.06,52900,12.720846
2015-03-26,17.971,18.031,17.936,15.18,52400,12.822207
2015-03-27,17.877,18.031,17.794,15.04,80900,12.703953
2015-03-30,17.912,18.031,17.912,15.23,51800,12.864441
2015-03-31,17.9,18.149,17.9,15.22,80100,12.855994
2015-04-01,17.983,18.125,17.983,15.2,50500,12.8391
2015-04-02,18.031,18.078,17.971,15.2,42600,12.8391
2015-04-06,17.877,18.09,17.699,15.26,65900,12.889781
2015-04-07,18.066,18.149,18.007,15.28,79700,12.906675
2015-04-08,18.149,18.291,18.042,15.29,42600,12.915123
2015-04-09,18.173,18.173,18.066,15.33,53600,12.948909
2015-04-10,18.113,18.232,18.113,15.39,34200,12.999589
2015-04-13,18.267,18.267,18.161,15.35,40800,12.965803
2015-04-14,18.184,18.327,18.184,15.43,41700,13.033378
2015-04-15,18.35,18.409,18.279,15.53,44400,13.117844
2015-04-16,18.338,18.433,18.303,15.57,78100,13.151632
2015-04-17,18.279,18.433,18.279,15.5,46700,13.092505
2015-04-20,18.338,18.48,18.338,15.53,55000,13.117844
2015-04-21,18.35,18.445,18.327,15.48,34300,13.075609
2015-04-22,18.338,18.421,18.291,15.47,52600,13.067163
2015-04-23,18.291,18.445,18.291,15.58,35000,13.160077
2015-04-24,18.398,18.504,18.398,15.63,45700,13.202312
2015-04-27,18.587,18.587,18.48,15.63,37200,13.202312
2015-04-28,18.457,18.504,18.445,15.62,53300,13.193865
2015-04-29,18.469,18.682,18.469,15.73,37000,13.286779
2015-04-30,18.646,18.741,18.54,15.75,87200,13.303673
2015-05-01,18.67,18.753,18.587,15.77,33500,13.320568
2015-05-04,18.646,18.741,18.646,15.75,30300,13.303673
2015-05-05,18.646,18.753,18.622,15.8,35100,13.345906
2015-05-06,18.682,18.705,18.492,15.67,39500,13.236099
2015-05-07,17.894,17.988,17.766,15.26,35900,13.098761
2015-05-08,17.824,17.929,17.766,15.3,240300,13.133096
2015-05-11,17.766,17.824,17.72,15.23,52900,13.073008
2015-05-12,17.824,17.836,17.65,15.27,59400,13.107345
2015-05-13,17.941,18.151,17.848,15.39,52800,13.210349
2015-05-14,17.999,18.046,17.976,15.45,1518200,13.261851
2015-05-15,17.929,18.034,17.918,15.46,35100,13.270434
2015-05-18,18.081,18.104,17.988,15.52,43900,13.321938
2015-05-19,18.046,18.057,17.964,15.48,46600,13.287601
2015-05-20,18.069,18.069,17.918,15.43,43100,13.244684
2015-05-21,17.929,17.999,17.918,15.44,48300,13.253267
2015-05-22,17.929,18.034,17.918,15.45,33400,13.261851
2015-05-26,17.859,18.011,17.836,15.36,36300,13.184598
2015-05-27,17.883,17.941,17.836,15.37,33300,13.193181
2015-05-28,17.778,17.894,17.731,15.25,67000,13.090177
2015-05-29,17.778,17.778,17.673,15.2,52000,13.047257
2015-06-01,17.801,17.801,17.661,15.19,29100,13.038674
2015-06-02,17.65,17.731,17.638,15.2,42600,13.047257
2015-06-03,17.731,17.731,17.51,15.03,43800,12.901334
2015-06-04,17.487,17.522,17.323,14.96,64200,12.841249
2015-06-05,17.265,17.487,17.254,14.96,50800,12.841249
2015-06-08,17.417,17.428,17.323,14.89,33400,12.781163
2015-06-09,17.405,17.417,17.347,14.93,37900,12.815496
2015-06-10,17.428,17.44,17.277,14.85,267300,12.746828
2015-06-11,17.312,17.37,17.289,14.87,80800,12.763995
2015-06-12,17.3,17.358,17.195,14.81,147000,12.712493
2015-06-15,17.16,17.475,17.16,14.96,183000,12.841249
2015-06-16,17.417,17.417,17.323,14.92,37000,12.806913
2015-06-17,17.44,17.475,17.347,14.96,43800,12.841249
2015-06-18,17.382,17.452,17.358,14.94,63600,12.82408
2015-06-19,17.382,17.405,17.219,14.78,34100,12.686741
2015-06-22,17.277,17.3,17.219,14.81,38800,12.712493
2015-06-23,17.265,17.3,17.207,14.79,32500,12.695326
2015-06-24,17.242,17.254,17.137,14.73,37600,12.643824
2015-06-25,17.149,17.219,17.021,14.61,66200,12.540817
2015-06-26,17.021,17.056,16.892,14.52,30100,12.463565
2015-06-29,16.753,16.916,16.601,14.26,51400,12.240389
2015-06-30,16.659,16.706,16.415,14.17,47400,12.163134
2015-07-01,16.485,16.566,16.24,13.97,49000,11.991459
2015-07-02,16.31,16.578,16.31,14.18,43600,12.171718
2015-07-06,16.345,16.508,16.275,13.99,49100,12.008628
2015-07-07,16.287,16.764,16.124,14.38,72400,12.343392
2015-07-08,16.659,16.659,16.345,14.05,33500,12.060131
2015-07-09,16.59,16.636,16.426,14.14,32300,12.137383
2015-07-10,16.461,16.718,16.461,14.32,27400,12.29189
2015-07-13,16.811,16.916,16.764,14.49,43900,12.437814
2015-07-14,16.799,17.114,16.799,14.59,37600,12.523651
2015-07-15,16.788,17.032,16.671,14.33,39000,12.300474
2015-07-16,16.659,16.683,16.415,14.14,37800,12.137383
2015-07-17,16.415,16.415,16.147,13.94,59500,11.965708
2015-07-20,16.275,16.275,15.867,13.65,42500,11.716781
2015-07-21,15.96,16.089,15.727,13.6,92100,11.673862
2015-07-22,15.867,15.867,15.285,13.25,79000,11.373431
2015-07-23,15.436,15.611,15.425,13.24,39700,11.364848
2015-07-24,15.436,15.658,15.436,13.36,76900,11.467853
2015-07-27,15.39,15.739,15.308,13.45,118300,11.545106
2015-07-28,15.692,16.182,15.681,13.84,91700,11.879871
2015-07-29,16.135,16.461,16.007,14.13,57100,12.1288
2015-07-30,16.461,16.461,16.147,13.97,41300,11.991459
2015-07-31,16.24,16.275,16.1,13.85,50900,11.888456
2015-08-03,16.03,16.112,15.704,13.53,40300,11.613775
2015-08-04,15.844,15.891,15.541,13.39,44300,11.493605
2015-08-05,15.576,15.797,14.749,12.7,120900,10.901327
2015-08-06,14.772,14.772,14.143,12.59,77600,10.806907
2015-08-07,14.091,14.319,14.045,12.33,61100,10.789405
2015-08-10,14.113,14.616,14.113,12.73,177600,11.139427
2015-08-11,14.376,14.582,14.376,12.76,122500,11.165679
2015-08-12,14.548,14.993,14.536,13.1,108200,11.463197
2015-08-13,14.868,14.993,14.022,12.94,66200,11.323188
2015-08-14,14.811,14.948,14.811,13.04,51000,11.410692
2015-08-17,14.902,15.165,14.902,13.25,44100,11.594455
2015-08-18,15.188,15.37,14.925,13.11,88100,11.471947
2015-08-19,14.925,15.028,14.605,12.9,67600,11.288185
2015-08-20,14.685,14.822,14.388,12.59,597300,11.016919
2015-08-21,14.331,14.468,14.033,12.28,144400,10.745652
2015-08-24,13.508,13.965,13.371,11.93,209300,10.439384
2015-08-25,13.839,13.931,13.611,11.93,232300,10.439384
2015-08-26,13.793,13.862,13.531,12.04,155200,10.53564
2015-08-27,14.045,14.536,13.999,12.7,87000,11.113174
2015-08-28,14.479,14.833,14.422,12.88,33400,11.270684
2015-08-31,14.651,14.868,14.319,12.77,99300,11.174429
2015-09-01,14.376,14.411,14.205,12.47,181200,10.911914
2015-09-02,14.399,14.433,14.068,12.58,73700,11.008169
2015-09-03,14.422,14.651,14.353,12.61,36700,11.034421
2015-09-04,14.285,14.433,14.205,12.52,46400,10.955665
2015-09-08,14.319,14.422,14.251,12.53,66800,10.964415
2015-09-09,14.365,14.468,14.091,12.34,128000,10.798156
2015-09-10,14.113,14.205,13.999,12.35,79700,10.806907
2015-09-11,14.033,14.033,13.668,11.96,84900,10.465636
2015-09-14,13.691,13.713,13.508,11.87,126400,10.386881
2015-09-15,13.599,13.691,13.508,11.85,219200,10.369379
2015-09-16,13.588,13.713,13.565,11.97,74400,10.474386
2015-09-17,13.679,13.919,13.656,12.03,141300,10.526888
2015-09-18,13.679,13.759,13.542,11.99,105000,10.491886
2015-09-21,13.713,13.828,13.656,12.05,63700,10.544391
2015-09-22,13.622,13.725,13.462,11.82,46500,10.343128
2015-09-23,13.542,13.691,12.993,11.38,117300,9.958105
2015-09-24,12.959,12.959,12.514,11.27,86300,9.861849
2015-09-25,12.959,13.051,12.696,11.23,59000,9.826847
2015-09-28,12.742,12.742,11.942,10.54,100400,9.223061
2015-09-29,12.114,12.182,11.291,9.9,116700,8.663027
2015-09-30,11.485,12.411,11.439,10.82,107600,9.468075
2015-10-01,12.422,12.879,12.411,11.27,116900,9.861849
2015-10-02,12.788,13.302,12.754,11.63,72700,10.176867
2015-10-05,13.371,13.771,13.325,12.01,55000,10.509388
2015-10-06,13.759,13.965,13.622,11.94,66600,10.448134
2015-10-07,13.793,14.022,13.736,12.2,82900,10.675649
2015-10-08,13.942,14.136,13.725,12.32,69800,10.780655
2015-10-09,14.159,14.205,14.056,12.37,121000,10.824408
2015-10-12,14.113,14.113,13.771,12.13,85700,10.614394
2015-10-13,13.839,13.885,13.599,11.91,132300,10.421883
2015-10-14,13.645,13.702,13.405,11.95,95800,10.456884
2015-10-15,13.725,13.851,13.508,12.12,86600,10.605645
2015-10-16,13.931,13.965,13.793,12.22,57900,10.69315
2015-10-19,13.862,13.862,13.565,12.06,136200,10.553141
2015-10-20,13.736,13.862,13.656,12.04,72900,10.53564
2015-10-21,13.713,13.816,13.473,11.79,44700,10.316876
2015-10-22,13.485,13.485,13.016,11.49,133200,10.054359
2015-10-23,13.165,13.565,12.971,11.42,191000,9.993107
2015-10-26,13.005,13.016,12.696,11.13,139000,9.739342
2015-10-27,12.594,12.594,12.342,10.94,98400,9.573082
2015-10-28,12.594,13.028,12.548,11.38,98700,9.958105
2015-10-29,12.902,13.279,12.902,11.6,118900,10.150618
2015-10-30,13.131,13.565,13.028,11.69,244000,10.229371
2015-11-02,13.371,13.691,13.291,11.85,554000,10.369379
2015-11-03,13.668,14.056,13.599,12.21,167500,10.684399
2015-11-04,14.022,14.022,13.393,11.8,204100,10.325628
2015-11-05,13.576,13.599,13.199,11.73,161900,10.264373
2015-11-06,12.834,12.901,12.61,11.3,113700,10.08148
2015-11-09,12.688,12.812,12.464,11.19,121800,9.98334
2015-11-10,12.531,12.733,12.43,11.18,967700,9.974421
2015-11-11,12.565,12.587,12.15,10.95,207000,9.769221
2015-11-12,12.117,12.117,11.859,10.61,139500,9.465885
2015-11-13,11.892,12.004,11.579,10.62,1044000,9.474806
2015-11-16,11.904,12.397,11.904,11.04,247000,9.849517
2015-11-17,12.341,12.543,12.184,10.9,210800,9.724613
2015-11-18,12.33,12.565,12.128,10.97,469500,9.787066
2015-11-19,12.318,12.43,12.027,10.81,401900,9.644319
2015-11-20,12.161,12.161,11.691,10.5,382500,9.367745
2015-11-23,11.735,11.904,11.623,10.44,272300,9.314216
2015-11-24,11.825,12.004,11.747,10.64,796000,9.49265
2015-11-25,11.948,11.993,11.724,10.57,869600,9.430197
2015-11-27,11.814,11.814,11.691,10.52,409300,9.385591
2015-11-30,11.892,11.948,11.803,10.6,652300,9.456964
2015-12-01,11.892,11.937,11.567,10.42,174500,9.296373
2015-12-02,11.657,11.657,11.265,10.16,489900,9.06441
2015-12-03,11.466,11.623,10.951,9.82,433700,8.761072
2015-12-04,11.007,11.097,10.536,9.42,1577500,8.404206
2015-12-07,10.435,10.435,9.55,8.88,740100,7.922437
2015-12-08,9.729,10.368,9.572,9.04,530400,8.065184
2015-12-09,10.245,11.063,10.245,9.83,486700,8.769995
2015-12-10,11.007,11.085,10.671,9.61,453900,8.573717
2015-12-11,10.671,10.671,9.976,8.99,766600,8.020576
2015-12-14,10.077,10.077,9.595,8.75,597500,7.806455
2015-12-15,10.021,10.144,9.729,8.87,491500,7.913515
2015-12-16,9.942,10.514,9.83,9.22,443500,8.225774
2015-12-17,10.312,10.413,9.886,9.02,709400,8.04734
2015-12-18,10.099,10.29,9.998,9.04,870700,8.065184
2015-12-21,10.177,10.57,10.065,9.42,1210500,8.404206
2015-12-22,10.581,11.242,10.581,9.79,773900,8.734308
2015-12-23,11.22,11.646,11.197,10.37,1121100,9.251765
2015-12-24,11.691,11.904,11.579,10.36,282600,9.242843
2015-12-28,11.399,11.433,11.141,10.15,582600,9.055489
2015-12-29,11.59,11.59,11.164,10.06,539800,8.975195
2015-12-30,11.164,11.242,10.872,9.93,1040900,8.859212
2015-12-31,11.108,11.713,11.074,10.39,866200,9.269608
2016-01-04,11.556,11.836,11.478,10.56,171600,9.421277
2016-01-05,11.803,11.825,11.545,10.46,86200,9.33206
2016-01-06,11.478,11.534,11.063,9.92,160900,8.85029
2016-01-07,10.861,11.007,10.491,9.4,170200,8.386363
2016-01-08,10.637,10.828,10.547,9.5,283300,8.475581
2016-01-11,10.648,10.951,9.953,9.02,147500,8.04734
2016-01-12,10.267,10.48,9.438,8.97,420800,8.002732
2016-01-13,10.2,10.312,9.359,8.47,133500,7.556649
2016-01-14,9.561,10.088,9.449,9,169800,8.029496
2016-01-15,9.718,9.864,9.471,8.56,191400,7.636944
2016-01-19,9.662,9.74,8.832,8.07,349900,7.199782
2016-01-20,8.81,8.81,8.093,7.48,411900,6.673404
2016-01-21,8.362,8.989,8.362,7.91,252500,7.057036
2016-01-22,9.18,9.763,9.18,8.58,315100,7.654788
2016-01-25,9.46,9.987,9.337,8.36,651900,7.45851
2016-01-26,9.483,9.763,9.303,8.65,140100,7.717239
2016-01-27,9.662,9.752,9.337,8.58,166400,7.654788
2016-01-28,10.077,10.189,9.808,8.95,159600,7.984888
2016-01-29,10.11,10.379,10.043,9.03,1670200,8.056261
2016-02-01,10.009,10.043,9.673,8.91,159800,7.949203
2016-02-02,9.752,9.92,9.55,8.75,210300,7.806455
2016-02-03,9.965,9.965,9.46,8.89,450900,7.931359
2016-02-04,9.976,10.301,9.931,9.12,722200,8.136557
2016-02-05,9.402,9.784,9.38,8.64,179100,7.903301
2016-02-08,9.26,9.27,8.494,7.93,470100,7.253839
2016-02-09,8.451,8.516,8.002,7.53,493000,6.887946
2016-02-10,8.276,8.527,8.09,7.61,131900,6.961124
2016-02-11,8.144,8.385,7.674,7.24,149900,6.622672
2016-02-12,8.09,8.44,8.024,7.68,250600,7.025155
2016-02-16,8.538,8.975,8.538,8.15,200100,7.45508
2016-02-17,9.085,9.489,9.03,8.56,628500,7.830122
2016-02-18,9.511,9.511,9.238,8.67,196300,7.930742
2016-02-19,9.281,9.369,9.063,8.48,81000,7.756942
2016-02-22,9.434,9.795,9.434,8.93,153600,8.168573
2016-02-23,9.675,9.686,9.347,8.6,106500,7.866711
2016-02-24,9.205,9.598,9.03,8.78,105300,8.031363
2016-02-25,9.424,9.587,9.292,8.69,56800,7.949038
2016-02-26,9.73,9.883,9.587,8.82,88000,8.067952
2016-02-29,9.741,9.883,9.609,8.98,152400,8.214309
2016-03-01,9.883,9.883,9.664,8.99,74500,8.223458
2016-03-02,9.675,10.189,9.675,9.29,88100,8.497877
2016-03-03,10.232,10.571,10.167,9.56,111600,8.744855
2016-03-04,10.506,10.648,10.287,9.51,131300,8.699118
2016-03-07,10.386,10.735,10.386,9.81,130000,8.973537
2016-03-08,10.67,10.67,10.058,9.24,82900,8.45214
2016-03-09,10.222,10.342,10.101,9.29,101700,8.497877
2016-03-10,10.222,10.222,9.981,9.23,152300,8.442993
2016-03-11,10.211,10.364,10.211,9.4,72800,8.598498
2016-03-14,10.2,10.364,10.101,9.4,79900,8.598498
2016-03-15,10.156,10.156,9.937,9.29,129900,8.497877
2016-03-16,10.167,10.681,9.959,9.74,211900,8.909509
2016-03-17,10.954,10.998,10.713,9.97,84000,9.119897
2016-03-18,10.998,11.052,10.67,9.87,122600,9.028423
2016-03-21,10.801,10.823,10.495,9.68,69700,8.854624
2016-03-22,10.495,10.823,10.484,9.82,53200,8.982686
2016-03-23,10.626,10.692,10.276,9.41,62800,8.607645
2016-03-24,10.145,10.396,9.992,9.37,173300,8.571055
2016-03-28,10.232,10.243,10.079,9.26,84500,8.470436
2016-03-29,10.014,10.287,9.905,9.34,73800,8.543613
2016-03-30,10.342,10.604,10.342,9.61,76600,8.790591
2016-03-31,10.429,10.735,10.429,9.76,89800,8.927802
2016-04-01,10.134,10.517,10.123,9.47,78400,8.66253
2016-04-04,10.309,10.495,10.112,9.29,71700,8.497877
2016-04-05,10.09,10.156,9.981,9.17,133000,8.388109
2016-04-06,10.189,10.386,10.09,9.44,86300,8.635087
2016-04-07,10.232,10.396,10.222,9.47,68900,8.66253
2016-04-08,10.571,10.779,10.571,9.72,71200,8.891213
2016-04-11,10.724,10.921,10.615,9.76,68900,8.927802
2016-04-12,10.768,11.14,10.746,10.1,126900,9.238812
2016-04-13,11.118,11.151,10.932,10.13,230800,9.266253
2016-04-14,11.107,11.107,10.921,10.11,111500,9.247959
2016-04-15,10.921,11.107,10.845,9.95,87900,9.101601
2016-04-18,10.593,11.26,10.386,10.25,131900,9.37602
2016-04-19,11.249,11.708,11.238,10.65,94600,9.741915
2016-04-20,11.741,12.014,11.446,10.92,111200,9.988893
2016-04-21,11.938,12.069,11.818,10.86,124600,9.934009
2016-04-22,11.971,12.047,11.905,11.01,379400,10.071219
2016-04-25,12.047,12.091,11.785,10.84,85400,9.915714
2016-04-26,12.014,12.014,11.741,10.83,96500,9.906568
2016-04-27,11.96,12.167,11.916,11.03,170100,10.089514
2016-04-28,12.047,12.102,11.85,10.86,77400,9.934009
2016-04-29,11.829,12.124,11.829,11.09,121600,10.144398
2016-05-02,12.069,12.124,11.807,10.94,178100,10.007188
2016-05-03,11.818,11.818,11.512,10.73,72900,9.815093
2016-05-04,11.73,11.861,11.621,10.81,132100,9.888273
2016-05-05,12.025,12.178,11.807,10.98,74000,10.043777
2016-05-06,11.415,11.651,11.404,10.68,80300,9.955225
2016-05-09,11.436,11.436,11.05,10.54,118700,9.824726
2016-05-10,11.372,11.49,11.275,10.57,79500,9.852689
2016-05-11,11.254,11.576,11.104,10.68,158900,9.955225
2016-05-12,11.618,11.661,11.479,10.83,80100,10.095045
2016-05-13,11.458,11.726,11.458,10.77,103700,10.039117
2016-05-16,11.736,11.919,11.736,11.11,109200,10.356043
2016-05-17,11.962,12.101,11.801,11.19,113400,10.430614
2016-05-18,11.972,12.005,11.661,10.88,154200,10.141653
2016-05-19,11.554,11.951,11.49,11.08,87000,10.328079
2016-05-20,11.876,12.155,11.822,11.27,83300,10.505185
2016-05-23,12.037,12.133,11.983,11.17,62900,10.411972
2016-05-24,12.048,12.069,11.854,11.1,312100,10.346723
2016-05-25,11.951,12.155,11.951,11.23,204000,10.467899
2016-05-26,12.112,12.133,11.854,11.1,98600,10.346723
2016-05-27,11.844,11.962,11.779,11.09,84900,10.337401
2016-05-31,11.93,12.08,11.822,11.11,127100,10.356043
2016-06-01,11.801,12.187,11.801,11.35,92500,10.579758
2016-06-02,12.069,12.262,12.069,11.39,99800,10.617041
2016-06-03,12.219,12.348,12.123,11.38,49600,10.60772
2016-06-06,12.348,12.509,12.348,11.62,147300,10.831433
2016-06-07,12.541,12.616,12.53,11.72,227800,10.924647
2016-06-08,12.681,12.681,12.466,11.66,99100,10.868719
2016-06-09,12.391,12.552,12.316,11.65,223600,10.859397
2016-06-10,12.359,12.412,12.166,11.36,87600,10.589078
2016-06-13,12.133,12.155,11.983,11.23,52000,10.467899
2016-06-14,11.972,11.983,11.747,11.09,205700,10.337401
2016-06-15,11.854,12.101,11.769,11.24,70300,10.477222
2016-06-16,11.919,12.101,11.812,11.21,62600,10.449257
2016-06-17,12.187,12.187,12.037,11.24,73500,10.477222
2016-06-20,12.23,12.369,12.187,11.37,54200,10.598399
2016-06-21,12.155,12.445,12.155,11.59,72000,10.80347
2016-06-22,12.445,12.552,12.327,11.57,225800,10.784826
2016-06-23,12.477,12.638,12.434,11.75,332100,10.952611
2016-06-24,12.101,12.573,12.101,11.39,224900,10.617041
2016-06-27,12.123,12.144,11.704,11.03,133600,10.281472
2016-06-28,12.133,12.284,11.951,11.42,99700,10.645006
2016-06-29,12.359,12.552,12.241,11.61,152400,10.822111
2016-06-30,12.434,12.541,12.337,11.62,73700,10.831433
2016-07-01,12.509,12.563,12.434,11.6,89400,10.81279
2016-07-05,12.23,12.337,12.123,11.5,79600,10.719577
2016-07-06,12.241,12.273,12.144,11.42,195000,10.645006
2016-07-07,12.284,12.487,12.176,11.43,97600,10.654327
2016-07-08,12.369,12.445,12.251,11.52,117100,10.738221
2016-07-11,12.455,12.487,12.327,11.51,118200,10.728898
2016-07-12,12.52,12.745,12.52,11.78,247900,10.980575
2016-07-13,12.605,12.616,12.423,11.65,95400,10.859397
2016-07-14,12.616,12.723,12.52,11.79,212100,10.989897
2016-07-15,12.67,12.681,12.487,11.69,98600,10.896682
2016-07-18,12.552,12.659,12.541,11.76,164600,10.961933
2016-07-19,12.573,12.638,12.52,11.73,95700,10.933969
2016-07-20,12.53,12.713,12.477,11.83,384300,11.027182
2016-07-21,12.648,12.745,12.52,11.72,124200,10.924647
2016-07-22,12.648,12.659,12.573,11.79,145200,10.989897
2016-07-25,12.563,12.616,12.541,11.7,75300,10.906004
2016-07-26,12.552,12.595,12.455,11.64,99800,10.850077
2016-07-27,12.573,12.638,12.402,11.59,122000,10.80347
2016-07-28,12.369,12.466,12.348,11.56,185100,10.775505
2016-07-29,12.359,12.552,12.337,11.66,241900,10.868719
2016-08-01,12.466,12.466,12.133,11.35,209000,10.579758
2016-08-02,12.316,12.337,12.037,11.4,73900,10.626363
2016-08-03,12.262,12.52,12.262,11.67,49200,10.878039
2016-08-04,12.563,12.605,12.327,11.64,67400,10.850077
2016-08-05,12.158,12.243,12.064,11.48,204000,10.886585
2016-08-08,12.148,12.296,12.148,11.6,174800,11.000383
2016-08-09,12.264,12.327,12.095,11.54,155800,10.943484
2016-08-10,12.243,12.243,12.042,11.46,70700,10.86762
2016-08-11,12.18,12.18,12.064,11.5,48400,10.905552
2016-08-12,12.169,12.296,12.169,11.57,76200,10.971933
2016-08-15,12.274,12.306,12.158,11.61,52900,11.009865
2016-08-16,12.211,12.274,12.211,11.61,124800,11.009865
2016-08-17,12.232,12.412,12.158,11.6,108000,11.000383
2016-08-18,12.253,12.338,12.169,11.7,109800,11.095213
2016-08-19,12.296,12.317,12.158,11.58,81300,10.981417
2016-08-22,12.158,12.18,12.137,11.51,413800,10.915035
2016-08-23,12.137,12.18,12.127,11.53,163700,10.934001
2016-08-24,12.095,12.137,12.053,11.47,104900,10.877104
2016-08-25,12.116,12.116,11.969,11.47,95000,10.877104
2016-08-26,12.106,12.18,12.064,11.49,90000,10.896069
2016-08-29,12.095,12.127,12.021,11.48,98300,10.886585
2016-08-30,12.127,12.127,11.99,11.46,179900,10.86762
2016-08-31,12.053,12.085,11.926,11.43,236700,10.83917
2016-09-01,12.042,12.095,11.916,11.44,120300,10.848653
2016-09-02,12.085,12.18,12.064,11.54,111300,10.943484
2016-09-06,12.169,12.222,12.127,11.56,121800,10.962451
2016-09-07,12.222,12.317,12.18,11.57,238000,10.971933
2016-09-08,12.296,12.338,12.232,11.63,143300,11.028833
2016-09-09,12.18,12.264,11.948,11.43,86600,10.83917
2016-09-12,11.958,12.106,11.884,11.4,114200,10.810721
2016-09-13,11.916,11.916,11.557,11.02,187500,10.450364
2016-09-14,11.631,11.8,11.568,11.03,73000,10.459846
2016-09-15,11.673,11.695,11.547,10.98,65000,10.41243
2016-09-16,11.505,11.631,11.452,10.98,92600,10.41243
2016-09-19,11.684,11.842,11.663,11.15,88400,10.573644
2016-09-20,11.705,11.821,11.663,11.06,83200,10.488297
2016-09-21,11.747,12.011,11.747,11.37,108700,10.782271
2016-09-22,12.095,12.19,12.085,11.54,114800,10.943484
2016-09-23,12.116,12.201,12.032,11.47,1094200,10.877104
2016-09-26,12.137,12.201,12.074,11.5,99200,10.905552
2016-09-27,12.011,12.085,11.895,11.4,99700,10.810721
2016-09-28,12.116,12.243,11.948,11.57,125400,10.971933
2016-09-29,12.253,12.264,12.085,11.5,163200,10.905552
2016-09-30,12.232,12.253,12.116,11.61,148800,11.009865
2016-10-03,12.253,12.306,12.032,11.5,95400,10.905552
2016-10-04,12.232,12.232,11.969,11.4,67400,10.810721
2016-10-05,12.116,12.127,12.011,11.46,102800,10.86762
2016-10-06,12.127,12.148,11.937,11.36,403800,10.772788
2016-10-07,12.032,12.085,11.99,11.38,96900,10.791755
2016-10-10,12.074,12.201,12.074,11.54,86300,10.943484
2016-10-11,12.148,12.169,12.021,11.47,132100,10.877104
2016-10-12,12.127,12.148,12.021,11.49,106800,10.896069
2016-10-13,12.116,12.148,12,11.48,307700,10.886585
2016-10-14,12.18,12.222,12.021,11.45,109400,10.858135
2016-10-17,12.064,12.116,11.969,11.43,96700,10.83917
2016-10-18,12.158,12.169,12,11.53,106600,10.934001
2016-10-19,12.169,12.264,12.158,11.57,106000,10.971933
2016-10-20,12.148,12.222,12.074,11.58,169000,10.981417
2016-10-21,12.18,12.211,12.127,11.53,126600,10.934001
2016-10-24,12.19,12.243,12.095,11.57,1349800,10.971933
2016-10-25,12.18,12.19,12.032,11.41,178300,10.820204
2016-10-26,12.032,12.095,11.937,11.45,207100,10.858135
2016-10-27,12.148,12.148,11.99,11.4,109000,10.810721
2016-10-28,12.042,12.095,11.905,11.3,163200,10.71589
2016-10-31,11.895,11.916,11.716,11.14,131600,10.56416
2016-11-01,11.832,11.958,11.631,11.06,376500,10.488297
2016-11-02,11.6,11.631,11.304,10.94,258900,10.374498
2016-11-03,11.494,11.526,11.399,10.83,166700,10.270185
2016-11-04,11.399,11.42,11.283,10.76,275100,10.203804
2016-11-07,11.127,11.127,10.961,10.66,192800,10.298967
2016-11-08,10.951,11.106,10.951,10.65,107500,10.289306
2016-11-09,11.075,11.396,11.065,10.94,226200,10.569483
2016-11-10,11.344,11.551,11.344,11.07,715400,10.695081
2016-11-11,11.437,11.479,11.189,10.91,175700,10.5405
2016-11-14,11.303,11.51,11.251,11.11,250700,10.733726
2016-11-15,11.51,11.675,11.51,11.22,200800,10.840001
2016-11-16,11.665,11.665,11.396,11.05,223600,10.675759
2016-11-17,11.52,11.593,11.427,11.1,196400,10.724065
2016-11-18,11.489,11.593,11.448,11.17,140300,10.791695
2016-11-21,11.696,11.727,11.541,11.27,270300,10.888308
2016-11-22,11.717,11.717,11.51,11.2,240800,10.820679
2016-11-23,11.613,11.686,11.551,11.27,154700,10.888308
2016-11-25,11.624,11.644,11.531,11.17,108000,10.791695
2016-11-28,11.634,11.634,11.303,10.95,185600,10.579145
2016-11-29,11.251,11.251,11.075,10.86,224300,10.492193
2016-11-30,11.541,11.717,11.448,11.24,189400,10.859324
2016-12-01,11.831,11.872,11.355,11.06,253600,10.68542
2016-12-02,11.448,11.562,11.386,11.06,310400,10.68542
2016-12-05,11.479,11.52,11.375,11.04,264100,10.666098
2016-12-06,11.406,11.468,11.344,11.01,241200,10.637114
2016-12-07,11.386,11.479,11.334,11.09,281000,10.714404
2016-12-08,11.468,11.572,11.437,11.15,263000,10.772371
2016-12-09,11.562,11.665,11.458,11.08,524300,10.704742
2016-12-12,11.696,11.696,11.52,11.15,364500,10.772371
2016-12-13,11.551,11.655,11.52,11.25,211800,10.868985
2016-12-14,11.603,11.603,11.406,11.06,238500,10.68542
2016-12-15,11.427,11.613,11.365,11.19,406300,10.811016
2016-12-16,11.634,11.717,11.593,11.28,719600,10.897969
2016-12-19,11.717,11.758,11.665,11.32,929400,10.936614
2016-12-20,11.81,11.82,11.727,11.4,194800,11.013905
2016-12-21,11.831,11.903,11.81,11.5,280900,11.110518
2016-12-22,11.862,12.027,11.862,11.58,307300,11.187808
2016-12-23,11.986,12.048,11.955,11.64,232600,11.245777
2016-12-27,12.089,12.12,12.027,11.62,144900,11.226454
2016-12-28,12.1,12.11,11.976,11.58,373800,11.187808
2016-12-29,12.048,12.048,11.955,11.56,218600,11.168487
2016-12-30,12.007,12.007,11.945,11.57,223200,11.178146
2017-01-03,12.089,12.162,11.996,11.66,154600,11.265099
2017-01-04,12.038,12.131,12.027,11.69,288100,11.294083
2017-01-05,12.152,12.162,12.089,11.71,308300,11.313406
2017-01-06,12.172,12.203,12.11,11.76,286500,11.361713
2017-01-09,12.11,12.172,12.058,11.65,197700,11.255437
2017-01-10,12.089,12.162,11.955,11.56,918400,11.168487
2017-01-11,11.996,12.079,11.976,11.66,595300,11.265099
2017-01-12,12.069,12.069,11.996,11.63,294500,11.236115
2017-01-13,12.089,12.1,12.038,11.66,174300,11.265099
2017-01-17,12.131,12.183,12.1,11.72,488900,11.323068
2017-01-18,12.1,12.12,12.038,11.65,282900,11.255437
2017-01-19,12.089,12.089,12.007,11.61,226000,11.216792
2017-01-20,12.079,12.12,12.017,11.63,170200,11.236115
2017-01-23,12.058,12.089,11.965,11.62,212400,11.226454
2017-01-24,12.12,12.234,12.089,11.82,323000,11.41968
2017-01-25,12.286,12.369,12.224,11.95,431400,11.545278
2017-01-26,12.421,12.514,12.4,12.08,1688500,11.670874
2017-01-27,12.503,12.503,12.338,12.02,508100,11.612907
2017-01-30,12.472,12.472,12.172,11.82,1214700,11.41968
2017-01-31,12.234,12.276,12.172,11.86,179500,11.458325
2017-02-01,12.472,12.472,12.348,12.01,160500,11.603246
2017-02-02,12.462,12.483,12.348,12.06,168700,11.651552
2017-02-03,12.472,12.555,12.472,12.07,316600,11.661213
2017-02-06,12.535,12.535,12.452,12.11,289100,11.699859
2017-02-07,12.176,12.176,11.993,11.87,515000,11.659096
2017-02-08,12.105,12.105,11.952,11.84,198700,11.629629
2017-02-09,12.125,12.125,12.064,11.88,202100,11.668918
2017-02-10,12.166,12.166,12.064,11.89,206600,11.678741
2017-02-13,12.125,12.125,12.044,11.9,240200,11.688562
2017-02-14,12.105,12.187,12.075,11.97,661800,11.757319
2017-02-15,12.217,12.217,12.156,11.99,330600,11.776963
2017-02-16,12.268,12.268,12.115,11.91,265400,11.698385
2017-02-17,12.146,12.197,12.044,11.86,218700,11.649273
2017-02-21,12.217,12.217,12.115,11.95,160600,11.737674
2017-02-22,12.136,12.136,12.044,11.84,650800,11.629629
2017-02-23,12.105,12.115,11.963,11.8,285400,11.59034
2017-02-24,12.013,12.024,11.891,11.71,255500,11.501939
2017-02-27,11.973,11.973,11.861,11.68,645500,11.472472
2017-02-28,11.901,11.993,11.891,11.73,227500,11.521583
2017-03-01,12.054,12.075,12.003,11.83,172900,11.619806
2017-03-02,12.024,12.064,11.983,11.81,159800,11.600163
2017-03-03,12.064,12.075,11.983,11.82,471000,11.609983
2017-03-06,12.013,12.075,11.973,11.86,141700,11.649273
2017-03-07,12.034,12.146,11.942,11.8,164300,11.59034
2017-03-08,12.013,12.013,11.851,11.65,178100,11.443005
2017-03-09,11.81,11.912,11.667,11.58,203900,11.374249
2017-03-10,11.912,11.912,11.749,11.57,318300,11.364426
2017-03-13,11.81,11.83,11.759,11.59,136700,11.38407
2017-03-14,11.769,11.769,11.657,11.5,197800,11.29567
2017-03-15,11.769,11.82,11.718,11.59,179700,11.38407
2017-03-16,11.84,11.84,11.739,11.57,93700,11.364426
2017-03-17,11.789,11.84,11.688,11.49,153600,11.285848
2017-03-20,11.657,11.718,11.637,11.49,207400,11.285848
2017-03-21,11.718,11.728,11.565,11.42,246200,11.217092
2017-03-22,11.616,11.627,11.555,11.4,130200,11.197446
2017-03-23,11.586,11.698,11.586,11.42,125600,11.217092
2017-03-24,11.667,11.708,11.627,11.47,286200,11.266203
2017-03-27,11.616,11.627,11.555,11.41,150200,11.207269
2017-03-28,11.637,11.677,11.616,11.44,471200,11.236735
2017-03-29,11.667,11.759,11.637,11.5,603400,11.29567
2017-03-30,11.759,11.759,11.677,11.49,160700,11.285848
2017-03-31,11.728,11.83,11.708,11.62,181200,11.413538
2017-04-03,11.871,11.881,11.718,11.62,159900,11.413538
2017-04-04,11.81,11.881,11.779,11.65,570200,11.443005
2017-04-05,11.881,11.963,11.81,11.6,161000,11.393893
2017-04-06,11.881,11.942,11.84,11.68,240600,11.472472
2017-04-07,11.891,11.932,11.861,11.68,126800,11.472472
2017-04-10,11.891,11.932,11.881,11.67,419000,11.462649
2017-04-11,11.922,11.932,11.83,11.64,176300,11.433183
2017-04-12,11.891,11.891,11.779,11.59,186300,11.38407
2017-04-13,11.81,11.82,11.718,11.53,282300,11.325136
2017-04-17,11.769,11.769,11.677,11.5,803100,11.29567
2017-04-18,11.708,11.749,11.677,11.52,235700,11.315315
2017-04-19,11.759,11.769,11.667,11.48,590100,11.276025
2017-04-20,11.718,11.789,11.677,11.51,1665200,11.305492
2017-04-21,11.698,11.708,11.657,11.48,281300,11.276025
2017-04-24,11.728,11.759,11.667,11.54,182400,11.334959
2017-04-25,11.779,11.861,11.749,11.65,162000,11.443005
2017-04-26,11.83,11.861,11.81,11.62,575900,11.413538
2017-04-27,11.81,11.83,11.728,11.53,211400,11.325136
2017-04-28,11.8,11.82,11.739,11.55,205200,11.344782
2017-05-01,11.749,11.8,11.728,11.57,153400,11.364426
2017-05-02,11.789,11.789,11.708,11.53,251000,11.325136
2017-05-03,11.728,11.728,11.637,11.45,170300,11.246558
2017-05-04,11.657,11.657,11.301,11.2,494000,11.001
2017-05-05,11.06,11.22,10.97,11.22,305400,11.22
2017-05-08,11.22,11.22,11.12,11.2,166800,11.2
2017-05-09,11.19,11.25,11.08,11.13,339100,11.13
2017-05-10,11.18,11.26,11.13,11.24,165800,11.24
2017-05-11,11.28,11.28,11.19,11.22,289100,11.22
2017-05-12,11.2,11.26,11.19,11.24,195000,11.24
2017-05-15,11.35,11.35,11.26,11.29,371000,11.29
2017-05-16,11.29,11.31,11.25,11.26,162700,11.26
2017-05-17,11.24,11.25,11.1,11.11,782700,11.11
2017-05-18,11.11,11.15,11.01,11.11,4515600,11.11
2017-05-19,11.14,11.28,11.14,11.24,129100,11.24
2017-05-22,11.29,11.29,11.21,11.28,501100,11.28
2017-05-23,11.32,11.34,11.25,11.34,1040800,11.34
2017-05-24,11.31,11.35,11.27,11.3,1415800,11.3
2017-05-25,11.28,11.33,11.17,11.21,1587000,11.21
2017-05-26,11.22,11.22,11.15,11.17,681700,11.17
2017-05-30,11.13,11.21,11.01,11.01,292300,11.01
2017-05-31,10.98,11,10.87,10.98,678400,10.98
2017-06-01,10.99,11.09,10.98,11.03,321800,11.03
2017-06-02,11,11.03,10.89,10.93,306200,10.93
2017-06-05,10.87,10.97,10.83,10.92,946000,10.92
2017-06-06,10.92,11.01,10.87,10.97,255900,10.97
2017-06-07,10.98,11.03,10.75,10.77,329900,10.77
2017-06-08,10.74,10.76,10.66,10.67,301500,10.67
2017-06-09,10.66,10.8,10.65,10.75,357200,10.75
2017-06-12,10.79,10.87,10.67,10.75,189100,10.75
2017-06-13,10.77,10.77,10.71,10.74,236400,10.74
2017-06-14,10.71,10.72,10.5,10.52,369900,10.52
2017-06-15,10.48,10.51,10.3,10.36,332400,10.36
2017-06-16,10.4,10.53,10.34,10.5,226400,10.5
2017-06-19,10.5,10.68,10.41,10.41,247200,10.41
2017-06-20,10.28,10.3,10.07,10.14,1840900,10.14
2017-06-21,10.17,10.24,10.07,10.09,399500,10.09
2017-06-22,10.1,10.23,10.1,10.2,469200,10.2
2017-06-23,10.12,10.45,10.12,10.43,367300,10.43
2017-06-26,10.46,10.63,10.45,10.61,212800,10.61
2017-06-27,10.63,10.7,10.53,10.55,238200,10.55
2017-06-28,10.57,10.78,10.55,10.74,622100,10.74
2017-06-29,10.71,10.9,10.71,10.81,347100,10.81
2017-06-30,NA,NA,NA,NA,NA,NA
2017-07-03,10.95,11.1,10.94,11.08,175400,11.08
2017-07-07,10.84,10.95,10.75,10.925,158250,10.925
