"Date","SCHH.Open","SCHH.High","SCHH.Low","SCHH.Close","SCHH.Volume","SCHH.Adjusted"
2011-01-13,29.182,29.344,29.135,25.16,13100,21.675346
2011-01-14,29.263,29.472,29.205,25.389999,179800,21.873491
2011-01-18,29.507,29.692,29.367,25.58,60800,22.037174
2011-01-19,29.739,29.739,29.228,25.25,53900,21.752876
2011-01-20,29.309,29.576,29.263,25.280001,21300,21.778725
2011-01-21,29.483,29.6,29.333,25.34,26000,21.83042
2011-01-24,29.472,29.646,29.356,25.469999,58600,21.942408
2011-01-25,29.6,29.913,29.414,25.77,98800,22.200867
2011-01-26,29.994,30.052,29.774,25.82,76400,22.243937
2011-01-27,30.215,30.458,30.099,26.23,131800,22.597151
2011-01-28,30.528,30.54,29.832,25.76,134900,22.192245
2011-01-31,30.122,30.377,30.029,26.120001,76100,22.502382
2011-02-01,30.609,30.609,30.133,26.200001,151300,22.571304
2011-02-02,30.435,30.575,30.366,26.17,617800,22.545467
2011-02-03,30.354,30.517,30.25,26.280001,156300,22.64023
2011-02-04,30.575,30.575,30.11,26,181400,22.399008
2011-02-07,30.308,30.563,30.25,26.299999,117000,22.657457
2011-02-08,30.656,30.702,30.517,26.389999,213800,22.734985
2011-02-09,30.644,30.667,30.505,26.42,152800,22.760836
2011-02-10,30.633,30.853,30.586,26.51,86900,22.838369
2011-02-11,30.795,31.027,30.644,26.709999,124200,23.010672
2011-02-14,31.143,31.143,30.784,26.709999,108400,23.010672
2011-02-15,30.911,31.004,30.737,26.58,117100,22.89868
2011-02-16,31.039,31.201,30.818,26.700001,107200,23.00206
2011-02-17,30.958,31.109,30.934,26.709999,70800,23.010672
2011-02-18,31.109,31.201,30.981,26.799999,133100,23.088205
2011-02-22,30.992,31.19,30.76,26.559999,119800,22.881445
2011-02-23,30.876,30.9,30.366,26.34,64100,22.691914
2011-02-24,30.551,30.598,30.087,26.15,64800,22.528231
2011-02-25,30.528,30.958,30.528,26.67,37700,22.976213
2011-02-28,31.259,31.701,31.132,27.299999,81200,23.518953
2011-03-01,31.817,31.817,30.772,26.51,60100,22.838369
2011-03-02,30.784,30.784,30.377,26.190001,397800,22.562693
2011-03-03,30.772,30.911,30.691,26.610001,64600,22.92452
2011-03-04,30.946,30.946,30.458,26.35,58000,22.700531
2011-03-07,30.923,30.923,30.261,26.17,110300,22.545467
2011-03-08,30.447,30.958,30.447,26.559999,49100,22.881445
2011-03-09,30.853,30.934,30.586,26.530001,78700,22.855604
2011-03-10,30.586,30.621,30.296,26.120001,74000,22.502382
2011-03-11,30.18,30.667,30.18,26.389999,62800,22.734985
2011-03-14,30.528,30.528,30.203,26.129999,94600,22.511002
2011-03-15,29.843,30.366,29.634,25.99,90600,22.390394
2011-03-16,30.168,30.168,29.518,25.6,58700,22.054403
2011-03-17,30.099,30.192,29.774,25.83,42700,22.252554
2011-03-18,30.25,30.366,30.157,26.049999,66000,22.442081
2011-03-21,30.215,30.4,30.181,26.23,107900,22.71837
2011-03-22,30.308,30.308,29.973,26.02,70000,22.536484
2011-03-23,30.03,30.03,29.534,25.73,58200,22.285316
2011-03-24,29.903,29.915,29.534,25.84,92500,22.380587
2011-03-25,29.961,30.204,29.903,26.040001,56500,22.553814
2011-03-28,30.227,30.227,29.996,26.01,116400,22.527824
2011-03-29,30.088,30.238,29.753,26.139999,54100,22.640419
2011-03-30,30.354,30.608,30.204,26.49,64200,22.943569
2011-03-31,30.585,30.896,30.573,26.75,63900,23.168756
2011-04-01,31.104,31.104,30.769,26.76,70300,23.177414
2011-04-04,31.023,31.023,30.816,26.74,90400,23.160093
2011-04-05,30.919,31.046,30.827,26.76,58600,23.177414
2011-04-06,31.046,31.046,30.85,26.76,54500,23.177414
2011-04-07,30.954,30.954,30.423,26.49,56300,22.943569
2011-04-08,30.735,30.781,30.273,26.280001,98300,22.761681
2011-04-11,30.423,30.573,30.308,26.299999,78900,22.778999
2011-04-12,30.319,30.423,30.261,26.26,62500,22.74436
2011-04-13,30.492,30.492,30.25,26.24,70000,22.727037
2011-04-14,30.204,30.769,30.204,26.65,36300,23.082144
2011-04-15,30.862,31.15,30.781,26.98,54600,23.367968
2011-04-18,30.966,30.966,30.654,26.709999,155000,23.134111
2011-04-19,30.908,31.15,30.908,26.950001,50100,23.34198
2011-04-20,31.416,31.531,31.162,27.27,58700,23.619141
2011-04-21,31.601,31.705,31.335,27.459999,57000,23.783705
2011-04-25,31.774,32.039,31.589,27.639999,98400,23.939608
2011-04-26,32.028,32.305,31.866,27.9,83900,24.164797
2011-04-27,32.316,32.467,32.155,28.09,91900,24.329363
2011-04-28,32.478,32.975,32.478,28.459999,87600,24.649824
2011-04-29,32.94,32.94,32.305,28.33,165000,24.537231
2011-05-02,32.859,32.963,32.49,28.370001,399900,24.571877
2011-05-03,32.721,32.871,32.12,28.09,46000,24.329363
2011-05-04,32.49,32.501,32.201,27.98,44000,24.234085
2011-05-05,32.143,32.513,32.039,27.98,43700,24.234085
2011-05-06,32.594,32.594,31.912,27.719999,136500,24.008898
2011-05-09,32.062,32.247,31.901,27.870001,88000,24.138811
2011-05-10,32.328,32.721,32.293,28.299999,76800,24.511246
2011-05-11,32.732,32.732,32.236,27.99,77600,24.242752
2011-05-12,32.293,32.432,31.993,28.02,50000,24.268736
2011-05-13,32.455,32.455,31.993,27.74,58300,24.026218
2011-05-16,31.982,32.293,31.889,27.82,42900,24.095509
2011-05-17,32.039,32.132,31.889,27.790001,63800,24.069527
2011-05-18,32.201,32.432,32.016,28.059999,30100,24.303375
2011-05-19,32.478,32.64,32.293,28.18,35500,24.407312
2011-05-20,32.467,32.467,32.132,27.83,34800,24.104166
2011-05-23,31.785,31.947,31.751,27.540001,55900,23.852995
2011-05-24,31.855,32.005,31.797,27.639999,33500,23.939608
2011-05-25,31.843,32.213,31.635,27.809999,23500,24.086843
2011-05-26,32.062,32.547,31.982,28.139999,36200,24.372667
2011-05-27,32.605,32.686,32.432,28.299999,71800,24.511246
2011-05-31,32.963,33.205,32.813,28.76,91500,24.90966
2011-06-01,33.136,33.136,32.236,27.93,106800,24.190781
2011-06-02,32.363,32.501,32.005,27.73,80200,24.017553
2011-06-03,31.693,32.293,31.624,27.85,33500,24.121492
2011-06-06,32.062,32.155,31.681,27.469999,76000,23.792368
2011-06-07,31.785,32.293,31.785,27.76,107600,24.043543
2011-06-08,31.959,32.224,31.878,27.67,68700,23.96559
2011-06-09,32.062,32.062,31.451,27.389999,81800,23.723072
2011-06-10,31.497,31.52,30.723,26.68,206500,23.108131
2011-06-13,30.908,31.116,30.758,26.809999,55100,23.22072
2011-06-14,31.197,31.462,31.162,27.18,42700,23.541187
2011-06-15,31.173,31.231,30.654,26.690001,37700,23.116791
2011-06-16,30.896,31.231,30.712,26.959999,13100,23.350643
2011-06-17,31.474,31.485,31.15,27.23,32800,23.584494
2011-06-20,30.895,31.376,30.884,27.34,112000,23.866453
2011-06-21,31.502,31.56,31.296,27.540001,72000,24.04105
2011-06-22,31.468,31.731,31.422,27.440001,83200,23.953754
2011-06-23,31.101,31.101,30.529,26.860001,82100,23.447447
2011-06-24,30.861,30.987,30.643,26.870001,33300,23.456169
2011-06-27,30.815,31.033,30.781,27.02,58700,23.587116
2011-06-28,31.09,31.193,30.884,27.209999,53800,23.752975
2011-06-29,31.376,31.583,31.216,27.52,113600,24.02359
2011-06-30,31.628,31.731,31.457,27.58,73700,24.07597
2011-07-01,31.686,32.213,31.64,28.09,52100,24.521168
2011-07-05,32.236,32.488,32.041,28.33,58300,24.73068
2011-07-06,32.304,32.682,32.27,28.51,358800,24.887812
2011-07-07,32.934,33.118,32.888,28.860001,99000,25.193344
2011-07-08,32.705,33.014,32.579,28.809999,208000,25.149694
2011-07-11,32.614,32.694,32.362,28.280001,85400,24.687038
2011-07-12,32.304,32.992,32.293,28.4,50700,24.791782
2011-07-13,32.476,32.614,32.201,28.110001,54700,24.538637
2011-07-14,32.339,32.339,31.789,27.85,30000,24.311668
2011-07-15,32.064,32.281,31.857,28.17,95900,24.591009
2011-07-18,32.19,32.19,31.789,27.969999,55500,24.416414
2011-07-19,32.258,32.579,32.155,28.440001,31400,24.826706
2011-07-20,32.717,32.866,32.533,28.67,37000,25.027487
2011-07-21,32.992,33.278,32.992,28.91,43500,25.236992
2011-07-22,33.175,33.335,33.026,29.07,41000,25.376663
2011-07-25,32.911,33.152,32.866,28.77,133700,25.114775
2011-07-26,33.003,33.163,32.797,28.83,46400,25.167156
2011-07-27,32.923,32.923,32.075,28.030001,51700,24.468801
2011-07-28,32.087,32.419,31.777,28.059999,45900,24.494984
2011-07-29,31.823,32.224,31.617,28.059999,63200,24.494984
2011-08-01,32.499,32.579,31.457,27.67,116200,24.154531
2011-08-02,31.457,31.56,30.643,26.76,102700,23.360153
2011-08-03,30.723,30.723,29.612,26.57,214200,23.194286
2011-08-04,30.082,30.151,28.879,25.209999,317800,22.007076
2011-08-05,29.177,29.2,27.734,24.629999,205900,21.500765
2011-08-08,27.23,27.585,25.683,22.469999,213400,19.615189
2011-08-09,26.084,28.157,25.935,24.559999,149900,21.439661
2011-08-10,27.596,28.845,27.333,23.959999,170900,20.915888
2011-08-11,27.653,29.44,27.55,25.32,167700,22.103096
2011-08-12,29.383,29.44,28.776,25.24,79100,22.033268
2011-08-15,29.12,30.002,29.12,26.190001,196000,22.862564
2011-08-16,29.715,30.059,29.349,26.09,55800,22.775269
2011-08-17,30.093,30.345,29.727,26.129999,93700,22.81019
2011-08-18,29.051,29.188,28.306,24.950001,61400,21.780113
2011-08-19,28.123,28.833,27.997,24.440001,62100,21.334902
2011-08-22,28.616,28.661,27.837,24.5,51700,21.387283
2011-08-23,28.249,28.787,27.986,25.129999,41300,21.937241
2011-08-24,28.742,29.2,28.501,25.440001,133000,22.207851
2011-08-25,29.372,29.658,28.352,24.99,33600,21.815025
2011-08-26,28.432,29.051,27.837,25.33,42700,22.111828
2011-08-29,29.246,29.967,29.246,26.16,52500,22.836378
2011-08-30,29.956,30.231,29.44,26.27,37300,22.932404
2011-08-31,30.357,30.506,29.956,26.49,61900,23.124453
2011-09-01,30.38,30.471,29.876,26.110001,69700,22.79273
2011-09-02,29.36,29.738,29.165,25.459999,47200,22.225309
2011-09-06,28.375,29.234,28.203,25.450001,56600,22.216585
2011-09-07,29.498,30.185,29.188,26.34,51900,22.993509
2011-09-08,30.002,30.357,29.887,26.23,32300,22.897486
2011-09-09,29.692,29.75,28.822,25.32,21500,22.103096
2011-09-12,28.57,29.131,28.513,25.43,64200,22.199129
2011-09-13,29.246,29.246,28.925,25.51,49500,22.268957
2011-09-14,29.372,29.498,28.879,25.65,31600,22.391171
2011-09-15,29.715,29.841,29.498,26.01,40900,22.705437
2011-09-16,29.956,30.151,29.521,26.299999,22100,22.958588
2011-09-19,29.108,29.302,28.983,25.540001,250000,22.461695
2011-09-20,29.131,29.415,28.938,25.5,43000,22.426512
2011-09-21,29.063,29.063,27.46,24.15,39600,21.239223
2011-09-22,26.675,27.119,26.391,23.530001,44300,20.693953
2011-09-23,26.766,27.073,26.527,23.709999,53300,20.852259
2011-09-26,27.244,27.426,26.789,24.120001,177100,21.212845
2011-09-27,27.949,28.108,27.505,24.190001,39900,21.274399
2011-09-28,27.664,27.744,26.914,23.68,26800,20.825874
2011-09-29,27.38,27.391,26.982,23.950001,20400,21.063334
2011-09-30,26.971,27.301,26.607,23.4,273300,20.579622
2011-10-03,26.345,26.789,25.356,22.299999,211300,19.612196
2011-10-04,25.061,26.334,24.628,23.16,250100,20.368551
2011-10-05,26.493,26.493,25.117,22.99,155000,20.21904
2011-10-06,26.004,26.903,25.822,23.66,99000,20.808285
2011-10-07,27.005,27.084,26.05,22.91,90900,20.148684
2011-10-10,26.584,27.414,26.584,24.1,1038200,21.195251
2011-10-11,27.255,27.323,26.755,23.610001,26400,20.764313
2011-10-12,27.119,27.721,26.88,24.059999,38600,21.16007
2011-10-13,27.244,27.346,26.664,23.85,15400,20.975384
2011-10-14,27.414,27.869,27.414,24.299999,92200,21.371145
2011-10-17,27.664,27.664,27.084,23.82,53900,20.949001
2011-10-18,27.175,28.131,27.164,24.719999,63300,21.74052
2011-10-19,28.131,28.256,27.767,24.43,32100,21.485477
2011-10-20,27.767,27.983,27.323,24.58,43600,21.617395
2011-10-21,28.369,28.881,28.335,25.4,121500,22.338566
2011-10-24,28.972,29.643,28.881,26.049999,85700,22.910219
2011-10-25,29.586,29.586,29.074,25.57,22600,22.488071
2011-10-26,29.529,29.529,28.881,25.82,1131800,22.707939
2011-10-27,30.314,30.962,29.973,27.049999,128100,23.789692
2011-10-28,30.598,30.814,30.461,27.08,118600,23.816076
2011-10-31,30.189,30.871,30.189,26.84,109700,23.605001
2011-11-01,29.586,30.075,29.268,25.870001,212700,22.751919
2011-11-02,29.882,30.28,29.54,26.48,34700,23.288391
2011-11-03,30.427,30.507,29.666,26.790001,50000,23.561029
2011-11-04,30.177,30.245,29.745,26.549999,80200,23.349953
2011-11-07,30.2,30.461,29.825,26.620001,50800,23.41152
2011-11-08,30.45,30.632,29.745,26.940001,69100,23.692951
2011-11-09,29.916,30.029,29.188,25.67,53700,22.576023
2011-11-10,29.495,29.62,29.029,25.700001,31800,22.602409
2011-11-11,29.563,30.064,29.427,26.41,753900,23.226828
2011-11-14,29.722,29.836,29.268,25.84,48200,22.725531
2011-11-15,29.245,29.825,29.086,26.09,495000,22.945398
2011-11-16,29.381,29.791,29.302,25.77,87400,22.663969
2011-11-17,29.279,29.324,28.631,25.190001,60200,22.153873
2011-11-18,28.87,29.017,28.654,25.5,48200,22.426512
2011-11-21,28.426,28.494,28.085,24.85,43600,21.854858
2011-11-22,28.176,28.335,27.949,24.700001,97400,21.722939
2011-11-23,27.789,27.801,27.232,23.950001,48800,21.063334
2011-11-25,27.335,27.835,27.335,24.129999,15200,21.22164
2011-11-28,28.267,28.267,27.767,24.459999,206300,21.511862
2011-11-29,28.085,28.085,27.767,24.57,28800,21.608603
2011-11-30,28.688,29.302,28.642,25.76,94100,22.655174
2011-12-01,29.211,29.211,28.756,25.440001,43000,22.373743
2011-12-02,29.165,29.495,28.995,25.549999,33200,22.470484
2011-12-05,29.461,29.54,29.04,25.690001,52800,22.593611
2011-12-06,29.165,29.336,28.995,25.780001,38000,22.672766
2011-12-07,29.108,29.609,28.904,25.99,49700,22.857452
2011-12-08,29.393,29.393,28.881,25.4,22400,22.338566
2011-12-09,29.029,29.563,28.972,25.959999,27200,22.831072
2011-12-12,29.268,29.268,28.722,25.43,52900,22.364948
2011-12-13,29.074,29.302,28.438,25.16,23100,22.127495
2011-12-14,28.54,29.063,28.54,25.35,39600,22.294592
2011-12-15,29.108,29.359,28.995,25.799999,8800,22.690348
2011-12-16,29.336,29.791,29.336,26,34800,22.866247
2011-12-19,29.529,29.574,29.121,25.700001,46000,22.65469
2011-12-20,29.563,30.085,29.495,26.52,67000,23.377522
2011-12-21,30.096,30.119,29.79,26.52,52300,23.377522
2011-12-22,30.198,30.629,30.198,26.870001,335100,23.686047
2011-12-23,30.686,30.686,30.437,27.01,88900,23.809456
2011-12-27,30.641,30.992,30.471,27.15,286500,23.932869
2011-12-28,30.811,30.811,30.357,26.799999,31100,23.624342
2011-12-29,30.516,30.732,30.437,27.02,80500,23.818277
2011-12-30,30.697,30.902,30.539,26.92,98200,23.73012
2012-01-03,31.197,31.424,30.516,27.129999,274400,23.915236
2012-01-04,30.663,30.663,30.198,26.66,119900,23.500929
2012-01-05,30.187,30.595,30.04,26.950001,223100,23.756565
2012-01-06,30.72,30.72,30.346,26.790001,55300,23.61553
2012-01-09,30.834,30.834,30.255,26.75,168900,23.580269
2012-01-10,30.777,30.868,30.686,27.1,122600,23.888794
2012-01-11,30.72,30.958,30.561,27.219999,376500,23.994572
2012-01-12,30.947,30.947,30.493,27.02,397500,23.818277
2012-01-13,30.845,30.845,30.346,27.059999,65900,23.853531
2012-01-17,31.129,31.197,30.856,27.33,105800,24.091541
2012-01-18,30.992,31.31,30.992,27.48,78800,24.223764
2012-01-19,31.355,31.435,31.174,27.629999,68100,24.355993
2012-01-20,31.446,31.56,31.185,27.809999,91400,24.514668
2012-01-23,31.605,31.787,31.469,27.940001,588300,24.629261
2012-01-24,31.503,31.923,31.503,28.120001,50600,24.787933
2012-01-25,31.821,32.376,31.798,28.51,140900,25.131712
2012-01-26,32.524,32.785,32.467,28.690001,108500,25.290386
2012-01-27,32.444,32.649,32.32,28.76,55200,25.352097
2012-01-30,32.49,32.49,32.161,28.469999,108000,25.096457
2012-01-31,32.547,32.547,32.274,28.639999,129100,25.246311
2012-02-01,32.739,32.83,32.603,28.91,107200,25.484318
2012-02-02,32.921,32.955,32.705,28.98,282900,25.546026
2012-02-03,33.307,33.329,33.012,29.379999,234500,25.898624
2012-02-06,33.284,33.284,33.057,29.27,122700,25.801662
2012-02-07,33.182,33.261,33.068,29.23,90200,25.766399
2012-02-08,33.227,33.329,32.966,29.280001,164500,25.810474
2012-02-09,33.409,33.409,32.773,29.030001,152900,25.590097
2012-02-10,32.66,32.808,32.513,28.75,145900,25.343277
2012-02-13,33.012,33.068,32.796,29.110001,95300,25.660625
2012-02-14,33.012,33.012,32.456,28.74,90700,25.334469
2012-02-15,32.728,32.728,32.376,28.620001,77500,25.228682
2012-02-16,32.422,32.864,32.422,28.93,85000,25.501951
2012-02-17,32.887,32.898,32.615,28.93,86700,25.501951
2012-02-21,32.921,32.921,32.195,28.459999,134100,25.087637
2012-02-22,32.286,32.399,31.991,28.23,89900,24.884893
2012-02-23,32.036,32.456,32.025,28.59,42800,25.202238
2012-02-24,32.479,32.581,32.252,28.620001,93100,25.228682
2012-02-27,32.286,32.501,32.036,28.620001,87200,25.228682
2012-02-28,32.524,32.547,32.093,28.389999,179200,25.02594
2012-02-29,32.263,32.445,32.047,28.33,41900,24.973045
2012-03-01,32.184,32.365,32.161,28.459999,277000,25.087637
2012-03-02,32.297,32.433,32.195,28.469999,160900,25.096457
2012-03-05,32.252,32.592,32.127,28.700001,73700,25.2992
2012-03-06,32.252,32.41,32.104,28.34,41000,24.981861
2012-03-07,32.308,32.331,31.957,28.49,79100,25.11409
2012-03-08,32.456,32.49,32.059,28.360001,77400,24.999489
2012-03-09,32.195,32.41,32.15,28.48,28300,25.10527
2012-03-12,32.399,32.649,32.354,28.67,73000,25.272757
2012-03-13,32.739,33.25,32.66,29.27,118100,25.801662
2012-03-14,33.329,33.363,32.944,29.209999,900900,25.748766
2012-03-15,33.205,33.205,32.966,29.17,204700,25.713509
2012-03-16,33.182,33.295,33.114,29.34,55600,25.863365
2012-03-19,32.958,33.285,32.733,29.389999,101800,26.074514
2012-03-20,32.924,33.15,32.913,29.33,70200,26.021288
2012-03-21,33.116,33.15,33.003,29.280001,43900,25.976925
2012-03-22,32.789,32.789,32.349,28.879999,68400,25.622051
2012-03-23,32.53,32.823,32.428,29.040001,42600,25.764002
2012-03-26,33.093,33.161,32.89,29.34,151300,26.030157
2012-03-27,33.093,33.319,33.071,29.379999,75000,26.065641
2012-03-28,33.172,33.172,32.71,29.309999,96000,26.00354
2012-03-29,32.845,33.082,32.665,29.32,63500,26.012413
2012-03-30,33.262,33.42,33.183,29.610001,101600,26.269693
2012-04-02,33.42,33.612,33.296,29.799999,79600,26.438265
2012-04-03,33.589,33.612,33.341,29.690001,53000,26.340677
2012-04-04,33.206,33.229,32.958,29.360001,71700,26.047901
2012-04-05,33.003,33.116,32.845,29.24,73700,25.941437
2012-04-09,32.496,32.755,32.394,28.950001,81600,25.684155
2012-04-10,32.609,32.721,31.887,28.32,108800,25.125223
2012-04-11,32.282,32.304,32.079,28.66,465400,25.426863
2012-04-12,32.383,32.766,32.248,29.07,74100,25.790619
2012-04-13,32.687,32.823,32.586,28.940001,61300,25.675283
2012-04-16,32.845,33.274,32.766,29.370001,61400,26.056774
2012-04-17,33.352,33.51,33.071,29.629999,71700,26.287439
2012-04-18,33.251,33.364,33.116,29.43,29800,26.110004
2012-04-19,33.195,33.352,32.981,29.42,49000,26.101131
2012-04-20,33.251,33.668,33.251,29.799999,49300,26.438265
2012-04-23,33.296,33.33,32.981,29.440001,100100,26.118876
2012-04-24,33.229,33.713,33.229,29.91,348100,26.535856
2012-04-25,33.984,34.096,33.848,30.219999,143600,26.810884
2012-04-26,34.029,34.254,33.894,30.34,70100,26.917343
2012-04-27,34.367,34.48,34.096,30.549999,36400,27.103659
2012-04-30,34.423,34.423,34.096,30.48,80000,27.041552
2012-05-01,34.378,34.987,34.356,30.83,140100,27.352072
2012-05-02,34.57,34.739,34.367,30.790001,91000,27.316584
2012-05-03,34.739,34.818,34.525,30.639999,35000,27.183504
2012-05-04,34.468,34.468,34.153,30.379999,162200,26.952833
2012-05-07,34.074,34.581,34.006,30.6,35000,27.148016
2012-05-08,34.277,34.457,34.096,30.57,239100,27.121401
2012-05-09,34.232,34.57,34.04,30.469999,108800,27.032684
2012-05-10,34.592,34.592,34.142,30.459999,68400,27.023806
2012-05-11,34.209,34.547,34.209,30.540001,49000,27.094788
2012-05-14,34.164,34.322,33.984,30.16,100900,26.757652
2012-05-15,34.006,34.006,33.702,29.98,106000,26.597961
2012-05-16,33.972,33.972,33.319,29.6,115600,26.260828
2012-05-17,33.33,33.33,32.406,28.75,127300,25.506716
2012-05-18,32.631,32.642,31.921,28.379999,84100,25.178455
2012-05-21,32.056,32.778,32.056,29.040001,150500,25.764002
2012-05-22,32.778,32.992,32.642,29.09,57200,25.808359
2012-05-23,32.563,32.902,32.293,29.16,64000,25.870462
2012-05-24,32.935,33.071,32.609,29.280001,43200,25.976925
2012-05-25,32.992,33.059,32.755,29.139999,23300,25.852718
2012-05-29,33.014,33.319,32.969,29.559999,368800,26.225336
2012-05-30,33.037,33.037,32.53,28.860001,51600,25.604307
2012-05-31,32.586,33.048,32.237,29.07,70700,25.790619
2012-06-01,32.124,32.394,31.887,28.370001,131700,25.169582
2012-06-04,31.932,31.966,31.47,28.139999,109100,24.965528
2012-06-05,31.549,32.417,31.549,28.709999,62000,25.471222
2012-06-06,32.631,33.059,32.507,29.309999,48400,26.00354
2012-06-07,33.409,33.443,32.857,29.18,51200,25.888206
2012-06-08,32.935,33.296,32.913,29.530001,34700,26.198725
2012-06-11,33.646,33.646,32.552,28.879999,56000,25.622051
2012-06-12,32.721,32.902,32.417,29.16,40500,25.870462
2012-06-13,32.778,33.048,32.631,29,29500,25.728516
2012-06-14,32.811,33.251,32.755,29.43,40200,26.110004
2012-06-15,33.33,33.42,33.127,29.639999,50800,26.296314
2012-06-18,32.803,33.363,32.803,29.68,35200,26.510685
2012-06-19,33.363,33.564,33.127,29.790001,65400,26.608942
2012-06-20,33.351,33.475,33.127,29.790001,25700,26.608942
2012-06-21,33.385,33.43,32.78,29.299999,30800,26.171263
2012-06-22,33.004,33.004,32.579,29.309999,86500,26.180197
2012-06-25,32.489,32.713,32.389,29.15,70000,26.037279
2012-06-26,32.635,32.892,32.556,29.23,1050500,26.108742
2012-06-27,32.836,32.926,32.724,29.379999,41900,26.242723
2012-06-28,32.736,33.228,32.579,29.68,75400,26.510685
2012-06-29,33.788,34.135,33.732,30.450001,262000,27.198465
2012-07-02,34.46,34.594,34.057,30.77,110000,27.484289
2012-07-03,34.46,34.751,34.415,30.940001,72800,27.636145
2012-07-05,34.639,34.706,34.381,30.780001,135900,27.493231
2012-07-06,34.146,34.594,33.967,30.85,74700,27.555754
2012-07-09,34.628,34.628,34.381,30.9,43900,27.600409
2012-07-10,34.728,34.728,34.023,30.559999,68500,27.296717
2012-07-11,34.236,34.247,34.023,30.59,32200,27.323513
2012-07-12,34.068,34.504,33.855,30.690001,56800,27.412838
2012-07-13,34.471,34.796,34.471,31.040001,75000,27.725464
2012-07-16,34.74,34.93,34.706,31.129999,51500,27.805849
2012-07-17,35.064,35.277,34.706,31.43,54900,28.073816
2012-07-18,35.154,35.154,34.84,31.209999,173400,27.87731
2012-07-19,35.12,35.12,34.337,30.889999,66900,27.59148
2012-07-20,34.37,34.482,34.258,30.709999,234300,27.4307
2012-07-23,33.878,34.236,33.743,30.52,133800,27.260988
2012-07-24,34.325,34.325,33.822,30.459999,48100,27.207396
2012-07-25,34.225,34.37,33.866,30.4,23600,27.153803
2012-07-26,34.65,34.65,34.146,30.65,66600,27.377106
2012-07-27,34.605,34.896,34.482,30.959999,71300,27.654001
2012-07-30,34.695,34.919,34.661,31.07,35900,27.752256
2012-07-31,34.796,34.852,34.661,31.08,105600,27.76119
2012-08-01,34.952,35.131,34.717,31.02,100800,27.707594
2012-08-02,34.527,34.695,34.381,30.99,48800,27.680799
2012-08-03,35.199,35.199,34.93,31.25,33900,27.91304
2012-08-06,35.143,35.176,34.952,31.23,71400,27.895174
2012-08-07,35.019,35.098,34.516,30.85,143100,27.555754
2012-08-08,34.46,34.46,34.124,30.559999,148300,27.296717
2012-08-09,34.236,34.348,34.113,30.469999,56600,27.216328
2012-08-10,34.079,34.213,34.034,30.52,852200,27.260988
2012-08-13,34.169,34.236,34.001,30.48,123800,27.22526
2012-08-14,34.213,34.236,34.034,30.440001,78300,27.189535
2012-08-15,33.978,34.314,33.978,30.58,61600,27.314583
2012-08-16,34.348,34.493,34.101,30.780001,73400,27.493231
2012-08-17,34.527,34.538,34.37,30.82,74700,27.528954
2012-08-20,34.493,34.527,34.225,30.709999,40400,27.4307
2012-08-21,34.482,34.527,34.393,30.77,52900,27.484289
2012-08-22,34.426,34.437,34.068,30.76,60500,27.475361
2012-08-23,34.404,34.437,34.202,30.629999,29500,27.35924
2012-08-24,34.18,34.516,34.169,30.780001,53000,27.493231
2012-08-27,34.572,34.616,34.381,30.860001,68700,27.564682
2012-08-28,34.516,34.695,34.37,30.940001,31000,27.636145
2012-08-29,34.706,34.74,34.594,30.950001,47400,27.645073
2012-08-30,34.605,34.616,34.46,30.9,27100,27.600409
2012-08-31,34.74,34.74,34.404,30.99,199600,27.680799
2012-09-04,34.706,34.941,34.449,31.209999,87500,27.87731
2012-09-05,34.975,34.975,34.717,31.15,59500,27.823719
2012-09-06,35.042,35.176,35.008,31.42,102000,28.064888
2012-09-07,35.277,35.288,35.12,31.43,55500,28.073816
2012-09-10,35.176,35.176,34.874,31.17,94700,27.841576
2012-09-11,34.941,35.031,34.852,31.290001,89000,27.948765
2012-09-12,35.098,35.131,34.919,31.34,64100,27.993429
2012-09-13,35.109,35.59,35.087,31.75,113300,28.359646
2012-09-14,35.635,35.971,35.635,31.92,164000,28.511494
2012-09-17,35.492,35.626,35.325,31.68,39500,28.402119
2012-09-18,35.336,35.336,34.901,31.370001,63100,28.124195
2012-09-19,35.135,35.135,34.834,31.23,85200,27.998676
2012-09-20,34.667,34.667,34.176,30.74,105500,27.559381
2012-09-21,34.477,34.488,34.243,30.73,104700,27.550411
2012-09-24,34.132,34.399,34.076,30.629999,137500,27.460752
2012-09-25,34.277,34.277,33.618,30.17,103300,27.048353
2012-09-26,33.663,33.83,33.585,30.129999,156000,27.012491
2012-09-27,33.775,34.02,33.674,30.27,78400,27.138004
2012-09-28,33.674,33.886,33.54,30.209999,213000,27.084215
2012-10-01,33.897,33.897,33.139,30.030001,131200,26.922838
2012-10-02,33.574,33.708,33.429,30.219999,83100,27.09318
2012-10-03,33.775,34.098,33.741,30.299999,569500,27.1649
2012-10-04,33.942,34.065,33.618,30.25,62500,27.120077
2012-10-05,33.886,33.998,33.708,30.309999,71700,27.173868
2012-10-08,33.741,33.752,33.596,30.24,66900,27.111113
2012-10-09,33.73,33.92,33.596,30.129999,110300,27.012491
2012-10-10,33.663,33.797,33.54,30.26,64300,27.129044
2012-10-11,33.942,33.987,33.763,30.27,48500,27.138004
2012-10-12,33.808,33.92,33.596,30.129999,72800,27.012491
2012-10-15,33.641,33.853,33.462,30.34,78700,27.200768
2012-10-16,33.964,34.098,33.942,30.51,53300,27.353174
2012-10-17,33.92,33.998,33.741,30.42,933200,27.272491
2012-10-18,33.886,34.299,33.886,30.75,55800,27.568344
2012-10-19,34.277,34.422,33.975,30.5,62700,27.34421
2012-10-22,34.02,34.031,33.641,30.299999,60100,27.1649
2012-10-23,33.563,33.63,33.25,30.049999,78800,26.940767
2012-10-24,33.585,33.685,33.384,30.01,54600,26.904907
2012-10-25,33.697,33.786,32.994,29.889999,81300,26.797327
2012-10-26,33.295,33.295,32.871,29.67,67200,26.600088
2012-10-31,33.228,33.429,33.038,29.969999,241900,26.869047
2012-11-01,33.473,33.618,33.34,30.049999,122000,26.940767
2012-11-02,33.775,34.042,33.752,30.34,83200,27.200768
2012-11-05,33.842,33.842,33.362,30.120001,125300,27.003527
2012-11-06,33.663,33.775,33.496,30.209999,78700,27.084215
2012-11-07,33.54,33.719,33.44,30.120001,88900,27.003527
2012-11-08,33.563,33.563,33.195,29.76,67500,26.680779
2012-11-09,33.072,33.34,33.016,29.67,40700,26.600088
2012-11-12,33.172,33.172,32.871,29.57,313000,26.510431
2012-11-13,32.849,33.183,32.838,29.6,53900,26.537333
2012-11-14,33.128,33.128,32.269,29,129900,25.999411
2012-11-15,32.38,32.57,32.023,28.83,127500,25.847
2012-11-16,32.258,32.403,32.001,29.02,81200,26.017345
2012-11-19,32.793,32.905,32.592,29.389999,98100,26.349056
2012-11-20,32.827,32.994,32.626,29.58,73200,26.5194
2012-11-21,33.016,33.083,32.782,29.530001,39200,26.474573
2012-11-23,33.072,33.228,33.005,29.719999,49100,26.644913
2012-11-26,33.105,33.462,33.038,29.85,260700,26.761469
2012-11-27,33.016,33.395,32.782,29.66,93800,26.591124
2012-11-28,33.016,33.05,32.715,29.59,122200,26.528366
2012-11-29,32.994,33.217,32.905,29.76,47200,26.680779
2012-11-30,33.25,33.395,33.217,29.799999,61800,26.716637
2012-12-03,33.429,33.607,33.306,29.940001,129500,26.842152
2012-12-04,33.462,33.641,33.373,30,55300,26.895943
2012-12-05,33.54,33.54,33.239,29.9,89400,26.806288
2012-12-06,33.395,33.663,33.395,30.17,162900,27.048353
2012-12-07,33.752,33.808,33.663,30.309999,56700,27.173868
2012-12-10,33.897,33.964,33.752,30.32,58300,27.182833
2012-12-11,33.942,33.964,33.797,30.360001,67300,27.218695
2012-12-12,33.998,33.998,33.652,30.290001,106900,27.155937
2012-12-13,33.674,33.786,33.44,30.040001,111300,26.931807
2012-12-14,33.518,33.607,33.451,30.049999,59000,26.940767
2012-12-17,33.697,33.741,33.529,30.209999,103200,27.084215
2012-12-18,33.819,34.042,33.752,30.51,144700,27.353174
2012-12-19,34.154,34.176,33.998,30.5,106500,27.34421
2012-12-20,34.065,34.477,34.009,30.9,119800,27.702826
2012-12-21,34.12,34.5,33.697,30.809999,125900,27.622135
2012-12-24,33.886,33.941,33.631,30.639999,68400,27.705322
2012-12-26,33.897,33.897,33.587,30.440001,76300,27.524479
2012-12-27,33.72,33.852,33.41,30.58,67800,27.651066
2012-12-28,33.709,33.886,33.587,30.379999,73700,27.470228
2012-12-31,33.565,33.93,33.465,30.639999,310300,27.705322
2013-01-02,34.626,34.626,34.129,31.030001,956000,28.057972
2013-01-03,34.372,34.505,34.273,31.040001,129800,28.067013
2013-01-04,34.416,34.494,34.317,31.190001,147600,28.202641
2013-01-07,34.505,34.582,34.394,31.25,191200,28.256897
2013-01-08,34.56,34.627,34.372,31.16,135000,28.175514
2013-01-09,34.593,34.627,34.483,31.280001,73200,28.284021
2013-01-10,34.826,34.826,34.483,31.299999,115900,28.302107
2013-01-11,34.726,34.726,34.45,31.25,366600,28.256897
2013-01-14,34.671,34.693,34.549,31.309999,98800,28.31115
2013-01-15,34.615,34.87,34.549,31.469999,81900,28.455822
2013-01-16,34.803,34.826,34.682,31.450001,73000,28.437737
2013-01-17,35.014,35.014,34.792,31.530001,345400,28.510078
2013-01-18,34.914,35.058,34.815,31.690001,86400,28.654758
2013-01-22,35.069,35.213,35.003,31.83,204000,28.781345
2013-01-23,35.279,35.279,35.113,31.85,129700,28.799431
2013-01-24,35.334,35.367,35.168,31.91,169000,28.853682
2013-01-25,35.39,35.522,35.312,32.119999,160800,29.043571
2013-01-28,35.666,35.666,35.401,32.169998,137600,29.088781
2013-01-29,35.578,35.655,35.567,32.23,152400,29.143032
2013-01-30,35.644,35.644,35.268,31.950001,124700,28.889854
2013-01-31,35.312,35.312,35.025,31.68,430800,28.645716
2013-02-01,35.191,35.39,35.157,31.860001,172600,28.808472
2013-02-04,35.191,35.356,35.091,31.889999,264000,28.835596
2013-02-05,35.356,35.356,35.069,31.77,274000,28.727087
2013-02-06,35.058,35.246,35.014,31.860001,69000,28.808472
2013-02-07,35.334,35.334,35.003,31.73,157100,28.690922
2013-02-08,35.113,35.434,35.102,32.02,127900,28.953146
2013-02-11,35.511,35.511,35.401,32.080002,114300,29.007402
2013-02-12,35.489,35.732,35.467,32.310001,90200,29.21537
2013-02-13,35.876,35.876,35.578,32.27,101700,29.179205
2013-02-14,35.677,35.688,35.511,32.130001,98500,29.052616
2013-02-15,35.544,35.567,35.401,32.150002,71800,29.0707
2013-02-19,35.633,35.821,35.589,32.369999,141500,29.269621
2013-02-20,35.788,35.954,35.589,32.220001,118500,29.133991
2013-02-21,35.589,35.611,35.224,31.92,181200,28.862722
2013-02-22,35.412,35.633,35.412,32.220001,78000,29.133991
2013-02-25,35.755,35.766,34.969,31.629999,127100,28.6005
2013-02-26,35.091,35.29,34.903,31.83,94000,28.781345
2013-02-27,35.179,35.578,35.157,32.02,127800,28.953146
2013-02-28,35.423,35.555,35.345,31.98,141300,28.916977
2013-03-01,35.301,35.511,35.091,32.080002,141000,29.007402
2013-03-04,35.5,35.843,35.478,32.32,115700,29.224409
2013-03-05,35.887,36.108,35.721,32.580002,136400,29.459511
2013-03-06,36.175,36.175,35.799,32.509998,121800,29.396212
2013-03-07,35.987,36.042,35.699,32.330002,100900,29.233452
2013-03-08,35.821,35.865,35.555,32.34,130100,29.242493
2013-03-11,35.755,35.865,35.633,32.400002,106500,29.296753
2013-03-12,35.865,35.865,35.644,32.279999,134400,29.188244
2013-03-13,35.766,35.81,35.611,32.32,73900,29.224409
2013-03-14,35.788,35.998,35.755,32.529999,112100,29.414299
2013-03-15,35.887,36.02,35.766,32.560001,87500,29.441429
2013-03-18,35.409,35.552,35.277,32.240002,117700,29.308706
2013-03-19,35.486,35.497,35.024,32.040001,90200,29.126888
2013-03-20,35.42,35.42,35.266,32.18,86900,29.254154
2013-03-21,35.277,35.497,35.222,32.049999,227000,29.135977
2013-03-22,35.343,35.486,35.277,32.200001,79600,29.272337
2013-03-25,35.497,35.64,35.387,32.25,251600,29.317791
2013-03-26,35.53,35.761,35.53,32.509998,86800,29.554148
2013-03-27,35.706,35.783,35.552,32.5,125500,29.545061
2013-03-28,35.805,35.915,35.706,32.639999,95500,29.672335
2013-04-01,35.926,36.003,35.717,32.709999,177500,29.735966
2013-04-02,36.135,36.289,36.058,32.84,156700,29.854145
2013-04-03,36.256,36.311,35.948,32.799999,80700,29.817778
2013-04-04,36.135,36.696,36.135,33.32,96900,30.290503
2013-04-05,36.399,36.806,36.245,33.450001,79600,30.408686
2013-04-08,36.806,37.202,36.652,33.799999,141100,30.726864
2013-04-09,37.224,37.312,36.938,33.790001,116700,30.717777
2013-04-10,37.235,37.434,37.169,33.98,96400,30.890495
2013-04-11,37.401,37.797,37.401,34.209999,896800,31.099583
2013-04-12,37.599,37.709,37.511,34.27,179900,31.154127
2013-04-15,37.61,37.676,36.971,33.610001,140500,30.554136
2013-04-16,37.18,37.609,36.916,34.16,128100,31.054134
2013-04-17,37.444,37.455,36.916,33.790001,87900,30.717777
2013-04-18,37.224,37.224,36.938,33.740002,110500,30.672323
2013-04-19,37.202,37.676,37.092,34.220001,67000,31.108675
2013-04-22,37.874,37.874,37.433,34.16,87100,31.054134
2013-04-23,37.786,37.83,37.533,34.349998,113200,31.226851
2013-04-24,37.873,37.928,37.697,34.419998,122500,31.290495
2013-04-25,37.906,37.906,37.51,34.299999,125500,31.181406
2013-04-26,37.775,37.863,37.588,34.200001,65900,31.09049
2013-04-29,37.752,37.928,37.664,34.459999,112200,31.32686
2013-04-30,37.984,38.336,37.896,34.849998,420300,31.681396
2013-05-01,38.413,38.446,38.005,34.639999,294000,31.490494
2013-05-02,38.237,38.435,38.204,34.849998,275200,31.681396
2013-05-03,38.534,38.622,38.358,34.93,106900,31.754124
2013-05-06,38.523,38.633,38.49,35.110001,156600,31.917761
2013-05-07,38.721,38.82,38.556,35.279999,196100,32.0723
2013-05-08,38.721,38.875,38.589,35.299999,170200,32.090485
2013-05-09,38.798,38.798,38.479,35.049999,114800,31.863211
2013-05-10,38.655,38.721,38.501,35.200001,127100,31.999578
2013-05-13,38.831,38.908,38.666,35.32,148400,32.108662
2013-05-14,38.93,39.117,38.93,35.48,134200,32.254108
2013-05-15,39.018,39.381,38.864,35.77,164700,32.517754
2013-05-16,39.304,39.48,39.062,35.610001,153800,32.372303
2013-05-17,39.26,39.425,39.183,35.82,165600,32.563202
2013-05-20,39.425,39.502,39.326,35.860001,157800,32.599564
2013-05-21,39.502,39.81,39.502,36.119999,103200,32.83593
2013-05-22,39.865,40.085,38.534,35.200001,196600,31.999578
2013-05-23,38.347,38.391,37.829,34.639999,216000,31.490494
2013-05-24,38.028,38.05,37.554,34.57,229100,31.426855
2013-05-28,38.501,38.501,37.423,34.220001,152000,31.108675
2013-05-29,37.422,37.422,36.454,33.540001,342700,30.490507
2013-05-30,36.916,37.114,36.498,33.209999,302000,30.190504
2013-05-31,36.443,36.74,36.047,32.799999,315800,29.817778
2013-06-03,36.124,36.41,35.761,32.970001,315200,29.97233
2013-06-04,36.355,36.454,35.805,32.59,243300,29.626881
2013-06-05,35.794,35.915,35.376,32.259998,257900,29.32688
2013-06-06,35.442,36.047,35.233,32.77,117400,29.790512
2013-06-07,36.146,36.289,35.53,32.77,103500,29.790512
2013-06-10,36.168,36.212,35.673,32.490002,108000,29.535973
2013-06-11,35.552,35.629,35.167,31.99,122000,29.08143
2013-06-12,35.387,35.398,34.584,31.57,648000,28.699617
2013-06-13,34.661,35.739,34.65,32.419998,75000,29.472334
2013-06-14,35.64,36.179,35.563,32.540001,95900,29.581423
2013-06-17,36.058,36.179,35.64,32.619999,131000,29.65415
2013-06-18,35.926,36.245,35.717,32.75,80700,29.772333
2013-06-19,36.025,36.091,34.793,31.700001,98800,28.817799
2013-06-20,34.65,34.65,33.275,30.41,241100,27.645086
2013-06-21,33.66,34.232,33.352,30.85,175500,28.045082
2013-06-24,33.383,34.094,32.748,30.549999,457200,27.920782
2013-06-25,33.646,34.226,33.503,31.120001,195600,28.441732
2013-06-26,34.313,34.619,34.313,31.540001,127600,28.825581
2013-06-27,34.718,35.254,34.718,32.200001,161700,29.428783
2013-06-28,35.134,35.342,34.838,32.080002,109300,29.319111
2013-07-01,35.188,35.331,34.871,31.940001,214900,29.191153
2013-07-02,34.991,35.517,34.991,32.41,80500,29.62071
2013-07-03,35.429,35.429,34.827,32.18,121200,29.4105
2013-07-05,35.221,35.221,34.401,32.09,126100,29.328247
2013-07-08,35.221,35.451,35.123,32.139999,110500,29.373943
2013-07-09,35.385,35.757,35.21,32.599998,116300,29.794353
2013-07-10,35.659,35.725,35.342,32.57,66100,29.766937
2013-07-11,35.965,36.567,35.965,33.360001,236800,30.488949
2013-07-12,36.611,36.611,36.151,33.18,133200,30.324442
2013-07-15,36.348,36.534,36.25,33.32,107700,30.452389
2013-07-16,36.436,36.578,36.392,33.32,73800,30.452389
2013-07-17,36.523,36.698,36.458,33.490002,63000,30.607763
2013-07-18,36.764,36.961,36.687,33.779999,73300,30.872803
2013-07-19,36.895,36.983,36.775,33.68,135900,30.781406
2013-07-22,36.95,37.059,36.764,33.830002,241800,30.918503
2013-07-23,37.158,37.158,36.852,33.82,102200,30.909361
2013-07-24,37.092,37.092,36.02,33.139999,234700,30.287888
2013-07-25,36.162,36.326,36.031,33.169998,151200,30.3153
2013-07-26,36.261,36.304,35.987,33.139999,91600,30.287888
2013-07-29,36.217,36.348,35.954,32.889999,102900,30.059401
2013-07-30,36.042,36.283,35.779,32.799999,56700,29.977142
2013-07-31,35.889,35.889,35.013,32.310001,137700,29.529318
2013-08-01,35.582,35.582,35.123,32.169998,103000,29.401363
2013-08-02,35.353,35.353,34.991,31.98,128000,29.227713
2013-08-05,34.97,35.123,34.86,31.969999,294200,29.218576
2013-08-06,34.937,35.123,34.795,31.870001,92000,29.127184
2013-08-07,34.762,34.816,34.543,31.76,97200,29.026648
2013-08-08,34.838,34.849,34.565,31.719999,66800,28.990091
2013-08-09,34.641,35.232,34.641,32.049999,112400,29.291689
2013-08-12,35.145,35.145,34.641,31.809999,61800,29.072346
2013-08-13,34.816,34.816,34.215,31.34,106900,28.642794
2013-08-14,34.247,34.313,34.138,31.25,122000,28.560539
2013-08-15,33.908,33.985,33.416,30.66,258300,28.021317
2013-08-16,33.482,33.482,32.617,29.860001,155200,27.290169
2013-08-19,32.606,32.661,32.223,29.450001,147200,26.915457
2013-08-20,32.387,33.131,32.387,30.18,318200,27.582626
2013-08-21,32.825,33.449,32.584,30.129999,161800,27.536928
2013-08-22,33.066,33.186,32.792,30.32,128500,27.710579
2013-08-23,33.317,33.536,33.088,30.65,248700,28.012178
2013-08-26,33.613,33.624,33.317,30.540001,80900,27.911648
2013-08-27,33.197,33.416,33.109,30.389999,88900,27.774553
2013-08-28,33.23,33.306,33.011,30.24,107000,27.637463
2013-08-29,33.088,33.12,32.825,30.26,70800,27.655743
2013-08-30,33.186,33.274,32.792,30,129000,27.418121
2013-09-03,33.109,33.109,32.3,29.799999,446700,27.235332
2013-09-04,32.551,32.989,32.475,30.02,86500,27.436396
2013-09-05,32.913,32.913,32.464,29.67,60000,27.116516
2013-09-06,32.956,33.317,32.88,30.209999,91400,27.610048
2013-09-09,33.164,33.755,33.011,30.85,102300,28.194965
2013-09-10,33.919,33.952,33.514,30.83,125600,28.176683
2013-09-11,33.799,33.963,33.635,31.02,42900,28.350338
2013-09-12,34.05,34.193,33.7,30.83,62400,28.176683
2013-09-13,33.821,33.908,33.7,30.91,101600,28.249798
2013-09-16,34.324,34.608,34.116,31.27,182400,28.578825
2013-09-17,34.28,34.499,34.116,31.25,65200,28.560539
2013-09-18,34.193,35.396,33.81,32.349998,118700,29.565872
2013-09-19,35.462,35.735,35.309,32.27,147400,29.49276
2013-09-20,35.374,35.374,34.63,31.65,67400,28.926111
2013-09-23,34.337,34.5,34.108,31.33,124400,28.769094
2013-09-24,34.206,34.206,33.814,31.1,73600,28.55789
2013-09-25,33.956,34.141,33.661,31.120001,71500,28.57626
2013-09-26,33.956,34.162,33.923,31.360001,49100,28.79664
2013-09-27,34.054,34.206,33.77,31.219999,66700,28.668085
2013-09-30,33.847,34.043,33.542,30.9,145900,28.374245
2013-10-01,33.749,34.478,33.64,31.33,153500,28.769094
2013-10-02,34.021,34.195,33.781,31.4,83500,28.833372
2013-10-03,34.064,34.064,33.389,30.809999,73300,28.291599
2013-10-04,33.574,33.749,33.324,30.809999,80400,28.291599
2013-10-07,33.269,33.825,33.237,30.92,81000,28.392609
2013-10-08,33.727,33.792,33.302,30.58,82700,28.080397
2013-10-09,33.357,33.672,33.28,30.639999,89500,28.135496
2013-10-10,33.672,34.195,33.563,31.389999,76600,28.824184
2013-10-11,34.119,34.554,34.086,31.719999,59400,29.127214
2013-10-14,34.446,34.554,34.25,31.719999,48300,29.127214
2013-10-15,34.522,34.674,34.304,31.6,69700,29.017023
2013-10-16,34.576,35.099,34.5,32.220001,73200,29.586348
2013-10-17,35.055,35.676,34.957,32.73,120200,30.054663
2013-10-18,35.752,35.807,35.349,32.650002,78500,29.981203
2013-10-21,35.545,35.578,35.164,32.439999,134200,29.788355
2013-10-22,35.458,35.829,35.447,32.759998,97300,30.082205
2013-10-23,35.643,35.72,35.491,32.77,337600,30.091393
2013-10-24,35.741,35.741,35.491,32.740002,120100,30.063845
2013-10-25,35.676,36.101,35.622,33.110001,103500,30.403603
2013-10-28,36.144,36.144,35.502,32.849998,266700,30.164852
2013-10-29,35.709,35.709,35.306,32.59,110400,29.926104
2013-10-30,35.556,35.556,35.055,32.349998,136600,29.705719
2013-10-31,35.306,35.306,34.816,32.169998,74000,29.54043
2013-11-01,35.012,35.328,34.816,32.349998,272700,29.705719
2013-11-04,35.415,35.415,35.001,32.419998,270000,29.769997
2013-11-05,35.143,35.164,34.631,31.83,142500,29.228222
2013-11-06,34.816,34.968,34.587,31.790001,73000,29.191494
2013-11-07,34.663,34.74,34.108,31.360001,49700,28.79664
2013-11-08,33.945,33.945,33.215,31.01,130800,28.475248
2013-11-11,33.749,33.988,33.727,31.040001,54900,28.502798
2013-11-12,33.781,33.781,33.324,30.82,51900,28.300777
2013-11-13,33.563,33.814,33.4,31.049999,73100,28.51198
2013-11-14,33.912,34.304,33.912,31.280001,75500,28.723181
2013-11-15,34.141,34.239,33.977,31.360001,88000,28.79664
2013-11-18,34.26,34.26,33.912,31.17,111600,28.622175
2013-11-19,33.966,33.966,33.585,30.91,56200,28.383425
2013-11-20,33.792,34.032,33.215,30.639999,235400,28.135496
2013-11-21,33.444,33.651,33.269,30.84,57600,28.319147
2013-11-22,33.661,33.661,33.269,30.719999,75200,28.208954
2013-11-25,33.52,33.52,33.215,30.549999,133500,28.052851
2013-11-26,33.302,33.302,33.084,30.440001,61800,27.951843
2013-11-27,33.117,33.455,33.084,30.709999,89000,28.199772
2013-11-29,33.607,33.607,33.073,30.42,59900,27.933477
2013-12-02,33.139,33.161,32.779,30.16,357400,27.694725
2013-12-03,32.823,32.954,32.692,30.18,88300,27.713093
2013-12-04,32.692,33.215,32.507,30.34,110400,27.860016
2013-12-05,33.052,33.226,32.779,30.440001,93500,27.951843
2013-12-06,33.411,33.498,33.248,30.709999,98700,28.199772
2013-12-09,33.52,33.618,33.291,30.84,61300,28.319147
2013-12-10,33.629,33.738,33.52,30.809999,143300,28.291599
2013-12-11,33.553,33.553,32.703,30.08,115700,27.621265
2013-12-12,32.692,32.692,32.42,29.83,173300,27.391705
2013-12-13,32.692,33.052,32.529,29.969999,73700,27.52026
2013-12-16,32.812,32.812,32.529,30.030001,153400,27.575354
2013-12-17,32.725,32.921,32.583,30.17,100100,27.703915
2013-12-18,32.899,33.433,32.507,30.700001,87800,28.19059
2013-12-19,33.324,33.324,32.79,30.299999,78800,27.823284
2013-12-20,33.182,33.248,32.965,30.530001,156900,28.034487
2013-12-23,32.635,32.829,32.57,30.24,121100,28.039122
2013-12-24,32.624,32.732,32.56,30.26,117300,28.057669
2013-12-26,32.678,32.894,32.581,30.290001,147500,28.085482
2013-12-27,34.663,36.281,32.43,30.299999,90000,28.094753
2013-12-30,32.765,32.872,32.732,30.42,134200,28.206022
2013-12-31,32.862,32.883,32.549,30.25,193600,28.048395
2014-01-02,32.506,32.7,32.333,30.190001,293600,27.992764
2014-01-03,32.592,32.905,32.538,30.43,108700,28.215292
2014-01-06,32.894,33.099,32.775,30.57,210800,28.345104
2014-01-07,33.023,33.239,32.894,30.68,1024500,28.4471
2014-01-08,32.948,33.11,32.797,30.58,230400,28.35438
2014-01-09,33.056,33.153,32.678,30.59,71300,28.363644
2014-01-10,33.121,33.401,33.121,30.969999,88800,28.715992
2014-01-13,33.369,33.433,33.077,30.76,141100,28.521276
2014-01-14,33.196,33.476,33.174,30.959999,90800,28.70672
2014-01-15,33.466,33.681,33.466,31.17,168600,28.901438
2014-01-16,33.606,33.703,33.563,31.23,197800,28.957067
2014-01-17,33.724,33.724,33.433,31.059999,113000,28.799444
2014-01-21,33.595,33.908,33.573,31.309999,137900,29.031248
2014-01-22,33.789,33.994,33.789,31.42,125300,29.133244
2014-01-23,33.811,33.832,33.627,31.290001,95700,29.012701
2014-01-24,33.649,33.649,33.25,30.9,111900,28.651087
2014-01-27,33.272,33.455,32.937,30.66,139900,28.428555
2014-01-28,33.077,33.412,33.077,30.9,112300,28.651087
2014-01-29,33.153,33.304,33.002,30.75,61600,28.512003
2014-01-30,33.347,33.8,33.347,31.25,61800,28.975609
2014-01-31,33.52,34.048,33.336,31.4,113400,29.114697
2014-02-03,33.854,33.908,33.304,30.950001,304500,28.697447
2014-02-04,33.423,33.843,33.325,31.35,81700,29.068335
2014-02-05,33.724,33.811,33.595,31.290001,83500,29.012701
2014-02-06,33.843,34.102,33.832,31.610001,181800,29.309412
2014-02-07,34.188,34.361,34.091,31.84,61400,29.522676
2014-02-10,34.436,34.771,34.275,32.16,145400,29.819382
2014-02-11,34.717,35.019,34.523,32.330002,146400,29.977009
2014-02-12,34.922,34.922,34.663,32.299999,99100,29.949194
2014-02-13,34.814,35.137,34.598,32.439999,104500,30.079004
2014-02-14,34.986,35.148,34.986,32.549999,72900,30.180998
2014-02-18,35.191,35.224,34.9,32.650002,221500,30.27372
2014-02-19,35.288,35.623,35.18,32.720001,146500,30.338629
2014-02-20,35.288,35.482,35.019,32.630001,91900,30.255178
2014-02-21,35.213,35.375,35.019,32.639999,111600,30.26445
2014-02-24,35.202,35.623,35.202,32.759998,205400,30.375713
2014-02-25,35.375,35.558,35.321,32.830002,149300,30.44062
2014-02-26,35.558,35.59,35.375,32.900002,2875100,30.505529
2014-02-27,35.482,35.558,35.202,32.810001,262300,30.422075
2014-02-28,35.342,35.763,35.342,33.049999,96500,30.644604
2014-03-03,35.439,35.72,35.342,33.09,569900,30.681704
2014-03-04,36.011,36.27,35.946,33.59,298200,31.145309
2014-03-05,36.281,36.345,35.892,33.549999,513800,31.108213
2014-03-06,36.227,36.227,35.828,33.290001,94700,30.867142
2014-03-07,35.774,35.774,35.331,32.93,129900,30.533342
2014-03-10,35.504,35.536,35.18,32.75,106800,30.36644
2014-03-11,35.396,35.644,35.375,32.970001,96400,30.570429
2014-03-12,35.493,35.666,35.482,33.049999,63200,30.644604
2014-03-13,35.698,35.73,35.418,32.889999,97100,30.496256
2014-03-14,35.472,35.709,35.472,32.959999,509100,30.561161
2014-03-17,35.687,35.871,35.547,33.060001,184400,30.653883
2014-03-18,35.72,35.795,35.547,33.189999,100100,30.774422
2014-03-19,35.86,35.968,34.954,32.549999,105900,30.180998
2014-03-20,35.073,35.18,34.771,32.610001,98900,30.236633
2014-03-21,35.331,35.623,35.331,32.880001,108200,30.486982
2014-03-24,35.168,35.254,34.654,32.509998,170400,30.339529
2014-03-25,35.061,35.232,34.879,32.84,145400,30.647499
2014-03-26,35.275,35.307,34.761,32.439999,182700,30.274202
2014-03-27,34.825,35.039,34.664,32.639999,67800,30.460848
2014-03-28,35.05,35.339,35.05,32.889999,70600,30.694159
2014-03-31,35.382,35.629,35.114,33.110001,163500,30.899471
2014-04-01,35.618,35.693,35.286,33.310001,372800,31.086121
2014-04-02,35.65,35.747,35.5,33.32,188300,31.095449
2014-04-03,35.747,35.779,35.522,33.259998,124500,31.039452
2014-04-04,35.779,36.004,35.661,33.419998,79900,31.188772
2014-04-07,35.8,36.186,35.768,33.560001,176000,31.319433
2014-04-08,36.025,36.186,35.811,33.759998,101400,31.506073
2014-04-09,36.239,36.239,35.875,33.669998,93800,31.422085
2014-04-10,36.089,36.25,35.65,33.369999,75600,31.142117
2014-04-11,35.639,35.854,35.479,33.209999,132400,30.992794
2014-04-14,35.682,35.757,35.468,33.330002,104000,31.104786
2014-04-15,35.768,36.164,35.747,33.75,106600,31.496746
2014-04-16,36.261,36.464,36.164,33.990002,149900,31.720718
2014-04-17,36.443,36.486,36.1,33.849998,149900,31.590065
2014-04-21,36.379,36.443,36.197,33.939999,174600,31.674055
2014-04-22,36.475,36.486,36.1,34.02,112100,31.748722
2014-04-23,36.443,36.454,36.218,33.869999,65600,31.608732
2014-04-24,36.432,36.561,36.314,34.040001,66800,31.767382
2014-04-25,36.454,36.497,36.282,33.91,107900,31.646065
2014-04-28,36.389,36.69,36.325,34.220001,194200,31.93536
2014-04-29,36.743,36.807,36.561,34.209999,96300,31.926027
2014-04-30,36.572,36.818,36.572,34.34,205400,32.047359
2014-05-01,36.85,36.99,36.507,34.509998,189900,32.206005
2014-05-02,36.968,37.118,36.775,34.490002,152400,32.187336
2014-05-05,36.904,37.075,36.711,34.580002,116400,32.271332
2014-05-06,37.065,37.065,36.818,34.43,150900,32.131344
2014-05-07,36.947,37.397,36.947,34.889999,103700,32.560631
2014-05-08,37.375,37.632,37.343,34.950001,115300,32.616627
2014-05-09,37.493,37.611,37.268,34.950001,90200,32.616627
2014-05-12,37.504,37.665,37.45,35.110001,183700,32.765942
2014-05-13,37.622,37.89,37.29,34.849998,118900,32.523304
2014-05-14,37.343,37.525,37.215,34.889999,102200,32.560631
2014-05-15,37.386,37.386,37.043,34.860001,160200,32.532635
2014-05-16,37.3,37.675,37.215,35.16,96200,32.812607
2014-05-19,37.707,37.707,37.375,35.049999,145100,32.709953
2014-05-20,37.59,37.686,37.332,34.959999,99800,32.625965
2014-05-21,37.568,37.568,37.182,34.759998,127600,32.439312
2014-05-22,37.247,37.354,37.129,34.66,85500,32.345985
2014-05-23,37.236,37.472,37.236,34.939999,241000,32.607292
2014-05-27,37.6,37.729,37.472,35.18,128100,32.831268
2014-05-28,37.675,37.675,37.236,34.950001,164200,32.616627
2014-05-29,37.45,37.536,37.354,35.009998,116600,32.672615
2014-05-30,37.515,37.772,37.482,35.209999,108400,32.859268
2014-06-02,37.643,37.932,37.643,35.299999,405000,32.943268
2014-06-03,37.879,37.9,37.686,35.25,76200,32.896599
2014-06-04,37.825,37.932,37.686,35.32,98600,32.961922
2014-06-05,37.943,38.586,37.815,35.990002,111800,33.587196
2014-06-06,38.715,38.715,38.318,35.849998,155000,33.456547
2014-06-09,38.436,38.511,37.857,35.389999,186600,33.027248
2014-06-10,37.847,37.932,37.536,35.150002,112300,32.803276
2014-06-11,37.675,37.686,37.397,35.049999,118400,32.709953
2014-06-12,37.568,37.568,37.193,34.959999,146100,32.625965
2014-06-13,37.515,37.6,37.215,35.049999,62400,32.709953
2014-06-16,37.547,37.654,37.3,34.880001,110400,32.551304
2014-06-17,37.375,37.482,37.15,34.959999,117700,32.625965
2014-06-18,37.461,37.793,37.3,35.189999,120500,32.840611
2014-06-19,37.793,38.018,37.707,35.48,97800,33.111244
2014-06-20,38.083,38.125,37.804,35.580002,87400,33.204575
2014-06-23,37.814,37.878,37.612,35.290001,105500,33.08363
2014-06-24,37.601,37.75,37.526,35.259998,95500,33.055508
2014-06-25,37.633,37.697,37.484,35.209999,101800,33.008633
2014-06-26,37.59,37.622,37.43,35.18,74100,32.980515
2014-06-27,37.505,37.825,37.462,35.43,71900,33.214886
2014-06-30,37.857,37.857,37.462,35.369999,207600,33.15863
2014-07-01,37.868,37.974,37.58,35.5,445100,33.280506
2014-07-02,37.91,37.91,37.59,35.419998,168800,33.205505
2014-07-03,37.782,37.889,37.43,35.23,94400,33.027386
2014-07-07,37.569,37.772,37.548,35.34,106600,33.130501
2014-07-08,37.729,37.921,37.697,35.450001,164900,33.233635
2014-07-09,37.846,37.9,37.58,35.490002,101700,33.271137
2014-07-10,37.729,38.134,37.612,35.650002,84500,33.421127
2014-07-11,38.028,38.092,37.868,35.66,98500,33.4305
2014-07-14,38.198,38.23,37.974,35.830002,106900,33.589874
2014-07-15,38.284,38.326,38.081,35.889999,108400,33.646118
2014-07-16,38.38,38.444,38.166,36,111400,33.749245
2014-07-17,38.369,38.369,38.145,35.790001,91500,33.552372
2014-07-18,38.262,38.572,38.262,36.099998,71000,33.842991
2014-07-21,38.454,38.497,38.316,36.02,69800,33.767994
2014-07-22,38.497,38.668,38.497,36.169998,99400,33.908607
2014-07-23,38.625,38.689,38.508,36.220001,147000,33.95549
2014-07-24,38.636,38.764,38.529,36.200001,117000,33.936733
2014-07-25,38.636,38.636,38.337,35.959999,99400,33.71175
2014-07-28,38.316,38.732,38.316,36.189999,163800,33.927361
2014-07-29,38.636,38.636,38.348,36,158300,33.749245
2014-07-30,38.444,38.55,38.188,35.990002,124500,33.739864
2014-07-31,38.23,38.284,37.772,35.41,356800,33.196133
2014-08-01,37.761,38.028,37.676,35.32,163900,33.111759
2014-08-04,37.729,38.017,37.516,35.560001,113100,33.336754
2014-08-05,37.836,37.878,37.452,35.16,97100,32.961754
2014-08-06,37.377,37.665,37.345,35.110001,1690000,32.91489
2014-08-07,37.633,37.686,37.398,35.130001,233800,32.933636
2014-08-08,37.548,37.697,37.388,35.330002,61200,33.121132
2014-08-11,37.814,38.038,37.804,35.560001,123400,33.336754
2014-08-12,37.942,38.038,37.825,35.529999,141500,33.308628
2014-08-13,37.996,38.454,37.996,36.029999,80400,33.777363
2014-08-14,38.454,38.582,38.326,36.02,109600,33.767994
2014-08-15,38.529,38.614,38.241,35.959999,167400,33.71175
2014-08-18,38.465,38.753,38.454,36.310001,160400,34.039867
2014-08-19,38.828,38.934,38.7,36.41,156300,34.133606
2014-08-20,38.817,39.073,38.636,36.57,73100,34.2836
2014-08-21,39.052,39.18,38.934,36.52,117300,34.236736
2014-08-22,38.988,38.988,38.508,36.23,113700,33.964855
2014-08-25,38.796,38.796,38.412,36.150002,103400,33.889866
2014-08-26,38.508,38.71,38.508,36.189999,98500,33.927361
2014-08-27,38.678,38.721,38.54,36.25,116200,33.983612
2014-08-28,38.593,38.7,38.508,36.209999,66300,33.946114
2014-08-29,38.7,38.86,38.657,36.389999,66500,34.114853
2014-09-02,38.764,38.945,38.764,36.419998,350300,34.142982
2014-09-03,38.945,38.998,38.828,36.529999,86400,34.246101
2014-09-04,38.934,39.105,38.71,36.41,76900,34.133606
2014-09-05,38.881,39.265,38.881,36.810001,65200,34.508598
2014-09-08,39.244,39.318,39.094,36.759998,201400,34.461727
2014-09-09,39.169,39.169,38.924,36.549999,69100,34.264851
2014-09-10,38.934,38.934,38.305,35.970001,171900,33.721115
2014-09-11,38.284,38.476,38.198,35.970001,92300,33.721115
2014-09-12,38.188,38.209,36.961,34.849998,281400,32.671143
2014-09-15,37.174,37.313,36.886,34.689999,509400,32.521145
2014-09-16,37.057,37.473,37.057,35.02,138000,32.830513
2014-09-17,37.526,37.729,37.356,35.040001,109700,32.849266
2014-09-18,37.42,37.462,37.014,34.73,189300,32.55864
2014-09-19,37.164,37.249,36.982,34.77,97500,32.596142
2014-09-22,36.614,36.614,36.359,34.32,145700,32.36697
2014-09-23,36.37,36.508,36.083,34.060001,86800,32.121765
2014-09-24,36.094,36.454,35.946,33.950001,64900,32.018032
2014-09-25,36.062,36.062,35.755,33.830002,124700,31.904854
2014-09-26,35.893,36.359,35.733,34.240002,72000,32.291527
2014-09-29,36.094,36.327,35.935,34.23,168500,32.282093
2014-09-30,36.348,36.391,36.094,34.060001,99400,32.121765
2014-10-01,36.136,36.391,36.03,34.119999,662700,32.178352
2014-10-02,36.126,36.264,35.882,34.110001,261800,32.168922
2014-10-03,36.253,36.423,36.03,34.299999,71700,32.34811
2014-10-06,36.454,36.635,36.348,34.349998,123100,32.395264
2014-10-07,36.391,36.539,36.147,34.09,115600,32.150059
2014-10-08,36.211,36.953,36.211,34.849998,190200,32.86681
2014-10-09,36.847,37.356,36.847,34.849998,280700,32.86681
2014-10-10,37.016,37.441,37.016,34.91,147700,32.923397
2014-10-13,37.154,37.388,37.048,34.950001,164300,32.961124
2014-10-14,37.292,37.907,37.154,35.529999,288100,33.508118
2014-10-15,37.684,37.738,37.218,35.369999,193500,33.357212
2014-10-16,37.123,37.6,37.027,35.380001,250000,33.366653
2014-10-17,37.801,37.801,37.282,35.48,100900,33.46096
2014-10-20,37.621,38.151,37.6,35.98,168000,33.932503
2014-10-21,38.225,38.543,38.098,36.34,282900,34.272011
2014-10-22,38.607,38.755,38.48,36.349998,131400,34.281452
2014-10-23,38.734,38.925,38.586,36.639999,162200,34.554947
2014-10-24,38.766,38.978,38.575,36.610001,119000,34.526657
2014-10-27,38.83,39.074,38.777,36.849998,118900,34.752995
2014-10-28,39.074,39.264,38.999,37.029999,335000,34.922752
2014-10-29,39.286,39.36,38.946,36.970001,134700,34.866165
2014-10-30,39.169,39.423,39.042,37.169998,86300,35.054787
2014-10-31,39.678,40.007,39.551,37.68,389900,35.535774
2014-11-03,40.081,40.399,39.975,38.099998,514300,35.931858
2014-11-04,40.41,40.452,40.07,38.130001,296200,35.960155
2014-11-05,40.632,40.632,40.113,38.040001,114500,35.875282
2014-11-06,40.388,40.516,39.975,37.73,95200,35.582924
2014-11-07,40.102,40.144,39.805,37.689999,111000,35.545197
2014-11-10,39.858,40.346,39.858,38.040001,144700,35.875282
2014-11-11,40.399,40.399,39.975,37.860001,183600,35.705521
2014-11-12,40.081,40.102,39.773,37.580002,96000,35.441456
2014-11-13,39.922,40.144,39.879,37.779999,114800,35.630077
2014-11-14,40.123,40.144,39.667,37.5,104100,35.366013
2014-11-17,39.816,40.007,39.773,37.639999,164300,35.498043
2014-11-18,40.017,40.166,39.869,37.82,105600,35.667801
2014-11-19,40.123,40.144,39.763,37.540001,91100,35.403732
2014-11-20,39.805,39.89,39.614,37.619999,118500,35.479183
2014-11-21,40.144,40.229,40.038,37.900002,88900,35.743248
2014-11-24,40.282,40.41,40.176,37.970001,94200,35.809261
2014-11-25,40.357,40.452,40.229,38.060001,127500,35.894146
2014-11-26,40.399,40.781,40.07,38.369999,172100,36.186501
2014-11-28,40.781,41.258,40.781,38.509998,68000,36.318531
2014-12-01,40.834,41.099,40.728,38.459999,294800,36.271378
2014-12-02,40.823,41.056,40.505,38.68,97200,36.478859
2014-12-03,41.131,41.131,40.834,38.650002,115000,36.450565
2014-12-04,40.95,41.141,40.738,38.77,100200,36.56374
2014-12-05,40.961,40.961,40.558,38.529999,172300,36.337399
2014-12-08,40.855,41.353,40.855,38.830002,157800,36.620327
2014-12-09,41.014,41.449,40.929,39,141600,36.780647
2014-12-10,41.311,41.47,41.173,38.970001,92700,36.752357
2014-12-11,41.396,41.565,41.321,39.009998,115000,36.790081
2014-12-12,41.364,41.491,40.982,38.740002,144700,36.535442
2014-12-15,41.226,41.321,40.441,38.23,179700,36.054462
2014-12-16,40.516,40.802,40.219,38.130001,148900,35.960155
2014-12-17,40.6,41.353,40.579,39,137600,36.780647
2014-12-18,41.693,41.693,41.3,39.290001,208700,37.05415
2014-12-19,41.618,41.809,41.534,39.299999,266000,37.063576
2014-12-22,41.101,41.764,41.08,39.66,246400,37.661839
2014-12-23,41.891,41.922,41.48,39.5,281700,37.509903
2014-12-24,41.659,41.733,41.343,39.310001,92700,37.329472
2014-12-26,41.459,41.648,41.448,39.459999,139400,37.471912
2014-12-29,41.543,41.901,41.543,39.66,171500,37.661839
2014-12-30,41.796,41.954,41.596,39.610001,245900,37.614353
2014-12-31,41.838,42.027,40.974,38.950001,184000,36.98761
2015-01-02,41.427,42.017,41.217,39.900002,874500,37.889744
2015-01-05,41.754,41.943,41.427,39.77,545100,37.766289
2015-01-06,41.996,42.407,41.912,40.169998,612300,38.146141
2015-01-07,42.364,42.996,42.228,40.790001,287000,38.734905
2015-01-08,43.217,43.228,42.754,40.939999,351200,38.877342
2015-01-09,43.217,43.365,42.828,40.990002,226500,38.924828
2015-01-12,43.281,43.544,43.27,41.32,239400,39.238205
2015-01-13,43.691,43.765,43.196,41.240002,263200,39.162235
2015-01-14,43.323,43.807,43.133,41.57,181200,39.475601
2015-01-15,43.912,43.944,43.628,41.669998,867000,39.570568
2015-01-16,43.997,44.323,43.754,42.02,476300,39.902935
2015-01-20,44.502,44.523,43.807,41.73,232100,39.627548
2015-01-21,43.965,43.965,43.639,41.689999,157500,39.589561
2015-01-22,44.018,44.713,43.933,42.419998,192400,40.282776
2015-01-23,44.723,44.786,44.428,42.310001,235500,40.178326
2015-01-26,44.565,44.934,44.376,42.66,252500,40.510689
2015-01-27,44.892,45.071,44.765,42.619999,260000,40.472702
2015-01-28,45.05,45.25,44.628,42.380001,197000,40.244797
2015-01-29,44.755,44.755,44.292,42.450001,211700,40.311272
2015-01-30,44.618,44.671,43.744,41.540001,523200,39.447121
2015-02-02,43.723,43.765,42.849,41.48,456300,39.390137
2015-02-03,43.744,44.06,43.365,41.84,197700,39.732006
2015-02-04,43.944,44.07,43.649,41.700001,123000,39.599056
2015-02-05,44.06,44.439,43.902,42.189999,273600,40.064369
2015-02-06,44.428,44.428,42.944,40.970001,394400,38.905834
2015-02-09,43.165,43.302,42.859,40.720001,201900,38.668434
2015-02-10,42.944,43.07,42.47,40.82,1858800,38.763397
2015-02-11,42.996,43.217,42.564,40.709999,969100,38.658936
2015-02-12,43.028,43.396,42.775,41.189999,181700,39.11475
2015-02-13,43.417,43.417,42.786,40.869999,392100,38.810867
2015-02-17,43.038,43.417,42.838,40.790001,364200,38.734905
2015-02-18,42.944,43.386,42.617,41.139999,332400,39.067276
2015-02-19,43.249,43.249,42.291,40.240002,494400,38.212616
2015-02-20,42.47,42.891,42.333,40.68,259800,38.630444
2015-02-23,42.933,43.196,42.786,41.02,246900,38.95332
2015-02-24,42.975,42.975,42.101,40.150002,347600,38.127155
2015-02-25,42.322,42.775,42.249,40.18,255500,38.155636
2015-02-26,42.385,42.385,41.764,39.75,377700,37.747303
2015-02-27,41.943,42.301,41.669,40.169998,263000,38.146141
2015-03-02,42.291,42.828,42.196,40.220001,395000,38.193619
2015-03-03,42.375,42.396,41.943,40.169998,323600,38.146141
2015-03-04,42.206,42.301,41.764,39.720001,268600,37.718815
2015-03-05,42.091,42.417,41.996,39.889999,162600,37.880245
2015-03-06,41.701,41.712,40.574,38.59,565600,36.645741
2015-03-09,40.827,41.069,40.753,38.889999,191600,36.93063
2015-03-10,40.827,41.153,40.816,38.900002,280700,36.940128
2015-03-11,41.027,41.101,40.816,38.889999,204700,36.93063
2015-03-12,41.153,41.701,41.122,39.57,205400,37.57637
2015-03-13,41.627,41.754,41.375,39.540001,274000,37.547882
2015-03-16,41.838,42.375,41.785,40,299900,37.984703
2015-03-17,42.038,42.27,41.869,39.959999,205800,37.94672
2015-03-18,42.08,43.081,41.838,40.799999,266800,38.744396
2015-03-19,42.807,43.175,42.796,40.799999,319300,38.744396
2015-03-20,43.112,44.07,43.07,41.830002,242200,39.722507
2015-03-23,43.699,43.919,43.5,41.59,331700,39.67767
2015-03-24,43.647,43.647,43.207,41.25,268700,39.353302
2015-03-25,43.28,43.332,42.379,40.509998,341600,38.647324
2015-03-26,42.263,42.452,42.054,40.240002,311700,38.389748
2015-03-27,42.242,42.431,42.138,40.349998,205300,38.494682
2015-03-30,42.557,42.955,42.368,40.950001,318900,39.067097
2015-03-31,42.662,43.018,42.452,40.549999,250900,38.685486
2015-04-01,42.567,42.651,42.127,40.439999,1296100,38.580551
2015-04-02,42.452,42.903,42.421,40.790001,335500,38.914452
2015-04-06,42.903,43.343,42.882,41.23,356800,39.334221
2015-04-07,43.186,43.186,42.452,40.509998,199000,38.647324
2015-04-08,42.567,42.599,42.4,40.549999,199400,38.685486
2015-04-09,42.473,42.473,41.519,39.689999,347700,37.865028
2015-04-10,41.896,42.075,41.456,39.669998,297400,37.845951
2015-04-13,41.613,41.718,41.456,39.549999,309000,37.731468
2015-04-14,41.624,41.844,41.561,39.709999,319800,37.884113
2015-04-15,41.792,41.792,41.309,39.43,269000,37.616985
2015-04-16,41.268,41.624,41.058,39.57,643400,37.750549
2015-04-17,41.257,41.509,40.964,39.349998,355800,37.540661
2015-04-20,41.425,41.551,41.184,39.43,245700,37.616985
2015-04-21,41.498,41.645,41.299,39.509998,361000,37.693306
2015-04-22,41.519,41.708,41.404,39.599998,205700,37.779167
2015-04-23,41.498,41.697,41.404,39.689999,203800,37.865028
2015-04-24,41.697,41.938,41.519,39.779999,303400,37.95089
2015-04-27,41.813,42.064,41.582,39.779999,311800,37.95089
2015-04-28,41.592,41.676,41.299,39.66,221600,37.836414
2015-04-29,41.278,41.309,40.597,38.849998,385200,37.063652
2015-04-30,40.565,40.618,39.821,38.23,407100,36.472168
2015-05-01,40.135,40.691,40.135,38.540001,316100,36.767906
2015-05-04,40.576,40.827,40.377,38.599998,293700,36.825146
2015-05-05,40.492,40.492,39.496,37.75,690800,36.014233
2015-05-06,39.59,39.695,39.286,37.68,410000,35.947453
2015-05-07,39.601,40.303,39.58,38.279999,305300,36.519859
2015-05-08,40.691,41.268,40.398,38.889999,221800,37.101814
2015-05-11,40.712,40.848,39.978,38.259998,227400,36.500782
2015-05-12,39.947,40.345,39.58,38.380001,2947900,36.615265
2015-05-13,40.46,40.66,39.769,38.029999,2186700,36.281361
2015-05-14,40.083,40.66,40.052,38.790001,2205100,37.006416
2015-05-15,40.838,41.163,40.691,39.150002,2310800,37.349857
2015-05-18,40.964,41.005,40.691,39.02,1100100,37.225834
2015-05-19,40.764,41.005,40.649,38.900002,478700,37.111355
2015-05-20,40.922,40.984,40.67,38.849998,336900,37.063652
2015-05-21,40.806,40.806,40.356,38.650002,239700,36.872849
2015-05-22,40.513,40.775,40.24,38.639999,320500,36.863308
2015-05-26,40.439,40.492,40.062,38.34,382900,36.577103
2015-05-27,40.324,40.66,40.188,38.720001,241700,36.939629
2015-05-28,40.618,40.649,40.282,38.619999,267100,36.844231
2015-05-29,40.534,40.534,39.978,38.200001,225500,36.443539
2015-06-01,40.209,40.618,40.01,38.68,520100,36.901474
2015-06-02,40.345,40.356,39.999,38.299999,513600,36.538948
2015-06-03,40.135,40.156,39.517,37.75,326700,36.014233
2015-06-04,39.58,39.695,39.37,37.68,376400,35.947453
2015-06-05,39.098,39.381,38.836,37.25,356900,35.537224
2015-06-08,39.098,39.171,38.909,37.18,408800,35.470444
2015-06-09,38.899,39.056,38.637,36.900002,413800,35.20332
2015-06-10,38.668,39.349,38.647,37.209999,294500,35.499058
2015-06-11,39.307,39.391,39.15,37.450001,183800,35.728031
2015-06-12,39.234,39.37,39.14,37.41,347400,35.689873
2015-06-15,39.171,39.171,38.909,37.220001,296300,35.508602
2015-06-16,39.108,39.412,38.972,37.560001,398300,35.83297
2015-06-17,39.444,39.716,39.098,37.849998,225300,36.109631
2015-06-18,39.685,40.408,39.685,38.389999,213000,36.624805
2015-06-19,40.177,40.177,39.779,38.049999,333100,36.300442
2015-06-22,39.515,39.65,39.035,37.450001,257400,35.919662
2015-06-23,38.952,39.004,38.66,37.150002,258900,35.631924
2015-06-24,38.754,38.92,38.535,36.98,345200,35.468868
2015-06-25,38.628,38.628,38.159,36.599998,464800,35.104393
2015-06-26,38.128,38.535,38.045,36.84,715900,35.334591
2015-06-29,38.378,38.681,37.794,36.27,457900,34.78788
2015-06-30,38.065,38.201,37.732,36.32,401400,34.835838
2015-07-01,37.888,38.462,37.763,36.880001,930600,35.372952
2015-07-02,38.701,39.066,38.524,37.040001,399900,35.526417
2015-07-06,38.483,38.858,38.43,37.200001,245500,35.679874
2015-07-07,39.004,39.494,39.004,37.799999,310700,36.25536
2015-07-08,39.264,39.421,39.181,37.700001,235600,36.159447
2015-07-09,39.483,39.515,39.046,37.560001,223400,36.025169
2015-07-10,39.264,39.723,39.212,37.82,255600,36.27454
2015-07-13,39.546,39.932,39.275,37.860001,160400,36.312912
2015-07-14,39.577,39.702,39.317,37.950001,204300,36.399223
2015-07-15,39.452,39.765,39.379,38.02,191600,36.46637
2015-07-16,39.744,39.994,39.744,38.330002,271700,36.763699
2015-07-17,39.953,39.953,39.682,38.16,189400,36.600655
2015-07-20,39.796,39.921,39.577,38.240002,153200,36.67738
2015-07-21,39.848,40.078,39.744,38.139999,154300,36.581463
2015-07-22,39.765,40.046,39.765,38.279999,154400,36.715748
2015-07-23,39.921,39.921,39.191,37.830002,204200,36.284138
2015-07-24,39.442,39.775,39.39,38.009998,191300,36.456776
2015-07-27,39.598,39.963,39.588,38.09,146400,36.533504
2015-07-28,39.786,39.88,39.619,38.150002,471600,36.591061
2015-07-29,39.744,40.046,39.556,38.360001,212000,36.792477
2015-07-30,39.869,40.015,39.682,38.189999,179300,36.629421
2015-07-31,40.099,40.453,39.942,38.490002,334600,36.91716
2015-08-03,40.088,40.39,40.057,38.68,717400,37.0994
2015-08-04,40.338,40.557,39.994,38.459999,262700,36.888386
2015-08-05,40.224,40.276,39.723,38.25,291300,36.686974
2015-08-06,39.921,40.005,39.317,38.34,405500,36.773293
2015-08-07,39.953,40.203,39.65,38.52,197200,36.945938
2015-08-10,40.286,40.37,39.869,38.389999,190900,36.821251
2015-08-11,39.89,40.484,39.89,38.68,260000,37.0994
2015-08-12,40.161,40.463,39.963,38.790001,295600,37.20491
2015-08-13,40.391,40.693,40.036,38.880001,173600,37.291225
2015-08-14,40.474,40.755,40.245,39.07,170000,37.473465
2015-08-17,40.735,41.12,40.599,39.439999,239100,37.828346
2015-08-18,40.995,41.235,40.985,39.540001,251000,37.924263
2015-08-19,41.037,41.141,40.724,39.279999,295600,37.674885
2015-08-20,40.703,40.943,40.536,39.029999,394300,37.435101
2015-08-21,40.432,40.62,39.911,38.279999,218500,36.715748
2015-08-24,39.119,39.337,31.278,36.470001,661600,34.979706
2015-08-25,38.608,38.868,36.939,35.450001,345900,34.001392
2015-08-26,37.513,38.065,37.179,36.41,723200,34.922161
2015-08-27,38.326,39.014,38.055,37.150002,400900,35.631924
2015-08-28,38.722,38.754,38.399,37.060001,258600,35.545605
2015-08-31,38.649,38.649,37.763,36.220001,210500,34.739925
2015-09-01,37.252,37.565,36.752,35.5,567000,34.049347
2015-09-02,37.284,37.523,37.065,35.880001,289100,34.413822
2015-09-03,37.555,37.774,37.45,35.990002,262800,34.519325
2015-09-04,37.242,37.242,36.512,35.259998,198900,33.819153
2015-09-08,37.085,37.409,36.971,35.790001,293900,34.327496
2015-09-09,37.513,37.763,36.794,35.349998,330500,33.905479
2015-09-10,36.794,37.336,36.794,35.41,221000,33.96302
2015-09-11,36.939,37.68,36.898,36.139999,282200,34.663193
2015-09-14,37.742,37.805,37.544,36.150002,144300,34.672787
2015-09-15,37.732,38.159,37.45,36.5,193400,35.008488
2015-09-16,38.097,38.587,38.065,36.93,237600,35.420914
2015-09-17,38.535,39.567,38.337,37.310001,231200,35.785389
2015-09-18,38.535,39.337,38.472,37.259998,302000,35.737423
2015-09-21,38.428,38.915,38.428,37.360001,157700,36.049095
2015-09-22,38.459,38.605,38.149,36.880001,140200,35.585938
2015-09-23,38.314,38.687,38.18,37.150002,113600,35.846466
2015-09-24,38.439,38.605,37.91,36.810001,131900,35.518394
2015-09-25,38.283,38.656,38.076,37.029999,289900,35.730671
2015-09-28,38.231,38.231,37.506,36.439999,539500,35.161373
2015-09-29,37.848,38.397,37.755,36.93,196500,35.634182
2015-09-30,38.542,38.646,38.252,37.189999,288100,35.885056
2015-10-01,38.625,38.822,38.377,37.41,975200,36.097336
2015-10-02,38.801,39.102,38.377,37.720001,298000,36.396458
2015-10-05,39.226,39.786,39.195,38.360001,310200,37.014008
2015-10-06,39.734,39.962,39.568,38.279999,279500,36.93681
2015-10-07,39.765,40.128,39.662,38.720001,511400,37.361378
2015-10-08,40.066,40.501,39.931,39.049999,398200,37.679794
2015-10-09,40.47,40.47,40.18,38.990002,215300,37.621902
2015-10-12,40.48,40.802,40.346,39.25,239300,37.872776
2015-10-13,40.563,40.698,40.252,38.919998,188300,37.554348
2015-10-14,40.397,40.46,39.931,38.59,179300,37.235931
2015-10-15,40.128,40.584,40.076,39.139999,114200,37.766632
2015-10-16,40.605,40.957,40.605,39.450001,191900,38.065754
2015-10-19,40.812,41.496,40.812,40.02,429400,38.615757
2015-10-20,41.434,41.569,41.278,40.029999,176100,38.625404
2015-10-21,41.517,41.672,41.268,39.860001,309500,38.461372
2015-10-22,41.382,41.755,41.382,40.220001,239500,38.808746
2015-10-23,41.703,41.703,40.957,39.75,241000,38.355232
2015-10-26,41.216,41.268,40.864,39.75,406200,38.355232
2015-10-27,41.102,41.278,41.03,39.82,146200,38.422775
2015-10-28,41.258,41.537,40.522,39.790001,168200,38.393829
2015-10-29,41.081,41.278,40.926,39.790001,479900,38.393829
2015-10-30,41.237,41.299,40.771,39.369999,668300,37.988564
2015-11-02,40.812,41.672,40.739,40.209999,651100,38.799084
2015-11-03,41.537,41.537,41.061,39.75,322800,38.355232
2015-11-04,41.216,41.268,40.916,39.580002,224300,38.191196
2015-11-05,41.03,41.195,40.833,39.720001,153700,38.326283
2015-11-06,40.594,40.657,39.641,38.52,406500,37.168388
2015-11-09,39.745,39.796,38.978,37.860001,472000,36.531548
2015-11-10,39.257,39.786,39.257,38.279999,207000,36.93681
2015-11-11,39.755,39.931,39.599,38.369999,124000,37.023655
2015-11-12,39.641,39.838,39.434,38.150002,604100,36.811378
2015-11-13,39.517,39.724,39.05,37.700001,992300,36.377159
2015-11-16,38.988,39.475,38.926,38.060001,220700,36.724533
2015-11-17,39.423,39.848,39.34,38.119999,729200,36.782425
2015-11-18,39.568,39.9,39.299,38.459999,302000,37.110497
2015-11-19,39.952,40.232,39.859,38.650002,167200,37.293831
2015-11-20,40.149,40.532,40.149,39.09,346500,37.718391
2015-11-23,40.511,40.729,40.449,39.139999,178000,37.766632
2015-11-24,40.397,40.439,40.024,38.919998,217600,37.554348
2015-11-25,40.377,40.646,40.377,39.130001,191400,37.756989
2015-11-27,40.48,41.019,40.47,39.470001,91700,38.085056
2015-11-30,40.967,41.133,40.449,39.139999,226900,37.766632
2015-12-01,40.688,41.164,40.688,39.689999,350900,38.29734
2015-12-02,41.04,41.113,40.242,38.880001,266300,37.515755
2015-12-03,40.232,40.232,39.558,38.27,663500,36.927158
2015-12-04,39.776,40.543,39.776,39.060001,195300,37.689442
2015-12-07,40.439,40.501,40.211,38.939999,181200,37.57365
2015-12-08,40.232,40.501,40.118,38.950001,207900,37.583305
2015-12-09,40.232,40.532,39.91,38.709999,190900,37.351723
2015-12-10,40.128,40.273,39.765,38.400002,167900,37.052601
2015-12-11,39.568,39.962,39.496,38.41,208000,37.062252
2015-12-14,39.724,40.024,39.506,38.59,356300,37.235931
2015-12-15,40.169,40.688,40.169,39.049999,184400,37.679794
2015-12-16,40.615,41.32,40.574,39.77,281300,38.374527
2015-12-17,41.258,41.258,40.916,39.610001,204100,38.220142
2015-12-18,40.947,41.009,40.532,39.130001,226800,37.756989
2015-12-21,40.045,40.22,39.748,38.919998,261300,37.894264
2015-12-22,40.045,40.395,39.963,39.040001,315200,38.011108
2015-12-23,40.189,40.549,40.189,39.459999,231000,38.420036
2015-12-24,40.528,40.692,40.343,39.48,146000,38.439507
2015-12-28,40.415,40.785,40.364,39.709999,205100,38.663448
2015-12-29,40.895,41.244,40.895,40.119999,402200,39.075432
2015-12-30,41.131,41.305,41.028,39.959999,291200,38.919601
2015-12-31,41.018,41.121,40.689,39.639999,233400,38.607933
2016-01-04,40.381,40.381,39.847,39.130001,1270300,38.11121
2016-01-05,40.186,41.069,40.176,39.889999,420400,38.851421
2016-01-06,40.628,40.915,40.566,39.73,348400,38.695587
2016-01-07,40.309,40.494,40.032,39.029999,267000,38.013813
2016-01-08,40.197,40.32,39.437,38.439999,399700,37.439175
2016-01-11,39.56,39.94,39.56,38.68,328800,37.672928
2016-01-12,39.96,39.96,39.273,38.419998,332200,37.419693
2016-01-13,39.581,39.919,38.913,37.950001,278600,36.961933
2016-01-14,38.913,39.201,38.605,37.810001,364700,36.825584
2016-01-15,38.348,38.677,38.081,37.599998,395100,36.62104
2016-01-19,38.821,39.118,38.636,37.84,901700,36.854797
2016-01-20,38.472,38.502,36.973,36.709999,652400,35.754215
2016-01-21,37.876,38.42,37.63,36.950001,697600,35.987968
2016-01-22,38.359,39.098,38.338,37.919998,398800,36.932713
2016-01-25,38.831,39.283,38.574,37.66,346300,36.679485
2016-01-26,38.81,39.509,38.81,38.459999,893700,37.458656
2016-01-27,NA,NA,NA,0,NA,0
2016-01-28,NA,NA,NA,0,NA,0
2016-01-29,NA,NA,NA,0,NA,0
2016-02-01,NA,NA,NA,0,NA,0
2016-02-02,NA,NA,NA,0,NA,0
2016-02-03,NA,NA,NA,0,NA,0
2016-02-04,NA,NA,NA,0,NA,0
2016-02-05,NA,NA,NA,0,NA,0
2016-02-08,NA,NA,NA,0,NA,0
2016-02-09,NA,NA,NA,0,NA,0
2016-02-10,NA,NA,NA,0,NA,0
2016-02-11,NA,NA,NA,0,NA,0
2016-02-12,NA,NA,NA,0,NA,0
2016-02-16,NA,NA,NA,0,NA,0
2016-02-17,NA,NA,NA,0,NA,0
2016-02-18,NA,NA,NA,0,NA,0
2016-02-19,NA,NA,NA,0,NA,0
2016-02-22,NA,NA,NA,0,NA,0
2016-02-23,NA,NA,NA,0,NA,0
2016-02-24,NA,NA,NA,0,NA,0
2016-02-25,NA,NA,NA,0,NA,0
2016-02-26,NA,NA,NA,0,NA,0
2016-02-29,NA,NA,NA,0,NA,0
2016-03-01,NA,NA,NA,0,NA,0
2016-03-02,NA,NA,NA,0,NA,0
2016-03-03,NA,NA,NA,0,NA,0
2016-03-04,NA,NA,NA,0,NA,0
2016-03-07,NA,NA,NA,0,NA,0
2016-03-08,NA,NA,NA,0,NA,0
2016-03-09,NA,NA,NA,0,NA,0
2016-03-10,NA,NA,NA,0,NA,0
2016-03-11,NA,NA,NA,0,NA,0
2016-03-14,NA,NA,NA,0,NA,0
2016-03-15,NA,NA,NA,0,NA,0
2016-03-16,NA,NA,NA,0,NA,0
2016-03-17,NA,NA,NA,0,NA,0
2016-03-18,NA,NA,NA,0,NA,0
2016-03-21,NA,NA,NA,0,NA,0
2016-03-22,NA,NA,NA,0,NA,0
2016-03-23,NA,NA,NA,0,NA,0
2016-03-24,NA,NA,NA,0,NA,0
2016-03-28,NA,NA,NA,0,NA,0
2016-03-29,NA,NA,NA,0,NA,0
2016-03-30,NA,NA,NA,0,NA,0
2016-03-31,NA,NA,NA,0,NA,0
2016-04-01,NA,NA,NA,0,NA,0
2016-04-04,NA,NA,NA,0,NA,0
2016-04-05,NA,NA,NA,0,NA,0
2016-04-06,NA,NA,NA,0,NA,0
2016-04-07,NA,NA,NA,0,NA,0
2016-04-08,NA,NA,NA,0,NA,0
2016-04-11,NA,NA,NA,0,NA,0
2016-04-12,NA,NA,NA,0,NA,0
2016-04-13,NA,NA,NA,0,NA,0
2016-04-14,NA,NA,NA,0,NA,0
2016-04-15,NA,NA,NA,0,NA,0
2016-04-18,NA,NA,NA,0,NA,0
2016-04-19,NA,NA,NA,0,NA,0
2016-04-20,NA,NA,NA,0,NA,0
2016-04-21,NA,NA,NA,0,NA,0
2016-04-22,NA,NA,NA,0,NA,0
2016-04-25,NA,NA,NA,0,NA,0
2016-04-26,NA,NA,NA,0,NA,0
2016-04-27,NA,NA,NA,0,NA,0
2016-04-28,NA,NA,NA,0,NA,0
2016-04-29,NA,NA,NA,0,NA,0
2016-05-02,NA,NA,NA,0,NA,0
2016-05-03,NA,NA,NA,0,NA,0
2016-05-04,NA,NA,NA,0,NA,0
2016-05-05,NA,NA,NA,0,NA,0
2016-05-06,NA,NA,NA,0,NA,0
2016-05-09,NA,NA,NA,0,NA,0
2016-05-10,NA,NA,NA,0,NA,0
2016-05-11,NA,NA,NA,0,NA,0
2016-05-12,NA,NA,NA,0,NA,0
2016-05-13,NA,NA,NA,0,NA,0
2016-05-16,NA,NA,NA,0,NA,0
2016-05-17,NA,NA,NA,0,NA,0
2016-05-18,NA,NA,NA,0,NA,0
2016-05-19,NA,NA,NA,0,NA,0
2016-05-20,NA,NA,NA,0,NA,0
2016-05-23,NA,NA,NA,0,NA,0
2016-05-24,NA,NA,NA,0,NA,0
2016-05-25,NA,NA,NA,0,NA,0
2016-05-26,NA,NA,NA,0,NA,0
2016-05-27,NA,NA,NA,0,NA,0
2016-05-31,NA,NA,NA,0,NA,0
2016-06-01,NA,NA,NA,0,NA,0
2016-06-02,NA,NA,NA,0,NA,0
2016-06-03,NA,NA,NA,0,NA,0
2016-06-06,NA,NA,NA,0,NA,0
2016-06-07,NA,NA,NA,0,NA,0
2016-06-08,NA,NA,NA,0,NA,0
2016-06-09,NA,NA,NA,0,NA,0
2016-06-10,NA,NA,NA,0,NA,0
2016-06-13,NA,NA,NA,0,NA,0
2016-06-14,NA,NA,NA,0,NA,0
2016-06-15,NA,NA,NA,0,NA,0
2016-06-16,NA,NA,NA,0,NA,0
2016-06-17,NA,NA,NA,0,NA,0
2016-06-20,NA,NA,NA,0,NA,0
2016-06-21,NA,NA,NA,0,NA,0
2016-06-22,NA,NA,NA,0,NA,0
2016-06-23,NA,NA,NA,0,NA,0
2016-06-24,NA,NA,NA,0,NA,0
2016-06-27,NA,NA,NA,0,NA,0
2016-06-28,NA,NA,NA,0,NA,0
2016-06-29,NA,NA,NA,0,NA,0
2016-06-30,NA,NA,NA,0,NA,0
2016-07-01,NA,NA,NA,0,NA,0
2016-07-05,NA,NA,NA,0,NA,0
2016-07-06,NA,NA,NA,0,NA,0
2016-07-07,NA,NA,NA,0,NA,0
2016-07-08,NA,NA,NA,0,NA,0
2016-07-11,NA,NA,NA,0,NA,0
2016-07-12,NA,NA,NA,0,NA,0
2016-07-13,NA,NA,NA,0,NA,0
2016-07-14,NA,NA,NA,0,NA,0
2016-07-15,NA,NA,NA,0,NA,0
2016-07-18,NA,NA,NA,0,NA,0
2016-07-19,NA,NA,NA,0,NA,0
2016-07-20,NA,NA,NA,0,NA,0
2016-07-21,NA,NA,NA,0,NA,0
2016-07-22,NA,NA,NA,0,NA,0
2016-07-25,NA,NA,NA,0,NA,0
2016-07-26,NA,NA,NA,0,NA,0
2016-07-27,NA,NA,NA,0,NA,0
2016-07-28,NA,NA,NA,0,NA,0
2016-07-29,NA,NA,NA,0,NA,0
2016-08-01,NA,NA,NA,0,NA,0
2016-08-02,NA,NA,NA,0,NA,0
2016-08-03,NA,NA,NA,0,NA,0
2016-08-04,NA,NA,NA,0,NA,0
2016-08-05,NA,NA,NA,0,NA,0
2016-08-08,NA,NA,NA,0,NA,0
2016-08-09,NA,NA,NA,0,NA,0
2016-08-10,NA,NA,NA,0,NA,0
2016-08-11,NA,NA,NA,0,NA,0
2016-08-12,NA,NA,NA,0,NA,0
2016-08-15,NA,NA,NA,0,NA,0
2016-08-16,NA,NA,NA,0,NA,0
2016-08-17,NA,NA,NA,0,NA,0
2016-08-18,NA,NA,NA,0,NA,0
2016-08-19,44.991,45.012,44.529,43.529999,363300,42.396648
2016-08-22,44.766,44.94,44.642,43.740002,211800,42.601185
2016-08-23,45.115,45.145,44.899,43.75,377700,42.610924
2016-08-24,44.991,45.012,44.468,43.540001,303600,42.406395
2016-08-25,44.724,45.248,44.663,43.799999,185700,42.659622
2016-08-26,45.104,45.299,44.221,43.380001,464000,42.250557
2016-08-29,44.704,45.094,44.694,43.830002,365600,42.688843
2016-08-30,45.094,45.094,44.488,43.759998,330700,42.620663
2016-08-31,44.94,45.084,44.704,43.77,360100,42.630402
2016-09-01,44.981,45.012,44.612,43.709999,1053700,42.571968
2016-09-02,45.032,45.731,45.022,44.060001,395100,42.912857
2016-09-06,45.423,45.494,44.961,44.310001,425600,43.156349
2016-09-07,45.494,45.772,45.279,44.57,316100,43.409576
2016-09-08,45.628,45.628,45.145,44.009998,460900,42.864155
2016-09-09,44.807,44.807,43.451,42.34,813700,41.237637
2016-09-12,43.359,44.16,43.256,42.84,577000,41.724613
2016-09-13,43.687,43.8,42.763,41.73,978300,40.643517
2016-09-14,43.01,43.256,42.876,41.900002,585700,40.809093
2016-09-15,42.958,43.225,42.763,42.02,703600,40.925964
2016-09-16,43.143,43.205,42.846,42.040001,446300,40.945446
2016-09-19,42.822,43.088,42.792,42.16,413900,41.29137
2016-09-20,43.384,43.394,43.037,42.150002,477100,41.281574
2016-09-21,43.149,43.619,42.516,42.66,342400,41.781067
2016-09-22,43.956,44.395,43.905,43.439999,315900,42.544994
2016-09-23,44.282,44.66,43.854,43.580002,273700,42.682114
2016-09-26,44.405,44.701,44.262,43.689999,457900,42.789845
2016-09-27,44.742,44.742,44.048,43.200001,352500,42.309944
2016-09-28,44.19,44.487,44.058,43.549999,345100,42.652729
2016-09-29,44.384,44.384,43.751,42.939999,344900,42.055298
2016-09-30,44.099,44.282,43.537,42.650002,424100,41.771275
2016-10-03,43.476,43.476,42.598,41.82,1710800,40.958374
2016-10-04,42.669,42.669,41.852,41.25,818400,40.40012
2016-10-05,42.22,42.404,41.24,40.450001,527200,39.6166
2016-10-06,41.158,41.648,40.79,40.509998,624300,39.675362
2016-10-07,41.577,41.995,41.107,40.450001,595300,39.6166
2016-10-10,41.311,41.648,41.311,40.66,763300,39.822277
2016-10-11,41.444,41.536,41.015,40.290001,455000,39.4599
2016-10-12,41.168,41.587,41.168,40.720001,374000,39.881042
2016-10-13,41.383,41.893,41.332,40.970001,318100,40.125889
2016-10-14,41.863,42.087,41.577,40.810001,495100,39.969185
2016-10-17,41.801,42.005,41.669,40.900002,463000,40.057331
2016-10-18,42.056,42.23,41.873,41.139999,385800,40.292385
2016-10-19,42.056,42.138,41.791,41.23,271000,40.380531
2016-10-20,42.128,42.312,41.791,41.139999,310100,40.292385
2016-10-21,41.76,41.914,41.628,40.939999,654300,40.096504
2016-10-24,42.005,42.332,41.76,41.040001,303500,40.194447
2016-10-25,41.852,41.873,41.577,40.939999,315400,40.096504
2016-10-26,41.679,41.791,40.984,40.450001,700800,39.6166
2016-10-27,41.219,41.219,40.137,39.43,775500,38.617615
2016-10-28,40.351,40.729,40.259,39.549999,599600,38.735142
2016-10-31,40.596,41.127,40.392,40.25,478100,39.420723
2016-11-01,40.882,40.903,40.045,39.380001,853300,38.568645
2016-11-02,40.208,40.28,39.667,38.849998,725900,38.049564
2016-11-03,39.637,39.759,39.392,38.610001,526800,37.814514
2016-11-04,39.545,39.831,39.33,38.889999,502200,38.088741
2016-11-07,40.117,40.372,40.025,39.5,604100,38.686172
2016-11-08,40.311,40.678,40.157,39.709999,480200,38.891846
2016-11-09,39.535,40.28,39.075,39.139999,827900,38.333591
2016-11-10,39.953,39.984,38.83,38.639999,1068700,37.843891
2016-11-11,39.443,40.198,39.443,38.880001,772300,38.078953
2016-11-14,39.688,40.79,39.463,39.82,614100,38.99958
2016-11-15,40.76,41.117,39.994,39.41,1235700,38.598026
2016-11-16,40.208,40.392,39.81,39.279999,527100,38.470703
2016-11-17,40.065,40.351,39.637,38.889999,503100,38.088741
2016-11-18,39.718,39.902,39.545,38.93,407500,38.127918
2016-11-21,39.851,40.157,39.545,38.790001,554700,37.990803
2016-11-22,39.729,40.28,39.677,39.400002,579800,38.588238
2016-11-23,39.708,40.117,39.637,39.279999,484900,38.470703
2016-11-25,40.259,40.545,40.168,39.459999,278700,38.646999
2016-11-28,40.3,40.739,40.3,39.709999,503100,38.891846
2016-11-29,40.566,41.107,40.566,40.049999,520700,39.224842
2016-11-30,40.566,40.811,40.27,39.700001,568900,38.882053
2016-12-01,40.341,40.443,39.729,39.130001,704300,38.323799
2016-12-02,40.127,40.719,40.127,39.5,1010100,38.686172
2016-12-05,40.443,40.668,40.168,39.810001,1050600,38.989784
2016-12-06,40.699,41.025,40.545,40.099998,1283700,39.273811
2016-12-07,41.015,41.771,40.954,40.869999,1165900,40.027943
2016-12-08,41.566,42.087,41.321,41.119999,834200,40.272797
2016-12-09,41.965,42.342,41.832,41.040001,534600,40.194447
2016-12-12,41.832,42.189,41.75,41.290001,546400,40.439293
2016-12-13,42.363,42.373,41.832,41.299999,496300,40.449085
2016-12-14,42.322,42.322,41.209,40.450001,961600,39.6166
2016-12-15,41.311,41.607,40.944,40.240002,666600,39.410931
2016-12-16,41.24,41.985,41.107,40.880001,851800,40.037739
2016-12-19,40.972,41.244,40.83,40.75,761600,40.400303
2016-12-20,41.113,41.335,40.921,40.84,581600,40.489529
2016-12-21,41.254,41.446,40.528,40.220001,589900,39.874851
2016-12-22,40.528,40.578,40.084,40.139999,684200,39.795536
2016-12-23,40.498,40.608,40.356,40.200001,389800,39.855022
2016-12-27,40.558,40.78,40.447,40.279999,896800,39.934334
2016-12-28,40.73,40.75,40.225,40.040001,580400,39.696396
2016-12-29,40.487,40.962,40.336,40.490002,672400,40.142536
2016-12-30,41.002,41.486,40.719,41.040001,708700,40.687813
2017-01-03,41.647,41.657,41.163,41.139999,1042700,40.786953
2017-01-04,41.819,42.152,41.496,41.73,1202300,41.371891
2017-01-05,41.879,42.212,41.476,41.810001,696300,41.451206
2017-01-06,42.061,42.404,41.97,41.860001,496500,41.500778
2017-01-09,42.333,42.333,41.789,41.470001,891600,41.114124
2017-01-10,41.799,41.799,41.355,41.040001,715500,40.687813
2017-01-11,41.385,41.567,41.042,40.73,733100,40.380474
2017-01-12,41.153,41.264,40.679,40.900002,572300,40.549015
2017-01-13,41.234,41.355,41.062,40.810001,371300,40.459789
2017-01-17,41.355,41.506,41.244,41.139999,778600,40.786953
2017-01-18,41.425,41.728,41.395,41.240002,498100,40.886101
2017-01-19,41.425,41.496,41.062,40.810001,627200,40.459789
2017-01-20,41.204,41.486,41.052,41.119999,539600,40.767128
2017-01-23,41.496,41.839,41.395,41.41,849900,41.054638
2017-01-24,41.758,41.96,41.587,41.389999,562400,41.034813
2017-01-25,41.758,41.849,41.345,41.110001,567000,40.757214
2017-01-26,41.476,41.668,41.325,41.02,796200,40.667984
2017-01-27,41.425,41.617,40.78,40.59,554200,40.241676
2017-01-30,40.84,40.901,40.548,40.330002,478800,39.983906
2017-01-31,40.709,41.284,40.709,40.66,852400,40.311073
2017-02-01,40.992,41.244,40.467,40.139999,760000,39.795536
2017-02-02,40.498,41.002,40.498,40.59,570100,40.241676
2017-02-03,41.284,41.355,41.002,40.82,399100,40.469704
2017-02-06,41.274,41.274,41.002,40.75,591400,40.400303
2017-02-07,41.173,41.274,40.84,40.529999,598400,40.18219
2017-02-08,40.881,41.355,40.881,40.900002,395500,40.549015
2017-02-09,41.254,41.425,41.204,40.990002,931600,40.638245
2017-02-10,41.385,41.668,41.294,41.290001,746400,40.935669
2017-02-13,41.728,41.819,41.405,41.299999,1376400,40.945583
2017-02-14,41.627,41.627,41.093,41.110001,605900,40.757214
2017-02-15,41.304,41.345,40.941,40.93,658400,40.578758
2017-02-16,41.315,41.839,41.304,41.209999,858800,40.856354
2017-02-17,41.617,41.708,41.304,41.32,457600,40.965412
2017-02-21,41.657,42.283,41.577,41.869999,705700,41.510689
2017-02-22,42.323,42.424,41.859,41.709999,1028300,41.352062
2017-02-23,42.243,42.343,41.91,41.939999,779100,41.58009
2017-02-24,42.353,42.464,42.041,42.080002,614200,41.718891
2017-02-27,42.525,42.848,42.414,42.330002,574500,41.966747
2017-02-28,42.727,42.727,42.313,42.060001,682300,41.699062
2017-03-01,42.323,42.555,42.192,41.93,945400,41.570175
2017-03-02,42.222,42.303,41.93,41.740002,728500,41.381809
2017-03-03,42.061,42.222,41.506,41.549999,718100,41.193436
2017-03-06,41.829,41.829,41.547,41.380001,753200,41.024899
2017-03-07,41.688,41.698,41.325,41.18,838300,40.826614
2017-03-08,41.345,41.345,40.861,40.540001,687000,40.192104
2017-03-09,40.861,41.002,40.114,39.84,676900,39.498112
2017-03-10,40.407,40.689,39.781,39.66,609800,39.319656
2017-03-13,40.013,40.296,39.892,39.709999,1499100,39.369225
2017-03-14,40.023,40.145,39.721,39.700001,573800,39.359314
2017-03-15,40.185,41.083,40.144,40.549999,860000,40.202019
2017-03-16,40.851,41.083,40.75,40.48,719000,40.132618
2017-03-17,40.972,41.133,40.79,40.650002,598200,40.301163
2017-03-20,40.819,40.87,40.618,40.439999,514800,40.20274
2017-03-21,40.749,40.86,40.447,40.299999,569600,40.06356
2017-03-22,40.638,40.638,40.045,40.25,663100,40.013855
2017-03-23,40.447,41.081,40.437,40.560001,679000,40.322037
2017-03-24,40.92,41.011,40.729,40.529999,1459200,40.29221
2017-03-27,40.679,40.86,40.226,40.119999,997100,39.884617
2017-03-28,40.407,40.568,40.035,40.279999,721900,40.043678
2017-03-29,40.568,40.709,40.367,40.419998,436600,40.182858
2017-03-30,40.659,40.83,40.347,40.560001,387600,40.322037
2017-03-31,40.779,41.131,40.769,40.779999,459000,40.540745
2017-04-03,40.93,41.192,40.87,40.869999,749700,40.630219
2017-04-04,41.101,41.393,41.041,40.860001,389600,40.620277
2017-04-05,41.212,41.363,41.101,40.93,355000,40.689865
2017-04-06,41.192,41.443,40.97,41.150002,384400,40.908577
2017-04-07,41.423,41.584,41.322,41.150002,1642200,40.908577
2017-04-10,41.483,41.775,41.343,41.48,1643600,41.236637
2017-04-11,41.715,42.067,41.675,41.75,616600,41.505054
2017-04-12,42.027,42.137,41.846,41.68,482100,41.435467
2017-04-13,41.956,41.976,41.765,41.57,395500,41.326111
2017-04-17,41.946,42.318,41.866,42.07,2159200,41.823177
2017-04-18,42.348,42.469,42.278,42.169998,448400,41.922588
2017-04-19,42.419,42.519,42.288,42.110001,498100,41.862942
2017-04-20,42.399,42.409,42.037,42.099998,477400,41.853001
2017-04-21,42.318,42.369,42.107,41.950001,1406700,41.703884
2017-04-24,42.338,42.338,41.282,41.459999,459400,41.216755
2017-04-25,41.725,41.916,41.624,41.66,499400,41.415585
2017-04-26,41.886,41.926,41.443,41.259998,957500,41.017929
2017-04-27,41.524,41.654,41.272,41.110001,412700,40.868809
2017-04-28,41.312,41.312,40.769,40.68,694300,40.441334
2017-05-01,41.061,41.302,40.759,40.98,514800,40.739571
2017-05-02,41.252,41.343,40.98,40.919998,487000,40.679924
2017-05-03,41.182,41.202,40.477,40.369999,562000,40.133152
2017-05-04,40.387,40.608,40.075,40.349998,750200,40.113266
2017-05-05,40.638,40.86,40.588,40.619999,485900,40.381683
2017-05-08,40.89,40.96,40.377,40.34,399400,40.103329
2017-05-09,40.548,40.638,40.216,40.139999,480200,39.904499
2017-05-10,40.387,40.85,40.266,40.490002,349900,40.252449
2017-05-11,40.548,40.568,40.135,40.290001,483200,40.053623
2017-05-12,40.578,40.578,40.246,40.040001,400400,39.805088
2017-05-15,40.296,40.709,40.296,40.169998,376500,39.934322
2017-05-16,40.397,40.407,40.015,39.880001,380000,39.646027
2017-05-17,40.045,40.457,40.005,40.060001,1001800,39.82497
2017-05-18,40.276,40.638,40.035,40.32,448100,40.083443
2017-05-19,40.558,41.031,40.367,40.580002,389100,40.341923
2017-05-22,40.83,41.081,40.789,40.66,416900,40.421452
2017-05-23,40.97,41.141,40.91,40.720001,381900,40.481098
2017-05-24,41.001,41.292,41.001,41.02,303600,40.779339
2017-05-25,41.343,41.463,41.192,40.990002,301600,40.749516
2017-05-26,41.252,41.282,40.789,40.68,877700,40.441334
2017-05-30,40.92,40.96,40.648,40.41,537000,40.172916
2017-05-31,40.719,40.819,40.508,40.439999,542100,40.20274
2017-06-01,40.669,40.9,40.447,40.619999,635800,40.381683
2017-06-02,41.091,41.302,41.011,40.950001,321700,40.709751
2017-06-05,41.161,41.212,40.87,40.889999,407800,40.650101
2017-06-06,41.071,41.131,40.819,40.650002,548200,40.41151
2017-06-07,40.95,41.322,40.89,41,354000,40.759457
2017-06-08,41.272,41.272,40.789,40.93,305200,40.689865
2017-06-09,41.161,41.574,41.011,41.209999,472500,40.968224
2017-06-12,41.433,41.886,41.433,41.639999,676500,41.395699
2017-06-13,41.846,42.017,41.664,41.709999,413600,41.46529
2017-06-14,42.238,42.288,41.886,41.779999,456900,41.534878
2017-06-15,41.866,42.379,41.866,42.049999,260700,41.803295
2017-06-16,42.268,42.298,41.966,41.93,385800,41.683998
2017-06-19,41.72,41.85,41.5,41.669998,322300,41.669998
2017-06-20,41.69,41.78,41.23,41.57,373800,41.57
2017-06-21,41.56,41.64,41.25,41.490002,282800,41.490002
2017-06-22,41.49,41.61,41.29,41.52,406600,41.52
2017-06-23,41.56,41.88,41.52,41.68,356300,41.68
2017-06-26,41.8,42.06,41.78,41.889999,590800,41.889999
2017-06-27,41.72,41.94,41.56,41.580002,521400,41.580002
2017-06-28,41.84,41.84,41.58,41.650002,369400,41.650002
2017-06-29,41.43,41.55,41.22,41.290001,361000,41.290001
2017-06-30,NA,NA,NA,NA,NA,NA
2017-07-03,41.41,41.88,41.31,41.830002,688400,41.830002
2017-07-07,40.43,40.7,40.33,40.59,439647,40.59
