"Date","SCHP.Open","SCHP.High","SCHP.Low","SCHP.Close","SCHP.Volume","SCHP.Adjusted"
2010-08-05,54.643,54.72,54.611,50.110001,4600,45.925117
2010-08-06,54.829,54.862,54.753,50.220001,9800,46.025928
2010-08-09,54.84,54.84,54.654,50.189999,23200,45.998428
2010-08-10,54.753,55.102,54.731,50.48,21900,46.264217
2010-08-11,55.145,55.178,55.058,50.48,22400,46.264217
2010-08-12,55.102,55.102,54.687,50.169998,104000,45.980091
2010-08-13,54.807,55.004,54.753,50.34,129700,46.135902
2010-08-16,55.244,55.244,55.058,50.5,60200,46.282551
2010-08-17,55.036,55.058,54.894,50.360001,81300,46.154232
2010-08-18,55.069,55.069,54.884,50.299999,28000,46.099255
2010-08-19,54.884,55.036,54.862,50.360001,16800,46.154232
2010-08-20,54.971,54.971,54.829,50.25,19700,46.053425
2010-08-23,54.785,54.927,54.687,50.34,15600,46.135902
2010-08-24,55.156,56.902,54.96,50.48,26200,46.264217
2010-08-25,55.222,55.222,54.993,50.470001,34500,46.255054
2010-08-26,55.2,55.407,55.156,50.779999,15200,46.539165
2010-08-27,55.407,55.407,55.014,50.419998,48200,46.209244
2010-08-30,55.265,55.32,55.156,50.650002,25400,46.420033
2010-08-31,55.462,55.462,55.331,50.759998,20800,46.52084
2010-09-01,55.222,55.222,54.884,50.57,35500,46.346706
2010-09-02,55.124,55.145,54.993,50.48,12400,46.264217
2010-09-03,54.927,55.036,54.905,50.389999,13300,46.181728
2010-09-07,55.255,55.353,55.167,50.73,17700,46.493328
2010-09-08,55.298,55.298,55.113,50.580002,17400,46.35585
2010-09-09,55.124,55.124,54.938,50.41,23500,46.200069
2010-09-10,55.058,55.167,55.036,50.450001,15500,46.236725
2010-09-13,55.08,55.396,55.08,50.73,10200,46.493328
2010-09-14,55.516,55.516,55.429,50.830002,26700,46.584999
2010-09-15,55.353,55.418,55.211,50.630001,21700,46.401691
2010-09-16,55.156,55.156,54.949,50.459999,26800,46.245884
2010-09-17,55.102,55.167,55.004,50.43,11200,46.218395
2010-09-20,55.134,55.276,55.091,50.610001,24100,46.383366
2010-09-21,55.407,55.953,55.342,51.25,47300,46.969902
2010-09-22,56.226,56.28,56.062,51.389999,15100,47.098221
2010-09-23,56.149,56.149,55.876,51.330002,14800,47.043236
2010-09-24,55.855,55.942,55.746,51.09,24200,46.823284
2010-09-27,55.789,55.942,55.756,51.240002,16600,46.960758
2010-09-28,56.062,56.378,56.029,51.549999,17100,47.244865
2010-09-29,56.247,56.247,55.986,51.360001,19500,47.070724
2010-09-30,55.986,56.138,55.647,51.27,25400,46.988239
2010-10-01,55.876,56.007,55.833,51.310001,15400,47.034081
2010-10-04,56.051,56.051,55.964,51.349998,39700,47.07074
2010-10-05,56.138,56.346,56.106,51.610001,21600,47.309078
2010-10-06,56.924,57.262,56.858,52.119999,44300,47.776562
2010-10-07,56.924,56.924,56.673,52.029999,24500,47.694073
2010-10-08,56.989,57.055,56.924,52.27,29300,47.914066
2010-10-11,57.131,57.131,56.978,52.259998,11400,47.904892
2010-10-12,57.011,57.055,56.804,52.099998,57200,47.758247
2010-10-13,56.869,57.186,56.869,52.389999,23800,48.024067
2010-10-14,57.295,57.546,57.273,52.580002,28200,48.19825
2010-10-15,57.273,57.273,56.946,52.27,31600,47.914066
2010-10-18,57.087,57.196,57.066,52.34,17800,47.978241
2010-10-19,56.891,57.24,56.891,52.459999,17200,48.08823
2010-10-20,57.153,57.229,57.109,52.43,10900,48.060745
2010-10-21,57.218,57.295,57.164,52.43,12400,48.060745
2010-10-22,57.109,57.229,57.087,52.419998,24700,48.051571
2010-10-25,57.327,57.447,57.327,52.599998,36100,48.216576
2010-10-26,57.251,57.251,57.066,52.32,15800,47.959908
2010-10-27,56.88,56.913,56.727,52.040001,19500,47.703247
2010-10-28,56.858,56.989,56.836,52.18,7500,47.831573
2010-10-29,57.098,57.142,57.033,52.369999,53000,48.005737
2010-11-01,57.206,57.206,56.977,52.360001,32400,48.03418
2010-11-02,57.228,57.337,57.173,52.5,18700,48.162621
2010-11-03,57.446,57.501,57.032,52.5,32000,48.162621
2010-11-04,57.501,57.566,57.173,52.48,27800,48.144264
2010-11-05,57.141,57.184,57.032,52.349998,55200,48.024998
2010-11-08,57.184,57.184,56.988,52.34,26000,48.015835
2010-11-09,57.13,57.13,56.563,51.91,47800,47.621353
2010-11-10,56.607,56.748,56.247,52.029999,47600,47.731449
2010-11-11,56.781,56.846,56.737,52.139999,24700,47.832355
2010-11-12,56.661,56.77,56.28,51.630001,72800,47.364491
2010-11-15,56.073,56.138,55.593,51.029999,40500,46.814056
2010-11-16,55.756,55.833,55.299,51.060001,57400,46.841579
2010-11-17,55.691,55.822,55.647,51.110001,9100,46.887436
2010-11-18,55.756,55.778,55.571,51.169998,15000,46.942497
2010-11-19,55.789,55.953,55.756,51.330002,34000,47.089279
2010-11-22,56.116,56.203,56.018,51.549999,24700,47.291103
2010-11-23,56.389,56.389,56.182,51.57,32400,47.309452
2010-11-24,56.062,56.062,55.789,51.189999,24600,46.96085
2010-11-26,56.007,56.062,55.942,51.419998,8900,47.171837
2010-11-29,56.247,56.247,56.073,51.509998,20100,47.254398
2010-11-30,56.356,56.356,56.029,51.43,28000,47.181015
2010-12-01,55.651,55.727,55.499,51.009998,42900,46.84763
2010-12-02,55.477,55.706,55.444,50.990002,17600,46.829266
2010-12-03,55.64,55.64,55.455,50.959999,25900,46.80172
2010-12-06,55.662,55.771,55.629,51.220001,27800,47.040504
2010-12-07,55.564,55.629,55.161,50.75,69400,46.608852
2010-12-08,54.998,55.02,54.649,50.279999,38300,46.1772
2010-12-09,54.78,54.78,54.53,50.189999,29500,46.094536
2010-12-10,54.53,54.584,54.388,50.02,22200,45.938416
2010-12-13,54.366,54.736,54.334,50.150002,36300,46.057804
2010-12-14,54.464,54.508,54.018,49.790001,35500,45.72718
2010-12-15,54.377,54.486,54.257,49.869999,19400,45.800648
2010-12-16,54.377,54.628,54.29,50.169998,24400,46.076172
2010-12-17,54.682,54.987,54.671,50.419998,12200,46.305786
2010-12-20,54.998,55.052,54.769,50.360001,18500,46.250675
2010-12-21,54.976,54.998,54.78,50.450001,93800,46.333336
2010-12-22,54.943,54.954,54.78,50.439999,28700,46.324131
2010-12-23,54.889,54.889,54.769,50.400002,11900,46.287411
2010-12-27,54.758,54.911,54.66,50.43,23800,46.31496
2010-12-28,54.791,54.791,54.421,50.009998,19300,45.929226
2010-12-29,54.293,54.739,54.239,50.27,33000,46.24847
2010-12-30,54.619,54.619,54.456,50.240002,23000,46.220863
2010-12-31,54.772,54.891,54.641,50.5,29700,46.460079
2011-01-03,54.717,54.902,54.609,50.380001,30900,46.349689
2011-01-04,54.772,54.946,54.739,50.52,31000,46.478481
2011-01-05,54.804,54.891,54.511,50.310001,17500,46.285271
2011-01-06,54.706,54.848,54.609,50.400002,53900,46.368073
2011-01-07,54.956,55.163,54.891,50.599998,26000,46.552078
2011-01-10,55.152,55.196,55.054,50.73,26100,46.671692
2011-01-11,55.185,55.228,55.033,50.779999,15400,46.717682
2011-01-12,55.022,55.196,54.967,50.720001,28600,46.662476
2011-01-13,55.043,55.283,55.033,50.830002,35400,46.763683
2011-01-14,55.359,55.359,55.087,50.709999,28900,46.653282
2011-01-18,54.967,55.13,54.848,50.709999,57400,46.653282
2011-01-19,55.119,55.206,55.087,50.740002,30700,46.680882
2011-01-20,54.935,54.935,54.587,50.259998,30200,46.239277
2011-01-21,54.565,54.717,54.543,50.310001,15300,46.285271
2011-01-24,54.793,54.793,54.652,50.279999,39200,46.257675
2011-01-25,54.75,54.946,54.641,50.459999,37400,46.423264
2011-01-26,54.783,54.804,54.619,50.310001,35300,46.285271
2011-01-27,54.728,54.739,54.576,50.32,31800,46.294468
2011-01-28,54.587,54.924,54.565,50.490002,28700,46.450874
2011-01-31,54.891,54.946,54.793,50.5,37500,46.460079
2011-02-01,54.724,54.843,54.659,50.400002,20200,46.380932
2011-02-02,54.952,54.952,54.593,50.290001,65400,46.279705
2011-02-03,54.507,54.561,54.398,50.07,32900,46.077244
2011-02-04,54.3,54.333,54.083,49.84,36000,45.865597
2011-02-07,54.039,54.159,53.963,49.82,48900,45.847187
2011-02-08,54.126,54.126,53.822,49.549999,37700,45.598724
2011-02-09,53.887,54.061,53.789,49.669998,33200,45.709141
2011-02-10,53.887,53.909,53.702,49.43,42100,45.488281
2011-02-11,53.898,53.952,53.746,49.59,29000,45.635517
2011-02-14,53.855,53.996,53.844,49.619999,49500,45.663128
2011-02-15,53.974,54.05,53.941,49.73,27000,45.764359
2011-02-16,53.996,54.094,53.887,49.669998,49300,45.709141
2011-02-17,54.018,54.593,53.931,49.830002,52300,45.856384
2011-02-18,54.104,54.398,54.104,50.040001,29800,46.049648
2011-02-22,54.789,54.93,54.691,50.52,77700,46.491367
2011-02-23,54.974,55.137,54.919,50.669998,32100,46.629391
2011-02-24,55.224,55.408,55.202,50.830002,40000,46.776638
2011-02-25,55.289,55.387,55.245,50.959999,257600,46.896275
2011-02-28,55.43,55.43,55.289,50.880001,93300,46.822647
2011-03-01,55.11,55.414,55.045,51.040001,23200,47.011482
2011-03-02,55.392,55.533,55.305,50.950001,91500,46.928585
2011-03-03,55.197,55.229,55.099,50.779999,27300,46.771992
2011-03-04,55.251,55.511,55.207,51.099998,36300,47.06673
2011-03-07,55.414,55.598,55.273,51.09,67000,47.057529
2011-03-08,55.555,55.555,55.435,51.119999,43800,47.085163
2011-03-09,55.577,55.685,55.457,51.23,38400,47.18647
2011-03-10,55.718,55.967,55.631,51.540001,39300,47.472012
2011-03-11,55.967,55.967,55.707,51.380001,66800,47.324631
2011-03-14,55.837,55.935,55.815,51.439999,71800,47.379894
2011-03-15,56.011,56.054,55.891,51.509998,103800,47.444378
2011-03-16,56.185,56.51,56.109,51.82,91900,47.729908
2011-03-17,56.261,56.402,56.185,51.919998,26100,47.822021
2011-03-18,56.217,56.347,56.141,51.860001,64100,47.76675
2011-03-21,56.293,56.293,56.043,51.720001,335900,47.637802
2011-03-22,56.033,56.033,55.902,51.549999,59000,47.481216
2011-03-23,56.109,56.109,55.837,51.459999,55000,47.398319
2011-03-24,55.805,55.935,55.718,51.5,50700,47.435169
2011-03-25,56.011,56.022,55.642,51.290001,51200,47.241741
2011-03-28,55.598,55.772,55.598,51.279999,35700,47.232513
2011-03-29,55.653,55.739,55.533,51.200001,23000,47.15884
2011-03-30,55.62,55.772,55.577,51.360001,35500,47.306217
2011-03-31,55.967,55.967,55.739,51.360001,30000,47.306217
2011-04-01,55.414,55.739,55.317,51.419998,33500,47.490929
2011-04-04,55.761,55.934,55.761,51.610001,41400,47.666424
2011-04-05,55.858,55.869,55.761,51.529999,61500,47.592518
2011-04-06,55.696,55.696,55.447,51.209999,48500,47.296986
2011-04-07,55.512,55.62,55.458,51.349998,29800,47.426273
2011-04-08,55.533,55.728,55.512,51.41,35100,47.481697
2011-04-11,55.761,55.793,55.674,51.43,24700,47.500168
2011-04-12,55.815,56.01,55.75,51.669998,31200,47.721836
2011-04-13,55.902,56.107,55.847,51.799999,44700,47.841896
2011-04-14,56.14,56.216,55.988,51.75,23600,47.795712
2011-04-15,56.248,56.454,56.205,52.07,47300,48.09127
2011-04-18,59.767,59.767,56.259,52.150002,88000,48.165157
2011-04-19,56.389,56.692,56.389,52.330002,63000,48.331398
2011-04-20,56.735,56.735,56.421,52.119999,58900,48.137447
2011-04-21,56.378,56.443,56.27,52.009998,60600,48.035843
2011-04-25,56.443,56.53,56.367,52.16,56100,48.174377
2011-04-26,56.573,56.67,56.519,52.32,49200,48.32217
2011-04-27,56.573,56.573,56.421,52.169998,41200,48.183624
2011-04-28,56.681,56.833,56.616,52.369999,38500,48.368343
2011-04-29,56.714,56.908,56.67,52.5,76000,48.488415
2011-05-02,56.517,56.625,56.452,52.389999,59000,48.536583
2011-05-03,56.614,56.646,56.528,52.459999,37000,48.60144
2011-05-04,56.754,56.862,56.7,52.560001,36000,48.694096
2011-05-05,56.733,56.733,56.56,52.509998,33700,48.647755
2011-05-06,56.452,56.711,56.377,52.439999,40900,48.582912
2011-05-09,56.668,56.765,56.657,52.580002,49000,48.712627
2011-05-10,56.722,56.722,56.539,52.439999,135900,48.582912
2011-05-11,56.593,56.614,56.441,52.32,21600,48.471725
2011-05-12,56.528,56.528,56.29,52.220001,77000,48.379093
2011-05-13,56.269,56.387,56.215,52.220001,28100,48.379093
2011-05-16,56.474,56.474,56.312,52.25,28500,48.406887
2011-05-17,56.29,56.42,56.236,52.27,16400,48.425423
2011-05-18,56.495,56.517,56.333,52.240002,13600,48.397617
2011-05-19,56.269,56.344,56.15,52.119999,23900,48.286442
2011-05-20,56.193,56.258,56.085,52.119999,31500,48.286442
2011-05-23,56.258,56.333,56.247,52.130001,57500,48.295712
2011-05-24,56.409,56.528,56.398,52.369999,15700,48.518063
2011-05-25,56.549,56.582,56.441,52.369999,22800,48.518063
2011-05-26,56.56,56.722,56.56,52.509998,27300,48.647755
2011-05-27,56.647,56.776,56.571,52.549999,74200,48.684807
2011-05-31,56.711,56.733,56.646,52.509998,80100,48.647755
2011-06-01,56.158,56.372,56.158,52.52,31900,48.930988
2011-06-02,56.19,56.276,56.136,52.360001,47300,48.781918
2011-06-03,56.48,56.48,56.136,52.459999,31300,48.875088
2011-06-06,56.222,56.34,56.158,52.470001,24700,48.884399
2011-06-07,56.276,56.383,56.158,52.529999,46900,48.940304
2011-06-08,56.447,56.598,56.383,52.549999,59400,48.958939
2011-06-09,56.598,56.598,56.286,52.459999,28600,48.875088
2011-06-10,56.49,56.49,56.265,52.48,42300,48.893723
2011-06-13,56.286,56.415,56.211,52.450001,43600,48.865772
2011-06-14,56.211,56.233,56.082,52.290001,29300,48.716702
2011-06-15,56.286,56.555,56.243,52.619999,16300,49.024158
2011-06-16,56.469,56.555,56.447,52.59,64400,48.996193
2011-06-17,56.512,56.512,56.19,52.509998,34700,48.921665
2011-06-20,56.544,56.544,56.168,52.43,54500,48.847149
2011-06-21,56.233,56.351,56.222,52.48,33300,48.893723
2011-06-22,56.404,56.404,56.158,52.380001,32900,48.800552
2011-06-23,56.34,56.694,56.34,52.740002,59300,49.135948
2011-06-24,56.684,57.006,56.684,52.93,37600,49.312977
2011-06-27,56.93,56.93,56.651,52.860001,75100,49.247761
2011-06-28,56.694,56.737,56.437,52.650002,26500,49.052109
2011-06-29,56.587,56.619,56.437,52.689999,39700,49.089378
2011-06-30,56.641,56.641,56.19,52.599998,48500,49.00552
2011-07-01,55.925,56.085,55.711,52.360001,55600,49.041111
2011-07-05,56.042,56.074,55.882,52.439999,60400,49.116032
2011-07-06,56.096,56.16,55.989,52.52,34300,49.190975
2011-07-07,56.032,56.128,55.936,52.540001,31300,49.209698
2011-07-08,56.32,56.437,56.277,52.790001,34700,49.443859
2011-07-11,56.651,56.811,56.448,53.099998,55200,49.7342
2011-07-12,56.907,56.907,56.715,53.25,32100,49.874695
2011-07-13,56.822,57.057,56.726,53.439999,29300,50.052647
2011-07-14,56.854,56.95,56.619,53.049999,39900,49.687374
2011-07-15,56.523,56.832,56.491,53.23,61100,49.855972
2011-07-18,57.067,57.067,56.736,53.25,60500,49.874695
2011-07-19,57.025,57.195,56.896,53.52,56400,50.12759
2011-07-20,56.971,56.993,56.811,53.259998,35300,49.884064
2011-07-21,56.726,56.8,56.587,53.139999,27100,49.771683
2011-07-22,57.025,57.025,56.758,53.330002,34900,49.949623
2011-07-25,56.715,57.035,56.683,53.400002,45100,50.01519
2011-07-26,57.089,57.163,57.035,53.439999,105400,50.052647
2011-07-27,56.993,57.163,56.993,53.529999,23300,50.136951
2011-07-28,57.462,57.462,57.185,53.720001,28100,50.314907
2011-07-29,57.58,58.124,57.484,54.34,50400,50.895599
2011-08-01,57.473,57.856,57.409,54.290001,27500,51.094193
2011-08-02,57.749,58.111,57.664,54.669998,91600,51.451817
2011-08-03,58.047,58.408,57.622,54.299999,57600,51.1036
2011-08-04,57.739,58.196,57.558,54.720001,57700,51.498867
2011-08-05,58.036,58.143,57.548,54.16,63400,50.971836
2011-08-08,57.675,58.238,57.601,54.68,67300,51.461239
2011-08-09,58.398,59.343,58.153,55.220001,44800,51.969448
2011-08-10,59.333,59.97,59.205,56.27,96300,52.95763
2011-08-11,59.46,59.46,58.387,55.099998,78800,51.85651
2011-08-12,58.823,59.003,58.748,55.459999,33900,52.19532
2011-08-15,58.684,58.78,58.461,55.040001,84100,51.800037
2011-08-16,58.514,58.77,58.483,55.139999,112000,51.89415
2011-08-17,58.748,58.908,58.557,55.439999,22000,52.176495
2011-08-18,59.428,59.492,58.493,55.099998,59400,51.85651
2011-08-19,58.631,58.95,58.621,55.360001,49000,52.101208
2011-08-22,58.791,58.961,58.695,55.389999,38000,52.129429
2011-08-23,58.706,58.844,58.302,55,36000,51.762394
2011-08-24,58.302,58.302,57.643,54.27,61800,51.075356
2011-08-25,57.771,58.174,57.771,54.709999,24000,51.489464
2011-08-26,58.366,58.461,58.036,54.82,26000,51.592987
2011-08-29,57.834,57.973,57.803,54.470001,34100,51.263584
2011-08-30,58.121,58.27,58.121,54.779999,20800,51.555351
2011-08-31,58.238,58.313,57.93,54.560001,46300,51.348282
2011-09-01,57.879,58.261,57.646,54.939999,23400,51.808475
2011-09-02,58.674,58.717,58.441,55.349998,25300,52.195114
2011-09-06,59.088,59.088,58.324,55.110001,67900,51.968792
2011-09-07,58.346,58.377,58.134,54.84,56400,51.714176
2011-09-08,58.441,58.526,58.24,55.18,32200,52.034801
2011-09-09,58.547,58.696,58.484,55.299999,19400,52.147953
2011-09-12,58.59,58.664,58.441,55.150002,16300,52.006516
2011-09-13,58.43,58.43,58.197,54.889999,25100,51.761322
2011-09-14,58.176,58.176,58.017,54.779999,35200,51.657589
2011-09-15,58.028,58.102,57.943,54.639999,22500,51.525578
2011-09-16,57.932,58.155,57.89,54.799999,53400,51.67646
2011-09-19,58.441,58.441,58.229,54.939999,38000,51.808475
2011-09-20,58.261,58.43,58.197,55.099998,24300,51.959358
2011-09-21,58.537,58.727,58.42,55.18,35500,52.034801
2011-09-22,58.579,58.696,58.356,55.150002,43300,52.006516
2011-09-23,58.399,58.399,57.964,54.799999,42300,51.67646
2011-09-26,58.049,58.091,57.784,54.57,35200,51.45956
2011-09-27,57.625,57.89,57.582,54.57,22900,51.45956
2011-09-28,57.815,57.964,57.731,54.549999,22000,51.440704
2011-09-29,57.9,58.006,57.773,54.48,27200,51.374695
2011-09-30,57.9,57.953,57.667,54.43,37500,51.327553
2011-10-03,57.845,58.216,57.697,54.900002,57700,51.839336
2011-10-04,58.268,58.438,58.067,54.84,31500,51.782673
2011-10-05,58.268,58.279,57.887,54.779999,35300,51.726025
2011-10-06,58.057,58.088,57.887,54.68,32000,51.631588
2011-10-07,57.866,58.004,57.728,54.66,20300,51.612717
2011-10-10,57.824,57.824,57.326,54.32,33400,51.29166
2011-10-11,57.675,57.686,57.538,54.369999,8400,51.338871
2011-10-12,57.315,57.474,57.178,54.169998,43700,51.150024
2011-10-13,57.538,57.591,57.315,54.150002,25200,51.131138
2011-10-14,57.178,57.347,57.104,54.07,24300,51.055599
2011-10-17,57.273,57.559,57.273,54.32,21100,51.29166
2011-10-18,57.633,57.728,57.527,54.389999,28800,51.357758
2011-10-19,57.485,57.834,57.485,54.450001,38600,51.41441
2011-10-20,57.686,57.898,57.517,54.529999,33200,51.489948
2011-10-21,57.76,57.845,57.633,54.459999,20400,51.423855
2011-10-24,57.813,57.813,57.697,54.540001,49700,51.499405
2011-10-25,57.813,58.321,57.813,55.07,23500,51.999855
2011-10-26,58.184,58.353,58.11,54.950001,24500,51.886547
2011-10-27,58.353,58.353,57.781,54.639999,48800,51.593838
2011-10-28,57.972,58.12,57.93,54.84,35400,51.782673
2011-10-31,58.374,58.639,58.374,55.360001,42800,52.273685
2011-11-01,58.776,59.072,58.702,55.869999,47300,52.850719
2011-11-02,58.808,59.146,58.808,55.939999,19400,52.916943
2011-11-03,58.977,59.093,58.797,55.689999,42400,52.680454
2011-11-04,58.819,59.167,58.819,55.900002,23500,52.879101
2011-11-07,59.146,59.548,59.136,56.119999,42200,53.087208
2011-11-08,59.241,59.337,58.935,55.779999,40300,52.765575
2011-11-09,59.252,59.284,58.967,55.810001,34700,52.793957
2011-11-10,58.85,59.041,58.819,55.830002,44200,52.812881
2011-11-11,58.84,58.903,58.776,55.619999,43800,52.614231
2011-11-14,58.935,59.009,58.882,55.799999,37400,52.784512
2011-11-15,58.956,58.977,58.565,55.549999,56200,52.548004
2011-11-16,58.649,58.649,58.512,55.43,20500,52.434505
2011-11-17,58.406,58.597,58.311,55.400002,48100,52.406116
2011-11-18,58.607,58.639,58.512,55.41,27100,52.415577
2011-11-21,58.85,58.85,58.417,55.299999,66100,52.311523
2011-11-22,58.459,58.66,58.375,55.470001,18000,52.47234
2011-11-23,58.554,58.893,58.554,55.669998,32600,52.661522
2011-11-25,58.776,58.787,58.628,55.540001,7600,52.538563
2011-11-28,58.597,58.914,58.597,55.639999,36400,52.633148
2011-11-29,58.829,59.019,58.776,55.619999,33900,52.614231
2011-11-30,58.893,58.945,58.692,55.57,49200,52.56694
2011-12-01,58.514,58.578,58.377,55.450001,92700,52.536617
2011-12-02,58.419,58.757,58.388,55.669998,40900,52.745056
2011-12-05,58.578,58.799,58.472,55.650002,61100,52.726105
2011-12-06,58.588,58.747,58.525,55.509998,38800,52.593456
2011-12-07,58.609,58.63,58.504,55.450001,53200,52.536617
2011-12-08,58.599,58.704,58.419,55.450001,27500,52.536617
2011-12-09,58.546,58.546,58.208,55.169998,36000,52.271317
2011-12-12,58.462,58.609,58.462,55.459999,46400,52.546082
2011-12-13,58.504,58.842,58.451,55.66,25100,52.73558
2011-12-14,58.799,58.831,58.704,55.73,47800,52.801891
2011-12-15,58.715,58.852,58.567,55.57,117400,52.650318
2011-12-16,58.704,58.884,58.673,55.709999,57600,52.782959
2011-12-19,58.768,59.095,58.757,55.959999,25800,53.019817
2011-12-20,58.915,59.053,58.852,55.939999,42400,53.00087
2011-12-21,59.116,59.148,58.81,55.740002,55800,52.811378
2011-12-22,58.937,59.032,58.736,55.669998,48500,52.745056
2011-12-23,58.63,58.725,58.514,55.549999,71700,52.631355
2011-12-27,58.662,58.673,58.43,55.48,120600,52.565044
2011-12-28,58.694,58.799,58.652,55.66,50500,52.73558
2011-12-29,58.725,58.736,58.609,55.610001,85800,52.68821
2011-12-30,58.789,58.842,58.609,55.619999,85300,52.697685
2012-01-03,58.683,59.981,58.493,55.490002,380600,52.57452
2012-01-04,58.683,59.359,58.599,55.669998,107300,52.745056
2012-01-05,58.905,59.01,58.789,55.779999,219700,52.849274
2012-01-06,58.968,59.095,58.958,55.900002,63000,52.962978
2012-01-09,59.042,59.19,59.01,55.950001,98200,53.010349
2012-01-10,59.021,59.063,58.831,55.77,60000,52.839802
2012-01-11,58.873,59.021,58.842,55.860001,64400,52.925076
2012-01-12,58.958,59,58.778,55.830002,55600,52.896656
2012-01-13,59.084,59.169,59.053,55.98,22200,53.038765
2012-01-17,59.127,59.264,59.105,56.119999,53300,53.171417
2012-01-18,59.359,59.38,59.053,56,63600,53.057713
2012-01-19,58.937,59.021,58.799,55.849998,54500,52.9156
2012-01-20,58.915,58.926,58.736,55.700001,48400,52.773479
2012-01-23,58.662,58.694,58.557,55.57,44200,52.650318
2012-01-24,58.725,58.736,58.588,55.630001,24200,52.707161
2012-01-25,58.652,59.412,58.652,56.060001,150400,53.114567
2012-01-26,59.591,59.602,59.369,56.299999,49300,53.341953
2012-01-27,59.623,59.623,59.317,56.380001,103500,53.417751
2012-01-30,59.749,59.813,59.633,56.540001,67100,53.569344
2012-01-31,59.749,59.96,59.749,56.810001,54000,53.82515
2012-02-01,59.855,59.918,59.749,56.77,104100,53.787262
2012-02-02,59.939,60.045,59.876,56.830002,69500,53.844101
2012-02-03,59.633,59.675,59.433,56.380001,88900,53.417751
2012-02-06,59.517,59.76,59.454,56.610001,34600,53.635666
2012-02-07,59.675,59.675,59.475,56.389999,38500,53.427235
2012-02-08,59.57,59.591,59.475,56.389999,55200,53.427235
2012-02-09,59.507,59.507,59.2,56.200001,38900,53.247219
2012-02-10,59.485,59.612,59.338,56.439999,21600,53.474606
2012-02-13,59.58,59.686,59.517,56.540001,51500,53.569344
2012-02-14,59.665,59.76,59.633,56.509998,47300,53.54092
2012-02-15,59.697,59.844,59.697,56.610001,30900,53.635666
2012-02-16,59.728,59.844,59.454,56.48,43700,53.512505
2012-02-17,59.58,59.612,59.38,56.43,47700,53.465115
2012-02-21,59.528,59.602,59.369,56.34,69800,53.379852
2012-02-22,59.57,59.749,59.538,56.610001,49000,53.635666
2012-02-23,59.781,59.834,59.697,56.650002,41100,53.673565
2012-02-24,59.844,59.844,59.728,56.669998,43700,53.692516
2012-02-27,59.929,59.96,59.834,56.75,61900,53.768311
2012-02-28,59.971,60.013,59.823,56.720001,67500,53.739895
2012-02-29,59.929,59.929,59.644,56.540001,61600,53.569344
2012-03-01,59.559,59.58,59.433,56.389999,129000,53.427235
2012-03-02,59.549,59.633,59.433,56.389999,202200,53.427235
2012-03-05,59.57,59.57,59.169,56.110001,95400,53.161942
2012-03-06,59.327,59.517,59.327,56.32,38000,53.360912
2012-03-07,59.538,59.538,59.433,56.41,41700,53.446171
2012-03-08,59.443,59.528,59.38,56.360001,78900,53.3988
2012-03-09,59.475,59.633,59.317,56.5,33200,53.531448
2012-03-12,59.686,59.707,59.612,56.529999,74100,53.559875
2012-03-13,59.654,59.654,59.475,56.360001,42600,53.3988
2012-03-14,59.338,59.338,58.894,55.889999,95600,52.953499
2012-03-15,58.989,59.2,58.958,55.98,47600,53.038765
2012-03-16,58.937,59.148,58.852,56.02,54200,53.07666
2012-03-19,59.116,59.116,58.747,55.799999,108700,52.868229
2012-03-20,58.842,58.958,58.736,55.77,52900,52.839802
2012-03-21,58.884,59.021,58.873,55.880001,34200,52.944023
2012-03-22,59.105,59.105,58.915,55.919998,30400,52.981918
2012-03-23,59.137,59.285,59.116,56.119999,31200,53.171417
2012-03-26,59.169,59.19,58.937,55.93,67900,52.99139
2012-03-27,59.021,59.253,59.021,56.119999,26300,53.171417
2012-03-28,59.158,59.264,59.116,56.09,56300,53.142998
2012-03-29,59.317,59.39,59.243,56.200001,49900,53.247219
2012-03-30,59.317,59.348,58.947,55.950001,50500,53.010349
2012-04-02,59.268,59.31,59.131,56.220001,129800,53.290916
2012-04-03,59.363,59.489,58.878,55.830002,69700,52.921242
2012-04-04,59.025,59.057,58.846,55.849998,41300,52.940201
2012-04-05,59.078,59.078,58.962,55.98,29600,53.063431
2012-04-09,59.479,59.479,59.342,56.27,44700,53.338318
2012-04-10,59.521,59.732,59.479,56.599998,45900,53.651119
2012-04-11,59.595,59.785,59.511,56.639999,318100,53.689034
2012-04-12,59.753,59.795,59.616,56.52,31000,53.575287
2012-04-13,59.859,59.901,59.774,56.75,13900,53.793308
2012-04-16,59.859,59.943,59.838,56.759998,37200,53.802792
2012-04-17,59.838,59.985,59.816,56.860001,34200,53.897575
2012-04-18,59.975,59.975,59.869,56.810001,14600,53.850193
2012-04-19,59.869,59.922,59.774,56.66,16300,53.708004
2012-04-20,59.732,59.911,59.679,56.790001,75700,53.831226
2012-04-23,60.08,60.08,59.985,56.889999,54500,53.926018
2012-04-24,60.027,60.049,59.943,56.860001,19400,53.897575
2012-04-25,59.848,59.964,59.743,56.82,34500,53.859653
2012-04-26,60.059,60.207,60.017,57.07,43900,54.096638
2012-04-27,60.196,60.238,60.101,57.049999,59800,54.077667
2012-04-30,60.228,60.27,60.133,57.029999,109000,54.058716
2012-05-01,60.011,60.011,59.811,56.889999,62000,54.035919
2012-05-02,59.926,59.99,59.916,56.959999,52000,54.102406
2012-05-03,59.916,60,59.874,56.900002,45000,54.045425
2012-05-04,59.947,59.947,59.821,56.939999,41100,54.083416
2012-05-07,59.979,60.021,59.905,56.939999,27000,54.083416
2012-05-08,60.053,60.158,60.053,57.07,445900,54.206902
2012-05-09,60.242,60.263,59.969,56.990002,35900,54.130913
2012-05-10,59.947,60,59.895,56.990002,23000,54.130913
2012-05-11,60.042,60.063,59.969,57.029999,40000,54.168903
2012-05-14,60.105,60.263,60.105,57.240002,71800,54.36837
2012-05-15,60.253,60.39,60.232,57.349998,44000,54.472851
2012-05-16,60.232,60.305,60.2,57.25,38500,54.377869
2012-05-17,60.137,60.611,60.116,57.459999,41300,54.577328
2012-05-18,60.39,60.621,60.39,57.529999,46700,54.643814
2012-05-21,60.642,60.769,60.59,57.639999,67500,54.748295
2012-05-22,60.653,60.653,60.495,57.529999,30300,54.643814
2012-05-23,60.611,60.684,60.548,57.509998,51000,54.624821
2012-05-24,60.527,60.527,60.442,57.439999,32600,54.558331
2012-05-25,60.516,60.516,60.421,57.450001,29600,54.567829
2012-05-29,60.516,60.516,60.337,57.32,38500,54.444363
2012-05-30,60.495,60.705,60.463,57.66,29200,54.767296
2012-05-31,60.832,61.074,60.779,57.939999,76300,55.033249
2012-06-01,60.811,60.968,60.727,58.029999,129400,55.328823
2012-06-04,60.758,60.884,60.674,57.889999,84900,55.195339
2012-06-05,60.716,60.811,60.601,57.830002,39400,55.138134
2012-06-06,60.79,60.79,60.328,57.529999,50100,54.852085
2012-06-07,60.381,60.496,60.276,57.540001,24700,54.861629
2012-06-08,60.569,60.569,60.297,57.549999,50400,54.871159
2012-06-11,60.234,60.475,60.234,57.619999,65400,54.937908
2012-06-12,60.339,60.402,60.202,57.450001,24200,54.775818
2012-06-13,60.307,60.454,60.223,57.549999,28800,54.871159
2012-06-14,60.381,60.402,60.202,57.459999,24700,54.785343
2012-06-15,60.485,60.664,60.485,57.799999,16100,55.109524
2012-06-18,60.748,60.748,60.569,57.860001,41400,55.166733
2012-06-19,60.496,60.611,60.464,57.77,39100,55.080929
2012-06-20,60.517,60.685,60.402,57.669998,49600,54.985569
2012-06-21,60.36,60.433,60.265,57.5,66100,54.823483
2012-06-22,60.087,60.181,59.993,57.200001,40900,54.537453
2012-06-25,60.192,60.297,60.181,57.48,14000,54.804413
2012-06-26,60.171,60.286,60.15,57.369999,25600,54.699539
2012-06-27,60.339,60.339,60.223,57.450001,20100,54.775818
2012-06-28,60.402,60.475,60.276,57.509998,66500,54.833015
2012-06-29,60.129,60.202,59.972,57.380001,154900,54.709076
2012-07-02,59.903,60.07,59.871,57.369999,101000,54.877426
2012-07-03,60.08,60.164,59.997,57.389999,106400,54.896549
2012-07-05,60.08,60.425,60.08,57.740002,305700,55.231358
2012-07-06,60.31,60.331,60.237,57.639999,98700,55.135696
2012-07-09,60.331,60.436,60.289,57.799999,82000,55.288738
2012-07-10,60.457,60.603,60.415,57.93,49900,55.413105
2012-07-11,60.53,60.634,60.478,57.880001,35900,55.365265
2012-07-12,60.572,60.572,60.519,57.939999,27400,55.422653
2012-07-13,60.519,60.582,60.425,57.950001,26000,55.432224
2012-07-16,60.687,60.802,60.687,58.09,30300,55.566147
2012-07-17,60.687,60.697,60.488,57.919998,41300,55.403526
2012-07-18,60.666,60.666,60.593,57.959999,42900,55.441799
2012-07-19,60.572,60.655,60.53,58.02,46100,55.499187
2012-07-20,60.739,60.885,60.739,58.189999,64100,55.661793
2012-07-23,60.896,60.896,60.791,58.18,27400,55.652225
2012-07-24,60.76,60.875,60.739,58.189999,30200,55.661793
2012-07-25,60.812,60.854,60.687,58.110001,61800,55.585274
2012-07-26,60.666,60.718,60.519,58.040001,30900,55.518318
2012-07-27,60.593,60.593,60.237,57.880001,34000,55.365265
2012-07-30,60.457,60.676,60.457,58.040001,70400,55.518318
2012-07-31,60.823,60.896,60.708,58.25,36600,55.719193
2012-08-01,60.854,60.979,60.76,58.220001,180700,55.690498
2012-08-02,61.053,61.073,60.749,58.150002,119600,55.623535
2012-08-03,60.676,60.718,60.53,58.080002,40100,55.55658
2012-08-06,60.718,60.875,60.718,58.130001,33700,55.604408
2012-08-07,60.645,60.718,60.603,58.080002,186800,55.55658
2012-08-08,60.718,60.718,60.457,57.860001,37700,55.346134
2012-08-09,60.415,60.457,60.279,57.740002,37000,55.231358
2012-08-10,60.478,60.478,60.363,57.77,22600,55.260056
2012-08-13,60.498,60.519,60.3,57.68,30900,55.173958
2012-08-14,60.154,60.195,60.07,57.470001,56200,54.973072
2012-08-15,59.746,59.777,59.589,57.040001,44800,54.561768
2012-08-16,59.631,59.683,59.39,56.869999,78100,54.399147
2012-08-17,59.432,59.558,59.422,56.889999,64300,54.418282
2012-08-20,59.464,59.516,59.422,56.889999,34800,54.418282
2012-08-21,59.422,59.579,59.307,56.970001,45700,54.494808
2012-08-22,59.767,60.07,59.725,57.459999,34600,54.963512
2012-08-23,60.342,60.363,60.227,57.709999,70700,55.20266
2012-08-24,60.436,60.436,60.269,57.669998,30900,55.164375
2012-08-27,60.352,60.499,60.352,57.830002,52900,55.31744
2012-08-28,60.561,60.687,60.54,57.970001,22800,55.451355
2012-08-29,60.593,60.593,60.436,57.84,22800,55.327007
2012-08-30,60.519,60.593,60.384,57.779999,31500,55.269608
2012-08-31,60.363,60.708,60.363,58.009998,209400,55.489624
2012-09-04,60.634,60.77,60.603,58.040001,31600,55.518318
2012-09-05,60.655,60.739,60.624,58.099998,31500,55.575703
2012-09-06,60.572,60.572,60.404,57.810001,84600,55.298309
2012-09-07,60.76,60.833,60.603,58,31500,55.480061
2012-09-10,60.687,60.812,60.634,58.139999,35000,55.613976
2012-09-11,60.739,60.76,60.634,58.080002,35400,55.55658
2012-09-12,60.551,60.551,60.394,57.82,47100,55.307877
2012-09-13,60.551,60.969,60.3,58.32,70000,55.786156
2012-09-14,61.272,61.335,60.645,58.459999,315800,55.920074
2012-09-17,61.094,61.283,60.948,58.41,44700,55.872238
2012-09-18,61.032,61.115,60.969,58.369999,67700,55.833981
2012-09-19,61.021,61.105,60.917,58.330002,53200,55.795719
2012-09-20,61.199,61.251,60.791,58.220001,72700,55.690498
2012-09-21,60.791,60.938,60.791,58.259998,92800,55.728764
2012-09-24,61,61.021,60.833,58.220001,70900,55.690498
2012-09-25,60.958,61.021,60.885,58.369999,29700,55.833981
2012-09-26,61.178,61.209,61.053,58.52,37600,55.977459
2012-09-27,61.157,61.262,61.042,58.419998,34800,55.881802
2012-09-28,61.157,61.178,60.948,58.369999,43700,55.833981
2012-10-01,60.958,61.115,60.948,58.459999,61400,55.920074
2012-10-02,61.053,61.387,60.948,58.689999,34600,56.140087
2012-10-03,61.418,61.523,61.387,58.759998,64500,56.207035
2012-10-04,61.492,61.607,61.439,58.860001,46800,56.302696
2012-10-05,61.471,61.492,61.283,58.689999,108800,56.140087
2012-10-08,61.356,61.513,61.356,58.799999,54900,56.245293
2012-10-09,61.387,61.492,61.335,58.740002,43000,56.187904
2012-10-10,61.345,61.345,61.199,58.66,139700,56.111378
2012-10-11,61.22,61.262,61.157,58.560001,25100,56.015724
2012-10-12,61.251,61.303,61.168,58.509998,24600,55.967896
2012-10-15,61.324,61.356,61.209,58.549999,41800,56.006149
2012-10-16,61.22,61.22,60.958,58.310001,28500,55.776588
2012-10-17,60.917,60.917,60.728,58.110001,37100,55.585274
2012-10-18,60.749,60.843,60.687,58.119999,41500,55.594837
2012-10-19,60.854,61.084,60.833,58.330002,25200,55.795719
2012-10-22,61,61,60.896,58.25,37500,55.719193
2012-10-23,61.063,61.105,60.979,58.369999,40300,55.833981
2012-10-24,60.969,60.969,60.896,58.27,15800,55.738312
2012-10-25,60.655,60.76,60.613,58.110001,32000,55.585274
2012-10-26,60.864,61.011,60.823,58.360001,63600,55.824421
2012-10-31,61.241,61.45,61.22,58.77,59100,56.216602
2012-11-01,61.251,61.283,61.157,58.610001,72000,56.063549
2012-11-02,61.115,61.199,61.053,58.439999,47500,55.900932
2012-11-05,61.168,61.272,61.157,58.560001,115000,56.015724
2012-11-06,61.209,61.22,61.042,58.41,22800,55.872238
2012-11-07,61.46,61.502,61.356,58.790001,43000,56.235733
2012-11-08,61.502,61.753,61.429,59.07,75400,56.503567
2012-11-09,61.68,61.68,61.471,58.880001,51000,56.321823
2012-11-12,61.669,61.669,61.554,58.990002,23900,56.427044
2012-11-13,61.69,61.69,61.554,58.98,43900,56.41748
2012-11-14,61.429,61.586,61.408,58.900002,30800,56.34095
2012-11-15,61.418,61.554,61.408,58.82,39300,56.264427
2012-11-16,61.471,61.596,61.471,58.82,51100,56.264427
2012-11-19,61.429,61.46,61.366,58.759998,80200,56.207035
2012-11-20,61.366,61.387,61.23,58.59,62700,56.044418
2012-11-21,61.157,61.188,61.094,58.48,40900,55.939205
2012-11-23,61.105,61.157,61.063,58.470001,43100,55.929642
2012-11-26,61.293,61.356,61.209,58.549999,62900,56.006149
2012-11-27,61.23,61.314,61.209,58.610001,24800,56.063549
2012-11-28,61.418,61.429,61.335,58.689999,19600,56.140087
2012-11-29,61.439,61.523,61.366,58.799999,41300,56.245293
2012-11-30,61.607,61.701,61.533,58.98,28300,56.41748
2012-12-03,61.305,61.472,61.274,58.939999,107600,56.522011
2012-12-04,61.524,61.576,61.43,59.049999,61000,56.627483
2012-12-05,61.576,61.68,61.576,59.119999,62900,56.694614
2012-12-06,61.691,61.826,61.66,59.23,55200,56.800106
2012-12-07,61.743,61.753,61.628,59.130001,42700,56.704216
2012-12-10,61.691,61.795,61.691,59.25,66100,56.819286
2012-12-11,61.618,61.701,61.597,59.119999,56900,56.694614
2012-12-12,61.66,61.764,61.409,58.93,76700,56.512421
2012-12-13,61.295,61.315,61.169,58.709999,56800,56.301449
2012-12-14,61.232,61.357,61.211,58.84,63600,56.426109
2012-12-17,61.336,61.336,60.971,58.470001,145000,56.071289
2012-12-18,60.919,61.023,60.711,58.389999,91400,55.994579
2012-12-19,60.961,61.086,60.877,58.419998,287400,56.023335
2012-12-20,60.982,61.055,60.919,58.5,75000,56.100048
2012-12-21,61.149,61.211,61.065,58.639999,102700,56.234306
2012-12-24,61.107,61.117,61.034,58.599998,29400,56.19595
2012-12-26,61.149,61.211,61.128,58.66,50800,56.25349
2012-12-27,60.901,61.057,60.838,58.529999,90500,56.251568
2012-12-28,60.984,61.026,60.869,58.59,77800,56.309242
2012-12-31,60.838,60.838,60.63,58.299999,74600,56.030521
2013-01-02,60.609,60.609,60.464,58.150002,150500,55.886372
2013-01-03,60.516,60.516,60.037,57.790001,291700,55.540371
2013-01-04,60.027,60.183,59.975,57.830002,102200,55.578819
2013-01-07,60.204,60.38,60.152,57.959999,114200,55.703758
2013-01-08,60.432,60.474,60.38,58.049999,99900,55.790257
2013-01-09,60.464,60.609,60.432,58.189999,69200,55.924805
2013-01-10,60.453,60.495,60.401,58.049999,57000,55.790257
2013-01-11,60.401,60.526,60.339,58.169998,65000,55.905579
2013-01-14,60.557,60.568,60.464,58.139999,60900,55.876755
2013-01-15,60.589,60.693,60.589,58.27,36300,56.00169
2013-01-16,60.609,60.62,60.505,58.240002,36300,55.97287
2013-01-17,60.474,60.516,60.412,58.110001,54800,55.847912
2013-01-18,60.516,60.62,60.516,58.240002,33800,55.97287
2013-01-22,60.464,60.641,60.443,58.25,68900,55.982468
2013-01-23,60.609,60.641,60.557,58.23,56700,55.963253
2013-01-24,60.516,60.62,60.412,58.18,78700,55.915195
2013-01-25,60.412,60.432,60.224,57.93,142900,55.674923
2013-01-28,60.11,60.183,60.089,57.830002,73900,55.578819
2013-01-29,60.172,60.245,60.016,57.709999,86000,55.463493
2013-01-30,60.037,60.089,59.943,57.740002,47200,55.492332
2013-01-31,60.11,60.276,60.079,57.860001,99000,55.607651
2013-02-01,60.391,60.422,59.964,57.630001,155000,55.386604
2013-02-04,60.152,60.349,60.131,58,179300,55.74221
2013-02-05,60.172,60.172,60.079,57.810001,61300,55.559601
2013-02-06,60.224,60.287,60.152,57.919998,41100,55.665321
2013-02-07,60.183,60.36,60.183,57.900002,124100,55.646095
2013-02-08,60.245,60.256,60.089,57.84,78800,55.588436
2013-02-11,60.131,60.214,60.11,57.810001,63900,55.559601
2013-02-12,60.089,60.152,60.016,57.759998,60000,55.511551
2013-02-13,59.964,60.079,59.933,57.630001,67100,55.386604
2013-02-14,60.079,60.1,59.964,57.740002,48100,55.492332
2013-02-15,59.995,59.995,59.839,57.610001,141700,55.36739
2013-02-19,59.933,59.995,59.86,57.540001,59100,55.30011
2013-02-20,59.829,59.964,59.808,57.529999,71800,55.290489
2013-02-21,59.964,59.995,59.902,57.630001,97900,55.386604
2013-02-22,60.027,60.089,60.006,57.720001,30900,55.473099
2013-02-25,59.933,60.37,59.923,58.02,61100,55.761425
2013-02-26,60.235,60.349,60.172,57.869999,35900,55.617256
2013-02-27,60.047,60.349,60.047,57.849998,30400,55.598045
2013-02-28,60.245,60.349,60.224,57.919998,26800,55.665321
2013-03-01,60.349,60.453,60.308,58.099998,140600,55.83831
2013-03-04,60.443,60.443,60.308,57.98,56000,55.722977
2013-03-05,60.308,60.443,60.308,58.07,80500,55.809483
2013-03-06,60.297,60.308,60.235,57.900002,57200,55.646095
2013-03-07,60.172,60.172,60.027,57.75,245200,55.501945
2013-03-08,59.912,59.985,59.777,57.470001,118000,55.232838
2013-03-11,59.86,59.881,59.787,57.509998,55900,55.271278
2013-03-12,59.912,59.985,59.891,57.560001,48600,55.319324
2013-03-13,59.871,59.964,59.808,57.580002,38700,55.338554
2013-03-14,59.891,60.089,59.85,57.66,79800,55.415432
2013-03-15,59.995,60.11,59.995,57.75,66900,55.501945
2013-03-18,60.266,60.318,60.235,57.919998,34400,55.665321
2013-03-19,60.328,60.401,60.245,57.950001,70900,55.694141
2013-03-20,60.266,60.287,60.11,57.77,42700,55.521152
2013-03-21,60.204,60.224,60.152,57.860001,38000,55.607651
2013-03-22,60.204,60.245,60.131,57.889999,52500,55.636482
2013-03-25,60.224,60.349,60.183,57.919998,52200,55.665321
2013-03-26,60.193,60.328,60.162,57.959999,42900,55.703758
2013-03-27,60.422,60.505,60.391,58.110001,63600,55.847912
2013-03-28,60.391,60.464,60.37,58.029999,55400,55.771027
2013-04-01,60.453,60.589,60.422,58.23,85300,55.963253
2013-04-02,60.485,60.547,60.422,58.119999,82500,55.857521
2013-04-03,60.557,60.661,60.557,58.259998,28600,55.992081
2013-04-04,60.713,60.901,60.703,58.509998,53400,56.232349
2013-04-05,61.15,61.254,61.098,58.75,39200,56.462997
2013-04-08,61.192,61.213,60.89,58.549999,54100,56.27079
2013-04-09,60.974,60.984,60.776,58.419998,59000,56.145847
2013-04-10,60.713,60.713,60.464,58.16,50000,55.895973
2013-04-11,60.641,60.724,60.599,58.310001,43500,56.040131
2013-04-12,60.88,60.932,60.797,58.48,58300,56.203522
2013-04-15,60.911,60.953,60.838,58.560001,57000,56.280396
2013-04-16,60.776,60.869,60.734,58.470001,167500,56.193909
2013-04-17,60.755,60.859,60.745,58.43,66200,56.155464
2013-04-18,60.765,60.807,60.339,58.009998,67500,55.751812
2013-04-19,60.495,60.609,60.495,58.25,30400,55.982468
2013-04-22,60.755,60.807,60.713,58.400002,33300,56.126629
2013-04-23,60.849,60.994,60.776,58.43,35100,56.155464
2013-04-24,60.797,60.911,60.776,58.540001,30500,56.261181
2013-04-25,60.911,60.974,60.911,58.540001,127400,56.261181
2013-04-26,61.036,61.119,61.026,58.720001,35400,56.434177
2013-04-29,61.182,61.182,60.984,58.630001,41500,56.347683
2013-04-30,61.026,61.036,60.849,58.560001,55600,56.280396
2013-05-01,60.825,60.856,60.731,58.5,53400,56.273666
2013-05-02,60.783,60.783,60.7,58.41,24600,56.187092
2013-05-03,60.555,60.555,60.284,57.990002,46800,55.783073
2013-05-06,60.347,60.347,60.191,57.970001,49200,55.763844
2013-05-07,60.232,60.284,60.18,57.93,205700,55.725357
2013-05-08,60.18,60.201,60.097,57.810001,67500,55.609936
2013-05-09,60.18,60.222,60.108,57.82,33000,55.619541
2013-05-10,60.076,60.076,59.796,57.650002,95500,55.45602
2013-05-13,59.827,59.879,59.754,57.48,45200,55.292488
2013-05-14,59.796,59.827,59.515,57.25,66600,55.071239
2013-05-15,59.567,59.598,59.411,57.25,49200,55.071239
2013-05-16,59.505,59.754,59.505,57.41,32300,55.225151
2013-05-17,59.546,59.557,59.369,57.119999,57800,54.94619
2013-05-20,59.421,59.432,59.297,57.110001,22500,54.936569
2013-05-21,59.338,59.525,59.234,57.259998,53900,55.08086
2013-05-22,59.536,59.619,58.943,56.73,117000,54.571026
2013-05-23,59.099,59.099,58.829,56.720001,43100,54.561409
2013-05-24,59.016,59.078,58.974,56.759998,44900,54.59988
2013-05-28,59.006,59.047,58.486,56.259998,44800,54.118908
2013-05-29,58.548,58.6,58.361,56.25,65200,54.109295
2013-05-30,58.486,58.527,58.174,56.049999,48400,53.916908
2013-05-31,58.34,58.392,57.935,56.049999,70200,53.916908
2013-06-03,57.904,58.298,57.79,56.02,127100,53.97472
2013-06-04,58.122,58.143,57.956,55.880001,44600,53.839825
2013-06-05,58.029,58.122,57.977,55.900002,41300,53.8591
2013-06-06,57.852,58.06,57.738,55.849998,60100,53.810921
2013-06-07,57.738,57.863,57.593,55.490002,84700,53.464081
2013-06-10,57.53,57.603,57.209,55.189999,291400,53.175014
2013-06-11,56.856,57.188,56.825,55.080002,92100,53.069031
2013-06-12,57.084,57.178,56.773,54.700001,76200,52.702911
2013-06-13,56.918,57.146,56.69,55.049999,106800,53.040127
2013-06-14,57.281,57.406,57.126,55.07,50100,53.059402
2013-06-17,57.25,57.25,56.928,54.860001,42800,52.857067
2013-06-18,56.928,57.209,56.928,55,47300,52.991959
2013-06-19,57.261,57.302,56.358,54.330002,162500,52.346413
2013-06-20,56.202,56.243,55.693,53.709999,419100,51.749062
2013-06-21,55.704,55.735,55.081,53.07,285100,51.132423
2013-06-24,54.105,55.019,54.105,52.830002,146300,50.901184
2013-06-25,54.988,55.112,54.905,52.990002,765000,51.055344
2013-06-26,55.268,55.361,55.154,53.220001,82700,51.276955
2013-06-27,55.496,55.839,55.496,53.68,37400,51.720154
2013-06-28,55.569,55.859,55.486,53.810001,53400,51.845413
2013-07-01,55.662,55.984,55.662,53.939999,93400,51.97065
2013-07-02,56.036,56.223,56.036,54.110001,41000,52.134449
2013-07-03,56.202,56.264,56.036,54.02,30800,52.047733
2013-07-05,55.382,55.496,55.257,53.240002,75400,51.296215
2013-07-08,55.455,55.652,55.455,53.57,65300,51.614162
2013-07-09,55.735,55.735,55.59,53.57,57000,51.614162
2013-07-10,55.641,55.683,55.424,53.450001,39600,51.498535
2013-07-11,55.797,55.901,55.527,53.709999,133300,51.749062
2013-07-12,55.963,56.036,55.724,53.849998,80300,51.883945
2013-07-15,55.953,56.088,55.922,54.029999,244700,52.057373
2013-07-16,56.181,56.337,56.171,54.209999,52500,52.230797
2013-07-17,56.565,56.596,56.42,54.380001,32100,52.394585
2013-07-18,56.285,56.347,56.14,54.189999,64700,52.211517
2013-07-19,56.399,56.648,56.399,54.560001,42400,52.568024
2013-07-22,56.627,56.752,56.607,54.59,55200,52.59692
2013-07-23,56.513,56.534,56.389,54.419998,31400,52.433132
2013-07-24,56.233,56.233,55.88,53.970001,129400,51.999565
2013-07-25,55.984,56.077,55.849,54.009998,81900,52.038097
2013-07-26,56.16,56.171,56.015,54.02,79700,52.047733
2013-07-29,56.098,56.098,55.974,53.959999,90500,51.989929
2013-07-30,56.171,56.171,55.963,53.970001,47800,51.999565
2013-07-31,55.797,56.347,55.756,54.240002,45300,52.259708
2013-08-01,56.037,56.037,55.83,53.889999,124400,51.969429
2013-08-02,55.944,56.172,55.944,54.119999,107300,52.191231
2013-08-05,56.079,56.162,56.016,54.119999,81200,52.191231
2013-08-06,56.255,56.327,56.172,54.299999,72600,52.364822
2013-08-07,56.41,56.462,56.338,54.439999,85100,52.499817
2013-08-08,56.535,56.607,56.462,54.490002,28400,52.548046
2013-08-09,56.514,56.566,56.462,54.540001,23000,52.596272
2013-08-12,56.628,56.67,56.359,54.360001,35200,52.422676
2013-08-13,56.224,56.234,55.882,53.939999,163400,52.017635
2013-08-14,55.944,55.944,55.778,53.810001,37400,51.892277
2013-08-15,55.467,55.508,55.28,53.41,100500,51.506538
2013-08-16,55.456,55.456,54.948,53.139999,475200,51.246162
2013-08-19,54.959,54.959,54.71,52.84,120500,50.956852
2013-08-20,54.928,55.135,54.928,53.150002,49800,51.255806
2013-08-21,55.166,55.166,54.793,52.849998,17400,50.966484
2013-08-22,54.648,54.793,54.585,52.84,80600,50.956852
2013-08-23,54.772,55.145,54.689,53.130001,32500,51.236519
2013-08-26,55.239,55.373,55.197,53.360001,32000,51.458321
2013-08-27,55.539,55.726,55.529,53.639999,36700,51.728333
2013-08-28,55.612,55.612,55.415,53.48,20600,51.574043
2013-08-29,55.353,55.529,55.353,53.459999,18100,51.554749
2013-08-30,55.488,55.519,55.176,53.209999,44200,51.31366
2013-09-03,54.916,54.916,54.595,52.93,89200,51.121468
2013-09-04,54.761,54.782,54.471,52.700001,46000,50.899319
2013-09-05,54.295,54.306,54.088,52.240002,36500,50.455036
2013-09-06,54.347,54.523,54.306,52.48,41700,50.68684
2013-09-09,54.544,54.595,54.43,52.57,49800,50.773758
2013-09-10,54.368,54.492,54.295,52.5,43400,50.706146
2013-09-11,54.595,54.699,54.471,52.799999,16800,50.995907
2013-09-12,54.792,54.865,54.595,52.73,25200,50.928295
2013-09-13,54.554,54.72,54.554,52.790001,21300,50.986248
2013-09-16,55.082,55.144,54.803,52.939999,24300,51.131115
2013-09-17,54.554,55.051,54.513,53.169998,28300,51.35326
2013-09-18,55.072,55.848,54.885,53.82,42700,51.981056
2013-09-19,55.776,55.838,55.548,53.709999,40800,51.874813
2013-09-20,55.61,55.807,55.538,53.860001,56400,52.019684
2013-09-23,55.848,55.962,55.848,54.049999,23000,52.203194
2013-09-24,55.983,55.983,55.9,54,26700,52.154903
2013-09-25,55.848,56.035,55.848,54.080002,27100,52.232166
2013-09-26,55.941,55.972,55.828,54.049999,21100,52.203194
2013-09-27,55.921,56.055,55.89,54,23800,52.154903
2013-09-30,55.879,56.004,55.807,54.060001,35100,52.212845
2013-10-01,55.982,55.982,55.765,54,70800,52.194489
2013-10-02,55.92,56.054,55.92,54.099998,26200,52.291149
2013-10-03,55.899,56.116,55.899,54.119999,11500,52.310474
2013-10-04,55.961,55.961,55.868,54.02,10500,52.213829
2013-10-07,56.013,56.106,55.951,54.110001,19500,52.300812
2013-10-08,56.013,56.013,55.816,53.950001,28200,52.14616
2013-10-09,55.878,55.909,55.796,53.950001,25700,52.14616
2013-10-10,55.713,55.858,55.682,53.91,32900,52.107494
2013-10-11,55.909,55.909,55.754,53.889999,17900,52.088169
2013-10-14,55.816,55.816,55.547,53.700001,27200,51.904514
2013-10-15,55.713,55.754,55.578,53.720001,38000,51.923851
2013-10-16,55.661,55.827,55.537,53.860001,19900,52.059174
2013-10-17,55.93,56.054,55.909,54.139999,34300,52.329796
2013-10-18,55.982,56.116,55.982,54.220001,40000,52.407127
2013-10-21,56.034,56.075,55.982,54.150002,42200,52.339474
2013-10-22,56.189,56.344,56.189,54.43,34200,52.610111
2013-10-23,56.416,56.458,56.261,54.380001,42900,52.561783
2013-10-24,56.271,56.323,56.168,54.360001,25200,52.542454
2013-10-25,56.396,56.458,56.344,54.5,21900,52.677769
2013-10-28,56.447,56.478,56.396,54.529999,31100,52.706768
2013-10-29,56.396,56.437,56.313,54.490002,16300,52.668102
2013-10-30,56.427,56.52,56.282,54.459999,17400,52.639111
2013-10-31,56.427,56.437,56.106,54.299999,31000,52.484455
2013-11-01,56.035,56.035,55.693,53.950001,54900,52.183643
2013-11-04,55.838,55.859,55.745,53.939999,25100,52.173965
2013-11-05,55.683,55.683,55.497,53.779999,19500,52.019199
2013-11-06,55.683,55.911,55.683,54.009998,14700,52.241669
2013-11-07,55.942,56.035,55.88,54.09,14200,52.319054
2013-11-08,55.404,55.528,55.321,53.580002,17200,51.825756
2013-11-11,55.445,55.487,55.332,53.630001,24100,51.874115
2013-11-12,55.476,55.518,55.321,53.57,19100,51.816078
2013-11-13,55.58,55.58,55.445,53.700001,19500,51.941826
2013-11-14,55.58,55.817,55.559,53.900002,32000,52.135288
2013-11-15,55.724,55.797,55.652,53.959999,27200,52.193314
2013-11-18,55.745,55.942,55.745,54.080002,41700,52.309383
2013-11-19,55.859,55.869,55.683,53.860001,34600,52.096584
2013-11-20,55.59,55.735,55.301,53.52,26100,51.767712
2013-11-21,55.177,55.518,55.125,53.619999,20100,51.864445
2013-11-22,55.538,55.662,55.538,53.779999,20400,52.019199
2013-11-25,55.631,55.745,55.59,53.830002,23500,52.067566
2013-11-26,55.776,55.776,55.662,53.849998,31200,52.086914
2013-11-27,55.631,55.631,55.414,53.73,20600,51.97084
2013-11-29,55.445,55.518,55.435,53.689999,6000,51.932156
2013-12-02,55.383,55.404,55.259,53.450001,159700,51.700005
2013-12-03,55.363,55.394,55.29,53.48,12800,51.729027
2013-12-04,55.135,55.135,54.939,53.189999,26600,51.448528
2013-12-05,55.001,55.001,54.846,53.09,28100,51.351799
2013-12-06,54.856,54.959,54.794,53.060001,24700,51.322781
2013-12-09,54.877,55.021,54.877,53.119999,41900,51.380814
2013-12-10,55.114,55.135,54.98,53.32,21600,51.574257
2013-12-11,55.011,55.166,54.959,53.220001,48200,51.477539
2013-12-12,54.959,54.959,54.835,53.040001,29300,51.303432
2013-12-13,55.032,55.052,54.918,53.189999,16200,51.448528
2013-12-16,55.197,55.197,54.959,53.25,29100,51.506557
2013-12-17,55.114,55.228,55.042,53.41,32800,51.661324
2013-12-18,55.052,55.125,54.949,53.189999,27700,51.448528
2013-12-19,54.794,54.887,54.732,53,33200,51.264744
2013-12-20,54.753,55.001,54.753,53.119999,109900,51.380814
2013-12-23,54.856,54.939,54.815,53.029999,55500,51.293758
2013-12-24,54.784,54.784,54.649,52.880001,22200,51.148659
2013-12-26,54.618,54.691,54.577,52.84,55000,51.109978
2013-12-27,54.68,54.722,54.587,52.82,73300,51.09063
2013-12-30,54.711,54.835,54.66,52.950001,142700,51.216385
2013-12-31,54.701,54.763,54.536,52.77,161700,51.042274
2014-01-02,54.691,54.918,54.515,52.73,126100,51.003582
2014-01-03,54.794,54.939,54.784,53.049999,36500,51.313103
2014-01-06,54.908,55.094,54.897,53.18,38000,51.438843
2014-01-07,55.073,55.114,54.98,53.290001,37600,51.54525
2014-01-08,55.011,55.052,54.939,53.23,32200,51.487217
2014-01-09,55.083,55.259,55.052,53.450001,14300,51.700005
2014-01-10,55.394,55.518,55.383,53.639999,52100,51.883789
2014-01-13,55.487,55.58,55.456,53.689999,37300,51.932156
2014-01-14,55.497,55.497,55.321,53.529999,29300,51.777382
2014-01-15,55.197,55.352,55.197,53.48,49000,51.729027
2014-01-16,55.363,55.414,55.332,53.549999,28800,51.79673
2014-01-17,55.259,55.456,55.259,53.610001,46200,51.854771
2014-01-21,55.383,55.445,55.363,53.549999,57400,51.79673
2014-01-22,55.28,55.342,55.249,53.439999,33500,51.690334
2014-01-23,55.383,55.528,55.383,53.650002,21100,51.893463
2014-01-24,55.621,55.621,55.528,53.799999,29600,52.038555
2014-01-27,55.621,55.673,55.456,53.639999,43400,51.883789
2014-01-28,55.559,55.58,55.445,53.75,30000,51.990192
2014-01-29,55.683,55.797,55.611,53.939999,49300,52.173965
2014-01-30,55.704,55.766,55.642,53.889999,51600,52.125599
2014-01-31,55.818,55.88,55.776,54.009998,25800,52.241669
2014-02-03,55.88,56.159,55.828,54.32,57400,52.541515
2014-02-04,56.004,56.004,55.869,54.09,66700,52.319054
2014-02-05,55.869,55.869,55.704,53.889999,20600,52.125599
2014-02-06,55.714,55.714,55.621,53.860001,34300,52.096584
2014-02-07,55.755,55.911,55.755,54.009998,83100,52.241669
2014-02-10,55.849,55.921,55.797,54.07,75600,52.299709
2014-02-11,55.755,55.807,55.683,53.900002,30300,52.135288
2014-02-12,55.642,55.683,55.569,53.790001,19400,52.02887
2014-02-13,55.745,55.797,55.693,53.939999,35100,52.173965
2014-02-14,55.745,55.745,55.621,53.860001,25700,52.096584
2014-02-18,55.766,55.859,55.735,53.970001,53100,52.202988
2014-02-19,55.88,55.88,55.621,53.84,20400,52.077236
2014-02-20,55.611,55.631,55.394,53.669998,42600,51.912807
2014-02-21,55.445,55.621,55.445,53.799999,27500,52.038555
2014-02-24,55.652,55.652,55.528,53.790001,23800,52.02887
2014-02-25,55.714,55.818,55.714,53.98,24800,52.212658
2014-02-26,55.838,55.962,55.838,54.130001,35800,52.357742
2014-02-27,55.993,56.076,55.962,54.16,37100,52.386757
2014-02-28,56.004,56.066,55.838,54.23,45400,52.454475
2014-03-03,56.221,56.293,56.159,54.450001,87000,52.667271
2014-03-04,56.138,56.138,55.9,54.080002,68100,52.309383
2014-03-05,55.9,56.045,55.89,54.200001,53400,52.425453
2014-03-06,55.859,55.962,55.828,54.080002,49500,52.309383
2014-03-07,55.724,55.797,55.704,53.939999,45300,52.173965
2014-03-10,55.724,55.828,55.724,53.98,44100,52.212658
2014-03-11,55.776,55.807,55.693,53.970001,50200,52.202988
2014-03-12,55.89,55.942,55.818,54.040001,30600,52.270691
2014-03-13,55.776,56.117,55.776,54.279999,33400,52.502831
2014-03-14,56.19,56.19,56.076,54.32,61800,52.541515
2014-03-17,56.076,56.107,55.983,54.150002,40400,52.377098
2014-03-18,56.004,56.107,55.993,54.240002,31700,52.464149
2014-03-19,56.035,56.035,55.538,53.77,24800,52.009529
2014-03-20,55.425,55.497,55.394,53.66,26200,51.90313
2014-03-21,55.528,55.642,55.476,53.790001,29600,52.02887
2014-03-24,55.58,55.745,55.58,53.91,38400,52.144947
2014-03-25,55.683,55.755,55.621,53.869999,18000,52.106258
2014-03-26,55.683,55.89,55.683,54.060001,22300,52.290039
2014-03-27,55.9,55.993,55.859,54.099998,28400,52.32872
2014-03-28,55.9,55.911,55.693,53.91,16500,52.144947
2014-03-31,55.652,55.776,55.642,53.950001,30000,52.183643
2014-04-01,55.693,55.693,55.6,53.799999,98700,52.038555
2014-04-02,55.538,55.538,55.456,53.669998,36300,51.912807
2014-04-03,55.487,55.6,55.487,53.709999,31500,51.951492
2014-04-04,55.6,55.838,55.6,53.919998,38300,52.154621
2014-04-07,55.838,55.931,55.828,54.02,39200,52.251347
2014-04-08,55.869,55.9,55.776,54.040001,23000,52.270691
2014-04-09,55.807,55.983,55.786,54.09,16100,52.319054
2014-04-10,56.024,56.241,55.993,54.299999,39100,52.522182
2014-04-11,56.283,56.303,56.179,54.439999,29900,52.657593
2014-04-14,56.252,56.252,56.159,54.360001,38300,52.580219
2014-04-15,56.21,56.355,56.2,54.459999,30200,52.676945
2014-04-16,56.252,56.396,56.21,54.490002,23000,52.705967
2014-04-17,56.324,56.386,56.2,54.459999,39800,52.676945
2014-04-21,56.355,56.438,56.262,54.459999,30800,52.676945
2014-04-22,56.231,56.314,56.179,54.459999,30700,52.676945
2014-04-23,56.376,56.49,56.376,54.610001,26100,52.822029
2014-04-24,56.438,56.51,56.407,54.630001,26500,52.841377
2014-04-25,56.562,56.645,56.479,54.66,28800,52.870392
2014-04-28,56.51,56.51,56.324,54.5,34500,52.71563
2014-04-29,56.262,56.334,56.21,54.490002,30800,52.705967
2014-04-30,56.334,56.541,56.283,54.68,34500,52.889736
2014-05-01,56.361,56.619,56.361,54.790001,82900,53.087399
2014-05-02,56.454,56.712,56.382,54.889999,18000,53.184288
2014-05-05,56.733,56.733,56.506,54.799999,25400,53.097088
2014-05-06,56.568,56.578,56.496,54.75,29800,53.048649
2014-05-07,56.547,56.64,56.475,54.849998,17600,53.145535
2014-05-08,56.609,56.712,56.527,54.869999,37400,53.164909
2014-05-09,56.578,56.63,56.558,54.82,20000,53.116467
2014-05-12,56.568,56.568,56.413,54.689999,28900,52.990505
2014-05-13,56.558,56.588,56.485,54.799999,312900,53.097088
2014-05-14,56.764,56.981,56.764,55.169998,33200,53.455589
2014-05-15,57.074,57.29,57.074,55.419998,27800,53.697823
2014-05-16,57.197,57.249,57.084,55.330002,27900,53.610619
2014-05-19,57.249,57.249,56.929,55.169998,35600,53.455589
2014-05-20,56.95,57.115,56.95,55.290001,30100,53.571865
2014-05-21,57.032,57.053,56.95,55.259998,24900,53.542786
2014-05-22,57.012,57.146,56.929,55.349998,29900,53.630005
2014-05-23,57.239,57.332,57.166,55.400002,38200,53.678448
2014-05-27,57.29,57.301,57.156,55.509998,39600,53.785023
2014-05-28,57.424,57.631,57.424,55.790001,47500,54.056324
2014-05-29,57.621,57.837,57.59,55.799999,35600,54.066013
2014-05-30,57.538,57.538,57.424,55.639999,24100,53.910992
2014-06-02,57.072,57.123,56.835,55.23,126300,53.669987
2014-06-03,56.691,56.774,56.527,54.970001,55600,53.417332
2014-06-04,56.537,56.599,56.383,54.84,20400,53.291004
2014-06-05,56.455,56.63,56.434,54.93,34200,53.378468
2014-06-06,56.681,56.722,56.496,54.93,15400,53.378468
2014-06-09,56.516,56.588,56.475,54.959999,50700,53.407616
2014-06-10,56.485,56.506,56.413,54.869999,68700,53.32016
2014-06-11,56.475,56.568,56.465,54.919998,28100,53.368748
2014-06-12,56.578,56.743,56.506,55.080002,29700,53.524223
2014-06-13,56.455,56.64,56.444,55,58100,53.446487
2014-06-16,56.609,56.702,56.578,55.07,61500,53.514511
2014-06-17,56.702,56.702,56.558,54.98,41300,53.427055
2014-06-18,56.64,57.134,56.63,55.23,53100,53.669987
2014-06-19,57,57.082,56.722,55.18,67100,53.621403
2014-06-20,56.774,56.959,56.774,55.349998,22100,53.786602
2014-06-23,57.051,57.051,56.907,55.32,34800,53.757442
2014-06-24,57.062,57.185,56.99,55.57,44100,54.000389
2014-06-25,57.288,57.298,57.185,55.59,83500,54.019821
2014-06-26,57.257,57.381,57.257,55.709999,42700,54.136433
2014-06-27,57.381,57.422,57.298,55.700001,47800,54.12672
2014-06-30,57.37,57.381,57.278,55.700001,23600,54.12672
2014-07-01,56.895,56.926,56.772,55.32,85600,53.905521
2014-07-02,56.69,56.69,56.525,55.080002,55300,53.671654
2014-07-03,56.443,56.536,56.392,55.060001,62700,53.652164
2014-07-07,56.648,56.71,56.628,55.220001,60600,53.808079
2014-07-08,56.761,56.905,56.761,55.419998,45600,54.00296
2014-07-09,56.854,57.028,56.802,55.529999,45800,54.110146
2014-07-10,57.182,57.182,57.049,55.630001,39000,54.207596
2014-07-11,57.141,57.203,57.141,55.689999,38700,54.26606
2014-07-14,57.11,57.131,57.018,55.610001,60500,54.188103
2014-07-15,57.018,57.09,56.905,55.459999,38800,54.041939
2014-07-16,56.905,56.946,56.854,55.470001,25200,54.051689
2014-07-17,57.079,57.295,57.059,55.779999,35100,54.353756
2014-07-18,57.213,57.213,57.079,55.689999,31900,54.26606
2014-07-21,57.244,57.315,57.213,55.790001,158600,54.363506
2014-07-22,57.233,57.233,57.121,55.75,34700,54.32452
2014-07-23,57.264,57.274,57.192,55.740002,40800,54.314785
2014-07-24,57.069,57.131,57.018,55.639999,35100,54.217335
2014-07-25,57.274,57.357,57.233,55.84,35900,54.412231
2014-07-28,57.264,57.346,57.192,55.82,40400,54.392735
2014-07-29,57.377,57.398,57.244,55.900002,31900,54.470692
2014-07-30,57.213,57.213,56.967,55.529999,65700,54.110146
2014-07-31,56.864,57.079,56.823,55.509998,80300,54.09066
2014-08-01,56.78,56.933,56.616,55.599998,137800,54.327118
2014-08-04,56.985,56.985,56.821,55.52,65900,54.248955
2014-08-05,56.749,56.892,56.657,55.560001,30100,54.28804
2014-08-06,57.005,57.005,56.852,55.560001,46800,54.28804
2014-08-07,56.913,57.118,56.862,55.799999,22900,54.522541
2014-08-08,57.107,57.23,57.026,55.740002,64200,54.463921
2014-08-11,57.118,57.128,57.036,55.759998,66700,54.483456
2014-08-12,57.077,57.077,56.903,55.619999,61500,54.346664
2014-08-13,56.985,57.077,56.964,55.759998,58300,54.483456
2014-08-14,57.199,57.199,57.056,55.810001,35900,54.532314
2014-08-15,57.097,57.384,57.097,55.950001,49200,54.669113
2014-08-18,57.169,57.169,56.995,55.73,47800,54.454147
2014-08-19,57.159,57.159,56.882,55.619999,51800,54.346664
2014-08-20,56.913,56.913,56.718,55.450001,36300,54.180553
2014-08-21,56.8,56.923,56.759,55.59,34200,54.317348
2014-08-22,56.923,56.923,56.739,55.560001,35400,54.28804
2014-08-25,56.903,56.923,56.831,55.610001,45100,54.336899
2014-08-26,56.954,56.995,56.862,55.580002,46200,54.307579
2014-08-27,56.995,57.015,56.913,55.689999,55900,54.415062
2014-08-28,57.118,57.148,57.036,55.740002,47200,54.463921
2014-08-29,57.066,57.087,56.985,55.720001,54400,54.444378
2014-09-02,56.648,56.648,56.546,55.349998,139600,54.169369
2014-09-03,56.515,56.659,56.464,55.439999,103000,54.257446
2014-09-04,56.648,56.669,56.413,55.209999,65000,54.032356
2014-09-05,56.577,56.577,56.352,55.200001,50600,54.022572
2014-09-08,56.413,56.495,56.209,55.049999,50400,53.875771
2014-09-09,56.168,56.209,56.045,54.849998,148900,53.680035
2014-09-10,55.933,55.933,55.81,54.639999,139200,53.474514
2014-09-11,55.933,56.015,55.862,54.669998,82100,53.503872
2014-09-12,55.718,55.78,55.637,54.459999,56100,53.298351
2014-09-15,55.78,55.79,55.698,54.52,65500,53.357079
2014-09-16,55.749,55.79,55.678,54.5,54500,53.337505
2014-09-17,55.657,55.657,55.3,54.150002,52600,52.994965
2014-09-18,55.371,55.371,55.136,54.02,81600,52.867741
2014-09-19,55.238,55.351,55.167,54.169998,46900,53.014542
2014-09-22,55.381,55.402,55.248,54.110001,48200,52.955818
2014-09-23,55.371,55.535,55.371,54.330002,57200,53.171127
2014-09-24,55.555,55.575,55.422,54.25,42000,53.092834
2014-09-25,55.596,55.647,55.575,54.450001,27500,53.28857
2014-09-26,55.504,55.504,55.351,54.209999,34900,53.053688
2014-09-29,55.463,55.514,55.412,54.23,48700,53.073257
2014-09-30,55.432,55.514,55.351,54.18,73400,53.024326
2014-10-01,55.437,55.723,55.437,54.59,165600,53.47987
2014-10-02,55.662,55.682,55.499,54.369999,45500,53.264336
2014-10-03,55.468,55.478,55.366,54.32,60300,53.215355
2014-10-06,55.448,55.529,55.448,54.349998,76300,53.244747
2014-10-07,55.621,55.744,55.58,54.599998,41000,53.489666
2014-10-08,55.733,56.06,55.58,54.900002,59300,53.783569
2014-10-09,56.121,56.152,55.917,54.830002,47200,53.714993
2014-10-10,56.019,56.162,55.938,54.990002,321200,53.871742
2014-10-13,56.223,56.458,56.152,55.220001,86000,54.097057
2014-10-14,56.234,56.285,56.142,55.110001,74700,53.989292
2014-10-15,56.713,57.173,56.213,55.139999,101800,54.018688
2014-10-16,56.54,56.54,56.193,55.09,65500,53.969696
2014-10-17,56.223,56.325,56.152,55.07,56000,53.950108
2014-10-20,56.305,56.325,56.193,55.080002,52500,53.959904
2014-10-21,56.152,56.223,56.091,54.970001,60800,53.852139
2014-10-22,56.142,56.183,56.05,54.950001,29000,53.832554
2014-10-23,56.05,56.213,55.795,54.720001,145000,53.60722
2014-10-24,55.846,55.927,55.805,54.700001,27500,53.587635
2014-10-27,55.876,55.917,55.805,54.709999,36500,53.597435
2014-10-28,55.866,55.897,55.774,54.66,55300,53.548447
2014-10-29,55.876,55.897,55.529,54.619999,27700,53.509254
2014-10-30,55.805,55.876,55.693,54.560001,93400,53.450485
2014-10-31,55.723,55.835,55.682,54.630001,52700,53.519054
2014-11-03,55.713,55.774,55.55,54.560001,138500,53.450485
2014-11-04,55.774,55.815,55.652,54.580002,37700,53.470074
2014-11-05,55.652,55.764,55.59,54.580002,64400,53.470074
2014-11-06,55.662,55.764,55.642,54.529999,63000,53.421089
2014-11-07,55.815,55.999,55.754,54.830002,90300,53.714993
2014-11-10,56.019,56.019,55.764,54.650002,100500,53.538647
2014-11-11,55.784,55.907,55.744,54.610001,44500,53.499466
2014-11-12,55.825,55.856,55.672,54.549999,46900,53.440681
2014-11-13,55.662,55.723,55.621,54.5,32800,53.391701
2014-11-14,55.58,55.815,55.539,54.650002,39800,53.538647
2014-11-17,55.784,55.795,55.56,54.48,115000,53.372105
2014-11-18,55.652,55.652,55.58,54.48,39700,53.372105
2014-11-19,55.509,55.58,55.386,54.290001,47100,53.18597
2014-11-20,55.672,55.672,55.448,54.41,42200,53.303528
2014-11-21,55.693,55.744,55.662,54.599998,64600,53.489666
2014-11-24,55.693,55.805,55.642,54.66,62300,53.548447
2014-11-25,55.805,55.846,55.713,54.700001,50100,53.587635
2014-11-26,55.886,55.927,55.846,54.709999,28300,53.597435
2014-11-28,55.856,55.989,55.805,54.73,35300,53.61702
2014-12-01,55.938,56.142,55.744,54.619999,146200,53.509254
2014-12-02,55.713,55.713,55.437,54.310001,37900,53.205566
2014-12-03,55.427,55.478,55.376,54.349998,30400,53.244747
2014-12-04,55.427,55.601,55.427,54.450001,40100,53.342716
2014-12-05,55.509,55.509,55.162,54.139999,46600,53.039021
2014-12-08,55.243,55.407,55.172,54.200001,81700,53.097801
2014-12-09,55.509,55.601,55.478,54.450001,71800,53.342716
2014-12-10,55.519,55.672,55.468,54.509998,49000,53.401493
2014-12-11,55.59,55.631,55.488,54.439999,140000,53.33292
2014-12-12,55.652,55.703,55.448,54.52,81100,53.411289
2014-12-15,55.519,55.57,55.437,54.360001,43800,53.254547
2014-12-16,55.703,55.795,55.57,54.639999,33200,53.528854
2014-12-17,55.682,56.05,55.427,54.400002,355900,53.293739
2014-12-18,55.376,55.386,55.131,54.060001,53600,52.960648
2014-12-19,55.131,55.427,55.131,54.240002,57600,53.13699
2014-12-22,55.427,55.539,55.397,54.380001,75100,53.274143
2014-12-23,55.417,55.448,55.049,53.93,65700,52.83329
2014-12-24,54.886,55.029,54.876,53.880001,32900,52.784309
2014-12-26,55.172,55.172,55.009,54.009998,48600,52.911667
2014-12-29,55.213,55.315,55.121,54.09,71400,52.990032
2014-12-30,55.233,55.315,55.141,54.07,87900,52.970444
2014-12-31,55.152,55.417,55.152,54.240002,51800,53.13699
2015-01-02,55.448,55.713,55.407,54.509998,172400,53.401493
2015-01-05,55.682,55.784,55.631,54.560001,63000,53.450485
2015-01-06,55.815,56.04,55.662,54.599998,63000,53.489666
2015-01-07,55.57,55.774,55.488,54.599998,61200,53.489666
2015-01-08,55.672,55.744,55.59,54.580002,141900,53.470074
2015-01-09,55.662,55.866,55.631,54.68,80400,53.568039
2015-01-12,55.774,55.856,55.693,54.66,68400,53.548447
2015-01-13,55.611,55.784,55.539,54.529999,79600,53.421089
2015-01-14,55.948,56.162,55.886,54.900002,293300,53.783569
2015-01-15,56.172,56.489,56.162,55.34,57400,54.214622
2015-01-16,56.489,56.53,56.162,55.02,65000,53.901127
2015-01-20,56.336,56.427,56.244,55.189999,162300,54.067665
2015-01-21,56.346,56.417,56.009,54.919998,105600,53.80315
2015-01-22,56.264,56.285,55.876,54.919998,82000,53.80315
2015-01-23,56.336,56.499,56.295,55.32,96800,54.195019
2015-01-26,56.479,56.53,56.325,55.240002,88300,54.116653
2015-01-27,56.56,56.601,56.499,55.400002,52100,54.273399
2015-01-28,56.56,56.877,56.519,55.59,91800,54.45953
2015-01-29,56.642,56.703,56.55,55.549999,165400,54.420341
2015-01-30,57.122,57.132,56.907,55.919998,247700,54.782818
2015-02-02,57.05,57.142,56.979,55.849998,172700,54.714245
2015-02-03,56.672,56.856,56.672,55.650002,47400,54.518314
2015-02-04,56.672,56.907,56.55,55.700001,46600,54.567299
2015-02-05,56.856,56.856,56.601,55.450001,56200,54.322388
2015-02-06,56.376,56.387,56.152,55.09,61400,53.969696
2015-02-09,56.356,56.356,56.142,55.009998,84100,53.891327
2015-02-10,56.162,56.162,55.887,54.77,83900,53.656204
2015-02-11,55.886,56.029,55.693,54.75,65900,53.63662
2015-02-12,55.876,56.101,55.733,54.599998,79300,53.489666
2015-02-13,55.784,55.784,55.611,54.490002,80700,53.381901
2015-02-17,55.58,55.621,55.274,54.23,248700,53.12719
2015-02-18,55.458,55.662,55.325,54.380001,57300,53.274143
2015-02-19,55.427,55.57,55.427,54.369999,38000,53.264336
2015-02-20,55.672,55.784,55.448,54.400002,45800,53.293739
2015-02-23,55.611,55.652,55.58,54.48,58900,53.372105
2015-02-24,55.621,55.958,55.539,54.77,66300,53.656204
2015-02-25,55.927,56.06,55.835,54.889999,29700,53.773766
2015-02-26,56.152,56.223,55.989,54.849998,37100,53.734581
2015-02-27,56.152,56.336,56.029,55.18,65200,54.057873
2015-03-02,56.274,56.274,55.846,54.740002,113300,53.62682
2015-03-03,55.907,55.989,55.846,54.73,48200,53.61702
2015-03-04,56.06,56.07,55.907,54.869999,100400,53.754177
2015-03-05,55.999,56.06,55.774,54.740002,59900,53.62682
2015-03-06,55.539,55.58,55.274,54.209999,63000,53.107597
2015-03-09,55.448,55.448,55.172,54.110001,63100,53.009632
2015-03-10,55.243,55.325,55.203,54.16,57500,53.058617
2015-03-11,55.264,55.386,55.223,54.25,87300,53.146786
2015-03-12,55.448,55.529,55.203,54.080002,82100,52.980247
2015-03-13,55.172,55.264,55.09,53.970001,120000,52.872478
2015-03-16,55.203,55.233,55.019,53.959999,54500,52.862682
2015-03-17,55.08,55.182,55.049,54.040001,63500,52.941055
2015-03-18,55.315,56.101,55.223,54.860001,189000,53.744377
2015-03-19,55.989,56.091,55.723,54.91,53700,53.793365
2015-03-20,56.142,56.193,56.019,55.029999,81800,53.910919
2015-03-23,56.152,56.152,56.04,54.959999,100700,53.842346
2015-03-24,56.274,56.438,56.203,55.259998,44200,54.136242
2015-03-25,56.57,56.57,56.346,55.23,84500,54.10685
2015-03-26,56.346,56.346,56.04,54.939999,54200,53.82275
2015-03-27,56.131,56.203,56.04,54.939999,91100,53.82275
2015-03-30,56.121,56.121,55.917,54.779999,68800,53.666004
2015-03-31,55.897,56.101,55.846,54.919998,43100,53.80315
2015-04-01,56.274,56.519,56.274,55.299999,172900,54.175438
2015-04-02,56.438,56.438,56.254,55.169998,43800,54.048077
2015-04-06,56.652,56.713,56.438,55.299999,238200,54.175438
2015-04-07,56.479,56.652,56.428,55.459999,178800,54.332172
2015-04-08,56.438,56.519,56.315,55.34,37000,54.214622
2015-04-09,56.489,56.519,56.254,55.130001,88600,54.008888
2015-04-10,56.315,56.346,56.213,55.09,52800,53.969696
2015-04-13,56.183,56.285,56.152,55.119999,91300,53.999084
2015-04-14,56.438,56.57,56.356,55.220001,51500,54.097057
2015-04-15,56.468,56.621,56.438,55.369999,183000,54.244003
2015-04-16,56.519,56.652,56.346,55.470001,70000,54.341972
2015-04-17,56.642,56.999,56.642,55.759998,66600,54.626072
2015-04-20,56.928,56.928,56.785,55.700001,54100,54.567299
2015-04-21,56.724,56.795,56.601,55.48,46000,54.351768
2015-04-22,56.601,56.601,56.356,55.220001,54000,54.097057
2015-04-23,56.468,56.601,56.407,55.349998,64100,54.224407
2015-04-24,56.632,56.754,56.601,55.57,66800,54.439938
2015-04-27,56.754,56.836,56.683,55.599998,64700,54.46933
2015-04-28,56.652,56.683,56.417,55.290001,42100,54.165634
2015-04-29,56.305,56.775,56.152,55.16,65800,54.038273
2015-04-30,56.274,56.489,56.152,55.290001,117200,54.165634
2015-05-01,56.295,56.325,56.091,55.02,157400,53.901127
2015-05-04,56.223,56.223,55.897,54.82,101200,53.705193
2015-05-05,56.04,56.04,55.784,54.77,50300,53.656204
2015-05-06,55.846,55.856,55.437,54.43,50300,53.323124
2015-05-07,55.611,55.723,55.509,54.57,54400,53.460274
2015-05-08,55.978,56.019,55.825,54.700001,31500,53.587635
2015-05-11,55.662,55.693,55.325,54.200001,95000,53.097801
2015-05-12,55.335,55.539,55.294,54.299999,49200,53.195766
2015-05-13,55.601,55.621,55.305,54.25,63000,53.146786
2015-05-14,55.386,55.539,55.376,54.330002,51600,53.225159
2015-05-15,55.539,55.825,55.539,54.669998,46600,53.558247
2015-05-18,55.642,55.662,55.509,54.41,48600,53.303528
2015-05-19,55.254,55.468,55.223,54.150002,52500,53.048817
2015-05-20,55.417,55.59,55.356,54.290001,43600,53.18597
2015-05-21,55.488,55.672,55.488,54.5,41400,53.391701
2015-05-22,55.744,55.754,55.58,54.57,41800,53.460274
2015-05-26,55.693,55.856,55.672,54.639999,60100,53.528854
2015-05-27,55.733,55.733,55.611,54.59,46100,53.47987
2015-05-28,55.662,55.754,55.57,54.57,54900,53.460274
2015-05-29,55.774,55.978,55.754,54.700001,37000,53.587635
2015-06-01,55.846,55.856,55.499,54.439999,181500,53.33292
2015-06-02,55.478,55.478,55.305,54.209999,54000,53.107597
2015-06-03,55.121,55.121,54.876,53.84,81000,52.745125
2015-06-04,55.08,55.233,55.07,54.02,46700,52.921455
2015-06-05,54.896,55.049,54.804,53.869999,43000,52.774509
2015-06-08,55.121,55.121,55.009,53.91,48000,52.813694
2015-06-09,54.998,55.029,54.856,53.790001,68700,52.69614
2015-06-10,54.886,54.896,54.651,53.57,123100,52.480606
2015-06-11,54.835,55.009,54.774,53.849998,53300,52.754913
2015-06-12,54.927,55.141,54.927,53.869999,34000,52.774509
2015-06-15,55.203,55.213,55.019,54.060001,58000,52.960648
2015-06-16,55.274,55.488,55.243,54.34,35800,53.234951
2015-06-17,55.437,55.55,55.172,54.400002,33300,53.293739
2015-06-18,55.417,55.458,55.274,54.299999,47600,53.195766
2015-06-19,55.458,55.621,55.458,54.439999,40800,53.33292
2015-06-22,55.468,55.468,55.294,54.189999,60700,53.088005
2015-06-23,55.152,55.376,55.121,54.110001,58000,53.009632
2015-06-24,55.305,55.366,55.243,54.220001,44800,53.117393
2015-06-25,55.254,55.346,55.182,54.09,41600,52.990032
2015-06-26,55.029,55.09,54.958,53.869999,49200,52.774509
2015-06-29,55.213,55.478,55.121,54.299999,78400,53.195766
2015-06-30,55.305,55.56,55.305,54.209999,50900,53.107597
2015-07-01,55.121,55.233,55.08,54.009998,120900,52.911667
2015-07-02,55.274,55.417,55.223,54.200001,169700,53.097801
2015-07-06,55.56,55.652,55.427,54.43,49500,53.323124
2015-07-07,55.815,55.917,55.693,54.599998,46300,53.489666
2015-07-08,55.795,55.815,55.682,54.66,255200,53.548447
2015-07-09,55.611,55.631,55.437,54.330002,56100,53.225159
2015-07-10,55.203,55.274,55.111,54.060001,101200,52.960648
2015-07-13,54.988,55.172,54.988,53.900002,68300,52.803902
2015-07-14,55.07,55.131,55.019,53.990002,50500,52.892075
2015-07-15,55.08,55.284,55.049,54.119999,59300,53.019428
2015-07-16,55.192,55.345,55.172,54.18,41900,53.078209
2015-07-17,55.264,55.325,55.243,54.169998,41700,53.068405
2015-07-20,55.182,55.223,55.07,54.049999,83900,52.950848
2015-07-21,55.111,55.305,55.111,54.169998,60700,53.068405
2015-07-22,55.335,55.407,55.294,54.18,41800,53.078209
2015-07-23,55.243,55.417,55.233,54.27,56900,53.166378
2015-07-24,55.468,55.468,55.243,54.200001,73700,53.097801
2015-07-27,55.488,55.499,55.345,54.310001,75900,53.205566
2015-07-28,55.345,55.397,55.243,54.220001,156500,53.117393
2015-07-29,55.264,55.376,55.233,54.209999,47200,53.107597
2015-07-30,55.335,55.458,55.315,54.279999,131100,53.17617
2015-07-31,55.58,55.631,55.509,54.439999,29600,53.33292
2015-08-03,55.57,55.631,55.519,54.439999,63800,53.33292
2015-08-04,55.529,55.56,55.254,54.16,72100,53.058617
2015-08-05,55.233,55.233,55.049,53.93,42500,52.83329
2015-08-06,55.039,55.203,55.039,54.080002,36200,52.980247
2015-08-07,55.213,55.376,55.182,54.209999,41500,53.107597
2015-08-10,55.284,55.284,55.192,54.119999,44900,53.019428
2015-08-11,55.366,55.57,55.345,54.380001,597900,53.274143
2015-08-12,55.529,55.682,55.315,54.209999,56300,53.107597
2015-08-13,55.182,55.233,55.08,54.080002,48200,52.980247
2015-08-14,55.162,55.274,55.101,54.060001,42000,52.960648
2015-08-17,55.284,55.335,55.152,54.029999,57200,52.931255
2015-08-18,55.09,55.141,55.009,53.919998,51700,52.82349
2015-08-19,54.907,55.254,54.835,54.09,228700,52.990032
2015-08-20,55.172,55.356,55.121,54.200001,73000,53.097801
2015-08-21,55.284,55.356,55.172,54.189999,74100,53.088005
2015-08-24,55.55,55.631,55.131,54.099998,174900,52.999836
2015-08-25,55.121,55.152,54.907,53.93,88300,52.83329
2015-08-26,54.876,55.06,54.662,53.599998,51600,52.510002
2015-08-27,54.876,55.07,54.835,53.799999,53500,52.70594
2015-08-28,55.131,55.223,55.049,53.98,61800,52.882271
2015-08-31,55.192,55.192,54.968,53.880001,82400,52.784309
2015-09-01,54.988,55.07,54.896,53.919998,131500,52.82349
2015-09-02,54.886,54.947,54.794,53.720001,72400,52.62756
2015-09-03,54.815,54.886,54.764,53.669998,49000,52.578579
2015-09-04,54.876,54.947,54.784,53.759998,30200,52.666748
2015-09-08,54.662,54.733,54.611,53.52,80600,52.431629
2015-09-09,54.519,54.794,54.519,53.639999,57100,52.549191
2015-09-10,54.713,54.804,54.682,53.669998,49900,52.578579
2015-09-11,54.866,54.958,54.866,53.82,77600,52.725525
2015-09-14,54.958,54.968,54.784,53.740002,40300,52.647148
2015-09-15,54.784,54.784,54.457,53.349998,78200,52.265076
2015-09-16,54.437,54.6,54.406,53.330002,40600,52.245495
2015-09-17,54.437,54.886,54.335,53.77,73200,52.67654
2015-09-18,54.917,55.07,54.845,53.93,53300,52.83329
2015-09-21,54.886,54.896,54.662,53.610001,94400,52.519798
2015-09-22,54.702,54.876,54.682,53.73,48000,52.63736
2015-09-23,54.856,54.927,54.784,53.720001,100700,52.62756
2015-09-24,54.917,54.998,54.784,53.669998,33900,52.578579
2015-09-25,54.662,54.723,54.519,53.41,81200,52.323872
2015-09-28,54.549,54.702,54.539,53.43,86000,52.343456
2015-09-29,54.662,54.743,54.621,53.580002,61000,52.490414
2015-09-30,54.713,54.815,54.682,53.669998,121800,52.578579
2015-10-01,55.029,55.121,54.978,53.900002,61800,52.803902
2015-10-02,55.356,55.407,55.254,54.23,59800,53.12719
2015-10-05,55.356,55.356,55.141,54.049999,31400,52.950848
2015-10-06,55.152,55.376,55.152,54.220001,76100,53.117393
2015-10-07,55.223,55.335,55.182,54.18,33500,53.078209
2015-10-08,55.335,55.376,55.223,54.130001,34400,53.029221
2015-10-09,55.203,55.305,55.101,54.009998,38700,52.911667
2015-10-12,55.172,55.274,55.162,54.150002,59000,53.048817
2015-10-13,55.152,55.233,55.111,54.09,24800,52.990032
2015-10-14,55.274,55.407,55.223,54.279999,107200,53.17617
2015-10-15,55.407,55.407,55.243,54.119999,67800,53.019428
2015-10-16,55.264,55.264,55.101,54.040001,100600,52.941055
2015-10-19,55.101,55.101,54.947,53.919998,76100,52.82349
2015-10-20,54.927,54.988,54.866,53.860001,56300,52.764713
2015-10-21,55.039,55.121,54.988,53.919998,83600,52.82349
2015-10-22,55.101,55.223,55.019,54.080002,52900,52.980247
2015-10-23,55.101,55.162,55.06,53.990002,28200,52.892075
2015-10-26,55.152,55.213,55.08,54.02,66400,52.921455
2015-10-27,55.192,55.264,55.172,54.09,31600,52.990032
2015-10-28,55.192,55.192,54.896,53.799999,110500,52.70594
2015-10-29,54.815,54.856,54.733,53.689999,184400,52.598171
2015-10-30,54.886,54.958,54.825,53.84,164500,52.745125
2015-11-02,54.835,54.917,54.794,53.759998,148600,52.666748
2015-11-03,54.876,54.968,54.784,53.709999,53800,52.617767
2015-11-04,54.856,54.937,54.662,53.630001,45200,52.539383
2015-11-05,54.702,54.702,54.488,53.529999,51500,52.441425
2015-11-06,54.427,54.427,54.294,53.259998,87500,52.176914
2015-11-09,54.325,54.447,54.304,53.25,67900,52.167122
2015-11-10,54.396,54.529,54.335,53.25,270800,52.167122
2015-11-11,54.345,54.345,54.294,53.209999,50200,52.127937
2015-11-12,54.274,54.376,54.274,53.240002,39200,52.157326
2015-11-13,54.386,54.468,54.386,53.290001,39400,52.206306
2015-11-16,54.498,54.498,54.366,53.279999,38300,52.196503
2015-11-17,54.406,54.539,54.335,53.34,470500,52.255291
2015-11-18,54.468,54.549,54.406,53.43,102300,52.343456
2015-11-19,54.641,54.733,54.611,53.59,52400,52.500202
2015-11-20,54.743,54.815,54.713,53.669998,72700,52.578579
2015-11-23,54.784,54.886,54.713,53.689999,45900,52.598171
2015-11-24,54.835,54.947,54.835,53.790001,36600,52.69614
2015-11-25,54.876,54.917,54.804,53.779999,56300,52.686333
2015-11-27,54.917,54.947,54.886,53.790001,26400,52.69614
2015-11-30,54.998,54.998,54.835,53.77,40900,52.67654
2015-12-01,54.917,55.131,54.896,53.959999,211700,52.862682
2015-12-02,54.968,54.978,54.866,53.82,165100,52.725525
2015-12-03,54.804,54.804,54.498,53.459999,94700,52.372845
2015-12-04,54.641,54.784,54.6,53.57,42800,52.480606
2015-12-07,54.631,54.794,54.59,53.599998,65500,52.510002
2015-12-08,54.682,54.774,54.621,53.619999,62800,52.529591
2015-12-09,54.651,54.713,54.539,53.509998,44800,52.421829
2015-12-10,54.57,54.57,54.396,53.330002,93900,52.245495
2015-12-11,54.611,54.702,54.508,53.549999,71600,52.461014
2015-12-14,54.498,54.498,54.233,53.169998,73300,52.088749
2015-12-15,54.223,54.315,54.202,53.139999,90300,52.059353
2015-12-16,54.202,54.713,53.998,52.93,62000,51.853626
2015-12-17,54.07,54.315,54.07,53.139999,74000,52.059353
2015-12-18,54.355,54.468,54.304,53.299999,100900,52.216106
2015-12-21,54.386,54.437,54.284,53.25,119700,52.167122
2015-12-22,54.294,54.294,54.182,53.150002,87500,52.069149
2015-12-23,54.192,54.315,54.141,53.200001,98100,52.118134
2015-12-24,54.345,54.386,54.243,53.259998,40600,52.176914
2015-12-28,54.335,54.447,54.325,53.259998,69100,52.176914
2015-12-29,54.023,54.053,53.809,52.919998,72500,51.986626
2015-12-30,53.829,53.952,53.799,52.970001,78000,52.035748
2015-12-31,54.002,54.114,53.992,53.130001,113000,52.192921
2016-01-04,54.237,54.359,54.206,53.27,145600,52.33046
2016-01-05,54.165,54.277,54.094,53.25,78300,52.31081
2016-01-06,54.257,54.471,54.237,53.459999,211100,52.517109
2016-01-07,54.379,54.399,54.257,53.400002,101600,52.458168
2016-01-08,54.287,54.42,54.226,53.419998,59200,52.477814
2016-01-11,54.237,54.338,54.104,53.150002,43900,52.212578
2016-01-12,54.216,54.389,54.114,53.259998,121100,52.320633
2016-01-13,54.216,54.44,54.186,53.369999,81800,52.428692
2016-01-14,54.44,54.461,54.216,53.389999,114100,52.448341
2016-01-15,54.461,54.511,54.308,53.349998,163200,52.409046
2016-01-19,54.247,54.389,54.226,53.330002,129400,52.3894
2016-01-20,54.45,54.511,54.257,53.380001,104000,52.438519
2016-01-21,54.359,54.399,54.114,53.16,149600,52.222393
2016-01-22,54.094,54.318,54.074,53.34,333200,52.39922
2016-01-25,54.287,54.349,54.257,53.34,90400,52.39922
2016-01-26,54.359,54.471,54.328,53.419998,77700,52.477814
2016-01-27,54.328,54.623,54.318,53.639999,1005000,52.693928
2016-01-28,54.623,54.715,54.542,53.700001,80900,52.752876
2016-01-29,54.939,54.959,54.837,53.959999,74100,53.008289
2016-02-01,54.888,54.919,54.715,53.779999,194600,52.831463
2016-02-02,54.929,55.01,54.908,54.02,138000,53.06723
2016-02-03,55.02,55.295,54.99,54.07,75700,53.116348
2016-02-04,55.122,55.163,54.98,54.049999,89800,53.096699
2016-02-05,55.01,55.01,54.868,53.93,88900,52.978813
2016-02-08,54.939,55.092,54.888,53.959999,95900,53.008289
2016-02-09,54.888,54.919,54.725,53.869999,138100,52.919872
2016-02-10,54.868,55.061,54.766,54,886400,53.047585
2016-02-11,55.081,55.265,55,54.150002,98500,53.194942
2016-02-12,55.112,55.193,54.919,54.049999,91200,53.096699
2016-02-16,54.837,54.929,54.715,53.75,90900,52.801991
2016-02-17,54.725,54.776,54.644,53.73,68200,52.782349
2016-02-18,54.847,54.949,54.654,53.880001,102400,52.929703
2016-02-19,54.878,54.97,54.786,53.91,73000,52.959167
2016-02-22,54.919,54.99,54.908,54,174300,53.047585
2016-02-23,54.878,55.143,54.868,54.16,92000,53.204758
2016-02-24,55.305,55.478,55.214,54.279999,78500,53.322639
2016-02-25,55.326,55.529,55.326,54.490002,95700,53.528942
2016-02-26,55.346,55.458,55.295,54.419998,445400,53.460171
2016-02-29,55.407,55.54,55.407,54.540001,84200,53.578056
2016-03-01,55.529,55.529,55.265,54.369999,147800,53.411064
2016-03-02,55.316,55.499,55.275,54.52,62400,53.558414
2016-03-03,55.55,55.702,55.499,54.650002,517400,53.686119
2016-03-04,55.611,55.641,55.326,54.459999,106800,53.49947
2016-03-07,55.387,55.397,55.224,54.290001,121500,53.33247
2016-03-08,55.428,55.499,55.346,54.470001,58800,53.509293
2016-03-09,55.336,55.478,55.336,54.439999,78700,53.47982
2016-03-10,55.417,55.509,55.132,54.189999,102200,53.234226
2016-03-11,55.234,55.234,55.112,54.16,62500,53.204758
2016-03-14,55.163,55.244,55.132,54.16,58200,53.204758
2016-03-15,55.204,55.204,54.99,54.049999,106100,53.096699
2016-03-16,55.092,55.58,55.071,54.599998,85000,53.636997
2016-03-17,55.672,55.906,55.672,54.709999,104700,53.745056
2016-03-18,55.937,56.028,55.916,54.970001,66400,54.000473
2016-03-21,55.886,56.049,55.825,54.959999,67900,53.990658
2016-03-22,55.977,56.008,55.784,54.849998,72500,53.882591
2016-03-23,55.855,55.937,55.845,54.919998,143700,53.951355
2016-03-24,55.875,55.937,55.631,54.799999,690200,53.833473
2016-03-28,55.804,55.814,55.702,54.790001,107400,53.823647
2016-03-29,55.947,56.446,55.906,55.43,1689300,54.452358
2016-03-30,56.395,56.456,56.323,55.459999,94200,54.481834
2016-03-31,56.446,56.558,56.395,55.529999,212400,54.550594
2016-04-01,56.568,56.598,56.364,55.549999,245400,54.570244
2016-04-04,56.598,56.649,56.517,55.580002,231800,54.599716
2016-04-05,56.68,56.71,56.547,55.630001,52300,54.64883
2016-04-06,56.598,56.598,56.354,55.490002,124200,54.511307
2016-04-07,56.69,56.72,56.588,55.669998,108100,54.688129
2016-04-08,56.568,56.608,56.507,55.580002,98100,54.599716
2016-04-11,56.507,56.588,56.425,55.470001,57900,54.491653
2016-04-12,56.344,56.344,56.191,55.27,135600,54.295181
2016-04-13,56.191,56.323,56.13,55.27,310200,54.295181
2016-04-14,56.14,56.293,56.12,55.18,122400,54.206768
2016-04-15,56.15,56.395,56.15,55.330002,59800,54.354126
2016-04-18,56.252,56.303,56.191,55.299999,83800,54.32465
2016-04-19,56.313,56.456,56.313,55.419998,60300,54.442535
2016-04-20,56.456,56.527,56.191,55.23,93100,54.25589
2016-04-21,56.405,56.405,56.028,55.139999,94300,54.167477
2016-04-22,56.222,56.222,56.069,55.139999,117200,54.167477
2016-04-25,56.099,56.222,56.049,55.07,49100,54.098709
2016-04-26,56.049,56.079,55.967,55.060001,44200,54.088886
2016-04-27,56.222,56.364,56.12,55.34,346000,54.363945
2016-04-28,56.405,56.639,56.364,55.619999,68300,54.639004
2016-04-29,56.517,56.7,56.446,55.66,154300,54.678299
2016-05-02,56.547,56.547,56.313,55.389999,181300,54.413059
2016-05-03,56.568,56.568,56.466,55.509998,54000,54.530945
2016-05-04,56.558,56.619,56.415,55.560001,79400,54.580067
2016-05-05,56.547,56.7,56.435,55.689999,72400,54.707771
2016-05-06,56.629,56.649,56.486,55.5,222900,54.521126
2016-05-09,56.558,56.568,56.456,55.540001,202900,54.560417
2016-05-10,56.568,56.72,56.486,55.700001,129000,54.717602
2016-05-11,56.731,56.843,56.639,55.73,84500,54.74707
2016-05-12,56.608,56.67,56.547,55.66,53900,54.678299
2016-05-13,56.69,56.822,56.649,55.82,115300,54.835484
2016-05-16,56.771,56.802,56.68,55.700001,117800,54.717602
2016-05-17,56.792,58.349,56.71,55.73,62000,54.74707
2016-05-18,56.629,56.639,56.191,55.32,84900,54.344303
2016-05-19,56.853,56.853,56.242,55.27,60200,54.295181
2016-05-20,56.272,56.313,56.211,55.240002,77800,54.265713
2016-05-23,56.191,56.252,56.12,55.259998,86700,54.285358
2016-05-24,56.161,56.222,56.099,55.200001,76000,54.226421
2016-05-25,56.201,56.323,56.14,55.25,65100,54.275536
2016-05-26,56.384,56.659,56.374,55.400002,77400,54.422897
2016-05-27,56.395,56.466,56.262,55.310001,137800,54.334476
2016-05-31,56.395,56.395,56.14,55.220001,114200,54.246067
2016-06-01,56.293,56.364,56.171,55.23,155700,54.25589
2016-06-02,56.435,56.435,56.303,55.389999,98300,54.413059
2016-06-03,56.731,56.802,56.659,55.709999,83100,54.727421
2016-06-06,56.69,56.822,56.639,55.740002,95700,54.756889
2016-06-07,56.853,56.975,56.853,55.93,172100,54.943542
2016-06-08,56.965,57.067,56.965,56.049999,63500,55.061428
2016-06-09,57.067,57.148,57.016,56.080002,99500,55.090897
2016-06-10,57.077,57.158,57.016,56.09,165100,55.100723
2016-06-13,57.097,57.107,57.005,56.049999,102200,55.061428
2016-06-14,57.036,57.046,56.904,55.91,49900,54.923901
2016-06-15,56.934,57.158,56.893,56.139999,128300,55.149837
2016-06-16,57.158,57.199,57.005,56.049999,73800,55.061428
2016-06-17,57.005,57.036,56.832,55.880001,78600,54.894428
2016-06-20,56.822,56.873,56.629,55.689999,138700,54.707771
2016-06-21,56.649,56.7,56.527,55.580002,68800,54.599716
2016-06-22,56.558,56.771,56.466,55.700001,122600,54.717602
2016-06-23,56.761,56.792,56.659,55.73,123600,54.74707
2016-06-24,57.168,57.24,56.955,56.060001,76100,55.071251
2016-06-27,58.512,58.512,57.128,56.25,227500,55.257896
2016-06-28,57.331,57.433,57.24,56.400002,75100,55.405254
2016-06-29,57.464,57.535,57.321,56.32,75200,55.326668
2016-06-30,57.453,57.586,57.413,56.48,632700,55.483833
2016-07-01,57.84,58.023,57.667,56.799999,118900,55.798199
2016-07-05,58.013,58.095,57.911,57.029999,91700,56.024143
2016-07-06,58.125,58.207,58.023,57.16,299700,56.151844
2016-07-07,58.166,58.176,57.972,56.970001,1609100,55.965199
2016-07-08,58.003,58.146,57.983,57.119999,158000,56.112553
2016-07-11,58.115,58.115,57.871,56.880001,498500,55.876789
2016-07-12,58.196,58.196,57.647,56.689999,279200,55.690132
2016-07-13,57.901,57.983,57.769,56.84,135700,55.83749
2016-07-14,57.657,57.82,57.626,56.709999,127500,55.709782
2016-07-15,57.555,57.626,57.514,56.57,116400,55.57225
2016-07-18,57.677,57.718,57.525,56.57,49100,55.57225
2016-07-19,57.657,57.677,57.545,56.580002,75100,55.582085
2016-07-20,57.464,57.545,57.362,56.48,83600,55.483833
2016-07-21,57.362,57.647,57.331,56.529999,123700,55.532959
2016-07-22,57.341,57.514,57.321,56.439999,99900,55.444546
2016-07-25,57.453,57.494,57.331,56.34,117700,55.346306
2016-07-26,57.423,57.484,57.311,56.43,273200,55.434731
2016-07-27,57.504,57.637,57.402,56.610001,119100,55.611549
2016-07-28,57.565,57.789,57.535,56.73,427200,55.729431
2016-07-29,57.871,57.952,57.779,56.889999,90300,55.886608
2016-08-01,57.779,57.779,57.575,56.580002,244200,55.582085
2016-08-02,57.331,57.453,57.311,56.299999,176000,55.307011
2016-08-03,57.341,57.484,57.25,56.450001,154900,55.454369
2016-08-04,57.677,57.81,57.637,56.68,106600,55.680317
2016-08-05,57.616,57.637,57.494,56.48,96300,55.483833
2016-08-08,57.535,57.667,57.474,56.540001,328300,55.542778
2016-08-09,57.555,57.708,57.514,56.650002,115800,55.650845
2016-08-10,57.759,57.799,57.616,56.689999,1881200,55.690132
2016-08-11,57.698,57.738,57.463,56.549999,176600,55.552612
2016-08-12,57.789,57.83,57.687,56.709999,343600,55.709782
2016-08-15,57.667,57.749,57.575,56.560001,256300,55.562428
2016-08-16,57.413,57.535,57.331,56.450001,99500,55.454369
2016-08-17,57.504,57.677,57.464,56.599998,68600,55.601723
2016-08-18,57.728,57.83,57.647,56.75,71100,55.749073
2016-08-19,57.637,57.677,57.514,56.619999,118200,55.621376
2016-08-22,57.871,57.871,57.677,56.759998,84400,55.758904
2016-08-23,57.85,57.871,57.769,56.830002,94800,55.827675
2016-08-24,57.922,57.932,57.769,56.77,169600,55.76873
2016-08-25,57.708,57.789,57.677,56.720001,105200,55.719608
2016-08-26,57.789,58.003,57.413,56.490002,69200,55.493668
2016-08-29,57.616,57.698,57.535,56.639999,113300,55.641022
2016-08-30,57.708,57.749,57.626,56.66,114900,55.660671
2016-08-31,57.616,57.749,57.545,56.650002,98400,55.650845
2016-09-01,57.637,57.779,57.525,56.669998,116400,55.670486
2016-09-02,57.708,57.708,57.525,56.639999,216000,55.641022
2016-09-06,57.667,58.003,57.616,56.919998,104400,55.91608
2016-09-07,58.023,58.074,57.962,56.990002,75000,55.984852
2016-09-08,57.932,58.013,57.738,56.810001,64400,55.808025
2016-09-09,57.535,57.535,57.402,56.41,150100,55.415077
2016-09-12,57.341,57.494,57.27,56.450001,89200,55.454369
2016-09-13,57.464,57.494,57.016,56.189999,113200,55.198952
2016-09-14,57.168,57.341,57.158,56.259998,135700,55.267719
2016-09-15,57.219,57.301,57.107,56.25,68400,55.257896
2016-09-16,57.392,57.392,57.311,56.380001,61500,55.385605
2016-09-19,57.392,57.413,57.29,56.290001,67800,55.297192
2016-09-20,57.29,57.402,57.26,56.299999,59300,55.307011
2016-09-21,57.29,57.545,57.24,56.529999,83500,55.532959
2016-09-22,57.657,57.891,57.647,56.830002,51300,55.827675
2016-09-23,57.881,58.023,57.871,56.959999,98100,55.955372
2016-09-26,58.044,58.084,57.962,56.98,104900,55.975025
2016-09-27,58.003,58.044,57.901,57.02,88400,56.014324
2016-09-28,58.115,58.207,58.044,57.07,62000,56.063438
2016-09-29,58.013,58.207,57.952,57.060001,107000,56.053619
2016-09-30,58.125,58.125,57.972,57.080002,94400,56.073261
2016-10-03,57.965,57.965,57.812,56.93,191500,56.021603
2016-10-04,57.873,57.924,57.548,56.639999,143200,55.736225
2016-10-05,57.558,57.619,57.436,56.599998,142200,55.696861
2016-10-06,57.508,57.589,57.477,56.580002,73400,55.677185
2016-10-07,57.548,57.569,57.386,56.599998,78100,55.696861
2016-10-10,57.497,57.497,57.376,56.529999,144400,55.627979
2016-10-11,57.548,57.548,57.355,56.48,157400,55.578777
2016-10-12,57.355,57.416,57.294,56.459999,92300,55.559093
2016-10-13,57.426,57.538,57.355,56.560001,103400,55.657501
2016-10-14,57.345,57.508,57.345,56.48,69700,55.578777
2016-10-17,57.548,57.68,57.467,56.73,101300,55.824787
2016-10-18,57.599,57.711,57.569,56.77,107800,55.864155
2016-10-19,57.619,57.772,57.609,56.84,152300,55.933033
2016-10-20,57.833,57.843,57.691,56.790001,122000,55.883831
2016-10-21,57.782,57.802,57.66,56.82,983900,55.913353
2016-10-24,57.731,57.731,57.569,56.73,82700,55.824787
2016-10-25,57.619,57.762,57.569,56.82,709100,55.913353
2016-10-26,57.599,57.741,57.569,56.810001,338100,55.903515
2016-10-27,57.569,57.569,57.426,56.560001,88300,55.657501
2016-10-28,57.477,57.548,57.436,56.57,133900,55.667343
2016-10-31,57.558,57.609,57.528,56.639999,192600,55.736225
2016-11-01,57.306,57.428,57.205,56.59,506300,55.803772
2016-11-02,57.357,57.468,57.316,56.610001,198700,55.823502
2016-11-03,57.387,57.387,57.215,56.450001,149100,55.665714
2016-11-04,57.326,57.397,57.255,56.59,516300,55.803772
2016-11-07,57.377,57.377,57.255,56.560001,151600,55.774193
2016-11-08,57.326,57.397,57.215,56.470001,276200,55.685448
2016-11-09,57.276,57.306,56.85,56.099998,354800,55.320583
2016-11-10,56.901,57.083,56.667,55.959999,478800,55.182526
2016-11-11,56.789,56.819,56.606,55.84,428600,55.064194
2016-11-14,56.566,56.576,56.14,55.389999,690700,54.620445
2016-11-15,56.333,56.434,56.181,55.419998,194200,54.650032
2016-11-16,56.099,56.333,56.069,55.540001,281600,54.768364
2016-11-17,56.475,56.475,56.181,55.459999,253600,54.689472
2016-11-18,56.323,56.323,55.998,55.34,299700,54.57114
2016-11-21,56.201,56.282,56.17,55.439999,320100,54.669754
2016-11-22,56.292,56.353,56.211,55.5,311700,54.728912
2016-11-23,56.262,56.262,55.897,55.349998,279700,54.581005
2016-11-25,56.069,56.191,55.968,55.290001,122000,54.521839
2016-11-28,56.14,56.231,56.049,55.279999,211500,54.511974
2016-11-29,55.978,56.211,55.846,55.400002,157200,54.63031
2016-11-30,56.191,56.282,55.988,55.389999,184800,54.620445
2016-12-01,55.924,55.924,55.651,55.16,458200,54.524567
2016-12-02,55.864,56.025,55.742,55.119999,117300,54.485023
2016-12-05,55.793,56.086,55.692,55.259998,706900,54.623413
2016-12-06,55.874,55.995,55.783,55.330002,166100,54.692608
2016-12-07,56.076,56.137,55.975,55.43,159600,54.791454
2016-12-08,55.934,56.056,55.864,55.330002,265000,54.692608
2016-12-09,55.955,56.015,55.641,55.080002,206100,54.445484
2016-12-12,55.762,55.762,55.661,55.119999,227300,54.485023
2016-12-13,55.813,55.843,55.601,55.040001,376100,54.405949
2016-12-14,55.823,55.843,55.226,54.599998,247900,53.971012
2016-12-15,55.074,55.125,54.862,54.259998,378900,53.63493
2016-12-16,54.902,55.004,54.771,54.220001,411200,53.595398
2016-12-19,54.973,55.115,54.933,54.459999,301800,53.83263
2016-12-20,55.014,55.186,54.973,54.540001,219500,53.911709
2016-12-21,55.358,55.368,55.206,54.639999,225500,54.010555
2016-12-22,55.236,55.499,55.176,54.830002,254800,54.198368
2016-12-23,55.52,55.601,55.479,54.93,149400,54.297215
2016-12-27,55.449,55.54,55.418,54.900002,197800,54.267563
2016-12-28,54.736,54.866,54.676,54.59,158200,54.364655
2016-12-29,54.877,54.937,54.826,54.610001,137200,54.384575
2016-12-30,54.877,55.097,54.846,54.84,221200,54.613621
2017-01-03,55.017,55.238,54.957,54.970001,714000,54.743088
2017-01-04,55.188,55.268,55.107,55.029999,410000,54.802837
2017-01-05,55.479,55.74,55.148,55.220001,308800,54.992058
2017-01-06,55.278,55.348,55.198,55.029999,313100,54.802837
2017-01-09,55.348,55.359,55.238,55.130001,209100,54.902431
2017-01-10,55.308,55.409,55.278,55.16,252600,54.932304
2017-01-11,55.469,55.67,55.419,55.25,399500,55.021931
2017-01-12,55.73,55.77,55.559,55.34,235100,55.111561
2017-01-13,55.459,55.549,55.308,55.240002,347900,55.011974
2017-01-17,55.7,55.73,55.509,55.43,301700,55.201191
2017-01-18,55.61,55.63,55.348,55.139999,294400,54.912388
2017-01-19,55.318,55.399,55.148,55.130001,364200,54.902431
2017-01-20,55.338,55.469,55.248,55.169998,702500,54.942261
2017-01-23,55.429,55.64,55.359,55.34,223100,55.111561
2017-01-24,55.529,55.61,55.399,55.25,234300,55.021931
2017-01-25,55.359,55.369,55.248,55.07,363400,54.842674
2017-01-26,55.328,55.419,55.208,55.18,176000,54.952221
2017-01-27,55.479,55.519,55.389,55.209999,811400,54.982094
2017-01-30,55.489,55.509,55.379,55.18,598900,54.952221
2017-01-31,55.499,55.589,55.449,55.32,682900,55.091644
2017-02-01,55.429,55.529,55.328,55.16,950300,54.932304
2017-02-02,55.559,55.589,55.399,55.200001,274000,54.972141
2017-02-03,55.559,55.63,55.308,55.150002,274000,54.922344
2017-02-06,55.539,55.569,55.399,55.299999,235300,55.071724
2017-02-07,55.529,55.6,55.479,55.299999,221600,55.071724
2017-02-08,55.529,55.73,55.529,55.439999,202700,55.211147
2017-02-09,55.63,55.63,55.479,55.310001,250200,55.081684
2017-02-10,55.559,55.63,55.509,55.349998,255000,55.121517
2017-02-13,55.509,55.549,55.459,55.290001,690500,55.061768
2017-02-14,55.569,55.569,55.238,55.119999,235000,54.892467
2017-02-15,55.348,55.439,55.288,55.209999,190700,54.982094
2017-02-16,55.499,55.65,55.429,55.220001,268400,54.992058
2017-02-17,55.559,55.6,55.509,55.32,240600,55.091644
2017-02-21,55.539,55.62,55.509,55.330002,327100,55.101604
2017-02-22,55.62,55.67,55.449,55.43,206500,55.201191
2017-02-23,55.78,55.79,55.73,55.540001,233900,55.310738
2017-02-24,55.891,55.971,55.841,55.709999,307100,55.480034
2017-02-27,56.232,56.232,55.74,55.560001,321700,55.330654
2017-02-28,55.76,55.971,55.71,55.52,377000,55.290817
2017-03-01,55.409,55.83,55.348,55.220001,259000,54.992058
2017-03-02,55.379,55.63,55.228,55.049999,275800,54.822762
2017-03-03,55.308,55.439,55.178,55.209999,184800,54.982094
2017-03-06,55.429,55.429,55.308,55.130001,326600,54.902431
2017-03-07,55.308,55.328,55.228,55.060001,365700,54.832718
2017-03-08,55.158,55.188,54.967,54.779999,361800,54.553871
2017-03-09,54.957,54.987,54.816,54.66,372900,54.434364
2017-03-10,54.987,55.057,54.826,54.709999,269200,54.484165
2017-03-13,54.927,54.997,54.846,54.639999,429400,54.414452
2017-03-14,54.836,54.887,54.806,54.610001,171500,54.384575
2017-03-15,54.977,55.328,54.927,55.080002,179700,54.852634
2017-03-16,55.308,55.348,55.228,55.029999,178500,54.802837
2017-03-17,55.308,55.379,55.308,55.130001,132100,54.902431
2017-03-20,55.359,55.469,55.338,55.23,151400,55.002018
2017-03-21,55.479,55.589,55.479,55.290001,231100,55.061768
2017-03-22,55.539,55.65,55.489,55.369999,348000,55.141438
2017-03-23,55.6,55.62,55.459,55.330002,195500,55.101604
2017-03-24,55.549,55.77,55.499,55.400002,194100,55.171314
2017-03-27,55.82,55.881,55.73,55.560001,171900,55.330654
2017-03-28,55.83,55.861,55.569,55.389999,197100,55.16135
2017-03-29,55.71,55.81,55.64,55.560001,213700,55.330654
2017-03-30,55.76,55.76,55.6,55.389999,175700,55.16135
2017-03-31,55.65,55.78,55.62,55.529999,136200,55.300774
2017-04-03,55.711,55.892,55.701,55.68,1378500,55.509136
2017-04-04,55.811,55.851,55.701,55.529999,170600,55.359592
2017-04-05,55.751,55.922,55.721,55.700001,181300,55.529076
2017-04-06,55.861,55.871,55.721,55.650002,239700,55.479229
2017-04-07,55.851,55.912,55.591,55.419998,209800,55.249931
2017-04-10,55.711,55.781,55.621,55.490002,207600,55.319721
2017-04-11,55.741,55.871,55.671,55.59,162600,55.419411
2017-04-12,55.861,56.022,55.791,55.799999,352900,55.628765
2017-04-13,56.112,56.142,55.992,55.880001,232200,55.708523
2017-04-17,55.992,56.042,55.841,55.740002,213500,55.568951
2017-04-18,56.012,56.092,55.952,55.91,226600,55.73843
2017-04-19,56.012,56.022,55.892,55.75,158300,55.578922
2017-04-20,55.892,55.932,55.811,55.700001,361500,55.529076
2017-04-21,55.892,55.912,55.791,55.650002,165300,55.479229
2017-04-24,55.771,55.841,55.751,55.650002,198600,55.479229
2017-04-25,55.781,55.821,55.671,55.540001,463500,55.369568
2017-04-26,55.721,55.851,55.721,55.639999,165600,55.469261
2017-04-27,55.831,55.871,55.751,55.650002,170100,55.479229
2017-04-28,55.821,55.962,55.811,55.700001,164000,55.529076
2017-05-01,55.699,55.809,55.579,55.540001,180800,55.461174
2017-05-02,55.569,55.629,55.519,55.490002,137800,55.411243
2017-05-03,55.499,55.589,55.379,55.349998,227400,55.271439
2017-05-04,55.248,55.258,55.098,55.139999,177700,55.061737
2017-05-05,55.208,55.268,55.148,55.18,183600,55.101685
2017-05-08,55.208,55.218,55.028,55.02,178900,54.94191
2017-05-09,55.018,55.088,54.968,54.98,165300,54.901966
2017-05-10,55.168,55.168,55.008,55.009998,231400,54.931923
2017-05-11,55.088,55.268,55.048,55.18,111100,55.101685
2017-05-12,55.218,55.339,55.188,55.209999,125100,55.131638
2017-05-15,55.278,55.319,55.148,55.119999,117100,55.041767
2017-05-16,55.138,55.238,55.138,55.150002,175100,55.071728
2017-05-17,55.399,55.559,55.329,55.459999,202800,55.381283
2017-05-18,55.529,55.609,55.409,55.5,265700,55.42123
2017-05-19,55.599,55.669,55.539,55.59,121200,55.511101
2017-05-22,55.639,55.659,55.549,55.529999,135700,55.451183
2017-05-23,55.659,55.669,55.479,55.43,114400,55.35133
2017-05-24,55.489,55.539,55.389,55.439999,320200,55.361313
2017-05-25,55.519,55.539,55.429,55.400002,189200,55.321373
2017-05-26,55.539,55.589,55.499,55.5,99500,55.42123
2017-05-30,55.639,55.719,55.589,55.619999,137900,55.541058
2017-05-31,55.659,55.769,55.639,55.66,141100,55.581001
2017-06-01,55.48,55.6,55.48,55.580002,130100,55.580002
2017-06-02,55.66,55.78,55.64,55.740002,116800,55.740002
2017-06-05,55.57,55.66,55.57,55.619999,143900,55.619999
2017-06-06,55.75,55.76,55.65,55.720001,126800,55.720001
2017-06-07,55.61,55.69,55.52,55.529999,166500,55.529999
2017-06-08,55.5,55.56,55.42,55.52,126200,55.52
2017-06-09,55.44,55.5,55.43,55.43,93100,55.43
2017-06-12,55.45,55.49,55.33,55.360001,130100,55.360001
2017-06-13,55.29,55.42,55.29,55.419998,120300,55.419998
2017-06-14,55.47,55.58,55.36,55.439999,165800,55.439999
2017-06-15,55.2,55.27,55.14,55.200001,232000,55.200001
2017-06-16,55.19,55.24,55.17,55.23,126400,55.23
2017-06-19,55.25,55.26,55.12,55.139999,104300,55.139999
2017-06-20,55.13,55.25,55.13,55.220001,103500,55.220001
2017-06-21,55.22,55.3,55.22,55.25,588800,55.25
2017-06-22,55.29,55.46,55.26,55.450001,137000,55.450001
2017-06-23,55.45,55.51,55.4,55.470001,169800,55.470001
2017-06-26,55.54,55.6,55.53,55.580002,126900,55.580002
2017-06-27,55.5,55.54,55.31,55.330002,104200,55.330002
2017-06-28,55.35,55.43,55.26,55.400002,150600,55.400002
2017-06-29,55.2,55.25,55.15,55.189999,182800,55.189999
2017-06-30,NA,NA,NA,NA,NA,NA
2017-07-03,54.96,55,54.86,54.939999,102800,54.939999
2017-07-07,54.76,54.76,54.63,54.66,177258,54.66
