"Date","SCHR.Open","SCHR.High","SCHR.Low","SCHR.Close","SCHR.Volume","SCHR.Adjusted"
2010-08-05,54.651,54.728,54.651,50,5400,45.689789
2010-08-06,55.089,55.089,54.87,50.200001,16600,45.872536
2010-08-09,54.914,54.925,54.903,50.18,14700,45.854267
2010-08-10,54.881,55.133,54.837,50.380001,20600,46.037029
2010-08-11,55.253,55.319,55.209,50.509998,31900,46.155804
2010-08-12,55.297,55.297,55.144,50.389999,26200,46.046165
2010-08-13,55.209,55.264,55.187,50.5,20300,46.146683
2010-08-16,55.647,55.658,55.428,50.75,35500,46.37513
2010-08-17,55.439,55.439,55.319,50.599998,22200,46.238049
2010-08-18,55.483,55.494,55.341,50.57,10200,46.210632
2010-08-19,55.33,55.527,55.33,50.720001,160100,46.347713
2010-08-20,55.472,55.483,55.319,50.560001,36500,46.201508
2010-08-23,55.33,55.417,55.319,50.619999,37100,46.256348
2010-08-24,55.581,55.745,55.559,50.849998,29100,46.466522
2010-08-25,55.811,55.811,55.505,50.720001,21800,46.347713
2010-08-26,55.516,55.592,55.483,50.790001,11200,46.411682
2010-08-27,55.483,55.581,55.209,50.450001,25300,46.100979
2010-08-30,55.45,55.581,55.406,50.790001,7500,46.411682
2010-08-31,55.724,55.735,55.658,50.93,8500,46.539612
2010-09-01,55.569,55.569,55.296,50.630001,19100,46.293655
2010-09-02,55.34,55.34,55.285,50.549999,2600,46.220501
2010-09-03,55.034,55.165,55.001,50.380001,13900,46.065056
2010-09-07,55.296,55.394,55.274,50.650002,14300,46.311932
2010-09-08,55.285,55.318,55.208,50.529999,35100,46.202229
2010-09-09,55.11,55.11,54.924,50.220001,32400,45.918774
2010-09-10,54.869,54.891,54.782,50.169998,4700,45.873039
2010-09-13,54.869,55.088,54.869,50.369999,17300,46.05592
2010-09-14,55.165,55.318,55.165,50.580002,14500,46.247952
2010-09-15,55.285,55.351,55.154,50.450001,13100,46.12907
2010-09-16,55.154,55.154,55.055,50.380001,5600,46.065056
2010-09-17,55.154,55.187,55.143,50.439999,2600,46.119942
2010-09-20,55.252,55.296,55.187,50.560001,7500,46.229641
2010-09-21,55.416,55.624,55.362,50.860001,13900,46.503944
2010-09-22,55.733,55.81,55.668,50.900002,4700,46.540543
2010-09-23,55.799,55.821,55.635,50.880001,20800,46.522251
2010-09-24,55.569,55.602,55.526,50.810001,10400,46.458229
2010-09-27,55.646,55.799,55.646,51.02,5900,46.650242
2010-09-28,55.908,55.985,55.908,51.18,2000,46.796543
2010-09-29,55.963,55.963,55.865,51.080002,13100,46.705116
2010-09-30,55.777,55.865,55.613,51.080002,4900,46.705116
2010-10-01,55.593,55.767,55.582,51.029999,9100,46.713352
2010-10-04,55.789,55.898,55.789,51.169998,6400,46.841499
2010-10-05,55.931,55.953,55.909,51.200001,6600,46.868961
2010-10-06,56.183,56.215,56.106,51.360001,9000,47.01543
2010-10-07,56.172,56.172,56.128,51.41,3000,47.061218
2010-10-08,56.259,56.314,56.204,51.450001,10600,47.097809
2010-10-11,56.346,56.346,56.248,51.5,3000,47.143604
2010-10-12,56.281,56.281,56.117,51.400002,13000,47.052074
2010-10-13,56.03,56.117,56.008,51.369999,6300,47.02459
2010-10-14,56.095,56.106,55.931,51.279999,11100,46.942188
2010-10-15,55.942,55.964,55.8,51.150002,9200,46.823208
2010-10-18,56.008,56.106,56.008,51.34,5900,46.997124
2010-10-19,56.019,56.193,56.019,51.419998,17400,47.07037
2010-10-20,56.106,56.248,56.106,51.450001,3600,47.097809
2010-10-21,56.095,56.106,56.019,51.279999,9700,46.942188
2010-10-22,55.964,56.019,55.953,51.240002,11600,46.90559
2010-10-25,56.139,56.15,55.953,51.23,15400,46.896412
2010-10-26,55.822,55.833,55.713,51.02,6200,46.704205
2010-10-27,55.593,55.604,55.462,50.77,29300,46.475349
2010-10-28,55.669,55.767,55.647,51.029999,8600,46.713352
2010-10-29,55.844,55.975,55.844,51.220001,29200,46.887272
2010-11-01,55.967,55.967,55.771,51.169998,15600,46.893688
2010-11-02,55.858,55.934,55.858,51.240002,18100,46.957825
2010-11-03,55.989,56.087,55.651,51.400002,16700,47.104477
2010-11-04,56.295,56.382,56.262,51.650002,18300,47.333572
2010-11-05,56.305,56.316,56.164,51.470001,9300,47.168613
2010-11-08,56.175,56.207,56.076,51.43,16400,47.131958
2010-11-09,56.12,56.12,55.738,51.080002,22600,46.811218
2010-11-10,55.771,55.924,55.367,51.220001,24400,46.939503
2010-11-11,55.727,55.869,55.716,51.110001,8500,46.838711
2010-11-12,55.716,55.771,55.443,50.82,78000,46.572948
2010-11-15,55.269,55.334,55.04,50.450001,5600,46.23386
2010-11-16,55.203,55.203,54.941,50.580002,2800,46.352997
2010-11-17,55.236,55.291,55.236,50.650002,8300,46.417156
2010-11-18,55.083,55.083,54.898,50.439999,15600,46.224701
2010-11-19,55.029,55.094,55.007,50.48,7700,46.26136
2010-11-22,55.192,55.334,55.171,50.709999,9900,46.472157
2010-11-23,55.509,55.52,55.378,50.810001,10300,46.563766
2010-11-24,55.269,55.269,54.909,50.330002,19500,46.123913
2010-11-26,55.094,55.16,55.04,50.549999,9500,46.325489
2010-11-29,55.203,55.269,55.138,50.599998,20600,46.371323
2010-11-30,55.378,55.465,55.291,50.68,10900,46.444637
2010-12-01,54.815,54.837,54.663,50.169998,17800,46.03722
2010-12-02,54.608,54.717,54.532,50.049999,27000,45.92709
2010-12-03,54.848,54.87,54.641,50.16,6400,46.028027
2010-12-06,54.892,54.935,54.826,50.380001,17100,46.229919
2010-12-07,54.641,54.641,54.194,49.779999,25000,45.679352
2010-12-08,53.998,53.998,53.682,49.48,23400,45.404057
2010-12-09,53.965,53.965,53.769,49.459999,11000,45.385704
2010-12-10,53.802,53.813,53.617,49.200001,15900,45.14711
2010-12-13,53.562,53.846,53.54,49.349998,11100,45.284767
2010-12-14,53.649,53.726,53.333,48.990002,15500,44.954414
2010-12-15,53.497,53.551,53.181,48.889999,19600,44.862656
2010-12-16,53.257,53.464,53.126,49.060001,5500,45.018658
2010-12-17,53.54,53.769,53.54,49.32,17600,45.257217
2010-12-20,53.878,53.955,53.693,49.330002,11400,45.266415
2010-12-21,53.824,53.824,53.649,49.330002,7800,45.266415
2010-12-22,53.78,53.78,53.628,49.25,19000,45.192997
2010-12-23,53.617,53.617,53.508,49.139999,13600,45.09206
2010-12-27,53.442,53.639,53.41,49.209999,16100,45.1563
2010-12-28,53.617,53.617,53.257,48.869999,9200,44.844296
2010-12-29,53.174,53.61,53.131,49.25,10300,45.254116
2010-12-30,53.49,53.501,53.403,49.16,4500,45.171425
2010-12-31,53.49,53.653,53.49,49.279999,5400,45.281689
2011-01-03,53.523,53.653,53.435,49.299999,12100,45.300064
2011-01-04,53.675,53.751,53.631,49.279999,4000,45.281689
2011-01-05,53.435,53.435,53.218,48.990002,17200,45.015202
2011-01-06,53.392,53.457,53.392,49.080002,3800,45.097912
2011-01-07,53.523,53.827,53.523,49.369999,6500,45.36438
2011-01-10,53.838,53.914,53.816,49.540001,7700,45.520592
2011-01-11,53.903,53.903,53.718,49.439999,7600,45.428703
2011-01-12,53.61,53.708,53.555,49.349998,3400,45.346004
2011-01-13,53.751,53.925,53.74,49.549999,10100,45.529766
2011-01-14,53.991,54.056,53.86,49.5,25100,45.483826
2011-01-18,53.827,53.827,53.675,49.389999,10100,45.382755
2011-01-19,53.751,53.893,53.751,49.470001,4900,45.456264
2011-01-20,53.718,53.718,53.501,49.25,11000,45.254116
2011-01-21,53.512,53.675,53.49,49.290001,12400,45.290871
2011-01-24,53.664,53.784,53.631,49.32,5600,45.318439
2011-01-25,53.74,53.936,53.708,49.529999,4500,45.511391
2011-01-26,53.762,53.762,53.631,49.279999,11300,45.281689
2011-01-27,53.74,53.805,53.653,49.439999,4100,45.428703
2011-01-28,53.708,54.067,53.708,49.630001,23300,45.603294
2011-01-31,54.012,54.034,53.871,49.52,16000,45.50222
2011-02-01,53.585,53.628,53.498,49.240002,6200,45.311737
2011-02-02,53.607,53.607,53.357,49.150002,7600,45.22892
2011-02-03,53.248,53.302,53.161,48.919998,5900,45.017246
2011-02-04,53.085,53.085,52.889,48.68,27700,44.796406
2011-02-07,52.781,52.922,52.781,48.689999,6500,44.805603
2011-02-08,52.889,52.9,52.683,48.48,7200,44.61235
2011-02-09,52.694,52.868,52.661,48.650002,7400,44.768791
2011-02-10,52.759,52.792,52.629,48.459999,72700,44.593952
2011-02-11,52.857,52.857,52.726,48.580002,8000,44.704365
2011-02-14,52.77,52.9,52.77,48.599998,5600,44.722786
2011-02-15,52.879,52.879,52.846,48.66,6100,44.778
2011-02-16,52.857,52.922,52.77,48.650002,10000,44.768791
2011-02-17,53.042,53.042,52.933,48.790001,9200,44.897621
2011-02-18,52.933,53.031,52.911,48.77,2000,44.879227
2011-02-22,53.237,53.4,53.161,49.139999,9500,45.2197
2011-02-23,53.433,53.433,53.27,49.049999,24600,45.13689
2011-02-24,53.422,53.476,53.378,49.119999,4500,45.201309
2011-02-25,53.411,53.476,53.411,49.189999,2000,45.265717
2011-02-28,53.541,53.574,53.498,49.279999,10000,45.348545
2011-03-01,53.217,53.456,53.217,49.259998,19600,45.3937
2011-03-02,53.412,53.477,53.271,49.09,15400,45.23703
2011-03-03,53.065,53.065,52.946,48.790001,2300,44.960571
2011-03-04,53.098,53.271,53.098,49.080002,5600,45.227814
2011-03-07,53.184,53.336,53.098,49.060001,9200,45.209393
2011-03-08,53.184,53.217,53.119,48.98,33300,45.135677
2011-03-09,53.239,53.38,53.173,49.16,10000,45.301544
2011-03-10,53.445,53.662,53.39,49.439999,16900,45.559574
2011-03-11,53.651,53.651,53.553,49.389999,9900,45.513485
2011-03-14,53.727,53.835,53.727,49.540001,78800,45.651711
2011-03-15,54.042,54.096,53.814,49.619999,37900,45.725445
2011-03-16,54.009,54.269,53.966,49.93,26900,46.011124
2011-03-17,54.052,54.052,53.911,49.810001,4100,45.900517
2011-03-18,53.868,53.977,53.868,49.689999,4200,45.789936
2011-03-21,53.814,53.846,53.673,49.540001,75200,45.651711
2011-03-22,53.683,53.738,53.673,49.509998,8400,45.624069
2011-03-23,53.868,53.879,53.662,49.450001,10500,45.568779
2011-03-24,53.586,53.629,53.466,49.279999,8000,45.412125
2011-03-25,53.532,53.564,53.325,49.150002,13700,45.292336
2011-03-28,53.315,53.369,53.271,49.150002,4000,45.292336
2011-03-29,53.282,53.325,53.206,49.029999,6100,45.181755
2011-03-30,53.304,53.401,53.293,49.18,7400,45.319973
2011-03-31,53.434,53.445,53.206,49.110001,27200,45.255463
2011-04-01,52.991,53.132,52.937,49,11500,45.216717
2011-04-04,53.241,53.338,53.23,49.150002,34000,45.355125
2011-04-05,53.241,53.241,53.078,49,10700,45.216717
2011-04-06,53.002,53.035,52.937,48.880001,14800,45.105995
2011-04-07,53.013,53.013,52.937,48.849998,18500,45.078289
2011-04-08,52.818,52.926,52.818,48.830002,5700,45.059845
2011-04-11,52.948,53.002,52.894,48.860001,6700,45.087513
2011-04-12,53.1,53.208,53.1,49.09,2400,45.299759
2011-04-13,53.132,53.317,53.132,49.16,4500,45.364349
2011-04-14,53.403,53.403,53.23,49.119999,2600,45.327431
2011-04-15,53.436,53.479,53.392,49.34,12300,45.530468
2011-04-18,53.555,53.631,53.468,49.470001,17600,45.650433
2011-04-19,53.642,53.674,53.598,49.490002,26700,45.668877
2011-04-20,53.587,53.587,53.512,49.400002,10900,45.585838
2011-04-21,53.501,53.544,53.501,49.400002,6700,45.585838
2011-04-25,53.598,53.653,53.566,49.5,8400,45.678093
2011-04-26,53.696,53.815,53.663,49.66,23400,45.825745
2011-04-27,53.696,53.728,53.642,49.509998,10500,45.687325
2011-04-28,53.858,53.923,53.804,49.73,16100,45.890343
2011-04-29,53.88,53.978,53.858,49.779999,14000,45.936478
2011-05-02,53.819,53.884,53.755,49.759998,9800,45.988232
2011-05-03,53.938,53.938,53.852,49.849998,14000,46.071407
2011-05-04,53.906,54.014,53.906,49.889999,3600,46.108398
2011-05-05,54.068,54.155,54.068,50.02,15500,46.228531
2011-05-06,54.025,54.22,53.982,50.080002,8700,46.283981
2011-05-09,54.241,54.285,54.231,50.150002,9200,46.348675
2011-05-10,54.22,54.22,54.101,50,17800,46.210045
2011-05-11,54.068,54.231,54.036,50.110001,10000,46.311707
2011-05-12,54.22,54.252,54.101,50.040001,8200,46.247013
2011-05-13,54.241,54.36,54.231,50.16,10300,46.357925
2011-05-16,54.328,54.382,54.231,50.259998,28800,46.450333
2011-05-17,54.48,54.501,54.36,50.34,154500,46.524265
2011-05-18,54.436,54.436,54.231,50.16,6600,46.357925
2011-05-19,54.101,54.296,54.101,50.18,7200,46.376404
2011-05-20,54.35,54.415,54.317,50.290001,3600,46.478069
2011-05-23,54.599,54.599,54.458,50.34,10400,46.524265
2011-05-24,54.404,54.48,54.371,50.34,2200,46.524265
2011-05-25,54.534,54.534,54.436,50.369999,3200,46.552013
2011-05-26,54.588,54.728,54.588,50.580002,2400,46.746063
2011-05-27,54.728,54.761,54.696,50.560001,21300,46.727596
2011-05-31,54.739,54.837,54.685,50.68,4900,46.838497
2011-06-01,54.829,54.98,54.775,50.880001,8300,47.085579
2011-06-02,54.861,54.894,54.732,50.689999,248900,46.909767
2011-06-03,55.045,55.045,54.84,50.790001,4900,47.002304
2011-06-06,54.861,54.969,54.786,50.830002,53700,47.03933
2011-06-07,54.818,54.948,54.818,50.849998,7200,47.057835
2011-06-08,55.002,55.153,54.991,50.990002,18000,47.187378
2011-06-09,55.056,55.056,54.883,50.849998,15500,47.057835
2011-06-10,55.002,55.088,55.002,50.93,92400,47.131863
2011-06-13,54.937,55.056,54.915,50.880001,16900,47.085579
2011-06-14,54.71,54.786,54.602,50.560001,45000,46.789459
2011-06-15,54.753,55.067,54.753,50.939999,10300,47.141121
2011-06-16,55.088,55.175,55.067,51.029999,7100,47.224415
2011-06-17,55.099,55.164,55.067,51.040001,6100,47.23365
2011-06-20,55.24,55.24,55.045,50.990002,43700,47.187378
2011-06-21,55.056,55.088,54.969,50.919998,52800,47.122616
2011-06-22,55.121,55.142,55.013,50.950001,12000,47.150375
2011-06-23,55.24,55.315,55.218,51.119999,26100,47.307697
2011-06-24,55.272,55.488,55.272,51.310001,40000,47.483524
2011-06-27,55.488,55.488,55.261,51.200001,14900,47.38171
2011-06-28,55.207,55.229,54.894,50.830002,8600,47.03933
2011-06-29,54.829,54.851,54.634,50.59,82300,46.817211
2011-06-30,54.786,54.786,54.429,50.459999,15300,46.696903
2011-07-01,54.42,54.42,54.205,50.27,22300,46.583858
2011-07-05,54.507,54.593,54.442,50.59,12600,46.88039
2011-07-06,54.69,54.701,54.604,50.599998,20000,46.889652
2011-07-07,54.431,54.485,54.377,50.41,17800,46.7136
2011-07-08,54.787,54.906,54.787,50.849998,15400,47.121323
2011-07-11,55.046,55.176,55.014,51.130001,20100,47.38081
2011-07-12,55.187,55.262,55.111,51.200001,2800,47.44566
2011-07-13,55.133,55.316,55.1,51.259998,28400,47.501251
2011-07-14,55.133,55.197,55.1,51.07,4700,47.325199
2011-07-15,55.046,55.273,55.036,51.189999,12800,47.436413
2011-07-18,55.327,55.349,55.241,51.23,31400,47.473457
2011-07-19,55.208,55.327,55.208,51.259998,4000,47.501251
2011-07-20,55.208,55.284,55.187,51.18,33100,47.427132
2011-07-21,55.154,55.165,54.928,51.02,7200,47.27887
2011-07-22,55.122,55.144,55.057,51.099998,6700,47.352989
2011-07-25,55.003,55.143,54.992,51,15000,47.260334
2011-07-26,55.057,55.219,55.057,51.130001,87100,47.38081
2011-07-27,55.1,55.165,55.003,51.02,6800,47.27887
2011-07-28,55.176,55.219,55.133,51.130001,9300,47.38081
2011-07-29,55.359,55.662,55.359,51.560001,13700,47.779247
2011-08-01,55.456,55.693,55.456,51.549999,11100,47.845158
2011-08-02,55.746,55.897,55.693,51.860001,25600,48.13287
2011-08-03,55.822,55.973,55.822,51.82,7100,48.09576
2011-08-04,55.94,56.328,55.94,52.279999,12900,48.522697
2011-08-05,56.027,56.177,55.779,51.889999,46400,48.160728
2011-08-08,56.124,56.447,56.124,52.330002,54300,48.569107
2011-08-09,56.21,56.856,56.167,52.59,35600,48.810432
2011-08-10,56.942,57.018,56.802,52.919998,14400,49.116703
2011-08-11,56.867,56.867,56.555,52.52,16700,48.745445
2011-08-12,56.738,56.792,56.695,52.689999,8300,48.903236
2011-08-15,56.835,56.845,56.673,52.599998,12600,48.819706
2011-08-16,56.738,56.942,56.738,52.799999,6500,49.005329
2011-08-17,56.91,57.007,56.813,52.91,9200,49.107437
2011-08-18,57.266,57.363,57.104,53.029999,100800,49.218784
2011-08-19,57.136,57.179,57.061,53.07,25400,49.255928
2011-08-22,57.061,57.19,57.007,53.080002,73500,49.265198
2011-08-23,57.104,57.158,57.05,52.950001,16500,49.144558
2011-08-24,57.018,57.018,56.705,52.650002,13500,48.866108
2011-08-25,56.889,56.942,56.835,52.82,112400,49.023888
2011-08-26,57.061,57.147,56.942,52.91,36300,49.107437
2011-08-29,56.813,56.889,56.802,52.75,24100,48.958916
2011-08-30,56.996,57.136,56.996,52.98,50900,49.172379
2011-08-31,57.201,57.201,56.889,52.82,48200,49.023888
2011-09-01,56.8,57.058,56.693,52.98,101000,49.239521
2011-09-02,57.166,57.22,57.112,53.16,14600,49.406811
2011-09-06,57.327,57.349,57.263,53.259998,186200,49.499729
2011-09-07,57.209,57.22,57.091,53.099998,8900,49.351044
2011-09-08,57.274,57.274,57.112,53.169998,8700,49.416088
2011-09-09,57.392,57.51,57.263,53.32,89000,49.5555
2011-09-12,57.349,57.37,57.22,53.200001,7600,49.443985
2011-09-13,57.252,57.252,57.134,53.139999,19000,49.388214
2011-09-14,57.241,57.241,57.101,53.139999,8400,49.388214
2011-09-15,56.994,57.005,56.886,52.93,206000,49.193031
2011-09-16,56.897,57.048,56.897,53.009998,9400,49.267391
2011-09-19,57.317,57.37,57.263,53.259998,11100,49.499729
2011-09-20,57.263,57.349,57.241,53.299999,17400,49.536919
2011-09-21,57.317,57.478,57.317,53.360001,112700,49.592682
2011-09-22,57.639,57.726,57.564,53.619999,63500,49.834328
2011-09-23,57.661,57.661,57.36,53.380001,52100,49.611275
2011-09-26,57.381,57.392,57.241,53.240002,17900,49.481163
2011-09-27,57.08,57.101,56.994,53.07,17300,49.323154
2011-09-28,57.069,57.069,56.886,53,19700,49.258095
2011-09-29,56.94,57.123,56.94,53.040001,76200,49.29528
2011-09-30,57.252,57.284,57.112,53.200001,70400,49.443985
2011-10-03,57.228,57.454,57.185,53.459999,243400,49.743595
2011-10-04,57.519,57.551,57.282,53.32,114000,49.613323
2011-10-05,57.228,57.228,57.067,53.119999,14100,49.427219
2011-10-06,57.035,57.035,56.874,52.939999,21000,49.259743
2011-10-07,56.637,56.766,56.637,52.75,47100,49.082962
2011-10-10,56.68,56.68,56.207,52.299999,204600,48.664242
2011-10-11,56.508,56.508,56.39,52.52,48200,48.868942
2011-10-12,56.336,56.358,56.175,52.369999,42800,48.729359
2011-10-13,56.465,56.562,56.412,52.490002,7700,48.841042
2011-10-14,56.39,56.412,56.326,52.41,5600,48.766586
2011-10-17,56.444,56.541,56.422,52.57,24200,48.915443
2011-10-18,56.648,56.68,56.487,52.560001,4300,48.906162
2011-10-19,56.53,56.648,56.508,52.669998,8700,49.008507
2011-10-20,56.573,56.723,56.498,52.630001,26500,48.971294
2011-10-21,56.562,56.594,56.465,52.630001,22000,48.971294
2011-10-24,56.573,56.573,56.336,52.470001,51100,48.822426
2011-10-25,56.465,56.756,56.465,52.790001,7800,49.120159
2011-10-26,56.594,56.648,56.422,52.560001,32800,48.906162
2011-10-27,56.347,56.39,56.132,52.23,22500,48.599113
2011-10-28,56.347,56.347,56.293,52.400002,27900,48.757278
2011-10-31,56.562,56.734,56.551,52.779999,61500,49.110874
2011-11-01,56.848,57.148,56.794,53.209999,172900,49.571075
2011-11-02,56.966,57.095,56.891,53.189999,202800,49.552448
2011-11-03,56.88,57.009,56.88,53.07,14800,49.440666
2011-11-04,56.998,57.052,56.976,53.130001,7900,49.496559
2011-11-07,57.041,57.138,56.966,53.080002,181700,49.449974
2011-11-08,56.944,57.052,56.773,52.919998,59000,49.300922
2011-11-09,57.127,57.191,56.654,53.18,45700,49.543129
2011-11-10,56.944,57.041,56.858,53.080002,41300,49.449974
2011-11-11,56.88,56.88,56.794,52.919998,7400,49.300922
2011-11-14,56.998,57.041,56.912,53.119999,12000,49.487236
2011-11-15,57.105,57.116,56.944,53.080002,21000,49.449974
2011-11-16,57.127,57.127,56.998,53.200001,17000,49.561768
2011-11-17,56.966,57.202,56.966,53.259998,10400,49.617676
2011-11-18,57.095,57.095,56.976,53.130001,109600,49.496559
2011-11-21,57.159,57.17,57.073,53.209999,162900,49.571075
2011-11-22,57.116,57.213,57.084,53.23,178700,49.589695
2011-11-23,57.116,57.331,57.105,53.389999,22200,49.738781
2011-11-25,57.202,57.202,57.116,53.220001,14600,49.580391
2011-11-28,56.923,57.17,56.912,53.189999,52200,49.552448
2011-11-29,57.03,57.159,56.966,53.169998,54200,49.53381
2011-11-30,56.987,56.998,56.826,52.98,134100,49.356823
2011-12-01,56.605,56.852,56.605,52.98,89500,49.409027
2011-12-02,56.713,56.895,56.67,53.040001,56700,49.465
2011-12-05,56.734,56.981,56.723,53.09,45400,49.511623
2011-12-06,56.83,56.884,56.745,52.959999,122800,49.3904
2011-12-07,56.884,56.981,56.863,53.09,42800,49.511623
2011-12-08,56.959,57.141,56.959,53.259998,30400,49.670158
2011-12-09,57.131,57.131,56.927,53.09,42200,49.511623
2011-12-12,57.099,57.131,57.045,53.23,10400,49.642181
2011-12-13,57.023,57.216,56.991,53.299999,5400,49.707481
2011-12-14,57.206,57.292,57.206,53.41,21800,49.81004
2011-12-15,57.152,57.302,57.152,53.43,81200,49.828709
2011-12-16,57.334,57.431,57.334,53.560001,12400,49.949951
2011-12-19,57.41,57.506,57.388,53.610001,11000,49.996586
2011-12-20,57.377,57.377,57.259,53.41,9600,49.81004
2011-12-21,57.292,57.324,57.141,53.290001,21000,49.698151
2011-12-22,57.174,57.249,57.131,53.310001,13200,49.716785
2011-12-23,57.066,57.066,56.927,53.150002,16000,49.567589
2011-12-27,56.981,57.045,56.959,53.169998,18800,49.586216
2011-12-28,56.955,57.094,56.923,53.290001,30900,49.758045
2011-12-29,57.073,57.233,57.041,53.389999,143400,49.851406
2011-12-30,57.148,60.136,57.148,53.52,87100,49.972794
2012-01-03,57.062,57.137,56.998,53.240002,105500,49.711361
2012-01-04,57.041,57.073,56.944,53.27,29300,49.739361
2012-01-05,57.008,57.137,56.976,53.240002,9600,49.711361
2012-01-06,57.041,57.158,57.041,53.349998,72600,49.814064
2012-01-09,57.126,57.255,57.094,53.41,95700,49.870079
2012-01-10,57.105,57.158,57.083,53.330002,17600,49.795403
2012-01-11,57.19,57.255,57.169,53.459999,19800,49.916782
2012-01-12,57.255,57.255,56.88,53.32,285000,49.786057
2012-01-13,57.33,57.362,57.276,53.509998,21700,49.963455
2012-01-17,57.33,57.362,57.298,53.549999,17600,50.00079
2012-01-18,57.34,57.351,57.233,53.470001,11600,49.926109
2012-01-19,57.223,57.233,57.051,53.310001,11900,49.776714
2012-01-20,57.03,57.041,56.955,53.200001,14300,49.674015
2012-01-23,56.88,56.944,56.848,53.150002,20200,49.627331
2012-01-24,56.966,56.966,56.869,53.18,10300,49.655338
2012-01-25,56.955,57.33,56.933,53.419998,8800,49.879417
2012-01-26,57.319,57.394,57.308,53.57,23800,50.01947
2012-01-27,57.415,57.458,57.373,53.639999,4500,50.084831
2012-01-30,57.533,57.587,57.522,53.73,12200,50.16888
2012-01-31,57.522,57.662,57.501,53.799999,14000,50.234245
2012-02-01,57.448,57.48,57.416,53.700001,30400,50.196842
2012-02-02,57.448,57.501,57.426,53.73,24100,50.224884
2012-02-03,57.255,57.266,57.169,53.470001,28000,49.98185
2012-02-06,57.255,57.33,57.202,53.59,13900,50.094032
2012-02-07,57.202,57.202,57.095,53.400002,11200,49.916424
2012-02-08,57.127,57.148,57.073,53.389999,13800,49.907066
2012-02-09,57.063,57.084,56.945,53.290001,15800,49.813576
2012-02-10,57.095,57.202,57.095,53.41,10000,49.925777
2012-02-13,57.095,57.191,57.073,53.419998,15400,49.93512
2012-02-14,57.18,57.255,57.127,53.470001,38400,49.98185
2012-02-15,57.18,57.309,57.18,53.5,8400,50.009892
2012-02-16,57.169,57.202,57.052,53.369999,584300,49.888374
2012-02-17,56.977,57.052,56.945,53.32,34700,49.841637
2012-02-21,56.977,56.977,56.859,53.240002,28200,49.766846
2012-02-22,56.966,57.073,56.956,53.34,29900,49.860336
2012-02-23,57.03,57.105,56.977,53.349998,16300,49.869686
2012-02-24,57.052,57.084,57.041,53.34,16300,49.860336
2012-02-27,57.244,57.244,57.202,53.490002,12500,50.00053
2012-02-28,57.234,57.287,57.212,53.48,9100,49.991192
2012-02-29,57.223,57.223,57.03,53.34,37900,49.860336
2012-03-01,56.853,56.917,56.789,53.220001,100300,49.7911
2012-03-02,56.906,57.056,56.906,53.369999,12900,49.93145
2012-03-05,56.992,57.024,56.938,53.279999,37300,49.847229
2012-03-06,57.099,57.152,57.077,53.450001,89900,50.006283
2012-03-07,57.099,57.099,57.024,53.360001,29800,49.922085
2012-03-08,57.024,57.035,56.917,53.25,12500,49.819157
2012-03-09,56.917,56.928,56.821,53.23,20200,49.800453
2012-03-12,56.992,56.992,56.874,53.209999,14400,49.781742
2012-03-13,56.789,56.821,56.618,52.98,39300,49.566563
2012-03-14,56.447,56.447,56.137,52.540001,202600,49.15493
2012-03-15,56.158,56.286,56.158,52.57,105600,49.182968
2012-03-16,56.062,56.169,56.03,52.549999,44100,49.164249
2012-03-19,56.094,56.105,55.891,52.349998,52800,48.977146
2012-03-20,55.976,56.009,55.87,52.32,33400,48.949085
2012-03-21,56.03,56.158,56.03,52.509998,24300,49.12685
2012-03-22,56.212,56.244,56.19,52.57,12400,49.182968
2012-03-23,56.319,56.372,56.265,52.689999,15900,49.295246
2012-03-26,56.329,56.351,56.201,52.700001,34200,49.304596
2012-03-27,56.351,56.532,56.351,52.860001,29800,49.454288
2012-03-28,56.49,56.575,56.457,52.82,30300,49.416874
2012-03-29,56.564,56.618,56.511,52.959999,57900,49.547859
2012-03-30,56.607,56.65,56.415,52.830002,21500,49.426235
2012-04-02,56.456,56.478,56.371,52.830002,27300,49.483368
2012-04-03,56.435,56.51,56.093,52.57,41400,49.23983
2012-04-04,56.286,56.36,56.264,52.740002,21300,49.399063
2012-04-05,56.435,56.478,56.382,52.900002,18000,49.54892
2012-04-09,56.862,56.862,56.798,53.209999,10800,49.839306
2012-04-10,56.894,57.022,56.862,53.360001,7500,49.979794
2012-04-11,56.862,56.905,56.841,53.27,77400,49.8955
2012-04-12,56.905,56.926,56.798,53.209999,8900,49.839306
2012-04-13,56.937,56.99,56.937,53.349998,35600,49.970417
2012-04-16,57.001,57.076,56.99,53.41,31200,50.026619
2012-04-17,56.915,56.979,56.915,53.360001,19000,49.979794
2012-04-18,57.022,57.044,56.99,53.41,22900,50.026619
2012-04-19,57.054,57.076,57.044,53.459999,11000,50.07346
2012-04-20,57.001,57.065,56.99,53.450001,33100,50.064102
2012-04-23,57.161,57.193,57.129,53.540001,31000,50.14838
2012-04-24,57.129,57.129,57.044,53.43,45800,50.045364
2012-04-25,56.937,57.044,56.905,53.43,12700,50.045364
2012-04-26,57.129,57.172,57.118,53.52,4500,50.12965
2012-04-27,57.129,57.204,57.118,53.560001,130400,50.167118
2012-04-30,57.225,57.268,57.225,53.610001,36000,50.213943
2012-05-01,57.166,57.177,57.017,53.5,83000,50.162395
2012-05-02,57.134,57.134,57.081,53.549999,36000,50.209267
2012-05-03,57.038,57.113,57.038,53.529999,11000,50.190517
2012-05-04,57.22,57.241,57.188,53.639999,3700,50.293652
2012-05-07,57.23,57.273,57.22,53.669998,7800,50.321789
2012-05-08,57.273,57.348,57.273,53.720001,28900,50.36866
2012-05-09,57.39,57.401,57.284,53.740002,18600,50.387398
2012-05-10,57.252,57.294,57.23,53.720001,14400,50.36866
2012-05-11,57.38,57.38,57.305,53.75,49000,50.396782
2012-05-14,57.454,57.508,57.454,53.880001,5300,50.518677
2012-05-15,57.465,57.486,57.422,53.900002,28000,50.537437
2012-05-16,57.39,57.486,57.39,53.889999,4600,50.528049
2012-05-17,57.444,57.572,57.444,53.98,17900,50.612438
2012-05-18,57.465,57.561,57.433,53.93,10800,50.565559
2012-05-21,57.508,57.518,57.476,53.900002,6300,50.537437
2012-05-22,57.433,57.433,57.358,53.830002,10000,50.471798
2012-05-23,57.486,57.572,57.486,53.91,9000,50.54681
2012-05-24,57.412,57.454,57.412,53.849998,4500,50.490562
2012-05-25,57.497,57.54,57.465,53.900002,14100,50.537437
2012-05-29,57.54,57.593,57.486,53.919998,82400,50.556183
2012-05-30,57.646,57.796,57.646,54.16,11100,50.781208
2012-05-31,57.796,57.945,57.796,54.259998,62800,50.874966
2012-06-01,57.974,58.016,57.931,54.439999,167300,51.093647
2012-06-04,57.867,57.899,57.76,54.23,41500,50.896557
2012-06-05,57.75,57.814,57.707,54.18,16500,50.849628
2012-06-06,57.697,57.697,57.526,54.02,390700,50.699471
2012-06-07,57.558,57.601,57.473,54.060001,247700,50.737019
2012-06-08,57.75,57.75,57.59,54.060001,33600,50.737019
2012-06-11,57.526,57.718,57.526,54.16,15900,50.830856
2012-06-12,57.633,57.643,57.505,53.990002,27000,50.671314
2012-06-13,57.537,57.675,57.526,54.119999,14300,50.793316
2012-06-14,57.643,57.665,57.558,54.02,24200,50.699471
2012-06-15,57.675,57.75,57.654,54.189999,14100,50.85902
2012-06-18,57.718,57.739,57.697,54.189999,21100,50.85902
2012-06-19,57.633,57.654,57.579,54.099998,16700,50.774532
2012-06-20,57.537,57.59,57.483,54.009998,11700,50.690086
2012-06-21,57.558,57.633,57.558,54.029999,22800,50.708858
2012-06-22,57.451,57.515,57.451,53.93,6200,50.615002
2012-06-25,57.601,57.654,57.59,54.099998,13700,50.774532
2012-06-26,57.569,57.622,57.547,54.049999,14900,50.727623
2012-06-27,57.622,57.633,57.537,54.080002,17900,50.755783
2012-06-28,57.76,57.76,57.707,54.18,9100,50.849628
2012-06-29,57.547,57.643,57.537,54.09,100700,50.765175
2012-07-02,57.604,57.742,57.604,54.139999,98800,50.856277
2012-07-03,57.668,57.689,57.614,54.119999,15900,50.837479
2012-07-05,57.646,57.732,57.646,54.200001,48800,50.912659
2012-07-06,57.753,57.806,57.742,54.240002,62900,50.950214
2012-07-09,57.838,57.881,57.817,54.369999,16400,51.072342
2012-07-10,57.849,57.891,57.838,54.360001,7800,51.062935
2012-07-11,57.87,57.913,57.827,54.32,17300,51.025364
2012-07-12,57.87,57.913,57.87,54.389999,10100,51.091122
2012-07-13,57.891,57.891,57.817,54.380001,12800,51.08173
2012-07-16,58.03,58.04,57.955,54.459999,16200,51.156857
2012-07-17,57.944,57.966,57.891,54.380001,10200,51.08173
2012-07-18,57.944,57.966,57.944,54.43,11100,51.128696
2012-07-19,57.913,57.976,57.891,54.43,16500,51.128696
2012-07-20,58.008,58.062,57.987,54.509998,9200,51.203842
2012-07-23,58.179,58.179,58.094,54.59,4000,51.278992
2012-07-24,58.062,58.211,58.062,54.66,36600,51.344742
2012-07-25,58.157,58.179,58.115,54.650002,4500,51.335354
2012-07-26,58.094,58.104,58.062,54.580002,6900,51.269585
2012-07-27,57.987,57.987,57.753,54.360001,1058000,51.062935
2012-07-30,57.859,57.955,57.859,54.43,428100,51.128696
2012-07-31,58.008,58.04,57.955,54.5,17800,51.19445
2012-08-01,57.85,57.903,57.775,54.349998,32100,51.099491
2012-08-02,57.871,57.956,57.85,54.400002,37700,51.1465
2012-08-03,57.712,57.712,57.637,54.25,7200,51.005478
2012-08-06,57.743,57.807,57.722,54.27,36900,51.024284
2012-08-07,57.563,57.573,57.499,54.09,75500,50.855038
2012-08-08,57.541,57.605,57.456,54.029999,24200,50.798626
2012-08-09,57.435,57.499,57.382,54.02,18100,50.789223
2012-08-10,57.584,57.584,57.541,54.119999,519100,50.883228
2012-08-13,57.616,57.616,57.541,54.099998,28500,50.864429
2012-08-14,57.456,57.456,57.403,54,22200,50.770439
2012-08-15,57.339,57.339,57.212,53.799999,13400,50.582378
2012-08-16,57.233,57.265,57.116,53.759998,92500,50.544769
2012-08-17,57.222,57.265,57.201,53.799999,3600,50.582378
2012-08-20,57.222,57.275,57.222,53.830002,47200,50.610584
2012-08-21,57.18,57.265,57.148,53.82,12800,50.601189
2012-08-22,57.371,57.552,57.361,54.09,6100,50.855038
2012-08-23,57.595,57.648,57.563,54.18,319700,50.939667
2012-08-24,57.658,57.68,57.563,54.139999,22700,50.902046
2012-08-27,57.626,57.658,57.605,54.189999,204900,50.949059
2012-08-28,57.669,57.722,57.637,54.240002,16600,50.996067
2012-08-29,57.669,57.669,57.584,54.209999,27100,50.967854
2012-08-30,57.712,57.743,57.69,54.279999,10000,51.033669
2012-08-31,57.775,57.914,57.701,54.439999,194000,51.184101
2012-09-04,57.791,57.845,57.749,54.360001,13100,51.151157
2012-09-05,57.738,57.813,57.717,54.330002,22700,51.122944
2012-09-06,57.589,57.643,57.536,54.169998,12800,50.972382
2012-09-07,57.759,57.77,57.611,54.209999,12300,51.010025
2012-09-10,57.674,57.674,57.568,54.220001,12900,51.019451
2012-09-11,57.621,57.621,57.558,54.16,63000,50.962971
2012-09-12,57.483,57.483,57.441,54.080002,9400,50.887703
2012-09-13,57.547,57.6,57.313,54.16,16300,50.962971
2012-09-14,57.409,57.409,57.26,53.900002,45500,50.71833
2012-09-17,57.303,57.377,57.303,53.959999,8900,50.774761
2012-09-18,57.462,57.462,57.388,54.009998,5600,50.821838
2012-09-19,57.504,57.504,57.43,54.060001,19500,50.868893
2012-09-20,57.579,57.579,57.451,54.080002,6900,50.887703
2012-09-21,57.451,57.547,57.451,54.139999,8500,50.944141
2012-09-24,57.558,57.632,57.558,54.189999,10100,50.991219
2012-09-25,57.621,57.674,57.547,54.25,52600,51.047661
2012-09-26,57.706,57.802,57.706,54.380001,32000,51.169991
2012-09-27,57.749,57.781,57.738,54.360001,38400,51.151157
2012-09-28,57.791,57.845,57.749,54.360001,87700,51.151157
2012-10-01,57.694,57.736,57.662,54.349998,64900,51.181309
2012-10-02,57.662,57.736,57.662,54.349998,10300,51.181309
2012-10-03,57.736,57.768,57.704,54.400002,46600,51.228394
2012-10-04,57.704,57.726,57.63,54.279999,20200,51.115376
2012-10-05,57.545,57.556,57.492,54.139999,13800,50.98354
2012-10-08,57.513,57.63,57.513,54.23,12600,51.06831
2012-10-09,57.556,57.577,57.524,54.189999,705500,51.030636
2012-10-10,57.524,57.609,57.471,54.25,7200,51.087132
2012-10-11,57.513,57.609,57.502,54.25,4400,51.087132
2012-10-12,57.63,57.672,57.598,54.259998,25700,51.096558
2012-10-15,57.598,57.651,57.598,54.240002,36300,51.077732
2012-10-16,57.566,57.566,57.492,54.139999,19000,50.98354
2012-10-17,57.407,57.407,57.248,53.93,9100,50.785782
2012-10-18,57.301,57.322,57.205,53.869999,7200,50.72929
2012-10-19,57.248,57.343,57.248,53.970001,42700,50.823471
2012-10-22,57.269,57.269,57.216,53.880001,6300,50.738712
2012-10-23,57.311,57.354,57.311,54.009998,5500,50.861126
2012-10-24,57.301,57.354,57.29,53.990002,23000,50.842297
2012-10-25,57.163,57.205,57.12,53.84,48700,50.701031
2012-10-26,57.269,57.364,57.269,54,19200,50.851715
2012-10-31,57.418,57.524,57.418,54.139999,15000,50.98354
2012-11-01,57.471,57.471,57.396,54.080002,56900,50.927055
2012-11-02,57.343,57.439,57.343,54.09,9300,50.936466
2012-11-05,57.534,57.556,57.513,54.169998,15400,51.011803
2012-11-06,57.502,57.524,57.354,54.009998,6300,50.861126
2012-11-07,57.662,57.672,57.619,54.259998,12300,51.096558
2012-11-08,57.619,57.757,57.619,54.389999,17400,51.218983
2012-11-09,57.747,57.747,57.694,54.369999,19500,51.200146
2012-11-12,57.779,57.789,57.747,54.419998,20500,51.247234
2012-11-13,57.81,57.832,57.779,54.459999,6900,51.284912
2012-11-14,57.725,57.842,57.725,54.470001,41400,51.294304
2012-11-15,57.768,57.842,57.768,54.450001,37100,51.275486
2012-11-16,57.821,57.895,57.81,54.470001,24600,51.294304
2012-11-19,57.779,57.8,57.757,54.43,91600,51.256653
2012-11-20,57.757,57.757,57.683,54.330002,65000,51.162479
2012-11-21,57.63,57.641,57.619,54.27,10500,51.105965
2012-11-23,57.63,57.63,57.598,54.25,18900,51.087132
2012-11-26,57.672,57.725,57.651,54.299999,11400,51.134232
2012-11-27,57.683,57.747,57.683,54.380001,77100,51.209557
2012-11-28,57.789,57.81,57.779,54.419998,40100,51.247234
2012-11-29,57.768,57.81,57.768,54.43,12200,51.256653
2012-11-30,57.842,57.853,57.81,54.450001,18900,51.275486
2012-12-03,57.695,57.748,57.695,54.41,145100,51.274532
2012-12-04,57.78,57.78,57.737,54.419998,9100,51.283958
2012-12-05,57.811,57.854,57.801,54.48,38800,51.340488
2012-12-06,57.865,57.886,57.833,54.52,16700,51.378189
2012-12-07,57.727,57.801,57.727,54.419998,11100,51.283958
2012-12-10,57.79,57.801,57.758,54.459999,8200,51.321651
2012-12-11,57.727,57.737,57.684,54.41,8400,51.274532
2012-12-12,57.705,57.716,57.62,54.299999,40500,51.170872
2012-12-13,57.599,57.599,57.514,54.23,37000,51.104908
2012-12-14,57.567,57.589,57.557,54.27,26500,51.142597
2012-12-17,57.567,57.567,57.429,54.130001,27500,51.010674
2012-12-18,57.387,57.408,57.27,54.009998,38100,50.897579
2012-12-19,57.323,57.408,57.323,54.040001,193200,50.92585
2012-12-20,57.408,57.408,57.355,54.049999,7800,50.935284
2012-12-21,57.461,57.472,57.408,54.119999,20600,51.001255
2012-12-24,57.366,57.408,57.366,54.099998,5800,50.982399
2012-12-26,57.419,57.472,57.419,54.150002,30700,51.02953
2012-12-27,57.343,57.502,57.343,54.16,28100,51.07856
2012-12-28,57.512,57.523,57.459,54.209999,6500,51.125721
2012-12-31,57.459,57.491,57.289,54.080002,20900,51.003117
2013-01-02,57.279,57.311,57.236,54.029999,112600,50.955948
2013-01-03,57.289,57.289,57.099,53.860001,81700,50.795631
2013-01-04,57.088,57.13,57.046,53.84,12500,50.776783
2013-01-07,57.109,57.152,57.099,53.889999,22200,50.82391
2013-01-08,57.194,57.215,57.183,53.950001,24200,50.880501
2013-01-09,57.236,57.289,57.205,54.009998,78200,50.937099
2013-01-10,57.194,57.205,57.162,53.91,201700,50.842793
2013-01-11,57.109,57.236,57.109,53.970001,25000,50.899376
2013-01-14,57.289,57.311,57.247,54.02,22900,50.946522
2013-01-15,57.374,57.374,57.321,54.07,15700,50.993664
2013-01-16,57.406,57.406,57.332,54.080002,6400,51.003117
2013-01-17,57.258,57.258,57.194,53.970001,84300,50.899376
2013-01-18,57.258,57.311,57.247,54.029999,64400,50.955948
2013-01-22,57.236,57.353,57.236,54.07,10900,50.993664
2013-01-23,57.385,57.385,57.332,54.080002,41600,51.003117
2013-01-24,57.343,57.343,57.268,54.029999,27300,50.955948
2013-01-25,57.152,57.152,57.024,53.810001,19000,50.748478
2013-01-28,56.929,56.993,56.929,53.75,50200,50.691875
2013-01-29,57.003,57.035,56.961,53.720001,29900,50.663605
2013-01-30,56.94,57.014,56.929,53.759998,35700,50.701321
2013-01-31,57.024,57.024,56.971,53.75,56200,50.691875
2013-02-01,57.087,57.087,56.843,53.650002,173100,50.636211
2013-02-04,56.97,57.055,56.949,53.82,23400,50.79665
2013-02-05,56.939,56.949,56.917,53.73,25900,50.711708
2013-02-06,57.002,57.055,56.981,53.84,63500,50.81554
2013-02-07,57.044,57.108,57.044,53.849998,44400,50.824974
2013-02-08,57.066,57.076,56.981,53.849998,47500,50.824974
2013-02-11,57.034,57.076,57.034,53.84,13800,50.81554
2013-02-12,56.949,57.013,56.949,53.77,15900,50.749466
2013-02-13,56.875,56.917,56.833,53.68,79000,50.664513
2013-02-14,56.928,57.002,56.896,53.779999,10900,50.758904
2013-02-15,56.949,56.981,56.907,53.75,10400,50.730583
2013-02-19,57.023,57.023,56.917,53.740002,22000,50.721169
2013-02-20,56.886,56.992,56.886,53.77,24400,50.749466
2013-02-21,57.087,57.097,57.034,53.830002,20400,50.806084
2013-02-22,57.066,57.087,57.044,53.869999,15700,50.843842
2013-02-25,57.044,57.309,57.044,54.080002,16000,51.042049
2013-02-26,57.267,57.384,57.267,54.099998,6200,51.060917
2013-02-27,57.394,57.394,57.278,54.07,50500,51.032604
2013-02-28,57.32,57.352,57.299,54.130001,17900,51.089226
2013-03-01,57.292,57.335,57.292,54.130001,140400,51.123241
2013-03-04,57.335,57.335,57.282,54.099998,15100,51.094902
2013-03-05,57.261,57.261,57.208,54.049999,9200,51.04768
2013-03-06,57.165,57.187,57.134,53.959999,22900,50.962685
2013-03-07,57.059,57.059,56.996,53.830002,18600,50.839912
2013-03-08,56.848,56.89,56.827,53.709999,17700,50.726559
2013-03-11,56.879,56.89,56.848,53.700001,11500,50.717125
2013-03-12,56.901,56.964,56.901,53.790001,13900,50.802124
2013-03-13,56.911,56.943,56.869,53.75,14000,50.764339
2013-03-14,56.869,56.964,56.858,53.790001,46300,50.802124
2013-03-15,56.911,57.059,56.911,53.860001,27500,50.868233
2013-03-18,57.176,57.176,57.123,54,74200,51.000454
2013-03-19,57.187,57.271,57.187,54.049999,30200,51.04768
2013-03-20,57.187,57.187,57.144,53.970001,13500,50.972134
2013-03-21,57.208,57.218,57.176,54.009998,7600,51.009907
2013-03-22,57.218,57.229,57.155,54.029999,14000,51.028793
2013-03-25,57.187,57.261,57.155,54.07,13300,51.066563
2013-03-26,57.197,57.292,57.187,54.080002,17300,51.076008
2013-03-27,57.398,57.43,57.388,54.220001,10500,51.208248
2013-03-28,57.345,57.398,57.345,54.169998,16000,51.161018
2013-04-01,57.291,57.355,57.291,54.18,61000,51.209217
2013-04-02,57.302,57.302,57.26,54.130001,32400,51.161964
2013-04-03,57.313,57.44,57.313,54.290001,17900,51.31319
2013-04-04,57.482,57.545,57.471,54.380001,10800,51.398254
2013-04-05,57.619,57.651,57.588,54.439999,15200,51.454952
2013-04-08,57.588,57.609,57.524,54.380001,16000,51.398254
2013-04-09,57.577,57.588,57.524,54.369999,22100,51.388802
2013-04-10,57.482,57.482,57.397,54.27,29300,51.294277
2013-04-11,57.45,57.471,57.418,54.299999,154700,51.322647
2013-04-12,57.545,57.588,57.535,54.43,43900,51.445507
2013-04-15,57.598,57.651,57.577,54.490002,17800,51.502224
2013-04-16,57.577,57.598,57.566,54.43,128800,51.445507
2013-04-17,57.577,57.662,57.577,54.459999,16500,51.47385
2013-04-18,57.662,57.662,57.598,54.450001,17700,51.46442
2013-04-19,57.619,57.619,57.577,54.43,21500,51.445507
2013-04-22,57.641,57.651,57.619,54.459999,50200,51.47385
2013-04-23,57.662,57.767,57.598,54.439999,31600,51.454952
2013-04-24,57.609,57.641,57.609,54.48,40500,51.492775
2013-04-25,57.609,57.619,57.566,54.459999,13100,51.47385
2013-04-26,57.683,57.715,57.672,54.540001,22500,51.549488
2013-04-29,57.767,57.767,57.715,54.560001,28500,51.56839
2013-04-30,57.789,57.789,57.704,54.560001,43700,51.56839
2013-05-01,57.718,57.76,57.697,54.59,106900,51.631756
2013-05-02,57.718,57.739,57.697,54.580002,20400,51.622311
2013-05-03,57.57,57.57,57.443,54.34,10800,51.395298
2013-05-06,57.485,57.485,57.401,54.32,44500,51.376381
2013-05-07,57.401,57.411,57.379,54.279999,36800,51.338554
2013-05-08,57.401,57.453,57.401,54.310001,30300,51.366924
2013-05-09,57.422,57.496,57.401,54.32,41700,51.376381
2013-05-10,57.358,57.358,57.157,54.130001,30800,51.196686
2013-05-13,57.189,57.2,57.157,54.080002,13000,51.149399
2013-05-14,57.21,57.221,57.052,53.959999,62400,51.035904
2013-05-15,57.179,57.179,57.073,54.029999,24300,51.102097
2013-05-16,57.242,57.337,57.242,54.169998,17300,51.234509
2013-05-17,57.253,57.253,57.115,54.040001,35500,51.111553
2013-05-20,57.179,57.189,57.105,54.009998,10400,51.083172
2013-05-21,57.115,57.2,57.052,54.099998,21700,51.168304
2013-05-22,57.231,57.274,56.946,53.860001,49300,50.941307
2013-05-23,57.073,57.073,56.925,53.880001,16800,50.960228
2013-05-24,56.999,57.041,56.946,53.860001,17400,50.941307
2013-05-28,56.893,56.893,56.608,53.540001,43700,50.638657
2013-05-29,56.597,56.682,56.565,53.610001,94000,50.704868
2013-05-30,56.703,56.756,56.65,53.639999,45600,50.733227
2013-05-31,56.756,56.756,56.491,53.540001,40300,50.638657
2013-06-03,56.469,56.712,56.469,53.560001,83600,50.696407
2013-06-04,56.522,56.575,56.501,53.52,12600,50.658524
2013-06-05,56.564,56.67,56.564,53.619999,20900,50.753193
2013-06-06,56.628,56.839,56.585,53.619999,11300,50.753193
2013-06-07,56.564,56.585,56.416,53.400002,25300,50.544952
2013-06-10,56.321,56.385,56.279,53.32,35400,50.469227
2013-06-11,56.205,56.374,56.194,53.360001,18500,50.507092
2013-06-12,56.311,56.395,56.258,53.25,11500,50.402962
2013-06-13,56.321,56.48,56.321,53.459999,29300,50.601753
2013-06-14,56.585,56.67,56.585,53.599998,243000,50.734261
2013-06-17,56.659,56.659,56.522,53.52,13800,50.658524
2013-06-18,56.437,56.543,56.437,53.509998,17900,50.649055
2013-06-19,56.522,56.522,55.962,53.02,13100,50.185261
2013-06-20,55.856,55.962,55.772,52.91,20900,50.081142
2013-06-21,55.825,55.825,55.508,52.540001,55500,49.730923
2013-06-24,55.212,55.487,55.191,52.439999,18700,49.636265
2013-06-25,55.55,55.55,55.349,52.41,333200,49.607887
2013-06-26,55.561,55.571,55.413,52.540001,16000,49.730923
2013-06-27,55.624,55.687,55.582,52.709999,11200,49.89185
2013-06-28,55.55,55.666,55.529,52.68,13800,49.863449
2013-07-01,55.505,55.61,55.505,52.66,55400,49.885227
2013-07-02,55.61,55.621,55.557,52.669998,24800,49.894722
2013-07-03,55.652,55.674,55.557,52.630001,10800,49.856804
2013-07-05,55.104,55.114,54.966,52.07,11800,49.326313
2013-07-08,55.104,55.241,55.104,52.299999,30300,49.544209
2013-07-09,55.262,55.294,55.241,52.34,27000,49.582092
2013-07-10,55.315,55.315,55.167,52.259998,16500,49.506294
2013-07-11,55.389,55.526,55.389,52.59,19100,49.818901
2013-07-12,55.684,55.684,55.42,52.540001,18700,49.771564
2013-07-15,55.515,55.589,55.515,52.630001,11600,49.856804
2013-07-16,55.663,55.663,55.579,52.700001,43500,49.923115
2013-07-17,55.811,55.832,55.737,52.82,13800,50.036793
2013-07-18,55.769,55.769,55.642,52.709999,24100,49.932598
2013-07-19,55.726,55.811,55.726,52.849998,62000,50.065212
2013-07-22,55.79,55.832,55.779,52.869999,29200,50.084152
2013-07-23,55.726,55.779,55.695,52.810001,36500,50.027332
2013-07-24,55.589,55.6,55.484,52.630001,35800,49.856804
2013-07-25,55.484,55.631,55.484,52.700001,21900,49.923115
2013-07-26,55.674,55.674,55.621,52.73,255900,49.951538
2013-07-29,55.674,55.684,55.589,52.700001,22800,49.923115
2013-07-30,55.663,55.684,55.621,52.689999,10000,49.913654
2013-07-31,55.42,55.652,55.399,52.700001,13600,49.923115
2013-08-01,55.443,55.443,55.21,52.360001,52700,49.647194
2013-08-02,55.39,55.559,55.39,52.650002,35800,49.922184
2013-08-05,55.485,55.506,55.443,52.599998,15300,49.874763
2013-08-06,55.464,55.495,55.453,52.599998,12700,49.874763
2013-08-07,55.506,55.59,55.506,52.709999,13800,49.979061
2013-08-08,55.601,55.643,55.601,52.73,7900,49.99802
2013-08-09,55.632,55.632,55.569,52.73,6700,49.99802
2013-08-12,55.717,55.717,55.569,52.689999,10700,49.960106
2013-08-13,55.379,55.379,55.253,52.41,35500,49.694618
2013-08-14,55.242,55.326,55.242,52.43,15900,49.713585
2013-08-15,55.158,55.253,55.052,52.310001,24100,49.599781
2013-08-16,55.147,55.147,54.926,52.169998,2113600,49.467033
2013-08-19,54.957,54.968,54.894,52.080002,47200,49.381714
2013-08-20,55.021,55.105,55.021,52.240002,41200,49.533409
2013-08-21,55.042,55.084,54.525,52.009998,32800,49.315323
2013-08-22,54.841,54.873,54.673,51.91,176300,49.220512
2013-08-23,54.768,54.968,54.715,52.040001,60700,49.343773
2013-08-26,55.01,55.01,54.957,52.139999,13200,49.438599
2013-08-27,55.126,55.21,55.084,52.330002,21200,49.618748
2013-08-28,55.116,55.116,55,52.200001,25400,49.495495
2013-08-29,54.978,55.116,54.968,52.240002,26000,49.533409
2013-08-30,55.116,55.126,55,52.169998,110100,49.467033
2013-09-03,54.834,54.834,54.623,52,92300,49.340824
2013-09-04,54.771,54.771,54.613,51.830002,26300,49.179531
2013-09-05,54.486,54.486,54.339,51.560001,44100,48.923359
2013-09-06,54.634,54.665,54.528,51.75,37000,49.103619
2013-09-09,54.76,54.76,54.665,51.869999,15300,49.217487
2013-09-10,54.581,54.623,54.518,51.73,19100,49.084648
2013-09-11,54.687,54.718,54.571,51.900002,18000,49.245956
2013-09-12,54.802,54.824,54.687,51.900002,13900,49.245956
2013-09-13,54.718,54.771,54.718,51.950001,12200,49.2934
2013-09-16,55.087,55.108,54.876,52.080002,15700,49.416748
2013-09-17,54.961,54.982,54.887,52.139999,14000,49.473675
2013-09-18,54.95,55.593,54.824,52.540001,54000,49.853233
2013-09-19,55.456,55.456,55.287,52.48,22000,49.796295
2013-09-20,55.329,55.361,55.256,52.5,17600,49.815285
2013-09-23,55.382,55.424,55.361,52.57,14800,49.881691
2013-09-24,55.477,55.551,55.456,52.689999,18400,49.995564
2013-09-25,55.54,55.624,55.53,52.779999,16700,50.080959
2013-09-26,55.582,55.582,55.509,52.709999,17400,50.014542
2013-09-27,55.635,55.667,55.603,52.810001,52100,50.109417
2013-09-30,55.614,55.688,55.572,52.84,22700,50.137894
2013-10-01,55.537,55.537,55.442,52.68,81500,50.036255
2013-10-02,55.59,55.632,55.537,52.790001,13100,50.140743
2013-10-03,55.527,55.674,55.527,52.810001,20000,50.159744
2013-10-04,55.579,55.59,55.463,52.720001,25600,50.074242
2013-10-07,55.653,55.653,55.506,52.75,23500,50.102741
2013-10-08,55.548,55.548,55.453,52.689999,32000,50.045757
2013-10-09,55.474,55.527,55.442,52.709999,12600,50.064739
2013-10-10,55.369,55.421,55.337,52.619999,17600,49.979263
2013-10-11,55.474,55.537,55.432,52.650002,14100,50.007771
2013-10-14,55.527,55.537,55.306,52.549999,11800,49.912781
2013-10-15,55.484,55.484,55.358,52.599998,18600,49.960281
2013-10-16,55.4,55.548,55.306,52.75,18300,50.102741
2013-10-17,55.663,55.748,55.653,52.91,85500,50.254715
2013-10-18,55.79,55.79,55.716,52.93,15900,50.273701
2013-10-21,55.685,55.737,55.653,52.889999,40000,50.23571
2013-10-22,55.864,55.916,55.864,53.09,8800,50.425686
2013-10-23,55.927,55.99,55.895,53.099998,2219000,50.435181
2013-10-24,55.937,55.937,55.842,53.060001,250900,50.397182
2013-10-25,55.853,55.937,55.853,53.130001,27100,50.46368
2013-10-28,55.895,55.937,55.895,53.099998,35700,50.435181
2013-10-29,55.885,55.99,55.885,53.169998,29700,50.501682
2013-10-30,56.021,56.379,55.885,53.080002,68100,50.416187
2013-10-31,55.969,55.99,55.79,53.049999,28600,50.387688
2013-11-01,55.649,55.649,55.523,52.84,27000,50.258331
2013-11-04,55.67,55.67,55.607,52.900002,9900,50.315407
2013-11-05,55.565,55.565,55.491,52.810001,7900,50.229801
2013-11-06,55.575,55.649,55.575,52.889999,15700,50.305882
2013-11-07,55.67,55.722,55.67,52.990002,6400,50.401024
2013-11-08,55.386,55.397,55.355,52.669998,19800,50.096642
2013-11-11,55.344,55.46,55.344,52.68,7700,50.106152
2013-11-12,55.355,55.365,55.291,52.610001,12100,50.03957
2013-11-13,55.428,55.502,55.397,52.75,12700,50.172737
2013-11-14,55.565,55.638,55.523,52.919998,13100,50.334419
2013-11-15,55.607,55.617,55.575,52.889999,7900,50.305882
2013-11-18,55.638,55.723,55.617,53,31700,50.410515
2013-11-19,55.659,55.691,55.586,52.900002,12800,50.315407
2013-11-20,55.628,55.701,55.47,52.77,16400,50.19175
2013-11-21,55.428,55.554,55.428,52.799999,8100,50.220291
2013-11-22,55.523,55.586,55.502,52.869999,65900,50.286873
2013-11-25,55.586,55.638,55.586,52.880001,8200,50.296375
2013-11-26,55.638,55.723,55.638,52.959999,12600,50.372467
2013-11-27,55.67,55.67,55.544,52.91,22000,50.324917
2013-11-29,55.554,55.596,55.554,52.880001,66400,50.296375
2013-12-02,55.512,55.512,55.323,52.73,96100,50.201164
2013-12-03,55.491,55.491,55.428,52.810001,343900,50.277344
2013-12-04,55.292,55.334,55.281,52.669998,12600,50.144058
2013-12-05,55.26,55.281,55.187,52.57,15900,50.048859
2013-12-06,55.197,55.271,55.166,52.560001,17300,50.03933
2013-12-09,55.281,55.281,55.187,52.57,16100,50.048859
2013-12-10,55.313,55.355,55.271,52.700001,14900,50.172619
2013-12-11,55.292,55.323,55.239,52.610001,28800,50.086929
2013-12-12,55.197,55.197,55.113,52.48,41900,49.963165
2013-12-13,55.208,55.208,55.124,52.52,7000,50.001251
2013-12-16,55.25,55.25,55.113,52.509998,7800,49.991711
2013-12-17,55.155,55.239,55.155,52.580002,9500,50.058388
2013-12-18,55.155,55.26,55.061,52.48,152500,49.963165
2013-12-19,54.956,54.966,54.914,52.32,20700,49.810837
2013-12-20,54.945,55.008,54.914,52.32,92300,49.810837
2013-12-23,54.935,54.956,54.872,52.240002,99800,49.73468
2013-12-24,54.809,54.819,54.724,52.139999,20200,49.639473
2013-12-26,54.724,54.787,54.703,52.099998,29700,49.601391
2013-12-27,54.636,54.668,54.594,52.07,16300,49.624268
2013-12-30,54.699,54.731,54.668,52.16,37600,49.710037
2013-12-31,54.668,54.699,54.615,52.07,27400,49.624268
2014-01-02,54.668,54.731,54.647,52.150002,76300,49.700512
2014-01-03,54.678,54.762,54.647,52.110001,14500,49.66238
2014-01-06,54.731,54.815,54.72,52.209999,42100,49.757687
2014-01-07,54.815,54.867,54.783,52.259998,25900,49.805347
2014-01-08,54.71,54.71,54.605,52.060001,22700,49.614742
2014-01-09,54.657,54.699,54.615,52.130001,11000,49.681435
2014-01-10,54.878,55.004,54.878,52.419998,26000,49.957821
2014-01-13,55.035,55.119,55.035,52.5,75700,50.034058
2014-01-14,55.045,55.056,54.951,52.389999,16100,49.929234
2014-01-15,54.857,54.899,54.836,52.32,10500,49.862511
2014-01-16,54.983,55.014,54.972,52.41,20400,49.948296
2014-01-17,54.993,55.045,54.962,52.459999,14500,49.995949
2014-01-21,54.972,55.035,54.972,52.43,25500,49.96735
2014-01-22,54.888,54.951,54.867,52.32,24200,49.862511
2014-01-23,55.004,55.161,55.004,52.549999,17800,50.081707
2014-01-24,55.276,55.318,55.213,52.669998,114900,50.196072
2014-01-27,55.224,55.308,55.171,52.599998,22800,50.129353
2014-01-28,55.245,55.255,55.192,52.66,14500,50.186543
2014-01-29,55.381,55.444,55.339,52.810001,26800,50.329514
2014-01-30,55.36,55.381,55.297,52.779999,12700,50.300915
2014-01-31,55.455,55.507,55.444,52.869999,31300,50.386684
2014-02-03,55.344,55.585,55.344,53.029999,63500,50.592747
2014-02-04,55.469,55.511,55.459,52.950001,26500,50.51643
2014-02-05,55.469,55.469,55.386,52.84,713200,50.411488
2014-02-06,55.365,55.365,55.302,52.77,40200,50.344707
2014-02-07,55.365,55.459,55.365,52.880001,10500,50.449654
2014-02-10,55.427,55.469,55.417,52.889999,17300,50.459194
2014-02-11,55.281,55.333,55.27,52.75,80600,50.325626
2014-02-12,55.239,55.239,55.134,52.639999,99400,50.220684
2014-02-13,55.323,55.385,55.291,52.82,48400,50.39241
2014-02-14,55.365,55.365,55.27,52.779999,33200,50.354248
2014-02-18,55.354,55.469,55.354,52.889999,24200,50.459194
2014-02-19,55.532,55.532,55.344,52.830002,21700,50.401943
2014-02-20,55.312,55.386,55.239,52.77,27300,50.344707
2014-02-21,55.27,55.354,55.26,52.799999,8400,50.373329
2014-02-24,55.354,55.354,55.239,52.759998,21600,50.335163
2014-02-25,55.365,55.438,55.354,52.860001,23100,50.430557
2014-02-26,55.427,55.522,55.406,52.970001,21100,50.535515
2014-02-27,55.543,55.585,55.49,53.009998,20100,50.573673
2014-02-28,55.438,55.511,55.386,52.959999,33100,50.525974
2014-03-03,55.458,55.573,55.416,53.040001,212400,50.651081
2014-03-04,55.458,55.458,55.311,52.82,37600,50.440979
2014-03-05,55.29,55.374,55.238,52.849998,41300,50.469635
2014-03-06,55.196,55.248,55.186,52.740002,46600,50.364586
2014-03-07,55.039,55.102,55.028,52.57,28100,50.20224
2014-03-10,55.039,55.112,55.039,52.610001,17900,50.240433
2014-03-11,55.102,55.133,55.039,52.639999,13500,50.269089
2014-03-12,55.217,55.238,55.175,52.740002,6800,50.364586
2014-03-13,55.133,55.405,55.112,52.900002,17000,50.517384
2014-03-14,55.468,55.468,55.353,52.91,8900,50.526924
2014-03-17,55.311,55.385,55.259,52.810001,14000,50.431435
2014-03-18,55.28,55.374,55.28,52.880001,17400,50.498283
2014-03-19,55.343,55.343,54.892,52.459999,21800,50.097198
2014-03-20,54.955,54.976,54.913,52.490002,15500,50.125854
2014-03-21,54.955,54.997,54.924,52.52,16100,50.154491
2014-03-24,54.892,54.966,54.892,52.459999,27100,50.097198
2014-03-25,54.955,55.008,54.945,52.490002,22100,50.125854
2014-03-26,54.997,55.112,54.997,52.599998,10700,50.230888
2014-03-27,55.039,55.112,55.039,52.610001,15100,50.240433
2014-03-28,55.049,55.07,54.966,52.5,16600,50.135395
2014-03-31,54.903,55.028,54.871,52.549999,26900,50.183136
2014-04-01,54.839,54.891,54.818,52.450001,166500,50.145851
2014-04-02,54.766,54.766,54.661,52.310001,85300,50.012012
2014-04-03,54.682,54.755,54.672,52.32,12200,50.021572
2014-04-04,54.818,54.965,54.818,52.52,21200,50.212776
2014-04-07,55.038,55.09,55.017,52.619999,17500,50.308392
2014-04-08,55.038,55.09,54.996,52.66,13000,50.34663
2014-04-09,54.986,55.174,54.944,52.720001,16900,50.404015
2014-04-10,55.174,55.352,55.174,52.84,13800,50.518723
2014-04-11,55.352,55.352,55.289,52.91,9000,50.585644
2014-04-14,55.352,55.352,55.237,52.84,16900,50.518723
2014-04-15,55.184,55.341,55.184,52.860001,12600,50.537861
2014-04-16,55.205,55.216,55.101,52.700001,67400,50.384869
2014-04-17,55.069,55.09,54.86,52.459999,29200,50.155418
2014-04-21,55.017,55.017,54.954,52.549999,1904400,50.24147
2014-04-22,54.933,54.954,54.891,52.529999,20500,50.222343
2014-04-23,54.986,55.08,54.986,52.599998,28800,50.289257
2014-04-24,54.996,55.038,54.975,52.580002,23200,50.270149
2014-04-25,55.08,55.142,55.027,52.639999,68300,50.327507
2014-04-28,55.017,55.069,54.975,52.580002,18100,50.270149
2014-04-29,55.006,55.059,54.975,52.639999,14900,50.327507
2014-04-30,55.142,55.184,55.101,52.759998,21300,50.442242
2014-05-01,54.98,55.137,54.98,52.75,158900,50.514061
2014-05-02,54.96,55.148,54.918,52.740002,17200,50.50449
2014-05-05,55.137,55.137,55.043,52.720001,8600,50.485329
2014-05-06,55.074,55.095,55.043,52.75,19800,50.514061
2014-05-07,55.074,55.168,55.033,52.810001,15500,50.571518
2014-05-08,55.168,55.252,55.148,52.849998,17800,50.609818
2014-05-09,55.283,55.283,55.168,52.880001,15700,50.638554
2014-05-12,55.137,55.168,55.116,52.790001,14200,50.552364
2014-05-13,55.231,55.252,55.2,52.91,18600,50.667278
2014-05-14,55.336,55.471,55.336,53.060001,29100,50.810932
2014-05-15,55.44,55.576,55.44,53.139999,61800,50.887524
2014-05-16,55.461,55.492,55.43,53.080002,12100,50.83007
2014-05-19,55.524,55.565,55.44,53.110001,5400,50.858795
2014-05-20,55.471,55.576,55.471,53.200001,67400,50.944984
2014-05-21,55.492,55.513,55.45,53.139999,7400,50.887524
2014-05-22,55.492,55.492,55.43,53.080002,10400,50.83007
2014-05-23,55.471,55.555,55.471,53.200001,19200,50.944984
2014-05-27,55.524,55.586,55.45,53.189999,59000,50.935406
2014-05-28,55.67,55.753,55.659,53.369999,54700,51.10778
2014-05-29,55.711,55.816,55.67,53.310001,10800,51.050312
2014-05-30,55.638,55.659,55.576,53.27,22300,51.01202
2014-06-02,55.433,55.443,55.297,53.029999,143900,50.83659
2014-06-03,55.276,55.276,55.162,52.889999,45400,50.702381
2014-06-04,55.255,55.255,55.12,52.869999,20200,50.683193
2014-06-05,55.193,55.255,55.193,52.939999,262000,50.750309
2014-06-06,55.245,55.266,55.162,52.880001,23600,50.692795
2014-06-09,55.12,55.13,55.068,52.830002,22500,50.644863
2014-06-10,55.036,55.068,54.995,52.759998,42600,50.577759
2014-06-11,55.099,55.12,55.057,52.779999,11100,50.596928
2014-06-12,55.078,55.214,55.078,52.900002,13800,50.711975
2014-06-13,55.036,55.141,55.036,52.84,7600,50.654453
2014-06-16,55.12,55.141,55.078,52.82,25400,50.635284
2014-06-17,55.047,55.047,54.953,52.700001,16100,50.520237
2014-06-18,55.078,55.235,54.995,52.860001,21700,50.673611
2014-06-19,55.245,55.245,55.078,52.84,30000,50.654453
2014-06-20,55.078,55.13,55.068,52.830002,27300,50.644863
2014-06-23,55.172,55.182,55.099,52.84,18500,50.654453
2014-06-24,55.193,55.214,55.109,52.93,17400,50.740726
2014-06-25,55.339,55.339,55.255,52.990002,17500,50.798241
2014-06-26,55.328,55.402,55.328,53.07,18300,50.874924
2014-06-27,55.422,55.433,55.36,53.09,5900,50.894108
2014-06-30,55.433,55.433,55.36,53.139999,27300,50.942043
2014-07-01,55.18,55.45,55.127,52.959999,107100,50.829746
2014-07-02,55.086,55.086,55.002,52.799999,17100,50.676186
2014-07-03,54.888,54.95,54.867,52.73,6000,50.60899
2014-07-07,54.971,55.013,54.95,52.779999,15700,50.656979
2014-07-08,55.107,55.138,55.086,52.91,17300,50.781757
2014-07-09,55.086,55.19,55.013,52.950001,14100,50.820145
2014-07-10,55.659,55.659,55.211,52.990002,59400,50.85854
2014-07-11,55.221,55.305,55.221,53.049999,22300,50.916119
2014-07-14,55.232,55.232,55.169,52.98,24500,50.848946
2014-07-15,55.19,55.273,55.107,52.93,12800,50.800941
2014-07-16,55.127,55.159,55.096,52.93,13600,50.800941
2014-07-17,55.221,55.305,55.2,53.060001,21000,50.925716
2014-07-18,55.305,55.305,55.221,53.009998,12100,50.877728
2014-07-21,55.242,55.315,55.232,53.040001,11600,50.906517
2014-07-22,55.294,55.315,55.232,53.07,12800,50.935322
2014-07-23,55.315,55.346,55.284,53.060001,7900,50.925716
2014-07-24,55.232,55.232,55.159,52.959999,7900,50.829746
2014-07-25,55.263,55.284,55.211,53.049999,34500,50.916119
2014-07-28,55.242,55.273,55.18,52.98,12000,50.848946
2014-07-29,55.263,55.284,55.19,53.060001,23700,50.925716
2014-07-30,55.117,55.117,55.013,52.830002,6900,50.704971
2014-07-31,54.982,55.075,54.982,52.82,25200,50.695362
2014-08-01,55.041,55.197,54.989,53,116800,50.928871
2014-08-04,55.218,55.259,55.197,53.07,35200,50.996132
2014-08-05,55.176,55.228,55.114,53.049999,20300,50.976925
2014-08-06,55.291,55.291,55.207,53.049999,11400,50.976925
2014-08-07,55.218,55.374,55.218,53.189999,10400,51.11145
2014-08-08,55.416,55.499,55.311,53.150002,32000,51.073013
2014-08-11,55.374,55.374,55.311,53.18,25700,51.101852
2014-08-12,55.374,55.374,55.301,53.16,6700,51.082626
2014-08-13,55.374,55.436,55.353,53.27,12000,51.188316
2014-08-14,55.488,55.488,55.426,53.299999,10700,51.217152
2014-08-15,55.436,55.676,55.436,53.380001,25200,51.294022
2014-08-18,55.53,55.53,55.468,53.330002,19600,51.245987
2014-08-19,55.53,55.54,55.436,53.27,11000,51.188316
2014-08-20,55.416,55.426,55.311,53.150002,7900,51.073013
2014-08-21,55.332,55.384,55.332,53.200001,8000,51.121056
2014-08-22,55.374,55.405,55.239,53.139999,21000,51.063396
2014-08-25,55.343,55.353,55.28,53.150002,12200,51.073013
2014-08-26,55.405,55.405,55.332,53.189999,6300,51.11145
2014-08-27,55.426,55.447,55.384,53.240002,10300,51.1595
2014-08-28,55.509,55.509,55.447,53.310001,14000,51.226761
2014-08-29,55.447,55.54,55.447,53.369999,14800,51.284424
2014-09-02,55.276,55.276,55.131,53.09,147500,51.076611
2014-09-03,55.131,55.224,55.089,53.110001,55800,51.095848
2014-09-04,55.204,55.204,55.079,53.029999,13700,51.018887
2014-09-05,55.297,55.297,55.12,53.029999,29300,51.018887
2014-09-08,55.235,55.235,55.068,53.009998,15500,50.999638
2014-09-09,55.006,55.037,54.954,52.889999,18000,50.88419
2014-09-10,54.933,54.975,54.902,52.84,12700,50.836098
2014-09-11,54.985,54.985,54.881,52.799999,38600,50.797607
2014-09-12,54.819,54.85,54.777,52.709999,48900,50.711021
2014-09-15,54.829,54.871,54.829,52.77,10700,50.768738
2014-09-16,54.881,54.923,54.861,52.790001,27900,50.787994
2014-09-17,54.944,54.975,54.798,52.75,28700,50.749496
2014-09-18,54.715,54.736,54.663,52.630001,20900,50.634045
2014-09-19,54.788,54.819,54.736,52.740002,9200,50.739891
2014-09-22,54.871,54.923,54.829,52.82,13600,50.816845
2014-09-23,54.944,54.964,54.881,52.84,36000,50.836098
2014-09-24,54.954,54.985,54.84,52.799999,46500,50.797607
2014-09-25,54.944,55.058,54.923,52.93,13900,50.92268
2014-09-26,55.006,55.006,54.892,52.849998,11100,50.845715
2014-09-29,55.068,55.079,55.016,52.93,10000,50.92268
2014-09-30,55.006,55.058,55.006,52.93,12400,50.92268
2014-10-01,55.035,55.191,55.035,53.16,229800,51.203938
2014-10-02,55.191,55.222,55.087,53.09,505000,51.136509
2014-10-03,54.952,55.066,54.942,53.02,30100,51.06908
2014-10-06,55.077,55.191,55.025,53.099998,23900,51.146141
2014-10-07,55.243,55.388,55.212,53.310001,123600,51.348423
2014-10-08,55.367,55.502,55.326,53.459999,15200,51.492889
2014-10-09,55.533,55.533,55.44,53.400002,232400,51.435112
2014-10-10,55.492,55.575,55.492,53.529999,22800,51.560318
2014-10-13,55.378,55.876,55.378,53.740002,15900,51.762592
2014-10-14,55.803,55.866,55.741,53.810001,35800,51.830009
2014-10-15,56.322,56.748,56.021,54,55000,52.01302
2014-10-16,56.239,56.26,55.98,53.919998,26700,51.935978
2014-10-17,55.928,55.938,55.834,53.82,21200,51.839657
2014-10-20,55.99,55.99,55.918,53.900002,25400,51.91671
2014-10-21,55.938,55.98,55.845,53.84,30300,51.858913
2014-10-22,55.834,55.855,55.793,53.799999,9700,51.820381
2014-10-23,55.71,55.731,55.637,53.650002,12100,51.675911
2014-10-24,55.731,55.824,55.71,53.68,12000,51.704807
2014-10-27,55.772,55.793,55.741,53.720001,13300,51.743328
2014-10-28,55.762,55.762,55.658,53.66,43800,51.685535
2014-10-29,55.658,55.668,55.44,53.450001,31500,51.483265
2014-10-30,55.513,55.606,55.492,53.509998,16800,51.54105
2014-10-31,55.533,55.554,55.461,53.509998,17100,51.54105
2014-11-03,55.363,55.394,55.208,53.349998,198000,51.448471
2014-11-04,55.166,55.384,55.166,53.360001,266200,51.458115
2014-11-05,55.249,55.332,55.239,53.32,78600,51.419552
2014-11-06,55.301,55.332,55.187,53.23,17900,51.33276
2014-11-07,55.322,55.457,55.322,53.439999,38700,51.535259
2014-11-10,55.415,55.446,55.291,53.32,16700,51.419552
2014-11-11,55.166,55.322,55.146,53.279999,38900,51.380966
2014-11-12,55.343,55.415,55.301,53.349998,13000,51.448471
2014-11-13,55.374,55.405,55.332,53.400002,27700,51.496689
2014-11-14,55.343,55.467,55.27,53.450001,7400,51.544914
2014-11-17,55.467,55.467,55.363,53.389999,16100,51.487053
2014-11-18,55.374,55.457,55.374,53.470001,21500,51.564205
2014-11-19,55.394,55.415,55.322,53.369999,178000,51.467751
2014-11-20,55.436,55.55,55.374,53.439999,8900,51.535259
2014-11-21,55.374,55.477,55.374,53.490002,11500,51.583485
2014-11-24,55.384,55.508,55.384,53.5,110900,51.593124
2014-11-25,55.508,55.623,55.488,53.639999,12800,51.728134
2014-11-26,55.664,55.705,55.633,53.720001,39100,51.805283
2014-11-28,55.757,55.902,55.747,53.82,7300,51.90173
2014-12-01,55.804,55.845,55.607,53.720001,139000,51.867939
2014-12-02,55.524,55.524,55.421,53.540001,11900,51.694134
2014-12-03,55.41,55.421,55.338,53.509998,11400,51.665173
2014-12-04,55.431,55.504,55.379,53.59,57800,51.742413
2014-12-05,55.338,55.338,55.182,53.349998,20000,51.510681
2014-12-08,55.245,55.369,55.214,53.389999,25600,51.549313
2014-12-09,55.483,55.514,55.39,53.52,8100,51.674824
2014-12-10,55.472,55.638,55.452,53.720001,13800,51.867939
2014-12-11,55.576,55.649,55.472,53.580002,14500,51.732765
2014-12-12,55.7,55.835,55.659,53.91,23000,52.051388
2014-12-15,55.752,55.814,55.628,53.720001,37000,51.867939
2014-12-16,55.876,55.907,55.69,53.93,118700,52.070686
2014-12-17,55.783,55.928,55.566,53.669998,821700,51.819656
2014-12-18,55.452,55.452,55.348,53.509998,20900,51.665173
2014-12-19,55.369,55.504,55.369,53.560001,19900,51.713444
2014-12-22,55.514,55.659,55.41,53.549999,28800,51.703789
2014-12-23,55.338,55.4,55.224,53.330002,122600,51.491375
2014-12-24,55.234,55.276,55.131,53.299999,13700,51.462406
2014-12-26,55.203,55.317,55.203,53.32,15900,51.48172
2014-12-29,55.14,55.243,55.13,53.360001,33500,51.598721
2014-12-30,55.285,55.388,55.212,53.459999,57300,51.695435
2014-12-31,55.409,55.44,55.254,53.599998,21200,51.830799
2015-01-02,55.461,55.574,55.347,53.68,57500,51.908169
2015-01-05,55.502,55.761,55.502,53.799999,58400,52.0242
2015-01-06,55.885,56.133,55.812,54.040001,45000,52.25629
2015-01-07,55.854,55.947,55.76,54.060001,35900,52.275631
2015-01-08,55.905,55.905,55.781,54.02,18200,52.236946
2015-01-09,55.916,56.06,55.916,54.110001,17600,52.323967
2015-01-12,56.091,56.174,56.04,54.259998,26200,52.469013
2015-01-13,56.122,56.236,56.091,54.330002,30600,52.536709
2015-01-14,56.433,56.495,56.288,54.48,25600,52.681751
2015-01-15,56.474,56.702,56.433,54.810001,25200,53.000866
2015-01-16,56.598,56.598,56.371,54.509998,21700,52.710773
2015-01-20,56.567,56.567,56.402,54.549999,22800,52.749447
2015-01-21,56.474,56.495,56.267,54.419998,112200,52.62373
2015-01-22,56.474,56.474,56.174,54.34,31800,52.546379
2015-01-23,56.319,56.422,56.298,54.52,20300,52.720428
2015-01-26,56.381,56.464,56.247,54.439999,49500,52.643085
2015-01-27,56.567,56.567,56.329,54.490002,26100,52.691433
2015-01-28,56.35,56.733,56.35,54.610001,15100,52.807461
2015-01-29,56.536,56.598,56.484,54.650002,18100,52.846149
2015-01-30,56.743,56.836,56.64,54.91,36500,53.097565
2015-02-02,56.635,56.739,56.553,54.860001,212100,53.120808
2015-02-03,56.553,56.553,56.346,54.57,15900,52.84
2015-02-04,56.284,56.419,56.233,54.630001,15700,52.898102
2015-02-05,56.367,56.377,56.264,54.509998,16000,52.781895
2015-02-06,56.047,56.047,55.83,54.060001,16400,52.346169
2015-02-09,55.964,55.995,55.778,54.009998,27700,52.297749
2015-02-10,55.778,55.799,55.696,53.950001,23900,52.239655
2015-02-11,55.716,55.778,55.654,53.919998,17300,52.210613
2015-02-12,55.696,55.82,55.696,53.990002,19000,52.278393
2015-02-13,55.716,55.789,55.644,53.880001,20200,52.171867
2015-02-17,55.913,55.913,55.355,53.650002,22000,51.949165
2015-02-18,55.479,55.768,55.417,53.919998,11100,52.210613
2015-02-19,55.654,55.685,55.489,53.759998,18500,52.055676
2015-02-20,55.675,55.706,55.407,53.709999,26500,52.007256
2015-02-23,55.551,55.685,55.541,53.84,34200,52.133152
2015-02-24,55.613,55.902,55.561,54.130001,30900,52.413952
2015-02-25,55.892,55.923,55.82,54.139999,20400,52.423626
2015-02-26,55.851,55.892,55.706,54.009998,31800,52.297749
2015-02-27,55.799,55.913,55.737,54.09,34200,52.375225
2015-03-02,55.701,55.701,55.422,53.73,276600,52.089218
2015-03-03,55.443,55.474,55.35,53.689999,30100,52.050442
2015-03-04,55.422,55.453,55.319,53.689999,148200,52.050442
2015-03-05,55.433,55.474,55.361,53.759998,37100,52.118317
2015-03-06,55.237,55.237,55.072,53.389999,48200,51.759602
2015-03-09,55.175,55.257,55.061,53.529999,39000,51.895336
2015-03-10,55.371,55.443,55.33,53.689999,34400,52.050442
2015-03-11,55.422,55.526,55.33,53.709999,39000,52.069828
2015-03-12,55.588,55.639,55.319,53.75,24900,52.108608
2015-03-13,55.536,55.546,55.402,53.73,31800,52.089218
2015-03-16,55.557,55.587,55.505,53.860001,46600,52.215256
2015-03-17,55.629,55.629,55.557,53.889999,63800,52.244331
2015-03-18,55.68,56.062,55.587,54.34,36600,52.680595
2015-03-19,55.979,56.103,55.804,54.119999,52500,52.467316
2015-03-20,55.928,56.021,55.918,54.290001,57200,52.63213
2015-03-23,56.072,56.093,55.969,54.369999,37100,52.709682
2015-03-24,56.083,56.186,56.031,54.450001,34700,52.787239
2015-03-25,56.206,56.217,56.031,54.349998,105300,52.690285
2015-03-26,55.99,56.248,55.825,54.130001,32300,52.477009
2015-03-27,55.918,56.021,55.918,54.299999,41700,52.641808
2015-03-30,56.01,56.062,55.959,54.27,175000,52.61274
2015-03-31,56.041,56.155,56.01,54.360001,47900,52.699989
2015-04-01,56.085,56.177,56.054,54.5,299200,52.901886
2015-04-02,56.146,56.167,56.043,54.41,84000,52.814526
2015-04-06,56.26,56.27,56.126,54.52,56900,52.921299
2015-04-07,56.074,56.208,56.054,54.490002,64100,52.892181
2015-04-08,56.157,56.157,56.043,54.439999,26700,52.843647
2015-04-09,56.054,56.064,55.868,54.32,130900,52.727165
2015-04-10,55.992,56.023,55.92,54.310001,41800,52.717453
2015-04-13,55.971,56.043,55.94,54.360001,93500,52.765995
2015-04-14,56.219,56.239,56.095,54.48,64300,52.882477
2015-04-15,56.188,56.311,56.146,54.5,71400,52.901886
2015-04-16,56.249,56.291,56.085,54.59,29500,52.989246
2015-04-17,56.167,56.301,56.146,54.580002,34500,52.979542
2015-04-20,56.26,56.28,56.126,54.540001,40100,52.940712
2015-04-21,56.177,56.198,56.126,54.490002,44000,52.892181
2015-04-22,56.085,56.105,55.92,54.310001,73700,52.717453
2015-04-23,55.92,56.085,55.92,54.400002,65700,52.804821
2015-04-24,56.146,56.188,56.105,54.52,39000,52.921299
2015-04-27,56.105,56.229,56.074,54.470001,60600,52.872772
2015-04-28,56.043,56.085,55.951,54.32,26900,52.727165
2015-04-29,55.92,56.146,55.765,54.209999,88900,52.620384
2015-04-30,55.683,55.971,55.652,54.23,53400,52.639812
2015-05-01,55.677,55.708,55.43,53.950001,150500,52.431831
2015-05-04,55.574,55.605,55.471,53.91,60900,52.39296
2015-05-05,55.553,55.553,55.327,53.869999,39300,52.354073
2015-05-06,55.337,55.368,55.245,53.709999,21500,52.198582
2015-05-07,55.296,55.389,55.265,53.779999,53400,52.266613
2015-05-08,55.697,55.697,55.512,53.959999,23100,52.44154
2015-05-11,55.481,55.481,55.234,53.68,35400,52.169415
2015-05-12,55.193,55.337,55.142,53.700001,31000,52.188869
2015-05-13,55.389,55.399,55.265,53.709999,25900,52.198582
2015-05-14,55.317,55.44,55.317,53.84,19800,52.324921
2015-05-15,55.522,55.656,55.481,54.029999,23600,52.509586
2015-05-18,55.533,55.533,55.389,53.830002,48600,52.315208
2015-05-19,55.275,55.389,55.162,53.669998,41500,52.159714
2015-05-20,55.214,55.492,55.214,53.759998,42000,52.247181
2015-05-21,55.368,55.574,55.368,53.93,39700,52.41238
2015-05-22,55.389,55.42,55.327,53.830002,34700,52.315208
2015-05-26,55.378,55.553,55.358,53.970001,23000,52.451263
2015-05-27,55.533,55.553,55.44,53.98,28700,52.460983
2015-05-28,55.625,55.759,55.543,54.080002,39500,52.558174
2015-05-29,55.646,55.728,55.636,54.07,45500,52.54845
2015-06-01,55.52,55.592,55.294,53.860001,189400,52.414162
2015-06-02,55.222,55.222,55.079,53.650002,33200,52.209801
2015-06-03,55.017,55.017,54.832,53.380001,56400,51.947041
2015-06-04,54.904,55.079,54.904,53.52,36800,52.083286
2015-06-05,54.729,54.842,54.678,53.279999,57000,51.849731
2015-06-08,54.894,54.976,54.822,53.349998,36400,51.917831
2015-06-09,54.801,54.801,54.688,53.259998,39100,51.830254
2015-06-10,54.668,54.688,54.575,53.119999,58300,51.694016
2015-06-11,54.657,54.832,54.596,53.34,37000,51.908115
2015-06-12,54.77,54.914,54.77,53.310001,31900,51.878925
2015-06-15,55.017,55.017,54.863,53.43,28200,51.995705
2015-06-16,54.945,55.037,54.935,53.529999,27100,52.093014
2015-06-17,54.924,55.192,54.811,53.66,28500,52.219524
2015-06-18,55.058,55.15,54.986,53.580002,19500,52.141674
2015-06-19,55.171,55.284,55.171,53.799999,37000,52.35577
2015-06-22,55.12,55.181,54.996,53.529999,45800,52.093014
2015-06-23,54.894,55.007,54.873,53.419998,79300,51.985962
2015-06-24,54.904,55.017,54.863,53.5,58000,52.063824
2015-06-25,54.945,54.966,54.842,53.43,52300,51.995705
2015-06-26,54.811,54.873,54.739,53.279999,49000,51.849731
2015-06-29,54.996,55.212,54.966,53.66,29400,52.219524
2015-06-30,55.068,55.202,55.068,53.610001,34200,52.170872
2015-07-01,54.752,54.844,54.711,53.349998,179900,51.983788
2015-07-02,54.947,54.957,54.875,53.48,39100,52.110451
2015-07-06,55.122,55.214,55.009,53.720001,31100,52.344303
2015-07-07,55.317,55.419,55.204,53.790001,40300,52.412514
2015-07-08,55.317,55.409,55.265,53.959999,35800,52.578163
2015-07-09,55.193,55.368,55.009,53.720001,37900,52.344303
2015-07-10,54.978,55.111,54.844,53.509998,36500,52.139687
2015-07-13,54.793,54.896,54.752,53.389999,25200,52.022766
2015-07-14,54.968,54.978,54.865,53.540001,26100,52.168915
2015-07-15,54.906,55.091,54.886,53.630001,24700,52.256618
2015-07-16,54.927,55.06,54.916,53.619999,34800,52.24688
2015-07-17,54.927,55.029,54.927,53.560001,36100,52.188408
2015-07-20,54.865,54.927,54.865,53.490002,52000,52.120197
2015-07-21,54.875,55.029,54.875,53.59,28400,52.217636
2015-07-22,54.988,55.07,54.988,53.59,28900,52.217636
2015-07-23,54.947,55.132,54.947,53.700001,29700,52.324818
2015-07-24,55.132,55.204,55.06,53.779999,25700,52.402767
2015-07-27,55.276,55.347,55.265,53.900002,32200,52.519711
2015-07-28,55.224,55.296,55.224,53.849998,34400,52.470985
2015-07-29,55.224,55.245,55.122,53.75,23600,52.373539
2015-07-30,55.101,55.204,55.101,53.77,22400,52.393036
2015-07-31,55.399,55.429,55.347,54.009998,39500,52.626884
2015-08-03,55.226,55.401,55.226,54.02,102600,52.712761
2015-08-04,55.329,55.329,55.124,53.799999,39300,52.498074
2015-08-05,55.093,55.093,54.95,53.66,125400,52.361477
2015-08-06,55.011,55.144,55.011,53.77,33100,52.4688
2015-08-07,55.144,55.216,55.103,53.860001,19000,52.556625
2015-08-10,55.175,55.175,55.062,53.75,24600,52.449284
2015-08-11,55.349,55.431,55.308,54.009998,42400,52.702999
2015-08-12,55.472,55.565,55.339,54.02,61100,52.712761
2015-08-13,55.267,55.339,55.206,53.880001,27000,52.576141
2015-08-14,55.093,55.237,55.093,53.849998,31600,52.546867
2015-08-17,55.278,55.319,55.237,53.900002,18400,52.595669
2015-08-18,55.155,55.267,55.155,53.889999,142200,52.585896
2015-08-19,55.134,55.472,55.124,54.080002,39100,52.771309
2015-08-20,55.442,55.513,55.442,54.16,20300,52.849365
2015-08-21,55.575,55.698,55.513,54.32,135000,53.005493
2015-08-24,56.19,56.231,55.554,54.439999,206100,53.122585
2015-08-25,55.575,55.657,55.431,54.209999,111800,52.898159
2015-08-26,55.442,55.575,55.38,54.049999,53400,52.742023
2015-08-27,55.288,55.524,55.237,54.07,49300,52.761536
2015-08-28,55.513,55.524,55.308,53.990002,37400,52.683479
2015-08-31,55.411,55.483,55.237,53.900002,96800,52.595669
2015-09-01,55.221,55.334,55.221,53.990002,263700,52.747093
2015-09-02,55.16,55.324,55.16,53.939999,188900,52.698235
2015-09-03,55.334,55.344,55.221,54.040001,41200,52.79594
2015-09-04,55.375,55.426,55.283,54.119999,36400,52.874088
2015-09-08,55.283,55.293,55.231,53.970001,43500,52.727551
2015-09-09,55.088,55.293,55.088,53.959999,55700,52.717773
2015-09-10,55.17,55.221,55.16,53.919998,61200,52.678699
2015-09-11,55.272,55.375,55.262,54.040001,49300,52.79594
2015-09-14,55.365,55.385,55.293,54.07,41200,52.825245
2015-09-15,55.283,55.303,55.017,53.790001,64500,52.551693
2015-09-16,55.068,55.16,55.017,53.779999,51600,52.541927
2015-09-17,55.037,55.467,55.027,54.119999,37800,52.874088
2015-09-18,55.457,55.539,55.426,54.240002,54100,52.991337
2015-09-21,55.405,55.405,55.303,54.080002,41900,52.835018
2015-09-22,55.477,55.569,55.446,54.25,41200,53.001099
2015-09-23,55.487,55.528,55.436,54.209999,54100,52.962025
2015-09-24,55.61,55.651,55.528,54.259998,74200,53.010876
2015-09-25,55.436,55.467,55.385,54.18,74700,52.932713
2015-09-28,55.518,55.661,55.498,54.369999,105200,53.118332
2015-09-29,55.713,55.784,55.661,54.459999,129700,53.206268
2015-09-30,55.672,55.784,55.672,54.5,99300,53.245346
2015-10-01,55.704,55.745,55.633,54.43,333800,53.243397
2015-10-02,55.97,56.062,55.807,54.650002,319400,53.458595
2015-10-05,55.817,55.817,55.674,54.490002,80700,53.302086
2015-10-06,55.653,55.827,55.653,54.549999,50900,53.360771
2015-10-07,55.694,55.715,55.612,54.43,86300,53.243397
2015-10-08,55.643,55.919,55.5,54.330002,81400,53.145573
2015-10-09,55.531,55.592,55.51,54.34,66100,53.15535
2015-10-12,55.582,55.766,55.582,54.450001,38600,53.262959
2015-10-13,55.643,55.745,55.633,54.529999,30800,53.341213
2015-10-14,55.817,55.94,55.796,54.700001,58800,53.5075
2015-10-15,55.858,55.878,55.776,54.580002,144700,53.390121
2015-10-16,55.807,55.858,55.725,54.549999,31300,53.360771
2015-10-19,55.776,55.786,55.612,54.529999,52800,53.341213
2015-10-20,55.684,55.684,55.612,54.41,24600,53.223831
2015-10-21,55.663,55.786,55.663,54.509998,55900,53.321651
2015-10-22,55.786,55.858,55.684,54.470001,47700,53.282524
2015-10-23,55.592,55.612,55.541,54.369999,23300,53.184696
2015-10-26,55.582,55.663,55.582,54.419998,57600,53.233616
2015-10-27,55.704,55.796,55.704,54.52,29400,53.331429
2015-10-28,55.745,55.745,55.459,54.299999,50400,53.116222
2015-10-29,55.418,55.418,55.295,54.119999,63800,52.940159
2015-10-30,55.316,55.367,55.285,54.150002,84200,52.969494
2015-11-02,55.14,55.14,54.916,53.93,334200,52.824532
2015-11-03,55.028,55.048,54.977,53.880001,46900,52.775547
2015-11-04,54.997,55.018,54.865,53.759998,29400,52.658012
2015-11-05,54.936,54.936,54.803,53.73,41100,52.628635
2015-11-06,54.65,54.65,54.569,53.490002,44600,52.393543
2015-11-09,54.507,54.609,54.507,53.459999,51700,52.36417
2015-11-10,54.599,54.803,54.579,53.560001,25800,52.462128
2015-11-11,54.681,54.681,54.395,53.52,84900,52.422928
2015-11-12,54.681,54.742,54.65,53.580002,35500,52.481712
2015-11-13,54.773,54.824,54.732,53.689999,71700,52.589451
2015-11-16,54.895,54.936,54.834,53.740002,56700,52.638416
2015-11-17,54.763,54.905,54.722,53.759998,50300,52.658012
2015-11-18,54.824,54.946,54.773,53.68,56600,52.579662
2015-11-19,54.854,54.936,54.844,53.759998,22600,52.658012
2015-11-20,54.905,54.936,54.814,53.689999,48900,52.589451
2015-11-23,54.783,54.916,54.773,53.75,45400,52.648212
2015-11-24,54.916,54.987,54.885,53.799999,42700,52.697193
2015-11-25,54.905,54.967,54.885,53.790001,579200,52.687397
2015-11-27,54.977,54.987,54.957,53.830002,10700,52.726578
2015-11-30,54.916,54.987,54.834,53.860001,49900,52.755966
2015-12-01,54.832,55.067,54.822,53.91,190100,52.875622
2015-12-02,54.863,54.914,54.801,53.82,72800,52.787346
2015-12-03,54.73,54.73,54.496,53.540001,269200,52.51273
2015-12-04,54.649,54.72,54.577,53.599998,29500,52.57156
2015-12-07,54.649,54.832,54.649,53.720001,42900,52.689278
2015-12-08,54.832,54.852,54.751,53.75,33100,52.718697
2015-12-09,54.771,54.903,54.7,53.830002,113600,52.797157
2015-12-10,54.883,54.893,54.781,53.740002,101400,52.708889
2015-12-11,54.954,55.097,54.944,54.029999,38800,52.993324
2015-12-14,54.934,55.036,54.812,53.790001,82000,52.757923
2015-12-15,54.669,54.761,54.659,53.669998,54100,52.640236
2015-12-16,54.679,54.761,54.547,53.540001,65100,52.51273
2015-12-17,54.608,54.72,54.608,53.619999,52400,52.59119
2015-12-18,54.761,55.005,54.761,53.759998,54400,52.728508
2015-12-21,54.852,54.954,54.822,53.799999,47200,52.767735
2015-12-22,54.812,54.863,54.659,53.68,108100,52.650036
2015-12-23,54.638,54.71,54.628,53.639999,36800,52.610806
2015-12-24,54.689,54.73,54.679,53.66,26400,52.630424
2015-12-28,54.689,54.822,54.689,53.709999,78100,52.679462
2015-12-29,54.527,54.538,54.395,53.450001,50800,52.491882
2015-12-30,54.395,54.477,54.375,53.48,54600,52.521343
2015-12-31,54.487,54.711,54.446,53.599998,117300,52.639194
2016-01-04,54.639,54.721,54.589,53.66,365900,52.698116
2016-01-05,54.639,54.721,54.589,53.650002,102400,52.688301
2016-01-06,54.823,54.894,54.751,53.880001,107200,52.914181
2016-01-07,54.945,54.996,54.792,53.970001,90700,53.002567
2016-01-08,54.955,55.098,54.904,54.09,80600,53.120422
2016-01-11,54.975,55.098,54.955,54.029999,55100,53.061493
2016-01-12,54.965,55.24,54.945,54.16,93200,53.189156
2016-01-13,55.098,55.332,55.098,54.279999,104900,53.306999
2016-01-14,55.271,55.332,55.159,54.25,51200,53.277542
2016-01-15,55.505,55.515,55.393,54.419998,144600,53.444496
2016-01-19,55.383,55.464,55.332,54.389999,1106400,53.415035
2016-01-20,55.556,55.678,55.505,54.529999,448300,53.552525
2016-01-21,55.607,55.617,55.423,54.5,51200,53.52306
2016-01-22,55.342,55.393,55.291,54.369999,67300,53.395397
2016-01-25,55.444,55.474,55.383,54.450001,482900,53.473957
2016-01-26,55.495,55.546,55.444,54.52,109200,53.542706
2016-01-27,55.423,55.576,55.362,54.580002,131600,53.601635
2016-01-28,55.515,55.617,55.515,54.59,54400,53.611443
2016-01-29,55.749,55.821,55.688,54.790001,124700,53.807854
2016-02-01,55.63,55.691,55.518,54.630001,206400,53.716423
2016-02-02,55.783,55.925,55.742,54.919998,436200,54.001572
2016-02-03,55.824,56.068,55.813,54.889999,487600,53.972069
2016-02-04,55.905,55.935,55.824,54.990002,145500,54.070408
2016-02-05,55.834,55.946,55.803,54.990002,51000,54.070408
2016-02-08,56.088,56.23,56.068,55.240002,124200,54.316219
2016-02-09,56.332,56.352,56.179,55.25,61700,54.32605
2016-02-10,56.18,56.281,56.088,55.32,42900,54.394875
2016-02-11,56.556,56.627,56.383,55.439999,144000,54.512875
2016-02-12,56.261,56.383,56.088,55.209999,161700,54.286716
2016-02-16,56.149,56.149,56.007,55.130001,171000,54.208057
2016-02-17,55.966,55.996,55.864,55.009998,102500,54.090061
2016-02-18,55.915,56.149,55.895,55.200001,94500,54.276882
2016-02-19,56.068,56.149,56.037,55.16,43800,54.237553
2016-02-22,56.057,56.098,56.017,55.110001,50600,54.188385
2016-02-23,55.986,56.19,55.966,55.189999,520600,54.267056
2016-02-24,56.241,56.383,56.088,55.18,68800,54.257217
2016-02-25,56.22,56.291,56.2,55.290001,87900,54.365391
2016-02-26,56.088,56.088,55.986,55.099998,71600,54.178558
2016-02-29,55.996,56.139,55.996,55.18,755500,54.257217
2016-03-01,56.078,56.088,55.712,54.790001,182300,53.873749
2016-03-02,55.651,55.702,55.6,54.740002,117700,53.824577
2016-03-03,55.661,55.752,55.63,54.759998,533800,53.844246
2016-03-04,55.63,55.701,55.498,54.650002,89800,53.736092
2016-03-07,55.539,55.539,55.468,54.549999,65900,53.637753
2016-03-08,55.671,55.752,55.661,54.790001,73500,53.873749
2016-03-09,55.61,55.64,55.549,54.639999,46800,53.726257
2016-03-10,55.549,55.59,55.376,54.5,66700,53.588596
2016-03-11,55.366,55.417,55.274,54.41,43200,53.500099
2016-03-14,55.366,55.427,55.315,54.419998,86800,53.50993
2016-03-15,55.437,55.437,55.315,54.419998,51200,53.50993
2016-03-16,55.254,55.63,55.234,54.610001,170400,53.696754
2016-03-17,55.6,55.671,55.569,54.68,187400,53.765587
2016-03-18,55.701,55.773,55.691,54.810001,67900,53.89341
2016-03-21,55.671,55.691,55.62,54.689999,69100,53.775414
2016-03-22,55.661,55.712,55.529,54.619999,61000,53.706593
2016-03-23,55.559,55.742,55.549,54.779999,63000,53.863911
2016-03-24,55.732,55.752,55.59,54.720001,499100,53.804909
2016-03-28,55.691,55.773,55.691,54.779999,85800,53.863911
2016-03-29,55.803,55.986,55.752,55.009998,69600,54.090061
2016-03-30,55.925,56.017,55.874,55.049999,86700,54.129398
2016-03-31,56.017,56.179,55.986,55.23,71300,54.306381
2016-04-01,56.007,56.078,55.935,55.07,484000,54.149059
2016-04-04,56.078,56.088,56.017,55.119999,74500,54.198219
2016-04-05,56.21,56.22,56.149,55.25,107900,54.32605
2016-04-06,56.19,56.19,56.098,55.200001,57600,54.276882
2016-04-07,56.251,56.342,56.23,55.380001,55700,54.453892
2016-04-08,56.241,56.291,56.22,55.34,49400,54.414547
2016-04-11,56.19,56.302,56.169,55.32,62700,54.394875
2016-04-12,56.179,56.19,56.098,55.189999,45300,54.267056
2016-04-13,56.088,56.149,56.047,55.169998,252800,54.247391
2016-04-14,56.068,56.098,56.007,55.07,39400,54.149059
2016-04-15,56.047,56.169,56.047,55.200001,81100,54.276882
2016-04-18,56.118,56.129,56.057,55.18,62000,54.257217
2016-04-19,56.098,56.098,55.996,55.080002,74400,54.158901
2016-04-20,56.047,56.098,55.854,54.950001,184800,54.031078
2016-04-21,55.783,55.864,55.763,54.869999,40500,53.952404
2016-04-22,55.793,55.824,55.732,54.82,73300,53.903244
2016-04-25,55.752,55.783,55.722,54.799999,57500,53.883575
2016-04-26,55.722,55.722,55.62,54.720001,90300,53.804909
2016-04-27,55.712,55.844,55.702,54.889999,76800,53.972069
2016-04-28,55.844,55.986,55.824,55.040001,47500,54.119568
2016-04-29,55.915,56.017,55.874,55.060001,64500,54.139229
2016-05-02,55.805,55.836,55.724,54.889999,110700,54.038799
2016-05-03,55.937,55.978,55.907,55.049999,32800,54.196335
2016-05-04,55.988,56.039,55.897,55.169998,91200,54.314468
2016-05-05,55.988,56.1,55.937,55.209999,198900,54.353844
2016-05-06,56.09,56.151,55.998,55.169998,162600,54.314468
2016-05-09,56.09,56.151,56.069,55.27,44900,54.412918
2016-05-10,56.12,56.161,56.069,55.259998,67200,54.403072
2016-05-11,56.09,56.202,56.08,55.259998,74500,54.403072
2016-05-12,56.059,56.11,56.009,55.200001,52600,54.344006
2016-05-13,56.059,56.313,56.009,55.310001,118900,54.45229
2016-05-16,56.08,56.09,56.019,55.16,107400,54.304623
2016-05-17,55.948,56.049,55.937,55.09,58900,54.235714
2016-05-18,55.866,55.876,55.602,54.759998,90600,53.910828
2016-05-19,55.653,55.734,55.653,54.830002,54700,53.979736
2016-05-20,55.653,55.744,55.633,54.860001,66100,54.009281
2016-05-23,55.714,55.744,55.663,54.849998,55300,53.999432
2016-05-24,55.653,55.694,55.612,54.790001,50900,53.940361
2016-05-25,55.612,55.694,55.602,54.77,60300,53.920677
2016-05-26,55.673,55.826,55.673,54.91,42300,54.058498
2016-05-27,55.765,55.816,55.358,54.740002,92200,53.891132
2016-05-31,55.572,55.775,55.551,54.880001,82200,54.028961
2016-06-01,55.648,55.689,55.547,54.790001,82000,54.004326
2016-06-02,55.648,55.739,55.597,54.900002,84100,54.112747
2016-06-03,55.993,56.064,55.983,55.200001,100400,54.408447
2016-06-06,56.034,56.034,55.942,55.18,132300,54.388725
2016-06-07,56.013,56.074,56.013,55.240002,74600,54.447876
2016-06-08,56.054,56.074,56.013,55.209999,562100,54.418293
2016-06-09,56.105,56.125,56.054,55.310001,61500,54.516869
2016-06-10,56.206,56.267,56.165,55.439999,72000,54.645004
2016-06-13,56.307,56.378,56.247,55.540001,254800,54.743572
2016-06-14,56.449,56.449,56.318,55.52,56400,54.723854
2016-06-15,56.338,56.551,56.328,55.639999,46100,54.842133
2016-06-16,56.571,56.622,56.449,55.669998,110500,54.871708
2016-06-17,56.47,56.47,56.348,55.580002,39100,54.783001
2016-06-20,56.257,56.277,56.206,55.43,61400,54.635147
2016-06-21,56.247,56.247,56.105,55.349998,90800,54.556293
2016-06-22,56.155,56.216,56.094,55.400002,27600,54.605579
2016-06-23,56.094,56.125,56.044,55.25,49600,54.457733
2016-06-24,56.612,56.612,56.49,55.720001,72700,54.920994
2016-06-27,56.794,56.845,56.723,56.02,158100,55.216682
2016-06-28,56.784,57.048,56.744,56,334200,55.196976
2016-06-29,56.784,56.805,56.673,55.880001,88400,55.07869
2016-06-30,56.723,56.805,56.673,55.970001,571500,55.1674
2016-07-01,56.783,56.793,56.641,55.939999,502400,55.19799
2016-07-05,56.874,56.966,56.783,56.139999,85400,55.395344
2016-07-06,56.885,56.905,56.803,56.110001,308900,55.36573
2016-07-07,56.773,56.895,56.743,56.099998,58200,55.355869
2016-07-08,56.763,56.885,56.753,56.099998,31400,55.355869
2016-07-11,56.783,56.793,56.662,55.919998,320500,55.178253
2016-07-12,56.55,56.662,56.398,55.73,615300,54.990784
2016-07-13,56.581,56.672,56.52,55.849998,158700,55.109184
2016-07-14,56.418,56.499,56.408,55.669998,113100,54.931576
2016-07-15,56.317,56.358,56.246,55.560001,124600,54.823032
2016-07-18,56.358,56.388,56.266,55.549999,86100,54.813168
2016-07-19,56.358,56.439,56.327,55.66,43400,54.921703
2016-07-20,56.297,56.358,56.276,55.57,83000,54.832897
2016-07-21,56.287,56.449,56.256,55.669998,56800,54.931576
2016-07-22,56.307,56.428,56.307,55.619999,163700,54.882236
2016-07-25,56.388,56.418,56.327,55.599998,29700,54.862503
2016-07-26,56.358,56.378,56.276,55.619999,46400,54.882236
2016-07-27,56.398,56.51,56.337,55.73,165900,54.990784
2016-07-28,56.418,56.54,56.418,55.77,236600,55.030251
2016-07-29,56.621,56.702,56.54,55.91,45300,55.168388
2016-08-01,56.446,56.638,56.426,55.77,88000,55.092426
2016-08-02,56.243,56.446,56.243,55.700001,59300,55.023273
2016-08-03,56.426,56.426,56.314,55.73,59400,55.05291
2016-08-04,56.456,56.567,56.446,55.84,47500,55.161572
2016-08-05,56.355,56.395,56.253,55.59,104300,54.914616
2016-08-08,56.183,56.274,56.172,55.560001,70100,54.884983
2016-08-09,56.253,56.375,56.233,55.669998,87700,54.993641
2016-08-10,56.365,56.588,56.324,55.779999,69700,55.102295
2016-08-11,56.456,56.456,56.183,55.529999,78000,54.855343
2016-08-12,56.466,56.496,56.345,55.700001,153800,55.023273
2016-08-15,56.324,56.334,56.253,55.619999,86400,54.944244
2016-08-16,56.243,56.243,56.183,55.540001,64700,54.865223
2016-08-17,56.193,56.324,56.172,55.59,53900,54.914616
2016-08-18,56.284,56.375,56.233,55.68,78300,55.003521
2016-08-19,56.233,56.264,56.162,55.509998,48800,54.835583
2016-08-22,56.284,56.314,56.223,55.619999,62800,54.944244
2016-08-23,56.314,56.345,56.253,55.580002,48700,54.904736
2016-08-24,56.284,56.324,56.223,55.599998,41400,54.924484
2016-08-25,56.193,56.264,56.193,55.529999,41700,54.855343
2016-08-26,56.233,56.284,56,55.34,44500,54.667652
2016-08-29,56.061,56.183,56.051,55.48,68100,54.805946
2016-08-30,56.162,56.193,56.112,55.459999,75200,54.786198
2016-08-31,56.142,56.233,56.102,55.43,55500,54.756557
2016-09-01,55.896,56.078,55.876,55.439999,114400,54.82885
2016-09-02,56.038,56.038,55.906,55.349998,70100,54.739841
2016-09-06,56.007,56.21,55.967,55.57,73300,54.95742
2016-09-07,56.22,56.25,56.169,55.59,44100,54.9772
2016-09-08,56.139,56.179,55.977,55.400002,80300,54.789299
2016-09-09,55.927,55.927,55.846,55.27,103800,54.660721
2016-09-12,55.836,55.957,55.825,55.310001,72900,54.700283
2016-09-13,55.916,55.937,55.734,55.200001,54800,54.591503
2016-09-14,55.836,55.957,55.836,55.310001,104300,54.700283
2016-09-15,55.886,55.967,55.866,55.299999,155100,54.690395
2016-09-16,55.947,55.967,55.906,55.310001,39500,54.700283
2016-09-19,55.906,55.967,55.896,55.299999,124100,54.690395
2016-09-20,55.957,56.007,55.906,55.349998,69900,54.739841
2016-09-21,55.886,56.018,55.846,55.369999,41100,54.759621
2016-09-22,56.018,56.109,56.018,55.450001,62200,54.838741
2016-09-23,56.068,56.129,56.028,55.48,48400,54.868412
2016-09-26,56.179,56.24,56.119,55.610001,103700,54.996979
2016-09-27,56.27,56.311,56.21,55.630001,31100,55.016758
2016-09-28,56.27,56.311,56.23,55.630001,104900,55.016758
2016-09-29,56.139,56.301,56.139,55.630001,38100,55.016758
2016-09-30,56.23,56.27,56.119,55.560001,42800,54.947529
2016-10-03,56.053,56.053,55.931,55.400002,423000,54.853752
2016-10-04,55.921,55.921,55.78,55.27,65200,54.72504
2016-10-05,55.8,55.8,55.659,55.189999,64800,54.645828
2016-10-06,55.669,55.719,55.628,55.110001,39100,54.566624
2016-10-07,55.679,55.709,55.588,55.150002,28300,54.606224
2016-10-10,55.598,55.79,55.477,55.02,46000,54.477509
2016-10-11,55.568,55.669,55.527,55.049999,50900,54.50721
2016-10-12,55.548,55.729,55.497,55.060001,90900,54.517117
2016-10-13,55.649,55.719,55.628,55.150002,35400,54.606224
2016-10-14,55.588,55.689,55.578,55.049999,33300,54.50721
2016-10-17,55.598,55.699,55.598,55.150002,65800,54.606224
2016-10-18,55.669,55.78,55.659,55.200001,73000,54.655727
2016-10-19,55.729,55.79,55.699,55.200001,36100,54.655727
2016-10-20,55.78,55.79,55.709,55.189999,31700,54.645828
2016-10-21,55.76,55.78,55.699,55.220001,43400,54.675533
2016-10-24,55.75,55.75,55.659,55.16,33500,54.616123
2016-10-25,55.639,55.74,55.639,55.169998,32700,54.626026
2016-10-26,55.628,55.669,55.618,55.099998,37200,54.556721
2016-10-27,55.538,55.538,55.457,54.950001,53000,54.408203
2016-10-28,55.477,55.578,55.467,54.970001,61500,54.428001
2016-10-31,55.598,55.598,55.527,55.02,125100,54.477509
2016-11-01,55.397,55.539,55.357,55,387900,54.516068
2016-11-02,55.539,55.66,55.518,55.110001,69400,54.625099
2016-11-03,55.539,55.619,55.539,55.130001,88600,54.644924
2016-11-04,55.609,55.71,55.609,55.200001,55800,54.71431
2016-11-07,55.569,55.579,55.518,55.049999,64000,54.565624
2016-11-08,55.508,55.549,55.377,54.93,106600,54.446678
2016-11-09,55.297,55.297,54.913,54.43,459200,53.95108
2016-11-10,54.802,55.004,54.711,54.259998,155900,53.782574
2016-11-11,54.772,54.832,54.621,54.150002,105900,53.673542
2016-11-14,54.469,54.57,54.358,53.950001,141100,53.475304
2016-11-15,54.378,54.479,54.368,53.939999,215300,53.465389
2016-11-16,54.318,54.459,54.318,53.98,225600,53.505035
2016-11-17,54.358,54.409,54.257,53.84,142700,53.366272
2016-11-18,54.267,54.308,54.106,53.669998,198500,53.197765
2016-11-21,54.136,54.197,54.096,53.669998,111400,53.197765
2016-11-22,54.177,54.257,54.146,53.720001,273900,53.247326
2016-11-23,54.015,54.076,53.894,53.580002,84400,53.108559
2016-11-25,53.995,54.035,53.945,53.560001,40400,53.088737
2016-11-28,54.096,54.167,54.096,53.68,39900,53.20768
2016-11-29,54.126,54.217,54.076,53.709999,93800,53.237411
2016-11-30,54.035,54.096,53.995,53.549999,137900,53.078819
2016-12-01,53.732,53.782,53.621,53.349998,199600,52.941177
2016-12-02,53.812,53.953,53.812,53.509998,82100,53.099953
2016-12-05,53.833,53.984,53.752,53.52,272900,53.109882
2016-12-06,53.943,53.943,53.883,53.509998,64200,53.099953
2016-12-07,53.953,54.054,53.953,53.630001,75500,53.219036
2016-12-08,53.933,53.984,53.903,53.52,116300,53.109882
2016-12-09,53.923,53.953,53.772,53.360001,90200,52.951111
2016-12-12,53.742,53.843,53.722,53.400002,111400,52.990807
2016-12-13,53.822,53.853,53.732,53.360001,142600,52.951111
2016-12-14,53.863,53.893,53.45,53.049999,104700,52.643482
2016-12-15,53.379,53.429,53.298,52.91,107500,52.504555
2016-12-16,53.409,53.49,53.329,52.990002,82000,52.583942
2016-12-19,53.5,53.571,53.46,53.139999,104700,52.732792
2016-12-20,53.409,53.51,53.399,53.07,97400,52.663326
2016-12-21,53.52,53.56,53.5,53.130001,109700,52.722874
2016-12-22,53.49,53.55,53.49,53.119999,89100,52.712944
2016-12-23,53.581,53.742,53.55,53.169998,95900,52.762562
2016-12-27,53.47,53.52,53.46,53.080002,139500,52.673256
2016-12-28,53.398,53.549,53.358,53.150002,106900,52.803303
2016-12-29,53.549,53.69,53.549,53.290001,139600,52.942387
2016-12-30,53.62,53.761,53.62,53.349998,70100,53.001991
2017-01-03,53.63,53.761,53.58,53.389999,127000,53.041733
2017-01-04,53.72,53.761,53.67,53.389999,282100,53.041733
2017-01-05,53.811,54.002,53.801,53.639999,207900,53.2901
2017-01-06,53.831,53.881,53.761,53.439999,74300,53.091408
2017-01-09,53.892,53.942,53.871,53.560001,82900,53.210629
2017-01-10,53.902,53.962,53.902,53.580002,80000,53.230495
2017-01-11,53.932,54.073,53.871,53.57,86700,53.220566
2017-01-12,54.053,54.103,53.962,53.639999,118900,53.2901
2017-01-13,53.892,53.952,53.801,53.52,120500,53.170887
2017-01-17,54.083,54.113,54.012,53.73,84100,53.379517
2017-01-18,53.972,54.012,53.801,53.470001,91000,53.121212
2017-01-19,53.69,53.751,53.65,53.380001,223400,53.031799
2017-01-20,53.7,53.791,53.65,53.419998,184800,53.071533
2017-01-23,53.811,54.002,53.791,53.59,120500,53.240429
2017-01-24,53.841,53.922,53.771,53.459999,101500,53.111275
2017-01-25,53.7,53.72,53.62,53.299999,147800,52.952316
2017-01-26,53.64,53.73,53.59,53.360001,67500,53.011932
2017-01-27,53.73,53.791,53.72,53.419998,108200,53.071533
2017-01-30,53.771,53.841,53.761,53.41,94700,53.061604
2017-01-31,53.801,53.942,53.801,53.540001,90300,53.190758
2017-02-01,53.609,53.73,53.549,53.41,112800,53.131962
2017-02-02,53.75,53.81,53.679,53.419998,81400,53.141907
2017-02-03,53.79,53.84,53.649,53.419998,194800,53.141907
2017-02-06,53.87,53.941,53.81,53.599998,106400,53.320972
2017-02-07,53.87,54.011,53.87,53.66,61200,53.380661
2017-02-08,54.051,54.102,54.001,53.799999,64200,53.519932
2017-02-09,54.021,54.031,53.88,53.599998,49100,53.320972
2017-02-10,53.79,53.88,53.79,53.560001,254400,53.281181
2017-02-13,53.8,53.82,53.74,53.529999,78500,53.251339
2017-02-14,53.78,53.78,53.589,53.360001,83700,53.082226
2017-02-15,53.569,53.609,53.549,53.310001,57600,53.032486
2017-02-16,53.609,53.77,53.609,53.450001,116700,53.171757
2017-02-17,53.83,53.86,53.75,53.560001,72100,53.281181
2017-02-21,53.74,53.87,53.74,53.549999,112500,53.271236
2017-02-22,53.891,53.901,53.74,53.599998,67500,53.320972
2017-02-23,53.941,53.981,53.891,53.700001,92100,53.420456
2017-02-24,54.082,54.162,54.051,53.869999,127000,53.589569
2017-02-27,54.071,54.102,53.971,53.700001,110500,53.420456
2017-02-28,53.991,54.051,53.931,53.669998,67900,53.39061
2017-03-01,53.565,53.585,53.525,53.330002,87600,53.115719
2017-03-02,53.475,53.485,53.415,53.259998,212200,53.045998
2017-03-03,53.435,53.495,53.385,53.240002,361500,53.026077
2017-03-06,53.485,53.505,53.445,53.27,67400,53.055958
2017-03-07,53.465,53.465,53.415,53.209999,70900,52.996201
2017-03-08,53.284,53.334,53.274,53.099998,108800,52.886642
2017-03-09,53.284,53.294,53.254,53.040001,52900,52.826885
2017-03-10,53.274,53.384,53.244,53.049999,102000,52.836842
2017-03-13,53.254,53.294,53.254,53.040001,199800,52.826885
2017-03-14,53.214,53.264,53.214,53.009998,372100,52.797001
2017-03-15,53.244,53.415,53.244,53.200001,66800,52.986237
2017-03-16,53.525,53.545,53.485,53.279999,56200,53.065914
2017-03-17,53.515,53.545,53.495,53.299999,52300,53.085838
2017-03-20,53.565,53.605,53.545,53.380001,26100,53.16552
2017-03-21,53.595,53.696,53.595,53.470001,141400,53.255157
2017-03-22,53.766,53.806,53.726,53.529999,100800,53.314911
2017-03-23,53.806,53.836,53.756,53.59,58500,53.374676
2017-03-24,53.756,53.816,53.736,53.560001,70400,53.344795
2017-03-27,53.897,53.937,53.836,53.66,331400,53.444393
2017-03-28,53.897,53.927,53.816,53.599998,94500,53.384632
2017-03-29,53.796,53.866,53.776,53.59,120700,53.374676
2017-03-30,53.866,53.866,53.806,53.599998,104800,53.384632
2017-03-31,53.796,53.887,53.786,53.610001,89700,53.394592
2017-04-03,53.809,54.521,53.739,53.599998,234900,53.461414
2017-04-04,53.909,54.03,53.729,53.700001,59200,53.561161
2017-04-05,53.849,54.09,53.799,53.810001,373400,53.670876
2017-04-06,53.96,53.97,53.849,53.779999,46900,53.640953
2017-04-07,53.97,54.01,53.769,53.639999,70800,53.501312
2017-04-10,53.859,53.879,53.759,53.689999,73400,53.551186
2017-04-11,53.919,54.05,53.919,53.880001,60600,53.740696
2017-04-12,54.02,54.14,54,53.990002,189600,53.850414
2017-04-13,54.17,54.27,54.13,54.060001,53300,53.920231
2017-04-17,54.29,54.29,54.18,54.07,195500,53.930202
2017-04-18,54.34,54.421,54.3,54.27,91100,54.129684
2017-04-19,54.33,54.33,54.26,54.169998,134800,54.029942
2017-04-20,54.25,54.29,54.19,54.099998,62000,53.960125
2017-04-21,54.25,54.34,54.24,54.110001,67100,53.9701
2017-04-24,54.08,54.21,54.08,54.040001,72100,53.90028
2017-04-25,54.06,54.09,53.99,53.849998,83400,53.71077
2017-04-26,54.04,54.1,53.99,53.939999,78000,53.800541
2017-04-27,54.11,54.17,54.07,53.990002,63700,53.850414
2017-04-28,54.07,54.17,54.07,54.02,77000,53.880333
2017-05-01,54.043,54.093,53.923,53.900002,124700,53.827404
2017-05-02,53.923,54.023,53.923,53.939999,83300,53.867348
2017-05-03,54.043,54.043,53.903,53.860001,72300,53.787457
2017-05-04,53.822,53.883,53.792,53.779999,59800,53.707561
2017-05-05,53.822,53.883,53.772,53.77,58400,53.697578
2017-05-08,53.843,53.863,53.742,53.689999,55300,53.617683
2017-05-09,53.722,53.772,53.682,53.66,66600,53.587727
2017-05-10,53.812,53.822,53.702,53.639999,54400,53.567753
2017-05-11,53.662,53.782,53.662,53.68,69100,53.6077
2017-05-12,53.893,53.963,53.893,53.880001,55400,53.80743
2017-05-15,53.993,53.993,53.913,53.880001,145700,53.80743
2017-05-16,53.923,54.023,53.923,53.880001,71600,53.80743
2017-05-17,54.193,54.313,54.133,54.169998,271500,54.097038
2017-05-18,54.233,54.313,54.193,54.130001,84000,54.057095
2017-05-19,54.173,54.203,54.123,54.110001,71600,54.037121
2017-05-22,54.173,54.223,54.153,54.099998,110600,54.02713
2017-05-23,54.193,54.213,54.053,53.990002,134000,53.917282
2017-05-24,54.033,54.183,54.013,54.099998,64300,54.02713
2017-05-25,54.183,54.243,53.963,54.09,447000,54.017147
2017-05-26,54.203,54.243,54.133,54.09,116400,54.017147
2017-05-30,54.253,54.273,54.213,54.189999,84800,54.117012
2017-05-31,54.253,54.303,54.243,54.200001,86200,54.126999
2017-06-01,54.07,54.13,54.06,54.110001,76700,54.110001
2017-06-02,54.24,54.3,54.22,54.290001,249500,54.290001
2017-06-05,54.24,54.25,54.18,54.18,366700,54.18
2017-06-06,54.32,54.34,54.27,54.330002,242900,54.330002
2017-06-07,54.25,54.29,54.2,54.240002,111200,54.240002
2017-06-08,54.21,54.21,54.13,54.189999,67200,54.189999
2017-06-09,54.11,54.18,54.09,54.16,49300,54.16
2017-06-12,54.14,54.27,54.08,54.16,374800,54.16
2017-06-13,54.13,54.17,54.11,54.150002,138400,54.150002
2017-06-14,54.34,54.43,54.26,54.330002,596700,54.330002
2017-06-15,54.25,54.26,54.21,54.23,45600,54.23
2017-06-16,54.23,54.3,54.22,54.25,106000,54.25
2017-06-19,54.19,54.23,54.15,54.16,110000,54.16
2017-06-20,54.15,54.28,54.15,54.23,205700,54.23
2017-06-21,54.17,54.25,54.17,54.220001,63100,54.220001
2017-06-22,54.25,54.32,54.22,54.279999,95100,54.279999
2017-06-23,54.27,54.3,54.24,54.279999,71900,54.279999
2017-06-26,54.27,54.32,54.27,54.310001,159700,54.310001
2017-06-27,54.19,54.19,54.1,54.119999,129700,54.119999
2017-06-28,54.12,54.25,54.08,54.169998,165000,54.169998
2017-06-29,53.94,54.12,53.94,54.060001,84600,54.060001
2017-06-30,NA,NA,NA,NA,NA,NA
2017-07-03,53.85,53.88,53.75,53.799999,596700,53.799999
2017-07-07,53.68,53.73,53.67,53.68,93756,53.68
