"Date","SHYG.Open","SHYG.High","SHYG.Low","SHYG.Close","SHYG.Volume","SHYG.Adjusted"
2013-10-17,59.101,59.196,59.101,49.93,12700,42.114357
2013-10-18,59.338,59.457,59.338,50.119999,178300,42.274609
2013-10-21,59.35,59.409,59.338,50.049999,2100,42.215576
2013-10-22,59.445,59.469,59.445,50.16,22800,42.308353
2013-10-23,59.398,59.469,59.386,50.09,5500,42.249302
2013-10-24,59.433,59.481,59.398,50.099998,5900,42.257744
2013-10-25,59.457,59.481,59.445,50.139999,7300,42.291485
2013-10-28,59.481,59.481,59.445,50.150002,11200,42.299923
2013-10-29,59.469,59.528,59.457,50.200001,9000,42.342091
2013-10-30,59.54,59.54,59.504,50.189999,2700,42.333652
2013-10-31,59.433,59.611,59.433,50.23,216000,42.36739
2013-11-01,59.528,59.575,59.457,50.240002,37600,42.375839
2013-11-04,59.623,59.635,59.516,50.279999,25000,42.409569
2013-11-05,59.599,59.599,59.587,50.259998,10500,42.392696
2013-11-06,59.658,59.67,59.635,50.330002,11800,42.451759
2013-11-07,59.67,59.67,59.623,50.330002,4200,42.451759
2013-11-08,59.564,59.575,59.516,50.240002,3000,42.375839
2013-11-11,59.599,59.611,59.587,50.27,2900,42.401134
2013-11-12,59.54,59.54,59.481,50.189999,6900,42.333652
2013-11-13,59.504,59.504,59.504,50.189999,1000,42.333652
2013-11-14,59.587,59.623,59.564,50.290001,44800,42.418003
2013-11-15,59.587,59.635,59.54,50.299999,9100,42.426426
2013-11-18,59.694,59.694,59.67,50.34,3400,42.460178
2013-11-19,59.658,59.67,59.623,50.290001,4400,42.418003
2013-11-20,59.658,59.682,59.564,50.240002,24300,42.375839
2013-11-21,59.623,59.682,59.611,50.299999,17400,42.426426
2013-11-22,59.647,59.706,59.647,50.360001,300,42.477051
2013-11-25,59.753,59.753,59.718,50.380001,9500,42.493919
2013-11-26,59.789,59.789,59.765,50.41,8200,42.519215
2013-11-27,59.848,59.848,59.813,50.48,3300,42.578259
2013-11-29,59.848,59.848,59.836,50.470001,1200,42.569839
2013-12-02,59.539,59.539,59.539,50.470001,0,42.782597
2013-12-03,59.22,59.267,59.22,50.220001,3900,42.570683
2013-12-04,59.267,59.315,59.232,50.259998,17400,42.604584
2013-12-05,59.338,59.338,59.291,50.259998,2400,42.604584
2013-12-06,59.362,59.539,59.291,50.470001,72000,42.782597
2013-12-09,59.574,59.574,59.456,50.48,1200,42.79108
2013-12-10,59.562,59.621,59.539,50.509998,45100,42.816502
2013-12-11,59.609,59.609,59.586,50.509998,400,42.816502
2013-12-12,59.598,59.598,59.456,50.470001,27700,42.782597
2013-12-13,59.527,59.609,59.503,50.529999,7600,42.833466
2013-12-16,59.645,59.704,59.633,50.59,10700,42.884315
2013-12-17,59.621,59.633,59.515,50.549999,3400,42.850414
2013-12-18,59.692,59.692,59.562,50.529999,9300,42.833466
2013-12-19,59.657,59.657,59.551,50.560001,2400,42.858887
2013-12-20,59.692,59.692,59.645,50.580002,5900,42.875843
2013-12-23,59.68,59.704,59.633,50.599998,2400,42.892792
2013-12-24,59.716,59.727,59.716,50.630001,1400,42.918232
2013-12-26,59.305,59.328,59.305,50.459999,13500,42.925873
2013-12-27,59.246,59.316,59.164,50.450001,23200,42.917374
2013-12-30,59.316,59.316,59.293,50.459999,2000,42.925873
2013-12-31,59.363,59.375,59.328,50.490002,4700,42.951405
2014-01-02,59.363,59.41,59.34,50.540001,42700,42.993946
2014-01-03,59.446,59.469,59.363,50.560001,9000,43.010952
2014-01-06,59.469,59.469,59.422,50.57,8100,43.019455
2014-01-07,59.528,59.528,59.481,50.639999,17000,43.079002
2014-01-08,59.563,59.563,59.505,50.66,31300,43.096031
2014-01-09,59.552,59.575,59.528,50.639999,15600,43.079002
2014-01-10,59.599,59.622,59.575,50.720001,6100,43.147064
2014-01-13,59.634,59.657,59.599,50.709999,3400,43.13855
2014-01-14,59.587,59.646,59.587,50.73,3700,43.155567
2014-01-15,59.681,59.704,59.61,50.779999,5600,43.198101
2014-01-16,59.693,59.716,59.681,50.790001,5400,43.206604
2014-01-17,59.716,59.728,59.669,50.799999,17000,43.215126
2014-01-21,59.751,59.751,59.493,50.759998,47900,43.181095
2014-01-22,59.763,59.763,59.704,50.82,3900,43.232128
2014-01-23,59.751,59.751,59.669,50.799999,1700,43.215126
2014-01-24,59.669,59.669,59.516,50.639999,7500,43.079002
2014-01-27,59.363,59.563,59.305,50.650002,9300,43.087505
2014-01-28,59.552,59.563,59.411,50.619999,1200,43.061996
2014-01-29,59.54,59.54,59.434,50.619999,19700,43.061996
2014-01-30,59.528,59.552,59.422,50.66,2100,43.096031
2014-01-31,59.528,59.552,59.493,50.630001,4300,43.070499
2014-02-03,59.156,59.156,58.886,50.400002,11700,43.016727
2014-02-04,59.039,59.097,58.875,50.43,9100,43.042328
2014-02-05,59.086,59.097,58.945,50.43,8000,43.042328
2014-02-06,59.097,59.156,59.097,50.490002,1500,43.093552
2014-02-07,59.191,59.238,59.133,50.549999,13100,43.144756
2014-02-10,59.226,59.261,59.215,50.57,16400,43.161831
2014-02-11,59.285,59.332,59.261,50.630001,19400,43.213036
2014-02-12,59.226,59.367,59.226,50.650002,25900,43.230103
2014-02-13,59.285,59.437,59.285,50.73,212500,43.298397
2014-02-14,59.414,59.414,59.273,50.709999,5000,43.281311
2014-02-18,59.215,59.461,59.215,50.75,27100,43.315468
2014-02-19,59.32,59.425,59.308,50.619999,7300,43.204498
2014-02-20,59.414,59.496,59.355,50.720001,16500,43.289852
2014-02-21,59.531,59.531,59.496,50.779999,2600,43.341057
2014-02-24,59.554,59.554,59.519,50.799999,13100,43.358139
2014-02-25,59.496,59.578,59.449,50.740002,19400,43.306919
2014-02-26,59.484,59.554,59.484,50.779999,10600,43.341057
2014-02-27,59.507,59.613,59.496,50.799999,9600,43.358139
2014-02-28,59.543,59.613,59.507,50.880001,22400,43.426411
2014-03-03,59.193,59.193,59.111,50.610001,10200,43.331371
2014-03-04,59.146,59.216,59.146,50.68,7900,43.391308
2014-03-05,59.251,59.251,59.193,50.720001,5300,43.42556
2014-03-06,59.216,59.228,59.205,50.689999,5400,43.39986
2014-03-07,59.193,59.193,59.111,50.619999,8300,43.339943
2014-03-10,59.111,59.123,59.041,50.619999,11400,43.339943
2014-03-11,59.123,59.158,59.065,50.639999,10600,43.357063
2014-03-12,59.181,59.181,59.076,50.650002,14000,43.365635
2014-03-13,59.146,59.146,59.088,50.59,4900,43.314255
2014-03-14,59.065,59.065,58.994,50.52,10000,43.254322
2014-03-17,59.158,59.17,59.088,50.66,9500,43.374191
2014-03-18,59.228,59.228,59.158,50.700001,1500,43.408428
2014-03-19,59.24,59.251,59.135,50.630001,3600,43.348499
2014-03-20,59.181,59.216,59.181,50.689999,4500,43.39986
2014-03-21,59.251,59.251,59.158,50.700001,7100,43.408428
2014-03-24,59.286,59.286,59.193,50.720001,7900,43.42556
2014-03-25,59.251,59.286,59.193,50.740002,14700,43.442707
2014-03-26,59.31,59.31,59.263,50.740002,11700,43.442707
2014-03-27,59.286,59.321,59.251,50.77,6800,43.468365
2014-03-28,59.357,59.357,59.251,50.77,8100,43.468365
2014-03-31,59.345,59.403,59.321,50.849998,33600,43.536865
2014-04-01,59.068,59.08,58.987,50.66,15500,43.499943
2014-04-02,59.022,59.022,58.975,50.66,42400,43.499943
2014-04-03,58.999,58.999,58.987,50.66,31800,43.499943
2014-04-04,59.115,59.115,58.987,50.66,15800,43.499943
2014-04-07,59.138,59.138,58.975,50.639999,2500,43.482769
2014-04-08,59.127,59.127,58.952,50.619999,1300,43.465599
2014-04-09,59.15,59.15,59.057,50.75,3200,43.577213
2014-04-10,59.22,59.22,59.022,50.720001,14200,43.551464
2014-04-11,59.15,59.15,58.929,50.740002,11000,43.56863
2014-04-14,59.08,59.08,59.022,50.700001,2600,43.534279
2014-04-15,59.22,59.22,58.999,50.720001,8900,43.551464
2014-04-16,59.22,59.22,59.115,50.759998,2400,43.5858
2014-04-17,59.103,59.115,58.975,50.740002,14300,43.56863
2014-04-21,59.034,59.103,59.022,50.73,1900,43.560047
2014-04-22,59.068,59.08,59.068,50.73,11900,43.560047
2014-04-23,59.243,59.243,59.092,50.77,6500,43.594391
2014-04-24,59.301,59.301,59.15,50.810001,5900,43.628746
2014-04-25,59.22,59.22,59.103,50.799999,9400,43.620152
2014-04-28,59.127,59.243,59.127,50.869999,4800,43.68026
2014-04-29,59.266,59.278,59.197,50.889999,5500,43.697426
2014-04-30,59.313,59.313,59.115,50.84,3200,43.654495
2014-05-01,58.823,58.928,58.707,50.759998,8300,43.724277
2014-05-02,59.102,59.102,58.835,50.689999,18900,43.663967
2014-05-05,58.963,58.963,58.742,50.669998,11700,43.646763
2014-05-06,58.847,58.858,58.754,50.700001,4800,43.672596
2014-05-07,58.963,58.963,58.847,50.740002,12200,43.707035
2014-05-08,58.881,58.881,58.847,50.700001,11300,43.672596
2014-05-09,58.835,58.858,58.754,50.68,23600,43.655357
2014-05-12,58.974,58.974,58.812,50.700001,4300,43.672596
2014-05-13,58.87,58.939,58.765,50.700001,36600,43.672596
2014-05-14,58.858,58.858,58.823,50.700001,21400,43.672596
2014-05-15,59.032,59.032,58.789,50.700001,11100,43.672596
2014-05-16,58.916,58.916,58.8,50.73,5800,43.698429
2014-05-19,58.939,58.939,58.8,50.73,13000,43.698429
2014-05-20,58.893,58.893,58.789,50.68,1900,43.655357
2014-05-21,58.823,58.893,58.823,50.720001,4400,43.689816
2014-05-22,58.8,58.916,58.8,50.650002,2600,43.629524
2014-05-23,58.812,58.986,58.812,50.799999,5200,43.75872
2014-05-27,59.056,59.056,58.881,50.799999,28900,43.75872
2014-05-28,58.951,59.032,58.87,50.810001,6300,43.767353
2014-05-29,59.079,59.079,58.905,50.799999,4500,43.75872
2014-05-30,59.079,59.079,58.87,50.709999,19800,43.681213
2014-06-02,58.419,58.523,58.419,50.540001,5400,43.680344
2014-06-03,58.535,58.535,58.523,50.59,5500,43.723549
2014-06-04,58.546,58.546,58.535,50.599998,700,43.732197
2014-06-05,58.569,58.604,58.512,50.650002,6100,43.775414
2014-06-06,58.512,58.662,58.512,50.700001,13300,43.818626
2014-06-09,58.581,58.685,58.569,50.709999,2700,43.827259
2014-06-10,58.674,58.778,58.604,50.799999,28500,43.905041
2014-06-11,58.755,58.824,58.755,50.82,2700,43.922337
2014-06-12,58.812,58.812,58.778,50.810001,11200,43.913685
2014-06-13,58.836,58.836,58.731,50.82,4500,43.922337
2014-06-16,58.778,58.836,58.731,50.82,5300,43.922337
2014-06-17,58.847,58.847,58.836,50.849998,1400,43.948261
2014-06-18,58.882,58.882,58.847,50.889999,10500,43.982822
2014-06-19,58.882,58.893,58.801,50.84,9500,43.939617
2014-06-20,58.812,58.928,58.812,50.860001,4500,43.956905
2014-06-23,58.928,58.94,58.836,50.93,13900,44.017406
2014-06-24,58.905,58.963,58.824,50.84,14000,43.939617
2014-06-25,58.836,58.951,58.836,50.849998,6100,43.948261
2014-06-26,58.824,58.836,58.789,50.84,45400,43.939617
2014-06-27,58.882,58.917,58.87,50.919998,16000,44.008762
2014-06-30,58.87,58.905,58.836,50.860001,68300,43.956905
2014-07-01,58.426,58.483,58.426,50.720001,6100,43.995937
2014-07-02,58.495,58.495,58.437,50.720001,5600,43.995937
2014-07-03,58.414,58.483,58.414,50.73,1800,44.004612
2014-07-07,58.518,58.518,58.472,50.73,24600,44.004612
2014-07-08,58.495,58.506,58.391,50.709999,2500,43.98727
2014-07-09,58.483,58.495,58.46,50.740002,7600,44.013283
2014-07-10,58.356,58.414,58.356,50.66,5400,43.943901
2014-07-11,58.437,58.437,58.368,50.66,9700,43.943901
2014-07-14,58.391,58.403,58.333,50.650002,12000,43.935219
2014-07-15,58.333,58.426,58.276,50.549999,8300,43.848476
2014-07-16,58.287,58.379,58.287,50.630001,15100,43.917877
2014-07-17,58.31,58.31,58.137,50.450001,9800,43.761719
2014-07-18,58.184,58.218,58.137,50.470001,24800,43.779079
2014-07-21,58.16,58.172,58.114,50.41,27400,43.727032
2014-07-22,58.126,58.218,58.068,50.439999,68100,43.753052
2014-07-23,58.241,58.264,58.091,50.450001,67300,43.761719
2014-07-24,58.091,58.16,58.091,50.41,9400,43.727032
2014-07-25,58.137,58.241,58.103,50.509998,68800,43.813774
2014-07-28,58.253,58.253,58.149,50.439999,41200,43.753052
2014-07-29,58.137,58.184,58.103,50.439999,12000,43.753052
2014-07-30,58.172,58.172,58.045,50.41,5600,43.727032
2014-07-31,57.988,57.999,57.757,50.119999,32500,43.475491
2014-08-01,57.291,57.337,57.096,49.700001,24400,43.262222
2014-08-04,56.992,57.119,56.935,49.720001,16800,43.279621
2014-08-05,57.176,57.222,57.176,49.790001,16200,43.340576
2014-08-06,57.038,57.188,57.038,49.779999,4400,43.33186
2014-08-07,57.05,57.222,57.05,49.799999,1600,43.349266
2014-08-08,57.153,57.337,57.142,49.91,15100,43.445015
2014-08-11,57.417,57.417,57.222,49.939999,8300,43.471134
2014-08-12,57.463,57.544,57.383,50.060001,17200,43.575588
2014-08-13,57.475,57.624,57.463,50.16,16500,43.662643
2014-08-14,57.751,57.751,57.567,50.209999,22700,43.70615
2014-08-15,57.705,57.728,57.682,50.209999,1800,43.70615
2014-08-18,57.785,57.831,57.774,50.34,3200,43.819317
2014-08-19,57.888,57.888,57.739,50.380001,2200,43.854141
2014-08-20,57.934,57.934,57.739,50.419998,15100,43.88895
2014-08-21,57.923,57.969,57.751,50.419998,13000,43.88895
2014-08-22,57.969,57.969,57.785,50.389999,16600,43.862835
2014-08-25,57.797,58.038,57.797,50.5,31500,43.958603
2014-08-26,58.038,58.038,58.026,50.52,4000,43.976006
2014-08-27,57.9,58.038,57.9,50.509998,5100,43.967308
2014-08-28,57.865,58.038,57.865,50.509998,8500,43.967308
2014-08-29,58.038,58.038,57.785,50.509998,22800,43.967308
2014-09-02,57.488,57.556,57.488,50.23,2200,43.88866
2014-09-03,57.545,57.579,57.51,50.259998,5800,43.914875
2014-09-04,57.579,57.602,57.453,50.209999,3800,43.871181
2014-09-05,57.545,57.545,57.453,50.240002,4600,43.8974
2014-09-08,57.51,57.533,57.453,50.240002,6400,43.8974
2014-09-09,57.499,57.499,57.293,50.099998,10000,43.775074
2014-09-10,57.362,57.362,57.247,50.110001,2800,43.783821
2014-09-11,57.236,57.236,57.144,49.93,2100,43.626534
2014-09-12,57.236,57.259,57.179,49.959999,3500,43.652756
2014-09-15,57.121,57.144,57.076,49.91,6000,43.609062
2014-09-16,57.133,57.144,57.098,49.91,13000,43.609062
2014-09-17,57.224,57.224,57.076,49.950001,111400,43.644016
2014-09-18,57.27,57.27,57.041,49.849998,209300,43.556633
2014-09-19,57.133,57.201,57.064,49.950001,124100,43.644016
2014-09-22,57.167,57.167,57.053,49.860001,36100,43.565372
2014-09-23,57.098,57.098,56.961,49.82,11800,43.530418
2014-09-24,57.03,57.03,56.938,49.75,13700,43.469257
2014-09-25,56.927,56.927,56.732,49.57,21300,43.311974
2014-09-26,56.664,56.675,56.572,49.450001,25900,43.20713
2014-09-29,56.446,56.503,56.446,49.32,19800,43.093552
2014-09-30,56.561,56.652,56.515,49.490002,3300,43.242092
2014-10-01,56.264,56.264,56.195,49.330002,4200,43.268398
2014-10-02,56.241,56.275,56.207,49.349998,8600,43.285938
2014-10-03,56.309,56.412,56.309,49.439999,164500,43.364883
2014-10-06,56.48,56.503,56.423,49.549999,2600,43.461361
2014-10-07,56.309,56.457,56.241,49.5,4400,43.417507
2014-10-08,56.435,56.435,56.286,49.439999,28600,43.364883
2014-10-09,56.503,56.503,56.309,49.419998,14500,43.34734
2014-10-10,56.218,56.229,56.036,49.310001,5300,43.250858
2014-10-13,56.184,56.184,55.967,49.23,12500,43.180683
2014-10-14,56.241,56.241,55.91,49.049999,306100,43.022804
2014-10-15,55.91,56.047,55.409,48.630001,102600,42.654408
2014-10-16,55.614,55.614,55.431,48.759998,5400,42.768436
2014-10-17,55.933,56.184,55.899,49.23,6500,43.180683
2014-10-20,56.298,56.366,56.229,49.439999,12900,43.364883
2014-10-21,56.514,56.526,55.944,49.310001,55000,43.250858
2014-10-22,56.275,56.469,56.275,49.459999,35200,43.38242
2014-10-23,56.435,56.64,56.366,49.68,13800,43.575382
2014-10-24,56.64,56.64,56.526,49.599998,11600,43.505219
2014-10-27,56.606,56.64,56.571,49.630001,9100,43.531544
2014-10-28,56.617,56.697,56.583,49.720001,23400,43.610477
2014-10-29,56.674,56.72,56.571,49.619999,8200,43.522755
2014-10-30,56.64,56.663,56.583,49.630001,4400,43.531544
2014-10-31,56.697,56.731,56.651,49.740002,11200,43.628021
2014-11-03,56.31,56.31,55.833,49.48,16000,43.566376
2014-11-04,56.253,56.253,56.162,49.490002,25100,43.575184
2014-11-05,56.242,56.276,56.23,49.540001,7200,43.619225
2014-11-06,56.276,56.287,56.23,49.560001,257600,43.636818
2014-11-07,56.276,56.401,56.23,49.630001,28800,43.69846
2014-11-10,56.503,56.503,56.276,49.66,16000,43.724876
2014-11-11,56.389,56.401,56.321,49.650002,11800,43.716057
2014-11-12,56.412,56.446,56.264,49.650002,10600,43.716057
2014-11-13,56.401,56.412,56.242,49.599998,58500,43.672031
2014-11-14,56.333,56.333,56.14,49.549999,5700,43.628021
2014-11-17,56.185,56.378,56.015,49.5,65100,43.583996
2014-11-18,56.162,56.219,56.105,49.41,16100,43.504745
2014-11-19,56.128,56.128,55.935,49.310001,28700,43.416698
2014-11-20,55.981,56.105,55.912,49.330002,20600,43.434311
2014-11-21,56.049,56.14,56.037,49.43,27300,43.522366
2014-11-24,56.071,56.14,56.026,49.41,16900,43.504745
2014-11-25,56.105,56.185,56.026,49.459999,24000,43.548767
2014-11-26,56.151,56.276,56.151,49.48,40700,43.566376
2014-11-28,56.083,56.094,55.981,49.299999,27200,43.40789
2014-12-01,55.555,55.838,55.476,49.209999,129900,43.491856
2014-12-02,55.612,55.646,55.397,49.150002,58900,43.438839
2014-12-03,55.533,55.533,55.363,48.939999,38400,43.253227
2014-12-04,55.476,55.476,55.284,48.869999,114000,43.19136
2014-12-05,55.295,55.465,55.137,48.799999,11100,43.12949
2014-12-08,55.148,55.148,54.435,48.599998,29300,42.952728
2014-12-09,55.08,55.273,54.865,48.599998,69700,42.952728
2014-12-10,54.797,55.114,54.311,48.049999,29300,42.466644
2014-12-11,54.571,54.571,54.198,47.93,49200,42.360592
2014-12-12,54.288,54.288,53.474,47.419998,97000,41.909843
2014-12-15,53.79,53.79,53.508,47.369999,27100,41.865662
2014-12-16,53.27,53.949,53.225,47.240002,85700,41.750759
2014-12-17,53.722,54.141,53.553,47.84,8400,42.281044
2014-12-18,54.424,54.628,54.345,48.169998,44800,42.572708
2014-12-19,54.843,54.933,54.65,48.529999,31300,42.890865
2014-12-22,54.911,54.933,54.729,48.549999,28300,42.90855
2014-12-23,54.944,55.092,54.944,48.68,148600,43.023441
2014-12-24,54.7,54.7,54.609,48.52,8700,43.047398
2014-12-26,54.722,54.767,54.655,48.509998,29400,43.038521
2014-12-29,54.677,54.801,54.677,48.560001,25400,43.082867
2014-12-30,54.745,54.801,54.666,48.610001,13000,43.127243
2014-12-31,54.779,54.779,54.666,48.57,36700,43.091755
2015-01-02,54.801,54.801,54.373,48.240002,35400,42.798977
2015-01-05,54.418,54.531,54.159,48.080002,5200,42.657024
2015-01-06,54.114,54.305,54.023,48.07,83500,42.648148
2015-01-07,54.361,54.632,54.328,48.389999,103200,42.93206
2015-01-08,54.666,54.722,54.519,48.389999,19400,42.93206
2015-01-09,54.621,54.711,54.553,48.540001,50100,43.065128
2015-01-12,54.666,54.733,54.542,48.540001,3800,43.065128
2015-01-13,54.756,54.756,54.553,48.549999,42700,43.074017
2015-01-14,54.677,54.677,54.564,48.48,37700,43.011902
2015-01-15,54.767,54.936,54.553,48.400002,17700,42.940926
2015-01-16,54.677,54.677,54.452,48.490002,29200,43.020779
2015-01-20,54.463,54.824,54.463,48.43,15400,42.967537
2015-01-21,54.553,54.711,54.553,48.540001,23300,43.065128
2015-01-22,54.587,54.801,54.564,48.619999,5700,43.136101
2015-01-23,54.79,54.812,54.564,48.599998,12100,43.118366
2015-01-26,54.733,54.936,54.7,48.740002,179300,43.242584
2015-01-27,54.576,54.869,54.576,48.66,142800,43.171604
2015-01-28,54.925,54.981,54.812,48.669998,418900,43.180473
2015-01-29,54.936,54.993,54.857,48.790001,28700,43.286945
2015-01-30,54.914,54.948,54.824,48.68,80700,43.189346
2015-02-02,54.525,54.593,54.447,48.619999,26800,43.300674
2015-02-03,54.582,54.683,54.514,48.650002,35700,43.327396
2015-02-04,54.626,54.66,54.548,48.580002,38800,43.265049
2015-02-05,54.649,54.817,54.649,48.740002,51300,43.407551
2015-02-06,54.862,54.918,54.795,48.799999,65500,43.460983
2015-02-09,54.851,54.874,54.772,48.810001,29700,43.469879
2015-02-10,54.885,54.941,54.806,48.860001,34500,43.514408
2015-02-11,54.952,54.952,54.851,48.849998,18100,43.505516
2015-02-12,54.952,55.019,54.918,48.959999,26300,43.603466
2015-02-13,54.997,55.064,54.986,49,23500,43.639095
2015-02-17,55.064,55.109,54.975,49.07,12700,43.701435
2015-02-18,55.087,55.188,55.008,49.139999,31500,43.763786
2015-02-19,55.143,55.177,55.087,49.07,53600,43.701435
2015-02-20,55.109,55.255,55.098,49.200001,828900,43.817219
2015-02-23,55.255,55.255,55.154,49.189999,20300,43.808308
2015-02-24,55.278,55.278,55.177,49.18,21000,43.799408
2015-02-25,55.356,55.368,55.278,49.259998,45500,43.870655
2015-02-26,55.446,55.457,55.379,49.360001,25100,43.959713
2015-02-27,55.412,55.48,55.368,49.400002,18600,43.995338
2015-03-02,55.121,55.121,55.009,49.25,22400,44.013206
2015-03-03,55.11,55.11,54.931,49.119999,30500,43.897034
2015-03-04,55.02,55.02,54.875,49.16,14500,43.932781
2015-03-05,55.043,55.043,54.931,49.169998,17400,43.941715
2015-03-06,54.931,54.987,54.685,48.880001,34500,43.682545
2015-03-09,54.897,54.908,54.662,49.040001,60300,43.825535
2015-03-10,54.629,54.785,54.55,48.779999,60300,43.593189
2015-03-11,54.797,54.808,54.64,48.959999,60300,43.754044
2015-03-12,54.774,54.841,54.64,48.900002,88200,43.700417
2015-03-13,54.718,54.741,54.461,48.880001,75600,43.682545
2015-03-16,54.707,54.729,54.472,48.869999,92300,43.673599
2015-03-17,54.506,54.584,54.394,48.689999,106700,43.512749
2015-03-18,54.562,55.792,54.438,48.849998,90800,43.655746
2015-03-19,54.763,54.763,54.506,48.82,103900,43.628929
2015-03-20,54.752,54.808,54.562,48.970001,129000,43.762989
2015-03-23,54.651,54.808,54.629,48.970001,93000,43.762989
2015-03-24,54.797,54.841,54.673,49,101800,43.789791
2015-03-25,54.875,54.875,54.64,49,87700,43.789791
2015-03-26,54.808,54.853,54.729,48.919998,283400,43.718296
2015-03-27,54.853,54.853,54.673,48.990002,118600,43.780861
2015-03-30,54.819,54.875,54.685,49.029999,70500,43.816597
2015-03-31,54.718,54.897,54.718,49.049999,101000,43.834473
2015-04-01,54.332,54.633,54.332,48.889999,129100,43.848827
2015-04-02,54.555,54.589,54.466,48.889999,110400,43.848827
2015-04-06,54.566,54.656,54.511,48.950001,82000,43.902634
2015-04-07,54.589,54.711,54.578,48.98,201800,43.929539
2015-04-08,54.656,54.789,54.633,49.060001,72500,44.001301
2015-04-09,54.689,54.856,54.667,49.139999,78200,44.073044
2015-04-10,54.845,54.868,54.723,49.200001,96400,44.126858
2015-04-13,54.845,54.879,54.667,49.09,68100,44.028206
2015-04-14,54.745,54.979,54.667,49.150002,102800,44.08202
2015-04-15,54.923,54.979,54.856,49.259998,125500,44.180672
2015-04-16,54.923,54.957,54.834,49.18,75400,44.108936
2015-04-17,54.856,54.856,54.801,49.169998,68800,44.099953
2015-04-20,54.934,54.968,54.834,49.279999,220200,44.19862
2015-04-21,55.001,55.001,54.879,49.27,80700,44.18964
2015-04-22,54.957,55.046,54.923,49.32,75000,44.234482
2015-04-23,55.024,55.046,54.912,49.34,57300,44.25243
2015-04-24,55.024,55.046,54.946,49.360001,63500,44.270363
2015-04-27,55.113,55.113,54.99,49.380001,369700,44.288307
2015-04-28,55.157,55.157,54.968,49.380001,86800,44.288307
2015-04-29,55.024,55.046,54.879,49.349998,131300,44.261391
2015-04-30,55.012,55.012,54.856,49.220001,71200,44.144798
2015-05-01,54.656,54.656,54.389,49.130001,112700,44.225819
2015-05-04,54.645,54.645,54.5,49.07,126400,44.17181
2015-05-05,54.622,54.622,54.378,49.060001,113100,44.162804
2015-05-06,54.456,54.534,54.367,48.939999,102900,44.05479
2015-05-07,54.378,54.478,54.356,48.950001,142800,44.063786
2015-05-08,54.589,54.689,54.478,49.060001,51600,44.162804
2015-05-11,54.656,54.678,54.489,49.049999,117000,44.153797
2015-05-12,54.345,54.545,54.345,49.009998,101700,44.117802
2015-05-13,54.611,54.611,54.311,49.029999,106700,44.135803
2015-05-14,54.456,54.667,54.456,49.200001,105500,44.288826
2015-05-15,54.667,54.711,54.6,49.25,91100,44.333836
2015-05-18,54.656,54.678,54.534,49.18,78300,44.270821
2015-05-19,54.622,54.656,54.534,49.130001,74400,44.225819
2015-05-20,54.578,54.622,54.522,49.130001,74300,44.225819
2015-05-21,54.611,54.7,54.511,49.220001,89900,44.306828
2015-05-22,54.667,54.756,54.556,49.18,880400,44.270821
2015-05-26,54.745,54.745,54.611,49.169998,113600,44.261818
2015-05-27,54.756,54.767,54.622,49.220001,197600,44.306828
2015-05-28,54.711,54.767,54.667,49.27,1234100,44.351837
2015-05-29,54.789,54.8,54.667,49.290001,487400,44.369843
2015-06-01,54.156,54.433,54.145,49.02,123800,44.280415
2015-06-02,54.4,54.4,54.267,49.099998,152000,44.35268
2015-06-03,54.311,54.411,54.245,49.049999,81300,44.30751
2015-06-04,54.3,54.322,54.057,48.869999,63800,44.144924
2015-06-05,53.946,54.223,53.946,48.810001,89600,44.090725
2015-06-08,53.968,54.145,53.968,48.799999,71700,44.081688
2015-06-09,54.079,54.079,53.824,48.77,71100,44.054585
2015-06-10,53.902,54.079,53.902,48.77,478000,44.054585
2015-06-11,54.057,54.2,53.924,48.830002,98200,44.108795
2015-06-12,53.924,54.09,53.846,48.73,74700,44.018452
2015-06-15,53.935,53.946,53.769,48.580002,106700,43.882957
2015-06-16,53.935,53.968,53.824,48.650002,87700,43.946198
2015-06-17,53.879,53.979,53.824,48.630001,94300,43.92812
2015-06-18,54.012,54.123,53.957,48.790001,88000,44.072655
2015-06-19,54.034,54.045,53.879,48.779999,161100,44.063629
2015-06-22,54.156,54.178,54.023,48.919998,127000,44.190086
2015-06-23,54.2,54.223,54.012,48.900002,182200,44.172028
2015-06-24,54.189,54.223,54.045,48.91,164900,44.181049
2015-06-25,54.178,54.178,54.045,48.849998,91000,44.126846
2015-06-26,54.123,54.123,53.968,48.810001,83600,44.090725
2015-06-29,53.868,53.935,53.724,48.529999,172700,43.837791
2015-06-30,53.968,53.979,53.769,48.630001,141700,43.92812
2015-07-01,53.523,53.634,53.468,48.509998,4291100,43.984333
2015-07-02,53.678,53.678,53.523,48.639999,159700,44.102207
2015-07-06,53.545,53.59,53.38,48.439999,113900,43.920868
2015-07-07,53.479,53.479,53.336,48.48,140900,43.957138
2015-07-08,53.402,53.402,53.17,48.25,263500,43.748592
2015-07-09,53.435,53.435,53.248,48.330002,146600,43.821133
2015-07-10,53.501,53.523,53.347,48.459999,102500,43.938999
2015-07-13,53.49,53.501,53.402,48.509998,76400,43.984333
2015-07-14,53.468,53.512,53.38,48.5,184400,43.975273
2015-07-15,53.479,53.49,53.369,48.459999,121900,43.938999
2015-07-16,53.545,53.556,53.446,48.540001,147700,44.011551
2015-07-17,53.457,53.534,53.336,48.360001,136500,43.848331
2015-07-20,53.413,53.413,53.193,48.310001,275600,43.802998
2015-07-21,53.259,53.281,53.115,48.209999,191800,43.712326
2015-07-22,53.082,53.159,52.95,48.049999,152600,43.567253
2015-07-23,53.005,53.027,52.895,47.98,122900,43.503788
2015-07-24,52.972,53.016,52.674,47.77,223100,43.313374
2015-07-27,52.641,52.784,52.586,47.759998,176200,43.30431
2015-07-28,52.729,52.818,52.663,47.869999,165900,43.404041
2015-07-29,52.751,52.961,52.74,47.950001,187700,43.476582
2015-07-30,52.906,53.027,52.884,48.02,95000,43.540058
2015-07-31,53.038,53.038,52.895,47.970001,113100,43.494717
2015-08-03,52.509,52.509,52.301,47.700001,149000,43.430984
2015-08-04,52.455,52.564,52.323,47.799999,954400,43.522034
2015-08-05,52.411,52.564,52.389,47.810001,167900,43.531136
2015-08-06,52.476,52.476,52.191,47.59,257800,43.33083
2015-08-07,52.18,52.18,52.015,47.419998,120300,43.176041
2015-08-10,52.158,52.213,52.015,47.43,231700,43.185143
2015-08-11,52.125,52.125,51.872,47.389999,158400,43.14872
2015-08-12,51.905,51.938,51.697,47.25,92200,43.021259
2015-08-13,51.861,51.949,51.576,47.23,107900,43.00304
2015-08-14,51.982,51.993,51.719,47.27,111300,43.039463
2015-08-17,51.839,51.949,51.785,47.259998,93500,43.030361
2015-08-18,51.949,51.96,51.719,47.240002,138000,43.01215
2015-08-19,51.905,51.905,51.708,47.119999,98100,42.902893
2015-08-20,51.763,51.763,51.543,46.93,94400,42.729893
2015-08-21,51.51,51.719,51.4,46.810001,163600,42.62064
2015-08-24,51.159,51.312,50.642,46.25,156000,42.11076
2015-08-25,51.213,51.488,50.961,46.400002,336700,42.247334
2015-08-26,51.082,51.554,51.071,46.810001,166600,42.62064
2015-08-27,51.477,51.719,51.411,46.959999,101700,42.75721
2015-08-28,51.543,51.708,51.543,47.02,144100,42.811832
2015-08-31,51.708,51.719,51.499,47.080002,192900,42.86647
2015-09-01,51.157,51.594,51.015,46.77,136000,42.77774
2015-09-02,51.266,51.332,51.091,46.91,177400,42.905807
2015-09-03,51.364,51.364,51.113,46.900002,240900,42.896656
2015-09-04,51.31,51.386,51.211,46.950001,83000,42.942383
2015-09-08,51.321,51.463,51.244,46.939999,699600,42.933239
2015-09-09,51.485,51.485,51.332,47.040001,96700,43.024708
2015-09-10,51.419,51.55,51.353,47,215600,42.988125
2015-09-11,51.343,51.528,51.321,46.98,63600,42.969818
2015-09-14,51.474,51.474,51.288,47.029999,89900,43.01556
2015-09-15,51.441,51.485,51.266,47.09,113600,43.070435
2015-09-16,51.288,51.408,51.2,46.990002,79600,42.978973
2015-09-17,51.321,51.485,51.2,47.029999,108600,43.01556
2015-09-18,51.266,51.375,51.135,46.880001,102100,42.878365
2015-09-21,51.277,51.299,51.157,46.799999,88100,42.805187
2015-09-22,51.015,51.091,50.96,46.619999,153100,42.64056
2015-09-23,50.927,51.069,50.894,46.599998,101700,42.622265
2015-09-24,50.862,50.927,50.73,46.419998,141800,42.457619
2015-09-25,50.796,50.971,50.676,46.52,121400,42.549088
2015-09-28,50.577,50.61,50.151,45.98,634500,42.055183
2015-09-29,50.162,50.238,50.052,45.82,467000,41.90884
2015-09-30,50.216,50.348,49.714,45.779999,233000,41.87225
2015-10-01,49.555,49.762,49.501,45.610001,345100,41.914524
2015-10-02,49.446,49.566,49.359,45.459999,294600,41.776672
2015-10-05,49.675,49.827,49.544,45.709999,221200,42.006424
2015-10-06,49.838,49.99,49.784,45.889999,264300,42.171848
2015-10-07,50.208,50.491,50.11,46.330002,363000,42.576195
2015-10-08,50.447,50.48,50.252,46.330002,144700,42.576195
2015-10-09,50.632,50.654,50.426,46.490002,120100,42.72324
2015-10-12,50.622,50.687,50.415,46.5,174500,42.732418
2015-10-13,50.404,50.567,50.404,46.349998,135800,42.594574
2015-10-14,50.404,50.524,50.349,46.32,179200,42.566998
2015-10-15,50.328,50.491,50.197,46.279999,180700,42.530243
2015-10-16,50.491,50.622,50.404,46.360001,203100,42.603771
2015-10-19,50.545,50.687,50.447,46.580002,189500,42.805935
2015-10-20,50.6,50.741,50.48,46.41,68000,42.649712
2015-10-21,50.807,50.872,50.643,46.669998,540000,42.888645
2015-10-22,50.807,50.861,50.6,46.68,88400,42.897835
2015-10-23,50.85,50.981,50.73,46.790001,215600,42.99892
2015-10-26,50.883,50.883,50.73,46.740002,100100,42.952976
2015-10-27,50.752,50.817,50.6,46.66,155500,42.879459
2015-10-28,50.719,50.894,50.611,46.759998,100400,42.971348
2015-10-29,50.85,50.97,50.709,46.66,158400,42.879459
2015-10-30,50.709,50.872,50.676,46.66,101000,42.879459
2015-11-02,50.342,50.439,50.309,46.529999,174600,42.951458
2015-11-03,50.483,50.58,50.331,46.619999,2187200,43.034542
2015-11-04,50.504,50.515,50.363,46.59,140800,43.006847
2015-11-05,50.45,50.493,50.353,46.529999,129800,42.951458
2015-11-06,50.255,50.255,49.963,46.34,111800,42.776058
2015-11-09,50.244,50.244,49.941,46.23,209300,42.674538
2015-11-10,50.049,50.049,49.8,46.099998,259500,42.554527
2015-11-11,49.995,49.995,49.843,46.099998,98600,42.554527
2015-11-12,49.865,49.919,49.713,45.93,211800,42.397606
2015-11-13,49.724,49.811,49.638,45.860001,434800,42.332993
2015-11-16,49.746,49.8,49.573,45.889999,240600,42.36068
2015-11-17,49.8,49.919,49.692,45.889999,261000,42.36068
2015-11-18,49.833,49.854,49.638,46.009998,218500,42.471443
2015-11-19,49.778,49.789,49.486,45.68,234100,42.166828
2015-11-20,49.562,49.659,49.432,45.669998,210900,42.157597
2015-11-23,49.464,49.508,49.41,45.610001,284400,42.102211
2015-11-24,49.453,49.486,49.323,45.610001,346100,42.102211
2015-11-25,49.508,49.508,49.302,45.650002,170100,42.13913
2015-11-27,49.594,49.594,49.15,45.709999,203300,42.194523
2015-11-30,49.54,49.583,49.399,45.610001,186100,42.102211
2015-12-01,49.234,49.31,49.04,45.599998,255700,42.280231
2015-12-02,49.159,49.234,49.094,45.529999,248100,42.215328
2015-12-03,49.191,49.245,48.932,45.43,715100,42.122612
2015-12-04,48.997,49.137,48.932,45.48,253400,42.168972
2015-12-07,49.019,49.051,48.878,45.360001,363400,42.057705
2015-12-08,48.684,48.803,48.49,45.029999,328600,41.751732
2015-12-09,48.576,48.76,48.274,45,314100,41.723923
2015-12-10,48.576,48.641,48.404,44.880001,205900,41.612656
2015-12-11,48.35,48.361,47.509,44.310001,347500,41.084152
2015-12-14,47.455,47.66,47.239,44.049999,1252100,40.843075
2015-12-15,47.724,47.94,47.606,44.299999,453500,41.074879
2015-12-16,48.005,48.145,47.811,44.57,500400,41.325226
2015-12-17,48.156,48.156,47.735,44.34,194100,41.111965
2015-12-18,47.681,47.854,47.671,44.23,212500,41.009972
2015-12-21,47.671,47.811,47.401,44.040001,659200,40.833805
2015-12-22,47.692,47.972,47.563,44.450001,621600,41.213959
2015-12-23,47.994,48.242,47.919,44.580002,447200,41.334496
2015-12-24,47.641,47.867,47.641,44.490002,118400,41.435074
2015-12-28,47.598,47.652,47.48,44.27,863900,41.230186
2015-12-29,47.62,47.813,47.62,44.459999,201800,41.407131
2015-12-30,47.706,47.899,47.674,44.57,192700,41.50959
2015-12-31,47.738,47.92,47.738,44.529999,149600,41.472324
2016-01-04,47.674,47.674,47.48,44.369999,343000,41.323318
2016-01-05,47.555,47.738,47.545,44.389999,278100,41.341942
2016-01-06,47.641,47.727,47.512,44.389999,192100,41.341942
2016-01-07,47.362,47.512,47.362,44.240002,119100,41.202244
2016-01-08,47.555,47.598,47.362,44.18,153300,41.146362
2016-01-11,47.491,47.588,47.319,44.150002,391500,41.118427
2016-01-12,47.47,47.588,47.276,44.240002,214300,41.202244
2016-01-13,47.437,47.48,47.126,43.959999,433000,40.941467
2016-01-14,47.158,47.287,46.922,44.040001,563100,41.01598
2016-01-15,46.6,46.986,46.492,43.720001,301800,40.717945
2016-01-19,46.857,47.115,46.611,43.560001,601400,40.568932
2016-01-20,46.364,46.664,46.031,43.16,521000,40.196392
2016-01-21,46.342,46.782,46.235,43.349998,203800,40.373352
2016-01-22,46.696,47.201,46.696,43.959999,234100,40.941467
2016-01-25,46.911,46.986,46.686,43.48,315000,40.494431
2016-01-26,46.857,47.137,46.793,43.759998,196900,40.755203
2016-01-27,46.965,47.201,46.879,43.68,242400,40.680698
2016-01-28,47.083,47.19,47.019,43.91,178000,40.894905
2016-01-29,47.255,47.341,47.19,44.040001,206600,41.01598
2016-02-01,46.699,46.742,46.56,43.66,235600,40.855961
2016-02-02,46.539,46.624,46.336,43.470001,1377800,40.678158
2016-02-03,46.486,46.624,46.304,43.529999,174400,40.734314
2016-02-04,46.475,46.635,46.368,43.52,163800,40.724953
2016-02-05,46.603,46.603,46.261,43.360001,341800,40.57523
2016-02-08,46.208,46.208,45.855,43.049999,175500,40.28513
2016-02-09,45.705,46.005,45.663,42.919998,254600,40.163479
2016-02-10,45.844,45.973,45.684,42.759998,305700,40.013756
2016-02-11,45.524,45.566,45.214,42.52,645800,39.789177
2016-02-12,45.492,45.983,45.428,42.959999,659500,40.200912
2016-02-16,45.812,46.09,45.47,42.970001,309700,40.21027
2016-02-17,46.015,46.368,46.015,43.380001,342800,40.593941
2016-02-18,46.176,46.486,46.176,43.400002,137900,40.612659
2016-02-19,46.272,46.518,46.197,43.459999,149500,40.6688
2016-02-22,46.464,46.795,46.464,43.779999,181800,40.96825
2016-02-23,46.56,46.699,46.486,43.68,149100,40.87468
2016-02-24,46.4,46.753,46.347,43.720001,210600,40.912106
2016-02-25,46.753,46.966,46.71,43.93,149300,41.10862
2016-02-26,47.02,47.191,47.02,44.110001,95100,41.277058
2016-02-29,47.095,47.501,47.095,44.41,174400,41.557789
2016-03-01,47.244,47.693,47.234,44.610001,312600,41.744953
2016-03-02,47.501,47.672,47.437,44.5,291500,41.642014
2016-03-03,47.469,47.64,47.394,44.490002,2019600,41.632656
2016-03-04,47.576,47.736,47.479,44.59,1208300,41.726231
2016-03-07,47.64,47.768,47.49,44.639999,415200,41.773014
2016-03-08,47.597,47.714,47.522,44.529999,360700,41.670086
2016-03-09,47.672,47.682,47.522,44.59,337300,41.726231
2016-03-10,47.682,47.832,47.554,44.720001,247700,41.847881
2016-03-11,47.885,48.281,47.843,45.07,212100,42.175404
2016-03-14,48.174,48.174,47.917,45,260100,42.109901
2016-03-15,47.939,47.939,47.768,44.73,321900,41.857235
2016-03-16,47.8,48.056,47.64,44.93,224600,42.044392
2016-03-17,48.142,48.292,47.982,45.110001,127500,42.212826
2016-03-18,48.291,48.43,48.174,45.16,196700,42.259628
2016-03-21,48.313,48.377,48.185,45.110001,147200,42.212826
2016-03-22,48.217,48.227,48.121,45.110001,194100,42.212826
2016-03-23,48.206,48.206,48.035,44.970001,81000,42.081837
2016-03-24,47.96,47.96,47.8,44.869999,141800,41.988239
2016-03-28,48.003,48.153,47.779,44.790001,221700,41.913391
2016-03-29,47.875,48.024,47.693,44.849998,538700,41.969532
2016-03-30,48.003,48.11,48.003,44.98,128500,42.091171
2016-03-31,48.11,48.227,48.046,45.029999,156300,42.137974
2016-04-01,47.821,47.982,47.736,44.889999,242000,42.006966
2016-04-04,47.917,47.982,47.629,44.689999,3892100,41.819805
2016-04-05,47.672,47.736,47.49,44.48,5719700,41.623291
2016-04-06,47.64,47.832,47.576,44.75,4172200,41.875954
2016-04-07,47.832,47.896,47.714,44.700001,530300,41.829163
2016-04-08,47.971,48.014,47.917,44.889999,400900,42.006966
2016-04-11,48.014,48.11,48.003,44.950001,380000,42.06311
2016-04-12,48.067,48.185,48.067,45.060001,533000,42.166046
2016-04-13,48.238,48.516,48.238,45.360001,228800,42.446777
2016-04-14,48.452,48.473,48.356,45.290001,310300,42.381283
2016-04-15,48.356,48.441,48.356,45.310001,249900,42.39999
2016-04-18,48.43,48.559,48.366,45.439999,237700,42.521633
2016-04-19,48.612,48.804,48.612,45.66,142000,42.727505
2016-04-20,48.826,48.901,48.708,45.73,197100,42.793018
2016-04-21,48.89,48.89,48.74,45.639999,154300,42.708794
2016-04-22,48.751,48.858,48.73,45.700001,160200,42.76495
2016-04-25,48.826,48.826,48.719,45.630001,102800,42.699436
2016-04-26,48.762,48.815,48.73,45.639999,233800,42.708794
2016-04-27,48.826,48.954,48.804,45.790001,350200,42.849163
2016-04-28,48.954,49.018,48.836,45.759998,263200,42.821087
2016-04-29,48.89,48.954,48.772,45.740002,238500,42.802372
2016-05-02,48.499,48.499,48.361,45.599998,356200,42.883251
2016-05-03,48.404,48.404,48.266,45.450001,238200,42.742188
2016-05-04,48.351,48.351,48.202,45.360001,149600,42.657551
2016-05-05,48.383,48.383,48.234,45.400002,184400,42.695164
2016-05-06,48.383,48.383,48.138,45.349998,109900,42.64814
2016-05-09,48.202,48.244,48.138,45.349998,56500,42.64814
2016-05-10,48.319,48.468,48.212,45.560001,828800,42.845627
2016-05-11,48.266,48.616,48.266,45.560001,308200,42.845627
2016-05-12,48.329,48.553,48.329,45.630001,161400,42.911465
2016-05-13,48.446,48.521,48.266,45.490002,194100,42.779804
2016-05-16,48.436,48.638,48.425,45.630001,96000,42.911465
2016-05-17,48.5,48.595,48.478,45.669998,187900,42.949074
2016-05-18,48.585,48.638,48.489,45.650002,138400,42.930267
2016-05-19,48.499,48.51,48.361,45.599998,205000,42.883251
2016-05-20,48.616,48.616,48.468,45.669998,109300,42.949074
2016-05-23,48.595,48.627,48.542,45.689999,76100,42.967888
2016-05-24,48.67,48.776,48.648,45.869999,75000,43.137161
2016-05-25,48.797,48.925,48.765,45.950001,135700,43.212395
2016-05-26,48.978,48.989,48.797,45.91,94900,43.174778
2016-05-27,48.893,48.893,48.819,45.970001,100800,43.231205
2016-05-31,48.861,48.935,48.819,45.959999,156600,43.221794
2016-06-01,48.409,48.42,48.303,45.73,118200,43.218018
2016-06-02,48.43,48.536,48.377,45.799999,102200,43.284172
2016-06-03,48.515,48.557,48.356,45.849998,91300,43.331425
2016-06-06,48.621,48.705,48.568,46.009998,110500,43.482643
2016-06-07,48.684,48.864,48.684,46.139999,130700,43.605499
2016-06-08,48.928,48.97,48.801,46.279999,137600,43.737801
2016-06-09,48.917,48.949,48.854,46.23,269200,43.690552
2016-06-10,48.864,48.864,48.6,46.060001,2230900,43.529896
2016-06-13,48.695,48.737,48.578,45.939999,90100,43.416481
2016-06-14,48.547,48.589,48.388,45.82,131200,43.303074
2016-06-15,48.536,48.61,48.462,45.810001,93100,43.293629
2016-06-16,48.409,48.494,48.261,45.810001,173000,43.293629
2016-06-17,48.483,48.526,48.377,45.77,87400,43.255825
2016-06-20,48.6,48.758,48.6,45.950001,109300,43.425941
2016-06-21,48.61,48.811,48.61,46.110001,137900,43.577148
2016-06-22,48.716,48.843,48.705,46.07,428300,43.539349
2016-06-23,48.917,49.129,48.822,46.330002,123900,43.785065
2016-06-24,48.261,48.631,48.261,45.880001,144000,43.359779
2016-06-27,48.568,48.568,48.092,45.450001,137300,42.953403
2016-06-28,48.367,48.451,48.282,45.740002,102700,43.227474
2016-06-29,48.631,48.843,48.6,46.119999,189800,43.58659
2016-06-30,48.758,49.033,48.758,46.34,169500,43.794514
2016-07-01,48.552,48.678,48.447,46.139999,127600,43.819206
2016-07-05,48.563,48.563,48.426,46.07,112100,43.752728
2016-07-06,48.436,48.626,48.426,46.169998,143100,43.847691
2016-07-07,48.542,48.721,48.542,46.25,132900,43.923672
2016-07-08,48.7,49.058,48.7,46.59,277700,44.246571
2016-07-11,49.173,49.184,49.1,46.66,179400,44.313049
2016-07-12,49.247,49.279,49.163,46.720001,156100,44.370026
2016-07-13,49.11,49.194,49.047,46.66,230600,44.313049
2016-07-14,49.173,49.226,49.1,46.720001,120000,44.370026
2016-07-15,49.11,49.205,49.036,46.639999,79900,44.294056
2016-07-18,49.194,49.215,49.079,46.73,150700,44.379528
2016-07-19,49.258,49.258,48.963,46.650002,110800,44.303555
2016-07-20,49.184,49.268,49.152,46.73,300100,44.379528
2016-07-21,49.215,49.321,49.079,46.73,81900,44.379528
2016-07-22,49.247,49.331,49.194,46.830002,104800,44.474499
2016-07-25,49.268,49.31,49.173,46.75,86200,44.398525
2016-07-26,49.215,49.237,49.089,46.66,122000,44.313049
2016-07-27,49.173,49.215,49.058,46.720001,126700,44.370026
2016-07-28,49.079,49.173,49.068,46.66,194500,44.313049
2016-07-29,49.142,49.184,49.068,46.709999,162200,44.360531
2016-08-01,48.651,48.651,48.546,46.369999,106800,44.252888
2016-08-02,48.494,48.588,48.484,46.32,130600,44.205177
2016-08-03,48.567,48.662,48.505,46.439999,79800,44.319702
2016-08-04,48.494,48.829,48.494,46.549999,349700,44.424679
2016-08-05,48.84,48.924,48.777,46.619999,246200,44.491474
2016-08-08,48.861,48.966,48.84,46.73,168000,44.596455
2016-08-09,49.374,49.374,48.903,46.75,656400,44.615551
2016-08-10,48.955,49.102,48.955,46.779999,124000,44.644173
2016-08-11,49.008,49.123,48.903,46.82,101000,44.682343
2016-08-12,49.049,49.144,48.987,46.880001,154800,44.739613
2016-08-15,49.175,49.217,49.133,46.939999,201400,44.796867
2016-08-16,49.175,49.196,49.102,46.93,176800,44.787327
2016-08-17,49.228,49.259,49.144,47,113600,44.85413
2016-08-18,49.28,49.343,49.259,47.080002,113700,44.930481
2016-08-19,49.269,49.385,49.207,46.990002,72100,44.844589
2016-08-22,49.269,49.269,49.165,47,102900,44.85413
2016-08-23,49.228,49.395,49.228,47.049999,144200,44.901852
2016-08-24,49.364,49.364,49.238,47.009998,180200,44.863674
2016-08-25,49.322,49.322,49.249,47.060001,164800,44.911388
2016-08-26,49.343,49.395,49.228,47.049999,116800,44.901852
2016-08-29,49.207,49.458,49.207,47.18,101000,45.025913
2016-08-30,49.374,49.458,49.374,47.169998,117500,45.016361
2016-08-31,49.427,49.448,49.332,47.119999,94700,44.968651
2016-09-01,48.922,49.005,48.817,46.900002,179400,44.980965
2016-09-02,49.026,49.068,48.974,47.040001,123100,45.115234
2016-09-06,49.036,49.078,48.974,47.049999,147700,45.124821
2016-09-07,49.078,49.089,49.005,47.029999,160900,45.105648
2016-09-08,49.078,49.078,48.995,47.02,245300,45.096054
2016-09-09,48.984,48.984,48.692,46.700001,646900,44.789154
2016-09-12,48.713,48.89,48.661,46.830002,611500,44.91383
2016-09-13,48.755,48.765,48.578,46.630001,477400,44.722008
2016-09-14,48.651,48.724,48.557,46.59,129600,44.683651
2016-09-15,48.526,48.786,48.526,46.740002,662800,44.827507
2016-09-16,48.734,48.745,48.64,46.75,210700,44.837101
2016-09-19,48.745,48.849,48.745,46.810001,140100,44.894646
2016-09-20,48.859,48.859,48.776,46.810001,162800,44.894646
2016-09-21,48.901,49.036,48.828,47.029999,374400,45.105648
2016-09-22,49.109,49.203,49.078,47.130001,109300,45.201553
2016-09-23,49.162,49.172,49.089,47.099998,231400,45.172783
2016-09-26,49.099,49.12,48.995,47,207400,45.07687
2016-09-27,49.026,49.078,48.943,47.07,130500,45.144005
2016-09-28,49.141,49.276,49.078,47.240002,276900,45.30706
2016-09-29,49.297,49.318,49.109,47.150002,205100,45.220734
2016-09-30,49.12,49.318,49.12,47.279999,370800,45.345413
2016-10-03,48.724,48.869,48.724,47.099998,193900,45.394684
2016-10-04,48.776,48.88,48.776,47.080002,339600,45.375408
2016-10-05,48.817,48.942,48.817,47.150002,183600,45.442875
2016-10-06,48.849,48.973,48.849,47.169998,197300,45.462147
2016-10-07,48.932,49.046,48.88,47.25,136600,45.539249
2016-10-10,49.067,49.15,49.067,47.34,130200,45.625992
2016-10-11,49.056,49.056,48.911,47.209999,114000,45.500694
2016-10-12,48.921,49.025,48.921,47.240002,146100,45.529613
2016-10-13,48.942,48.994,48.911,47.150002,364000,45.442875
2016-10-14,49.056,49.056,48.932,47.189999,191900,45.481419
2016-10-17,48.942,49.004,48.911,47.169998,175200,45.462147
2016-10-18,49.035,49.056,48.994,47.259998,362200,45.548885
2016-10-19,49.098,49.129,49.056,47.330002,337800,45.616356
2016-10-20,49.118,49.16,49.077,47.369999,210500,45.654896
2016-10-21,49.087,49.16,49.087,47.380001,109300,45.664543
2016-10-24,49.17,49.212,49.15,47.43,177800,45.712734
2016-10-25,49.191,49.222,49.087,47.389999,123300,45.674179
2016-10-26,49.139,49.181,49.067,47.310001,226200,45.597076
2016-10-27,49.108,49.16,48.973,47.209999,287500,45.500694
2016-10-28,49.067,49.067,48.869,47.139999,309600,45.433231
2016-10-31,48.89,48.89,48.734,47,449300,45.298302
2016-11-01,48.324,48.324,48.066,46.599998,263200,45.130127
2016-11-02,48.107,48.159,48.025,46.52,172700,45.052654
2016-11-03,48.097,48.138,48.025,46.509998,134500,45.042965
2016-11-04,48.014,48.097,47.994,46.48,255800,45.013916
2016-11-07,48.149,48.407,48.149,46.880001,204300,45.401299
2016-11-08,48.273,48.386,48.242,46.82,326400,45.343189
2016-11-09,48.014,48.397,48.014,46.599998,772700,45.130127
2016-11-10,48.087,48.159,47.746,46.240002,693900,44.781487
2016-11-11,47.756,47.756,47.374,45.93,295700,44.481266
2016-11-14,47.395,47.725,47.333,46.189999,334500,44.733063
2016-11-15,47.849,48.169,47.798,46.599998,196800,45.130127
2016-11-16,48.004,48.056,47.973,46.48,320600,45.013916
2016-11-17,48.066,48.097,48.014,46.52,346900,45.052654
2016-11-18,48.107,48.138,47.984,46.610001,2822700,45.139816
2016-11-21,48.19,48.242,48.128,46.720001,270800,45.246349
2016-11-22,48.283,48.5,48.262,46.970001,322400,45.488457
2016-11-23,48.231,48.366,48.211,46.84,137200,45.36256
2016-11-25,48.345,48.438,48.283,46.91,210300,45.430355
2016-11-28,48.386,48.469,48.335,46.91,191800,45.430355
2016-11-29,48.407,48.407,48.324,46.84,280000,45.36256
2016-11-30,48.458,48.479,48.324,46.939999,1792900,45.4594
2016-12-01,48.048,48.048,47.894,46.610001,456600,45.36021
2016-12-02,47.894,48.089,47.894,46.779999,880900,45.52565
2016-12-05,48.12,48.172,48.089,46.880001,324600,45.622974
2016-12-06,48.182,48.346,48.151,47.040001,271000,45.778687
2016-12-07,48.336,48.583,48.336,47.25,536000,45.983051
2016-12-08,48.459,48.48,48.377,47.16,711900,45.895462
2016-12-09,48.459,48.542,48.408,47.209999,316200,45.944122
2016-12-12,48.5,48.572,48.47,47.200001,365500,45.934391
2016-12-13,48.583,48.624,48.552,47.299999,392700,46.031712
2016-12-14,48.583,48.665,48.336,47.07,1210800,45.807877
2016-12-15,48.398,48.459,48.316,47.110001,367900,45.846809
2016-12-16,48.511,48.531,48.449,47.169998,286000,45.905193
2016-12-19,48.5,48.552,48.459,47.169998,331200,45.905193
2016-12-20,48.552,48.583,48.459,47.240002,688300,45.973316
2016-12-21,48.614,48.614,48.542,47.290001,370200,46.021976
2016-12-22,48.396,48.396,48.222,47.259998,532000,46.150818
2016-12-23,48.437,48.457,48.355,47.32,319500,46.209412
2016-12-27,48.519,48.549,48.396,47.369999,411600,46.258236
2016-12-28,48.57,48.611,48.457,47.34,369000,46.228947
2016-12-29,48.58,48.58,48.478,47.369999,303000,46.258236
2016-12-30,48.539,48.539,48.447,47.34,173900,46.228947
2017-01-03,48.611,48.611,48.539,47.450001,350200,46.336365
2017-01-04,48.652,48.744,48.611,47.599998,301100,46.482838
2017-01-05,48.734,48.795,48.662,47.560001,272500,46.443779
2017-01-06,48.744,48.764,48.672,47.59,307800,46.473076
2017-01-09,48.795,48.795,48.693,47.580002,462900,46.463314
2017-01-10,48.764,48.805,48.724,47.580002,309600,46.463314
2017-01-11,48.775,48.775,48.693,47.580002,460900,46.463314
2017-01-12,48.775,48.795,48.703,47.560001,425400,46.443779
2017-01-13,48.754,48.785,48.693,47.59,295900,46.473076
2017-01-17,48.764,48.785,48.693,47.560001,393200,46.443779
2017-01-18,48.724,48.754,48.693,47.599998,356900,46.482838
2017-01-19,48.734,48.744,48.631,47.490002,490300,46.37542
2017-01-20,48.703,48.734,48.621,47.560001,322000,46.443779
2017-01-23,48.734,48.744,48.672,47.599998,371500,46.482838
2017-01-24,48.642,48.785,48.642,47.639999,309000,46.5219
2017-01-25,48.816,48.887,48.805,47.740002,1057500,46.619553
2017-01-26,48.795,48.867,48.795,47.700001,399300,46.580494
2017-01-27,48.857,48.877,48.805,47.73,322300,46.609787
2017-01-30,48.877,48.877,48.764,47.700001,547200,46.580494
2017-01-31,48.846,48.857,48.785,47.709999,578200,46.590252
2017-02-01,48.386,48.488,48.366,47.580002,647900,46.688839
2017-02-02,48.427,48.549,48.427,47.639999,464400,46.747711
2017-02-03,48.59,48.621,48.549,47.689999,873100,46.796776
2017-02-06,48.641,48.682,48.59,47.689999,422300,46.796776
2017-02-07,48.651,48.651,48.529,47.669998,266400,46.777149
2017-02-08,48.6,48.61,48.539,47.650002,697100,46.757526
2017-02-09,48.61,48.61,48.56,47.66,699000,46.767338
2017-02-10,48.57,48.59,48.56,47.669998,317500,46.777149
2017-02-13,48.61,48.641,48.6,47.689999,1592100,46.796776
2017-02-14,48.621,48.641,48.519,47.73,381600,46.836025
2017-02-15,48.661,48.692,48.59,47.740002,375800,46.84584
2017-02-16,48.651,48.661,48.6,47.740002,325300,46.84584
2017-02-17,48.61,48.682,48.58,47.75,614700,46.855652
2017-02-21,48.712,48.784,48.672,47.869999,213100,46.973404
2017-02-22,48.804,48.865,48.774,47.91,525600,47.012657
2017-02-23,48.896,48.957,48.794,47.950001,307200,47.05191
2017-02-24,48.804,48.896,48.804,47.98,304600,47.081348
2017-02-27,48.916,48.937,48.896,48.02,310300,47.120594
2017-02-28,48.947,48.947,48.855,48,580700,47.100967
2017-03-01,48.571,48.581,48.49,47.900002,402100,47.228161
2017-03-02,48.581,48.592,48.51,47.860001,292200,47.188725
2017-03-03,48.551,48.673,48.439,47.82,742400,47.149284
2017-03-06,48.5,48.521,48.419,47.759998,327900,47.090126
2017-03-07,48.379,48.379,48.206,47.540001,271000,46.873207
2017-03-08,48.226,48.247,48.034,47.360001,290300,46.695736
2017-03-09,47.973,48.044,47.892,47.259998,329900,46.597137
2017-03-10,48.084,48.105,47.831,47.23,614600,46.567558
2017-03-13,47.983,48.003,47.861,47.23,446400,46.567558
2017-03-14,47.831,47.861,47.78,47.150002,295800,46.488682
2017-03-15,47.892,48.277,47.871,47.599998,418200,46.932365
2017-03-16,48.358,48.358,48.115,47.5,295500,46.833771
2017-03-17,48.216,48.216,48.135,47.48,293100,46.814049
2017-03-20,48.125,48.145,48.054,47.389999,293700,46.725311
2017-03-21,48.105,48.166,47.861,47.189999,352600,46.528114
2017-03-22,47.912,47.953,47.821,47.25,385400,46.587276
2017-03-23,48.013,48.024,47.882,47.259998,325800,46.597137
2017-03-24,48.003,48.074,47.963,47.380001,388600,46.715458
2017-03-27,48.013,48.064,47.892,47.389999,373500,46.725311
2017-03-28,48.105,48.247,48.105,47.57,322600,46.90279
2017-03-29,48.237,48.338,48.237,47.650002,390100,46.981667
2017-03-30,48.399,48.45,48.358,47.77,265300,47.099987
2017-03-31,48.439,48.48,48.389,47.779999,290900,47.10984
2017-04-03,48.049,48.069,47.907,47.549999,274900,47.105877
2017-04-04,48.049,48.049,47.938,47.529999,323800,47.086067
2017-04-05,48.119,48.119,47.938,47.509998,250900,47.06625
2017-04-06,48.029,48.049,47.968,47.599998,209600,47.155411
2017-04-07,48.099,48.109,48.029,47.59,257800,47.145504
2017-04-10,48.099,48.099,48.049,47.639999,302700,47.195038
2017-04-11,48.13,48.13,47.988,47.57,491600,47.125694
2017-04-12,48.018,48.059,47.938,47.599998,244900,47.155411
2017-04-13,48.059,48.099,47.958,47.509998,271900,47.06625
2017-04-17,48.049,48.099,48.039,47.630001,607700,47.185131
2017-04-18,48.109,48.109,48.008,47.639999,305800,47.195038
2017-04-19,48.14,48.19,48.049,47.630001,245600,47.185131
2017-04-20,48.079,48.19,48.079,47.709999,185000,47.264385
2017-04-21,48.15,48.2,48.099,47.720001,511500,47.274292
2017-04-24,48.271,48.321,48.261,47.869999,343200,47.42289
2017-04-25,48.342,48.392,48.342,47.93,262600,47.48233
2017-04-26,48.362,48.402,48.342,47.900002,290400,47.45261
2017-04-27,48.372,48.372,48.321,47.889999,850500,47.442703
2017-04-28,48.372,48.402,48.331,47.889999,329500,47.442703
2017-05-01,47.955,48.015,47.884,47.700001,270500,47.476547
2017-05-02,47.945,48.015,47.914,47.700001,371100,47.476547
2017-05-03,47.935,47.975,47.935,47.740002,485700,47.516361
2017-05-04,47.965,47.975,47.824,47.619999,984100,47.396919
2017-05-05,47.894,47.894,47.824,47.650002,309700,47.426781
2017-05-08,47.914,47.914,47.844,47.66,393300,47.436733
2017-05-09,47.935,47.965,47.844,47.650002,461100,47.426781
2017-05-10,47.935,48.015,47.904,47.779999,424500,47.556171
2017-05-11,48.035,48.035,47.945,47.759998,490800,47.536263
2017-05-12,47.975,47.985,47.945,47.75,513000,47.526314
2017-05-15,48.055,48.085,48.005,47.830002,488100,47.605938
2017-05-16,48.085,48.125,48.065,47.869999,421400,47.645748
2017-05-17,48.035,48.105,47.904,47.700001,620800,47.476547
2017-05-18,47.884,48.045,47.874,47.77,480000,47.546219
2017-05-19,48.055,48.105,48.025,47.810001,416200,47.586033
2017-05-22,48.115,48.135,48.105,47.91,433200,47.685562
2017-05-23,48.146,48.166,48.115,47.919998,547300,47.695515
2017-05-24,48.196,48.206,48.156,47.98,507200,47.755234
2017-05-25,48.226,48.296,48.216,48.009998,289900,47.785091
2017-05-26,48.226,48.236,48.196,48,280300,47.775139
2017-05-30,48.226,48.256,48.206,48.029999,290500,47.805
2017-05-31,48.276,48.276,48.186,48.029999,428800,47.805
2017-06-01,47.83,47.88,47.82,47.880001,393200,47.880001
2017-06-02,47.88,47.92,47.86,47.900002,456800,47.900002
2017-06-05,47.91,47.91,47.85,47.869999,331700,47.869999
2017-06-06,47.85,47.86,47.82,47.849998,422900,47.849998
2017-06-07,47.88,47.96,47.73,47.77,1322800,47.77
2017-06-08,47.76,47.8,47.72,47.790001,551600,47.790001
2017-06-09,47.81,47.87,47.77,47.810001,500700,47.810001
2017-06-12,47.82,47.86,47.77,47.779999,2540600,47.779999
2017-06-13,47.83,47.88,47.81,47.880001,339600,47.880001
2017-06-14,47.9,47.93,47.82,47.869999,384100,47.869999
2017-06-15,47.83,47.84,47.76,47.790001,446500,47.790001
2017-06-16,47.82,47.82,47.74,47.75,378800,47.75
2017-06-19,47.81,47.84,47.79,47.830002,380900,47.830002
2017-06-20,47.77,47.8,47.73,47.740002,638000,47.740002
2017-06-21,47.79,47.79,47.53,47.529999,431000,47.529999
2017-06-22,47.55,47.67,47.55,47.59,359100,47.59
2017-06-23,47.7,47.74,47.63,47.73,290700,47.73
2017-06-26,47.75,47.81,47.75,47.810001,284800,47.810001
2017-06-27,47.81,47.81,47.68,47.689999,499200,47.689999
2017-06-28,47.78,47.85,47.75,47.84,485800,47.84
2017-06-29,47.85,47.9,47.7,47.779999,1124200,47.779999
2017-06-30,NA,NA,NA,NA,NA,NA
2017-07-03,47.72,47.75,47.66,47.669998,249000,47.669998
2017-07-07,47.47,47.53,47.42,47.48,387551,47.48
