"Date","STIP.Open","STIP.High","STIP.Low","STIP.Close","STIP.Volume","STIP.Adjusted"
2015-08-24,100.466,100.517,100.294,99.029999,255400,97.723022
2015-08-25,NA,NA,NA,0,NA,0
2015-08-26,NA,NA,NA,0,NA,0
2015-08-27,NA,NA,NA,0,NA,0
2015-08-28,NA,NA,NA,0,NA,0
2015-08-31,NA,NA,NA,0,NA,0
2015-09-01,NA,NA,NA,0,NA,0
2015-09-02,NA,NA,NA,0,NA,0
2015-09-03,NA,NA,NA,0,NA,0
2015-09-04,NA,NA,NA,0,NA,0
2015-09-08,NA,NA,NA,0,NA,0
2015-09-09,NA,NA,NA,0,NA,0
2015-09-10,NA,NA,NA,0,NA,0
2015-09-11,NA,NA,NA,0,NA,0
2015-09-14,NA,NA,NA,0,NA,0
2015-09-15,NA,NA,NA,0,NA,0
2015-09-16,NA,NA,NA,0,NA,0
2015-09-17,NA,NA,NA,0,NA,0
2015-09-18,NA,NA,NA,0,NA,0
2015-09-21,NA,NA,NA,0,NA,0
2015-09-22,NA,NA,NA,0,NA,0
2015-09-23,NA,NA,NA,0,NA,0
2015-09-24,NA,NA,NA,0,NA,0
2015-09-25,NA,NA,NA,0,NA,0
2015-09-28,NA,NA,NA,0,NA,0
2015-09-29,NA,NA,NA,0,NA,0
2015-09-30,NA,NA,NA,0,NA,0
2015-10-01,NA,NA,NA,0,NA,0
2015-10-02,NA,NA,NA,0,NA,0
2015-10-05,NA,NA,NA,0,NA,0
2015-10-06,NA,NA,NA,0,NA,0
2015-10-07,NA,NA,NA,0,NA,0
2015-10-08,NA,NA,NA,0,NA,0
2015-10-09,NA,NA,NA,0,NA,0
2015-10-12,NA,NA,NA,0,NA,0
2015-10-13,NA,NA,NA,0,NA,0
2015-10-14,NA,NA,NA,0,NA,0
2015-10-15,NA,NA,NA,0,NA,0
2015-10-16,NA,NA,NA,0,NA,0
2015-10-19,NA,NA,NA,0,NA,0
2015-10-20,NA,NA,NA,0,NA,0
2015-10-21,NA,NA,NA,0,NA,0
2015-10-22,NA,NA,NA,0,NA,0
2015-10-23,NA,NA,NA,0,NA,0
2015-10-26,100.729,100.76,100.669,99.379997,26100,98.068413
2015-10-27,100.81,100.821,100.76,99.43,19400,98.117752
2015-10-28,100.78,100.78,100.537,99.209999,12400,97.90065
2015-10-29,100.456,100.577,100.456,99.209999,15200,97.90065
2015-10-30,100.618,100.648,100.537,99.269997,25400,97.959862
2015-11-02,100.547,100.588,100.517,99.220001,18900,97.910522
2015-11-03,100.638,100.669,100.567,99.309998,18100,97.999336
2015-11-04,100.618,100.618,100.405,99.160004,35700,97.851318
2015-11-05,100.466,100.466,100.334,99.050003,14800,97.742767
2015-11-06,100.223,100.263,100.162,98.910004,18700,97.604622
2015-11-09,100.273,100.324,100.243,98.919998,26700,97.614479
2015-11-10,100.294,100.385,100.253,98.93,16700,97.624344
2015-11-11,100.223,100.284,100.213,98.949997,17800,97.644081
2015-11-12,100.223,100.223,100.172,98.879997,10000,97.575005
2015-11-13,100.243,100.273,100.213,98.889999,24300,97.584885
2015-11-16,100.304,100.304,100.192,98.919998,21700,97.614479
2015-11-17,100.182,100.294,100.182,98.900002,67200,97.594749
2015-11-18,100.233,100.284,100.202,98.910004,17200,97.604622
2015-11-19,100.273,100.354,100.263,99.019997,16500,97.713165
2015-11-20,100.354,100.405,100.344,99.059998,32200,97.752632
2015-11-23,100.334,100.415,100.324,99.050003,33500,97.742767
2015-11-24,100.466,100.506,100.425,99.169998,20300,97.861176
2015-11-25,100.436,100.456,100.344,99.099998,36200,97.792107
2015-11-27,100.415,100.486,100.415,99.120003,3900,97.811844
2015-11-30,100.456,100.476,100.385,99.059998,18200,97.752632
2015-12-01,100.395,100.567,100.395,99.209999,38000,97.90065
2015-12-02,100.446,100.446,100.344,99.080002,88100,97.772369
2015-12-03,100.395,100.395,100.284,99.010002,68200,97.7033
2015-12-04,100.415,100.456,100.324,99.010002,23900,97.7033
2015-12-07,100.263,100.314,100.233,98.940002,18600,97.634216
2015-12-08,100.253,100.294,100.213,98.900002,48300,97.594749
2015-12-09,100.223,100.263,100.182,98.879997,38300,97.575005
2015-12-10,100.182,100.202,100.081,98.760002,19600,97.456596
2015-12-11,100.192,100.304,100.142,98.959999,51200,97.653954
2015-12-14,100.061,100.131,100,98.690002,34600,97.387527
2015-12-15,100.101,100.101,100,98.730003,38700,97.426987
2015-12-16,100.061,100.071,99.716,98.589996,47200,97.288826
2015-12-17,99.919,100.05,99.919,98.690002,42200,97.387527
2015-12-18,100.01,100.121,100.01,98.800003,16900,97.496071
2015-12-21,100.101,100.101,99.99,98.68,18800,97.377655
2015-12-22,99.949,100.04,99.949,98.690002,24900,97.387527
2015-12-23,100,100.142,100,98.82,41200,97.5158
2015-12-24,100.132,100.162,100.111,98.830002,8000,97.525673
2015-12-28,100.142,100.162,100.121,98.82,24300,97.5158
2015-12-29,100.132,100.132,100.03,98.760002,38900,97.456596
2015-12-30,99.99,100.091,99.969,98.730003,40300,97.426987
2015-12-31,100.152,100.253,100.121,98.919998,16400,97.614479
2016-01-04,100.365,100.375,100.263,98.989998,39400,97.683556
2016-01-05,100.314,100.344,100.253,98.980003,12900,97.673691
2016-01-06,100.273,100.314,100.213,98.980003,11200,97.673691
2016-01-07,100.334,100.375,100.294,99.029999,17100,97.723022
2016-01-08,100.314,100.456,100.314,99.120003,149100,97.811844
2016-01-11,100.375,100.395,100.273,98.970001,37500,97.663834
2016-01-12,100.354,100.395,100.273,98.949997,27500,97.644081
2016-01-13,100.284,100.405,100.284,99.040001,15400,97.732903
2016-01-14,100.405,100.436,100.334,99.089996,14500,97.782234
2016-01-15,100.506,100.517,100.294,98.989998,23200,97.683556
2016-01-19,100.375,100.405,100.304,99,29200,97.69342
2016-01-20,100.354,100.425,100.253,98.980003,83300,97.673691
2016-01-21,100.365,100.385,100.233,98.919998,15600,97.614479
2016-01-22,100.284,100.344,100.233,98.959999,50300,97.653954
2016-01-25,100.365,100.385,100.304,99.029999,39500,97.723022
2016-01-26,100.415,100.466,100.365,99.099998,17600,97.792107
2016-01-27,100.375,100.567,100.324,99.230003,34700,97.92038
2016-01-28,100.567,100.658,100.547,99.309998,27700,97.999336
2016-01-29,100.679,100.78,100.679,99.410004,15400,98.098022
2016-02-01,100.729,100.729,100.567,99.269997,42400,97.959862
2016-02-02,100.658,100.699,100.618,99.330002,16100,98.019073
2016-02-03,100.76,100.851,100.679,99.360001,69300,98.048676
2016-02-04,100.8,100.81,100.679,99.400002,17300,98.088142
2016-02-05,100.679,100.679,100.527,99.260002,19400,97.950005
2016-02-08,100.618,100.648,100.446,99.139999,23200,97.831581
2016-02-09,100.466,100.466,100.324,99.040001,22700,97.732903
2016-02-10,100.344,100.425,100.304,99.089996,46200,97.782234
2016-02-11,100.436,100.506,100.324,99.120003,61800,97.811844
2016-02-12,100.527,100.547,100.436,99.160004,22100,97.851318
2016-02-16,100.476,100.476,100.365,99.080002,29000,97.772369
2016-02-17,100.324,100.405,100.314,99.080002,31500,97.772369
2016-02-18,100.365,100.476,100.365,99.129997,18400,97.821716
2016-02-19,100.517,100.547,100.446,99.18,24400,97.871056
2016-02-22,100.496,100.628,100.496,99.220001,132900,97.910522
2016-02-23,100.547,100.658,100.486,99.330002,20900,98.019073
2016-02-24,100.679,100.851,100.679,99.470001,21700,98.157234
2016-02-25,100.922,101.013,100.892,99.589996,42400,98.275635
2016-02-26,100.942,100.942,100.821,99.510002,15700,98.196701
2016-02-29,100.841,101.033,100.841,99.660004,24900,98.344727
2016-03-01,101.003,101.003,100.81,99.620003,26200,98.305244
2016-03-02,100.912,100.962,100.81,99.620003,30400,98.305244
2016-03-03,100.983,101.084,100.952,99.730003,92100,98.413795
2016-03-04,101.084,101.094,100.932,99.669998,33200,98.354584
2016-03-07,100.983,100.983,100.892,99.629997,29100,98.315117
2016-03-08,101.074,101.084,101.003,99.75,21900,98.433533
2016-03-09,101.044,101.135,101.044,99.760002,101500,98.443405
2016-03-10,101.125,101.125,100.922,99.610001,51200,98.29538
2016-03-11,100.922,100.993,100.881,99.660004,34800,98.344727
2016-03-14,101.013,101.013,100.912,99.610001,60400,98.29538
2016-03-15,100.973,100.973,100.821,99.529999,80400,98.216438
2016-03-16,100.942,101.368,100.942,100.029999,27000,98.709831
2016-03-17,101.489,101.54,101.449,100.150002,102800,98.828247
2016-03-18,101.672,101.692,101.601,100.290001,22100,98.966408
2016-03-21,101.601,101.672,101.53,100.279999,51800,98.956528
2016-03-22,101.652,101.652,101.5,100.169998,22700,98.847992
2016-03-23,101.581,101.581,101.5,100.160004,15100,98.83812
2016-03-24,101.449,101.672,101.368,100.120003,22000,98.798653
2016-03-28,101.459,101.459,101.398,100.110001,19300,98.78878
2016-03-29,101.51,101.824,101.489,100.480003,58200,99.153893
2016-03-30,101.885,101.976,101.834,100.629997,121500,99.301918
2016-03-31,102.016,102.047,101.935,100.68,25600,99.35125
2016-04-01,101.966,101.996,101.875,100.57,20600,99.242699
2016-04-04,101.925,102.006,101.905,100.639999,33200,99.311783
2016-04-05,101.935,101.945,101.875,100.529999,17600,99.203239
2016-04-06,101.956,101.956,101.844,100.510002,24800,99.183495
2016-04-07,102.006,102.006,101.945,100.639999,30000,99.311783
2016-04-08,101.996,102.016,101.945,100.660004,20000,99.331528
2016-04-11,101.966,102.037,101.935,100.599998,13900,99.272308
2016-04-12,101.895,101.895,101.814,100.519997,22100,99.193359
2016-04-13,101.834,101.875,101.814,100.519997,51300,99.193359
2016-04-14,101.733,101.793,101.692,100.379997,31000,99.055214
2016-04-15,101.682,101.804,101.662,100.43,22000,99.104546
2016-04-18,101.692,101.743,101.641,100.339996,32000,99.015747
2016-04-19,101.692,101.804,101.692,100.440002,67200,99.114426
2016-04-20,101.783,101.834,101.702,100.389999,34100,99.065079
2016-04-21,101.702,101.773,101.662,100.360001,29000,99.035477
2016-04-22,101.753,101.753,101.662,100.379997,19100,99.055214
2016-04-25,101.733,101.753,101.672,100.330002,15300,99.005875
2016-04-26,101.641,101.712,101.621,100.300003,21200,98.976273
2016-04-27,101.773,101.844,101.712,100.449997,20500,99.124283
2016-04-28,101.864,102.047,101.864,100.660004,25400,99.331528
2016-04-29,101.925,102.047,101.925,100.68,33700,99.35125
2016-05-02,101.895,101.945,101.854,100.550003,10500,99.222969
2016-05-03,102.047,102.047,101.945,100.629997,37900,99.301918
2016-05-04,101.966,102.006,101.854,100.620003,27800,99.292038
2016-05-05,102.016,102.037,101.956,100.690002,17800,99.361122
2016-05-06,102.057,102.067,101.945,100.650002,12600,99.321648
2016-05-09,102.037,102.037,101.956,100.669998,57300,99.341385
2016-05-10,102.057,102.118,102.006,100.760002,17900,99.430199
2016-05-11,102.168,102.219,102.077,100.75,17100,99.420341
2016-05-12,102.037,102.108,101.976,100.739998,12100,99.410454
2016-05-13,102.047,102.148,102.037,100.790001,10200,99.459801
2016-05-16,102.138,102.138,102.067,100.75,16800,99.420341
2016-05-17,102.158,102.229,102.097,100.790001,32500,99.459801
2016-05-18,102.077,102.077,101.773,100.480003,21500,99.153893
2016-05-19,101.824,101.885,101.763,100.5,28800,99.17363
2016-05-20,101.915,101.915,101.854,100.550003,33500,99.222969
2016-05-23,101.824,101.875,101.773,100.519997,13000,99.193359
2016-05-24,101.783,101.854,101.763,100.470001,12500,99.144028
2016-05-25,101.824,101.895,101.793,100.550003,22300,99.222969
2016-05-26,101.986,102.016,101.935,100.639999,22600,99.311783
2016-05-27,101.956,102.28,101.895,100.620003,15200,99.292038
2016-05-31,101.844,102.837,101.834,100.580002,32500,99.252579
2016-06-01,101.895,102.351,101.804,100.519997,26400,99.193359
2016-06-02,101.864,101.996,101.864,100.620003,15700,99.292038
2016-06-03,102.249,102.32,102.249,100.940002,8800,99.607826
2016-06-06,102.249,102.381,102.249,100.989998,20100,99.657158
2016-06-07,102.371,102.472,102.371,101.099998,18800,99.765717
2016-06-08,102.462,102.543,102.462,101.169998,22100,99.834785
2016-06-09,102.493,102.594,102.493,101.230003,137900,99.894005
2016-06-10,102.533,102.614,102.533,101.230003,72300,99.894005
2016-06-13,102.594,102.665,102.493,101.199997,33700,99.864395
2016-06-14,102.574,102.584,102.513,101.190002,477600,99.854523
2016-06-15,102.533,102.787,102.381,101.360001,85500,100.022278
2016-06-16,102.655,102.695,102.503,101.209999,25500,99.87426
2016-06-17,102.655,102.655,102.483,101.220001,25600,99.884132
2016-06-20,102.939,102.939,102.472,101.139999,19800,99.805176
2016-06-21,102.472,102.483,102.341,100.989998,124700,99.657158
2016-06-22,102.412,102.472,102.31,101.099998,57600,99.765717
2016-06-23,102.513,102.523,102.401,101.139999,18100,99.805176
2016-06-24,102.787,102.807,102.604,101.279999,30800,99.943336
2016-06-27,102.685,102.939,102.584,101.269997,34400,99.933464
2016-06-28,102.675,102.756,102.614,101.379997,15200,100.042007
2016-06-29,102.766,102.807,102.705,101.389999,317700,100.051888
2016-06-30,102.776,102.918,102.776,101.519997,18500,100.180168
2016-07-01,103.009,103.07,102.756,101.639999,12800,100.298584
2016-07-05,103.141,103.141,103.03,101.720001,346400,100.377525
2016-07-06,103.111,103.182,103.03,101.739998,13900,100.39727
2016-07-07,103.151,103.151,103.02,101.720001,19200,100.377525
2016-07-08,103.03,103.06,102.999,101.68,27000,100.338051
2016-07-11,103.02,103.02,102.898,101.540001,15200,100.199905
2016-07-12,102.999,102.999,102.868,101.510002,13800,100.170311
2016-07-13,103.01,103.01,102.878,101.550003,17300,100.209763
2016-07-14,103.161,103.161,102.837,101.510002,17900,100.170311
2016-07-15,102.766,102.837,102.756,101.480003,20200,100.140701
2016-07-18,102.888,102.908,102.746,101.459999,21000,100.120956
2016-07-19,102.847,102.857,102.756,101.410004,13100,100.071625
2016-07-20,102.716,102.726,102.614,101.309998,22500,99.972939
2016-07-21,102.604,102.746,102.604,101.360001,183700,100.022278
2016-07-22,102.645,102.705,102.604,101.300003,15800,99.963074
2016-07-25,102.604,102.645,102.523,101.220001,19300,99.884132
2016-07-26,102.574,102.594,102.493,101.190002,17900,99.854523
2016-07-27,102.574,102.604,102.513,101.25,14900,99.913742
2016-07-28,102.604,102.665,102.553,101.279999,11400,99.943336
2016-07-29,102.736,102.776,102.665,101.419998,16700,100.081482
2016-08-01,102.529,102.529,101.59,100.809998,70200,99.847305
2016-08-02,101.721,101.782,101.6,100.68,87400,99.718552
2016-08-03,101.691,101.853,101.641,100.870003,15700,99.906738
2016-08-04,101.954,102.055,101.954,101.040001,19000,100.075104
2016-08-05,101.923,101.964,101.822,100.910004,16100,99.946342
2016-08-08,101.863,101.923,101.752,100.860001,37000,99.896828
2016-08-09,101.822,101.893,101.782,100.889999,19100,99.926544
2016-08-10,101.863,101.944,101.832,100.860001,21900,99.896828
2016-08-11,101.893,102.034,101.762,100.809998,23300,99.847305
2016-08-12,101.964,101.984,101.832,100.919998,18500,99.956253
2016-08-15,101.832,101.893,101.762,100.809998,33800,99.847305
2016-08-16,101.61,101.752,101.61,100.760002,17800,99.797783
2016-08-17,101.681,101.893,101.671,100.870003,17600,99.906738
2016-08-18,101.964,102.034,101.883,101.029999,50500,100.065201
2016-08-19,101.883,101.933,101.873,100.959999,14300,99.995872
2016-08-22,101.954,102.095,101.903,101,14400,100.035484
2016-08-23,101.954,102.014,101.903,101.029999,30900,100.065201
2016-08-24,102.065,102.075,101.923,100.959999,75200,99.995872
2016-08-25,101.923,102.014,101.903,100.940002,17500,99.976067
2016-08-26,101.984,102.065,101.671,100.709999,16400,99.748253
2016-08-29,101.762,101.802,101.711,100.82,15300,99.857208
2016-08-30,101.792,101.822,101.721,100.75,13600,99.787872
2016-08-31,101.661,101.802,101.641,100.699997,18900,99.738358
2016-09-01,101.167,101.177,100.895,100.330002,49200,99.708466
2016-09-02,101.026,101.026,100.925,100.349998,18400,99.72834
2016-09-06,101.016,101.207,100.996,100.57,52800,99.946976
2016-09-07,101.167,101.287,101.147,100.639999,33000,100.016548
2016-09-08,101.267,101.298,101.217,100.629997,18000,100.006607
2016-09-09,101.076,101.106,101.026,100.400002,22300,99.778038
2016-09-12,101.006,101.147,100.976,100.489998,17700,99.867477
2016-09-13,101.126,101.126,100.955,100.330002,15100,99.708466
2016-09-14,101.026,101.086,101.016,100.410004,9200,99.787971
2016-09-15,101.116,101.207,101.036,100.580002,19400,99.956924
2016-09-16,101.197,101.257,101.157,100.599998,31700,99.976799
2016-09-19,101.227,101.247,101.177,100.550003,25100,99.927116
2016-09-20,101.207,101.247,101.157,100.580002,16600,99.956924
2016-09-21,101.167,101.308,101.086,100.650002,31700,100.026482
2016-09-22,101.257,101.448,101.257,100.790001,14900,100.165627
2016-09-23,101.459,101.519,101.459,100.889999,21400,100.264992
2016-09-26,101.569,101.589,101.529,100.919998,28100,100.294815
2016-09-27,101.489,101.539,101.418,100.860001,46300,100.235184
2016-09-28,101.529,101.7,101.529,101.019997,29800,100.394188
2016-09-29,101.529,101.7,101.529,101,113600,100.374329
2016-09-30,101.64,101.74,101.64,101.099998,22700,100.473694
2016-10-03,101.72,101.73,101.62,101.019997,21300,100.394188
2016-10-04,101.67,101.67,101.509,100.879997,20000,100.255058
2016-10-05,101.549,101.549,101.438,100.849998,38000,100.225243
2016-10-06,101.489,101.559,101.489,100.879997,10600,100.255058
2016-10-07,101.579,101.599,101.469,100.959999,11400,100.334564
2016-10-10,101.64,101.64,101.539,100.910004,34900,100.284882
2016-10-11,101.509,101.579,101.509,100.919998,13500,100.294815
2016-10-12,101.509,101.569,101.459,100.910004,28800,100.284882
2016-10-13,101.479,101.62,101.448,100.970001,29300,100.344505
2016-10-14,101.559,101.66,101.539,101.019997,57700,100.394188
2016-10-17,101.72,101.791,101.69,101.089996,23000,100.463753
2016-10-18,101.72,101.801,101.72,101.169998,22800,100.543259
2016-10-19,101.72,101.871,101.71,101.220001,27000,100.592957
2016-10-20,101.861,101.861,101.75,101.160004,9600,100.533333
2016-10-21,101.801,101.811,101.73,101.139999,25000,100.513451
2016-10-24,101.801,101.801,101.67,101.089996,19100,100.463753
2016-10-25,101.69,101.73,101.66,101.059998,174700,100.433952
2016-10-26,101.65,101.71,101.65,101.059998,108000,100.433952
2016-10-27,101.65,101.67,101.63,101,43700,100.374329
2016-10-28,101.609,101.73,101.609,101.080002,90800,100.453827
2016-10-31,101.73,101.77,101.7,101.099998,96700,100.473694
2016-11-01,101.72,101.781,101.68,101.099998,82200,100.473694
2016-11-02,101.71,101.75,101.67,101.099998,365800,100.473694
2016-11-03,101.75,101.75,101.64,101.010002,79900,100.384247
2016-11-04,101.609,101.71,101.609,101.040001,148400,100.41407
2016-11-07,101.66,101.71,101.63,101.050003,38100,100.424011
2016-11-08,101.72,101.72,101.549,100.970001,22800,100.344505
2016-11-09,101.72,101.791,101.469,100.839996,183100,100.215309
2016-11-10,101.479,101.609,101.398,100.82,59000,100.195435
2016-11-11,101.529,101.529,101.328,100.769997,39900,100.145729
2016-11-14,101.277,101.277,101.086,100.480003,68300,99.857544
2016-11-15,101.499,101.499,101.126,100.529999,38200,99.907219
2016-11-16,101.026,101.187,100.986,100.559998,30700,99.937035
2016-11-17,101.217,101.287,101.096,100.519997,47000,99.897293
2016-11-18,101.177,101.197,101.046,100.43,64300,99.807854
2016-11-21,101.147,101.197,101.056,100.510002,137400,99.887352
2016-11-22,101.177,101.207,101.126,100.559998,32800,99.937035
2016-11-23,101.026,101.126,100.825,100.449997,64100,99.827713
2016-11-25,101.096,101.106,100.965,100.400002,24000,99.778038
2016-11-28,101.227,101.227,101.006,100.410004,100400,99.787971
2016-11-29,100.905,101.106,100.875,100.440002,113700,99.817787
2016-11-30,101.147,101.237,101.126,100.580002,78000,99.956924
2016-12-01,100.923,100.953,100.772,100.360001,66100,99.919373
2016-12-02,100.913,101.014,100.893,100.459999,35600,100.018929
2016-12-05,100.913,101.044,100.873,100.480003,68400,100.038841
2016-12-06,100.923,100.983,100.873,100.5,61100,100.058754
2016-12-07,101.024,101.054,100.953,100.57,31400,100.128448
2016-12-08,101.003,101.104,100.963,100.620003,43800,100.17823
2016-12-09,101.124,101.124,100.903,100.540001,93300,100.098572
2016-12-12,101.074,101.074,100.973,100.57,154500,100.128448
2016-12-13,101.024,101.034,100.923,100.519997,159300,100.078667
2016-12-14,101.024,101.034,100.602,100.190002,51300,99.750114
2016-12-15,100.441,100.511,100.411,100.010002,133400,99.570908
2016-12-16,100.471,100.501,100.33,100,64200,99.560951
2016-12-19,100.531,100.572,100.471,100.089996,60200,99.650558
2016-12-20,100.562,100.772,100.531,100.230003,58100,99.78994
2016-12-21,100.813,100.813,100.692,100.25,73900,99.809853
2016-12-22,100.692,100.843,100.642,100.360001,107800,99.919373
2016-12-23,100.863,100.933,100.772,100.379997,34700,99.939278
2016-12-27,100.923,100.923,100.782,100.400002,39400,99.959198
2016-12-28,100.873,100.993,100.803,100.540001,51400,100.098572
2016-12-29,100.983,101.074,100.983,100.559998,70400,100.118492
2016-12-30,101.003,101.234,101.003,100.720001,35300,100.277794
2017-01-03,101.154,101.194,101.084,100.699997,112400,100.257874
2017-01-04,101.134,101.214,101.044,100.769997,187200,100.327568
2017-01-05,101.245,101.335,101.184,100.870003,102100,100.427132
2017-01-06,101.214,101.234,101.164,100.739998,82900,100.297699
2017-01-09,101.184,101.245,101.134,100.769997,64500,100.327568
2017-01-10,101.917,101.917,101.214,100.779999,106800,100.337524
2017-01-11,101.325,101.435,101.255,100.839996,61400,100.397263
2017-01-12,101.455,101.476,101.365,100.959999,339200,100.516739
2017-01-13,101.325,101.385,101.255,100.889999,45700,100.447044
2017-01-17,101.335,101.747,101.335,101.050003,133900,100.606339
2017-01-18,101.465,101.486,101.275,100.839996,120200,100.397263
2017-01-19,101.164,101.305,101.164,100.839996,182800,100.397263
2017-01-20,101.325,101.727,101.285,100.959999,111200,100.516739
2017-01-23,101.415,101.506,101.385,101.050003,58500,100.606339
2017-01-24,101.465,101.486,101.415,100.989998,62900,100.5466
2017-01-25,101.566,101.566,101.295,100.910004,110400,100.466957
2017-01-26,101.325,101.465,101.315,100.970001,201700,100.526688
2017-01-27,101.526,101.556,101.476,101.089996,50300,100.646164
2017-01-30,101.546,101.596,101.506,101.120003,131900,100.676041
2017-01-31,101.616,101.686,101.606,101.220001,95300,100.775589
2017-02-01,101.606,101.727,101.516,101.220001,63400,100.775589
2017-02-02,101.747,101.757,101.666,101.230003,55000,100.785553
2017-02-03,101.777,101.847,101.616,101.25,85300,100.805458
2017-02-06,101.787,101.797,101.696,101.300003,67300,100.855247
2017-02-07,101.737,101.747,101.606,101.220001,57800,100.775589
2017-02-08,101.656,101.737,101.576,101.190002,59300,100.745728
2017-02-09,101.636,101.636,101.556,101.120003,58200,100.676041
2017-02-10,101.596,101.626,101.496,101.129997,44100,100.685982
2017-02-13,101.526,101.546,101.455,101.019997,58600,100.576469
2017-02-14,101.445,101.526,101.315,100.900002,75700,100.457001
2017-02-15,101.345,101.465,101.325,100.970001,125000,100.526688
2017-02-16,101.526,101.596,101.476,101.120003,67900,100.676041
2017-02-17,101.646,101.646,101.566,101.18,60500,100.735771
2017-02-21,101.636,101.676,101.606,101.199997,72400,100.755684
2017-02-22,101.666,101.727,101.526,101.279999,49900,100.835327
2017-02-23,101.817,101.837,101.727,101.360001,45700,100.914986
2017-02-24,101.877,101.938,101.827,101.480003,56000,101.034447
2017-02-27,102.038,102.038,101.727,101.300003,126200,100.855247
2017-02-28,101.757,101.797,101.707,101.279999,50400,100.835327
2017-03-01,101.516,101.586,101.445,101.089996,62100,100.646164
2017-03-02,101.516,101.616,101.375,100.93,82400,100.486862
2017-03-03,101.465,101.626,101.365,101.18,102900,100.735771
2017-03-06,101.626,101.626,101.546,101.120003,54300,100.676041
2017-03-07,101.576,101.606,101.496,101.120003,387200,100.676041
2017-03-08,101.606,101.606,101.375,100.959999,167500,100.516739
2017-03-09,101.345,101.375,101.234,100.830002,144700,100.387314
2017-03-10,101.345,101.385,101.234,100.830002,291100,100.387314
2017-03-13,101.245,101.285,101.164,100.760002,134000,100.317619
2017-03-14,101.184,101.194,101.144,100.699997,256100,100.257874
2017-03-15,101.255,101.576,101.194,101.120003,136200,100.676041
2017-03-16,101.576,101.576,101.465,101.050003,164500,100.606339
2017-03-17,101.586,101.636,101.556,101.150002,49900,100.70591
2017-03-20,101.646,101.646,101.556,101.190002,53100,100.745728
2017-03-21,101.656,101.737,101.636,101.220001,68500,100.775589
2017-03-22,101.727,101.737,101.586,101.260002,210700,100.815422
2017-03-23,101.727,101.727,101.626,101.25,98400,100.805458
2017-03-24,101.696,101.827,101.666,101.269997,135900,100.825378
2017-03-27,101.827,101.847,101.757,101.330002,99200,100.885117
2017-03-28,101.777,101.827,101.666,101.260002,145400,100.815422
2017-03-29,101.787,101.877,101.757,101.389999,77700,100.944855
2017-03-30,101.777,101.867,101.747,101.330002,57500,100.885117
2017-03-31,101.857,101.928,101.817,101.449997,63600,101.004578
2017-04-03,101.76,101.83,101.73,101.449997,74500,101.10125
2017-04-04,101.79,101.8,101.71,101.389999,45000,101.041458
2017-04-05,101.76,101.85,101.72,101.489998,261300,101.141106
2017-04-06,101.82,101.82,101.73,101.43,33900,101.081314
2017-04-07,101.78,101.83,101.619,101.290001,60500,100.941795
2017-04-10,101.71,101.75,101.629,101.290001,32300,100.941795
2017-04-11,101.71,101.77,101.68,101.379997,35800,101.031487
2017-04-12,101.78,101.87,101.73,101.5,31000,101.151077
2017-04-13,101.93,101.93,101.85,101.550003,32800,101.200905
2017-04-17,101.76,101.81,101.629,101.339996,65000,100.991631
2017-04-18,101.73,101.73,101.629,101.360001,37200,101.011559
2017-04-19,101.71,101.72,101.609,101.269997,42000,100.921867
2017-04-20,101.599,101.68,101.569,101.269997,28900,100.921867
2017-04-21,101.7,101.7,101.579,101.290001,38900,100.941795
2017-04-24,101.599,101.629,101.569,101.279999,54500,100.931839
2017-04-25,101.569,101.629,101.549,101.260002,110700,100.911903
2017-04-26,101.609,101.67,101.559,101.269997,45500,100.921867
2017-04-27,101.579,101.669,101.559,101.220001,29800,100.872047
2017-04-28,101.559,101.649,101.549,101.269997,33200,100.921867
2017-05-01,101.207,101.257,101.127,100.989998,47000,100.823029
2017-05-02,101.207,101.207,101.097,100.959999,84400,100.793083
2017-05-03,101.097,101.107,100.977,100.849998,57000,100.683258
2017-05-04,100.867,100.887,100.777,100.669998,46000,100.503555
2017-05-05,100.917,100.917,100.797,100.730003,68300,100.563461
2017-05-08,100.817,100.877,100.777,100.669998,64700,100.503555
2017-05-09,100.777,100.827,100.696,100.589996,45800,100.423691
2017-05-10,100.827,101.027,100.767,100.660004,32700,100.493584
2017-05-11,100.877,101.027,100.877,100.809998,62800,100.643326
2017-05-12,100.957,101.007,100.917,100.809998,27100,100.643326
2017-05-15,101.037,101.037,100.937,100.779999,58900,100.61338
2017-05-16,100.917,100.977,100.857,100.779999,53200,100.61338
2017-05-17,101.027,101.147,101.027,100.93,140200,100.76313
2017-05-18,101.077,101.127,101.007,100.900002,24400,100.733185
2017-05-19,101.077,101.167,101.037,101,16700,100.833015
2017-05-22,101.207,101.207,101.077,100.949997,28800,100.783096
2017-05-23,101.137,101.177,101.047,100.919998,30200,100.753143
2017-05-24,101.087,101.137,101.007,100.970001,22300,100.803062
2017-05-25,101.117,101.157,101.017,100.910004,25300,100.743164
2017-05-26,101.097,101.187,101.097,100.970001,31500,100.803062
2017-05-30,101.167,101.277,101.137,101.029999,33300,100.862961
2017-05-31,101.157,101.227,101.117,101.010002,27500,100.843002
2017-06-01,100.76,100.87,100.76,100.860001,19000,100.860001
2017-06-02,100.93,100.98,100.88,100.919998,49300,100.919998
2017-06-05,100.9,100.92,100.84,100.839996,51900,100.839996
2017-06-06,100.97,100.99,100.89,100.900002,59700,100.900002
2017-06-07,100.85,100.89,100.76,100.800003,210800,100.800003
2017-06-08,100.77,100.8,100.67,100.779999,42500,100.779999
2017-06-09,100.72,100.78,100.7,100.739998,35400,100.739998
2017-06-12,100.72,100.72,100.67,100.669998,34100,100.669998
2017-06-13,100.58,100.67,100.58,100.669998,38300,100.669998
2017-06-14,100.61,100.62,100.35,100.379997,39500,100.379997
2017-06-15,100.25,100.27,100.22,100.25,37200,100.25
2017-06-16,100.32,100.36,100.3,100.360001,30400,100.360001
2017-06-19,100.32,100.36,100.23,100.239998,31400,100.239998
2017-06-20,100.2,100.26,100.14,100.230003,26300,100.230003
2017-06-21,100.21,100.24,100.21,100.220001,34300,100.220001
2017-06-22,100.25,100.4,100.23,100.379997,36400,100.379997
2017-06-23,100.45,100.46,100.4,100.43,31000,100.43
2017-06-26,100.5,100.5,100.4,100.5,44800,100.5
2017-06-27,100.45,100.5,100.39,100.440002,32300,100.440002
2017-06-28,100.53,100.6,100.46,100.580002,45500,100.580002
2017-06-29,100.49,100.49,100.39,100.459999,61800,100.459999
2017-06-30,NA,NA,NA,NA,NA,NA
2017-07-03,100.23,100.26,100.16,100.199997,50400,100.199997
2017-07-07,100.07,100.13,100.007,100.059998,36976,100.059998
