"Date","VNQI.Open","VNQI.High","VNQI.Low","VNQI.Close","VNQI.Volume","VNQI.Adjusted"
2010-11-01,64.962,65.026,64.356,50.23,19200,38.962624
2010-11-02,65.529,65.568,65.297,50.830002,41200,39.428032
2010-11-03,65.761,66.213,65.31,51.360001,76500,39.839142
2010-11-04,67.721,69.848,66.522,52.34,90700,40.599308
2010-11-05,67.218,67.386,67.038,52.209999,89500,40.498466
2010-11-08,67.141,67.695,66.612,51.919998,92600,40.273521
2010-11-09,67.154,67.154,65.748,51,70100,39.559891
2010-11-10,65.98,66.058,65.246,51.169998,66500,39.691757
2010-11-11,65.336,65.336,64.859,50.529999,26500,39.195328
2010-11-12,65.065,65.065,64.137,49.959999,44200,38.753178
2010-11-15,64.73,64.782,64.137,49.75,29000,38.590286
2010-11-16,63.84,63.84,62.525,48.77,78400,37.830116
2010-11-17,63.041,63.286,62.925,48.880001,37500,37.915443
2010-11-18,63.892,64.098,63.75,49.639999,25000,38.504971
2010-11-19,63.299,63.441,62.874,49.200001,20200,38.163658
2010-11-22,62.912,63.157,62.203,48.810001,32800,37.861141
2010-11-23,61.92,61.92,61.21,47.66,44600,36.969105
2010-11-24,62.345,62.422,62.074,48.41,39300,37.550869
2010-11-26,61.533,61.687,61.404,47.709999,14400,37.007893
2010-11-29,61.391,61.662,60.953,47.810001,40400,37.085461
2010-11-30,60.94,61.494,60.811,47.459999,18200,36.813965
2010-12-01,62.564,62.835,62.242,48.669998,19100,37.752552
2010-12-02,62.822,63.763,62.822,49.450001,25900,38.357586
2010-12-03,63.479,64.021,63.363,49.610001,10700,38.481689
2010-12-06,63.505,63.815,63.363,49.48,29900,38.380852
2010-12-07,64.446,64.446,63.531,49.279999,35000,38.225723
2010-12-08,63.544,63.699,63.131,49.25,20600,38.202446
2010-12-09,63.673,63.673,63.183,49.220001,16400,38.179173
2010-12-10,63.505,63.711,63.325,49.419998,44700,38.334316
2010-12-13,64.085,64.421,63.866,49.66,74600,38.520473
2010-12-14,64.962,65.13,64.227,49.900002,30300,38.706638
2010-12-15,64.188,64.279,63.492,49.330002,27300,38.264507
2010-12-16,63.763,63.763,63.273,49.419998,15100,38.334316
2010-12-17,63.583,63.583,63.131,49.029999,10300,38.031796
2010-12-20,63.712,63.712,63.144,49.200001,134400,38.163658
2010-12-21,64.227,64.227,63.853,49.619999,16000,38.489445
2010-12-22,63.342,63.393,63.24,49.619999,11000,38.839329
2010-12-23,64.096,64.096,63.291,49.689999,270200,38.894123
2010-12-27,63.483,63.623,63.201,49.790001,40200,38.972393
2010-12-28,63.802,63.802,63.419,49.700001,22500,38.901958
2010-12-29,64.338,64.338,64.006,50.240002,30200,39.324635
2010-12-30,64.211,64.236,64.006,50.279999,20400,39.355938
2010-12-31,64.236,64.658,64.109,50.599998,14900,39.606407
2011-01-03,65.45,65.45,64.85,50.91,73100,39.849056
2011-01-04,65.616,65.616,64.837,51.080002,37200,39.982117
2011-01-05,65.207,65.591,65.156,51.299999,24200,40.15432
2011-01-06,65.501,65.501,64.62,50.759998,25300,39.731659
2011-01-07,65.22,65.22,64.198,50.59,24300,39.598591
2011-01-10,64.441,64.441,63.879,50.380001,33900,39.434212
2011-01-11,64.862,64.862,64.466,50.560001,25200,39.5751
2011-01-12,65.527,65.629,65.156,51.34,26200,40.185638
2011-01-13,66.485,66.485,65.514,51.349998,23300,40.193462
2011-01-14,65.476,65.795,65.335,51.450001,25000,40.271732
2011-01-18,66.025,66.025,65.463,51.419998,40800,40.248253
2011-01-19,66.204,66.204,65.182,51.200001,56000,40.076057
2011-01-20,65.156,65.156,64.313,50.650002,20700,39.645542
2011-01-21,65.207,65.207,64.517,50.59,16400,39.598591
2011-01-24,64.849,65.169,64.517,50.919998,36400,39.856884
2011-01-25,64.901,65.028,64.505,50.900002,23400,39.841232
2011-01-26,65.399,65.399,65.028,51.119999,14800,40.013432
2011-01-27,65.131,65.131,64.683,50.84,132700,39.794266
2011-01-28,64.952,64.952,63.483,49.82,46600,38.995869
2011-01-31,64.735,64.735,63.751,50.080002,12500,39.199383
2011-02-01,64.696,65.118,64.338,50.860001,54100,39.809914
2011-02-02,65.424,65.424,64.683,50.82,16200,39.77861
2011-02-03,65.271,65.271,64.658,50.990002,28600,39.911678
2011-02-04,65.424,65.424,64.645,51,24500,39.919514
2011-02-07,65.795,65.795,64.735,51.5,22500,40.310875
2011-02-08,65.642,65.642,64.517,50.880001,17700,39.825581
2011-02-09,64.926,64.926,63.764,50.130001,26100,39.238522
2011-02-10,64.121,64.338,62.882,49.689999,21400,38.894123
2011-02-11,64.223,64.223,62.601,49.650002,15800,38.862816
2011-02-14,64.006,64.006,63.636,49.970001,18300,39.113293
2011-02-15,63.597,63.623,63.291,49.599998,23700,38.823673
2011-02-16,63.406,64.198,63.406,50.16,24000,39.262009
2011-02-17,64.198,64.581,64.045,50.5,14000,39.528133
2011-02-18,64.747,64.773,64.39,50.610001,8500,39.614246
2011-02-22,63.738,63.738,62.729,49.189999,26400,38.502747
2011-02-23,62.844,63.278,62.601,49.380001,14600,38.651474
2011-02-24,63.342,63.342,62.473,49.360001,12800,38.635818
2011-02-25,63.827,64.121,63.725,50.18,18300,39.277664
2011-02-28,64.428,64.824,64.428,50.650002,12500,39.645542
2011-03-01,65.194,65.194,64.045,50.25,85300,39.332447
2011-03-02,64.402,64.645,64.134,50.369999,163500,39.426388
2011-03-03,65.016,65.348,64.709,51.099998,55600,39.997784
2011-03-04,65.361,65.373,64.671,50.919998,63800,39.856884
2011-03-07,65.795,65.795,64.415,50.52,16500,39.543793
2011-03-08,64.671,65.054,64.671,50.759998,13400,39.731659
2011-03-09,65.156,65.156,64.76,50.939999,16500,39.872543
2011-03-10,64.313,64.313,63.559,49.849998,19200,39.019356
2011-03-11,63.048,63.815,63.048,49.919998,9700,39.074154
2011-03-14,62.473,62.588,62.039,48.990002,21600,38.346214
2011-03-15,59.841,61.068,59.267,47.689999,142600,37.328655
2011-03-16,60.595,60.685,58.985,46.599998,36400,36.475471
2011-03-17,60.8,61.196,60.582,47.759998,11800,37.383438
2011-03-18,61.924,62.384,61.924,48.75,5400,38.158356
2011-03-21,63.01,63.84,63.01,49.919998,49100,39.074154
2011-03-22,63.687,63.687,63.099,49.639999,44900,38.854988
2011-03-23,63.355,63.955,62.92,49.959999,60200,39.105465
2011-03-24,64.326,64.479,63.738,50.43,28200,39.473347
2011-03-25,64.032,64.236,63.776,49.919998,38600,39.074154
2011-03-28,63.815,63.866,63.559,49.75,34200,38.941086
2011-03-29,63.406,63.776,63.265,49.849998,50400,39.019356
2011-03-30,64.415,64.722,64.172,50.57,125100,39.582928
2011-03-31,64.607,64.735,64.492,50.59,93200,39.598591
2011-04-01,65.143,65.386,64.735,51.09,133800,39.989956
2011-04-04,65.59,65.59,65.194,51.130001,17300,40.021259
2011-04-05,65.194,65.578,64.798,51.150002,19200,40.036919
2011-04-06,65.603,65.935,65.603,51.549999,26400,40.35001
2011-04-07,65.501,65.642,64.952,51.07,42500,39.9743
2011-04-08,65.987,66.012,65.539,51.48,61300,40.295223
2011-04-11,65.897,65.897,65.079,51.029999,54400,39.942978
2011-04-12,65.156,65.156,64.645,50.720001,13000,39.700348
2011-04-13,65.399,65.565,64.977,50.880001,17600,39.825581
2011-04-14,65.45,65.757,65.156,51.41,15000,40.240425
2011-04-15,65.705,65.846,65.373,51.419998,15800,40.248253
2011-04-18,65.041,65.041,64.07,50.610001,78300,39.614246
2011-04-19,64.709,65.079,64.709,50.939999,12600,39.872543
2011-04-20,66.025,66.102,65.795,51.650002,26700,40.428288
2011-04-21,66.434,66.574,66.255,51.970001,28200,40.678764
2011-04-25,66.689,66.689,66.063,51.98,30600,40.686584
2011-04-26,66.945,66.957,66.434,52.290001,31400,40.929241
2011-04-27,67.021,67.366,66.383,52.650002,247000,41.211025
2011-04-28,67.136,67.251,66.855,52.529999,21500,41.117088
2011-04-29,67.52,67.673,67.29,52.849998,108000,41.367554
2011-05-02,68.133,68.133,67.405,52.869999,28000,41.383217
2011-05-03,67.354,67.354,66.625,52.279999,15000,40.92141
2011-05-04,67.021,67.021,65.884,51.830002,45000,40.569172
2011-05-05,65.935,65.935,64.977,51.040001,39200,39.950813
2011-05-06,66.523,66.574,65.603,51.5,15100,40.310875
2011-05-09,66.153,66.331,65.808,51.900002,16000,40.623974
2011-05-10,66.306,66.843,66.306,52.279999,10100,40.92141
2011-05-11,66.536,66.536,65.373,51.34,23800,40.185638
2011-05-12,65.59,65.974,65.079,51.580002,16000,40.373501
2011-05-13,65.935,65.935,64.811,50.98,98300,39.903854
2011-05-16,65.041,65.322,64.671,50.790001,26800,39.755135
2011-05-17,64.888,65.233,64.479,51.049999,23700,39.958645
2011-05-18,65.297,66.114,65.297,51.630001,17100,40.412636
2011-05-19,66.383,66.421,65.897,51.860001,11600,40.592663
2011-05-20,65.923,66.204,65.527,51.470001,16000,40.287392
2011-05-23,64.709,64.747,64.351,50.619999,16700,39.62207
2011-05-24,65.156,65.194,64.85,50.900002,18500,39.841232
2011-05-25,64.952,65.348,64.837,51.02,21300,39.935165
2011-05-26,65.361,65.68,65.079,51.32,23800,40.169971
2011-05-27,66.191,66.357,65.948,51.790001,10600,40.537868
2011-05-31,67.43,67.43,66.804,52.630001,18300,41.195366
2011-06-01,67.111,67.111,65.948,51.669998,50400,40.443935
2011-06-02,66.689,66.689,65.935,52.02,18500,40.717899
2011-06-03,65.859,66.702,65.808,51.900002,9400,40.623974
2011-06-06,65.897,66.242,65.59,51.419998,20600,40.248253
2011-06-07,66.025,66.51,66.025,51.740002,9900,40.498734
2011-06-08,65.961,65.961,65.437,51.23,31100,40.099533
2011-06-09,65.795,66.165,65.488,51.700001,27100,40.467419
2011-06-10,65.539,65.539,64.594,50.689999,24600,39.676857
2011-06-13,65.143,65.143,64.402,50.68,17000,39.669029
2011-06-14,65.68,65.91,65.45,51.439999,14500,40.263908
2011-06-15,65.092,65.092,64.109,50.290001,12200,39.36377
2011-06-16,63.994,64.249,63.406,50.110001,105100,39.222874
2011-06-17,64.556,64.556,64.108,50.240002,12900,39.324635
2011-06-20,63.789,64.045,63.623,50,46400,39.136768
2011-06-21,64.39,64.901,64.3,50.77,37500,39.739479
2011-06-22,64.223,64.709,64.134,50.200001,139500,39.29332
2011-06-23,63.725,63.994,63.24,50.09,142600,39.207218
2011-06-24,64.147,64.3,63.597,49.939999,69800,39.089809
2011-06-27,63.508,64.313,63.419,50.259998,17400,39.340275
2011-06-28,64.364,64.875,64.313,50.779999,16500,39.747299
2011-06-29,65.169,65.539,64.964,51.220001,134500,40.091713
2011-06-30,65.923,66.434,65.923,51.950001,29600,40.663105
2011-07-01,65.999,66.996,65.999,52.400002,31000,41.015331
2011-07-05,67.085,67.085,66.638,52.369999,105900,40.991848
2011-07-06,66.843,66.843,66.434,52.23,17500,40.882275
2011-07-07,67.021,67.405,67.009,52.630001,29400,41.195366
2011-07-08,66.919,66.919,66.472,52.310001,26200,40.944885
2011-07-11,66.012,66.012,65.22,51.130001,23000,40.021259
2011-07-12,65.156,65.309,64.99,50.900002,21800,39.841232
2011-07-13,65.757,66.357,64.99,51.389999,41900,40.224773
2011-07-14,65.629,66.076,65.194,51.130001,10000,40.021259
2011-07-15,65.412,65.693,65.258,51.279999,40800,40.138672
2011-07-18,65.067,65.067,64.428,50.639999,32100,39.637714
2011-07-19,65.348,65.642,65.233,51.360001,13700,40.201294
2011-07-20,65.948,66.14,65.795,51.560001,7400,40.357838
2011-07-21,66.331,66.881,66.331,52.169998,19500,40.8353
2011-07-22,66.996,66.996,66.574,52.290001,35200,40.929241
2011-07-25,66.74,66.843,66.549,52.240002,17500,40.890095
2011-07-26,66.919,67.175,66.689,52.279999,19200,40.92141
2011-07-27,66.753,66.932,65.833,51.720001,60800,40.483078
2011-07-28,66.217,66.561,65.935,51.68,63600,40.451763
2011-07-29,66.025,66.689,66.025,52.040001,28000,40.733555
2011-08-01,66.791,66.894,65.731,51.889999,40800,40.616135
2011-08-02,66.14,66.293,65.028,50.98,15900,39.903854
2011-08-03,65.348,65.348,64.198,50.950001,35400,39.880367
2011-08-04,63.444,63.457,61.566,48.240002,51300,37.759151
2011-08-05,61.975,62.026,59.624,47.919998,33700,37.508675
2011-08-08,59.113,59.177,56.507,44.23,61900,34.620392
2011-08-09,58.423,60.174,57.337,47.099998,59300,36.866837
2011-08-10,58.743,58.743,57.248,44.84,156400,35.097855
2011-08-11,58.117,60.25,57.81,46.77,59800,36.60854
2011-08-12,60.25,60.25,59.573,46.93,30300,36.733772
2011-08-15,60.825,61.323,60.723,48,42100,37.571301
2011-08-16,60.761,61.017,60.34,47.529999,17000,37.203419
2011-08-17,61.4,61.656,60.544,47.650002,212200,37.29734
2011-08-18,59.241,59.241,57.951,45.630001,118800,35.716225
2011-08-19,57.951,59.139,57.938,45.380001,27100,35.520527
2011-08-22,59.139,59.139,57.925,45.709999,14000,35.778835
2011-08-23,58.717,59.688,58.717,46.720001,13200,36.569397
2011-08-24,59.203,59.765,58.934,46.599998,31000,36.475471
2011-08-25,59.675,59.675,58.347,45.860001,14900,35.896248
2011-08-26,58.308,59.381,58.002,46.369999,10400,36.295448
2011-08-29,60.186,60.889,60.186,47.549999,15200,37.219067
2011-08-30,60.8,61.132,60.391,47.830002,27200,37.438232
2011-08-31,61.886,62.218,61.528,48.389999,66300,37.876568
2011-09-01,62.052,62.345,61.387,48.169998,33000,37.704365
2011-09-02,60.71,60.94,60.365,47.400002,10200,37.101654
2011-09-06,59.075,59.382,58.372,46.470001,35800,36.373711
2011-09-07,59.956,60.634,59.918,47.290001,6600,37.015556
2011-09-08,59.854,60.122,59.254,46.5,58300,36.397202
2011-09-09,58.551,58.551,57.516,45.209999,17900,35.38747
2011-09-12,57.171,57.593,56.507,45.080002,32200,35.285717
2011-09-13,57.465,57.657,56.711,44.889999,7900,35.13699
2011-09-14,56.929,57.35,56.085,44.75,16600,35.027409
2011-09-15,57.465,57.695,57.069,45.119999,8700,35.31702
2011-09-16,57.823,58.129,57.465,45.32,33900,35.473568
2011-09-19,56.379,56.66,55.906,44.349998,46100,34.714321
2011-09-20,56.647,56.826,56.124,44.099998,14500,34.518627
2011-09-21,56.277,56.277,54.552,42.700001,32500,33.42281
2011-09-22,53.109,53.109,51.869,41.029999,35900,32.115635
2011-09-23,52.713,53.16,52.713,41.349998,9600,32.366112
2011-09-26,52.61,53.275,52.125,41.689999,20000,32.632236
2011-09-27,54.118,54.987,54.118,42.490002,26000,33.258434
2011-09-28,54.603,54.603,53.428,41.82,19800,32.733997
2011-09-29,54.936,54.936,53.505,42.389999,23900,33.180153
2011-09-30,53.287,53.326,52.38,41,27900,32.092152
2011-10-03,52.125,52.278,50.975,39.900002,32200,31.23114
2011-10-04,50.132,51.588,49.979,40.380001,30000,31.606855
2011-10-05,51.652,52.585,51.269,41.060001,25100,32.139118
2011-10-06,52.636,53.837,52.534,42.139999,9000,32.984474
2011-10-07,54.105,54.297,53.53,41.900002,54900,32.796612
2011-10-10,54.425,55.485,54.425,43.299999,16300,33.892445
2011-10-11,54.297,55.255,54.297,43.049999,8200,33.696751
2011-10-12,55.881,56.941,55.881,44.119999,14900,34.534283
2011-10-13,56.647,56.916,56.149,44.450001,10000,34.792591
2011-10-14,57.58,57.58,57.044,44.950001,4300,35.18396
2011-10-17,57.836,57.836,56.443,44.290001,6100,34.667347
2011-10-18,56.418,57.261,55.664,44.52,18500,34.847382
2011-10-19,56.967,56.967,55.97,43.919998,18800,34.377735
2011-10-20,56.047,56.047,55.14,43.68,16600,34.189884
2011-10-21,56.136,56.877,56.136,44.52,15800,34.847382
2011-10-24,57.261,58.168,57.261,45.349998,18500,35.497044
2011-10-25,57.491,57.491,56.852,44.5,19200,34.831726
2011-10-26,57.159,57.235,56.584,44.75,8100,35.027409
2011-10-27,59.509,60.493,59.369,47.09,36200,36.859009
2011-10-28,60.008,60.442,59.905,47.290001,11600,37.015556
2011-10-31,58.922,58.922,58.117,45.490002,25700,35.606636
2011-11-01,56.226,57.018,56.213,44.389999,58000,34.745628
2011-11-02,57.759,57.759,56.954,44.91,9900,35.152645
2011-11-03,58.168,58.206,57.312,45.560001,9100,35.661423
2011-11-04,58.078,58.078,57.274,45.23,38000,35.403122
2011-11-07,57.785,58.129,57.222,45.400002,34200,35.53619
2011-11-08,57.797,58.551,57.644,45.830002,23600,35.872768
2011-11-09,57.005,57.222,55.855,43.869999,52800,34.338593
2011-11-10,56.507,56.941,55.907,43.990002,44700,34.432529
2011-11-11,56.481,57.299,56.469,44.68,16000,34.972614
2011-11-14,56.775,56.775,56.06,44.009998,13300,34.448181
2011-11-15,56.213,56.558,55.664,44.110001,15000,34.526463
2011-11-16,55.242,55.664,54.693,42.82,57400,33.516727
2011-11-17,54.667,54.821,53.696,42.119999,51700,32.968815
2011-11-18,54.706,54.706,53.977,42.41,23200,33.195805
2011-11-21,53.173,53.173,52.278,41.330002,28700,32.350449
2011-11-22,52.904,53.147,52.534,41.459999,33400,32.452213
2011-11-23,52.406,52.406,51.639,40.439999,33700,31.653818
2011-11-25,51.614,52.304,51.614,40.5,6800,31.700785
2011-11-28,53.684,53.684,53.019,41.82,24600,32.733997
2011-11-29,53.837,54.028,53.53,42.02,16600,32.890541
2011-11-30,55.753,56.328,55.753,44.09,55200,34.510803
2011-12-01,55.907,55.996,55.664,43.709999,16300,34.213364
2011-12-02,56.341,56.341,55.574,43.630001,16500,34.150738
2011-12-05,56.213,56.481,55.83,43.919998,38800,34.377735
2011-12-06,55.804,55.983,55.549,43.630001,36100,34.150738
2011-12-07,55.485,56.188,55.28,43.849998,73100,34.322945
2011-12-08,55.485,55.485,54.131,42.369999,73600,33.164497
2011-12-09,54.693,55.191,54.68,43.049999,10400,33.696751
2011-12-12,53.977,53.977,53.147,41.790001,30300,32.710518
2011-12-13,53.786,54.105,52.84,41.470001,22700,32.460037
2011-12-14,52.828,52.93,52.214,40.91,77100,32.021709
2011-12-15,53.032,53.032,52.61,41.259998,72600,32.295658
2011-12-16,52.891,53.262,52.636,41.279999,43000,32.311317
2011-12-19,52.7,52.7,51.818,40.650002,58700,31.818197
2011-12-20,53.134,53.837,53.134,42.119999,36700,32.968815
2011-12-21,50.177,50.177,49.534,40.349998,42200,32.616383
2011-12-22,50.14,50.709,50.14,40.91,44200,33.069054
2011-12-23,50.858,50.858,50.536,41.049999,36500,33.18222
2011-12-27,50.783,50.845,50.672,41.009998,41900,33.149876
2011-12-28,50.709,50.721,49.781,40.380001,71600,32.640629
2011-12-29,50.115,50.412,49.868,40.75,69600,32.939713
2011-12-30,50.165,50.536,50.165,40.700001,94800,32.899296
2012-01-03,51.389,51.736,51.08,41.66,40300,33.675304
2012-01-04,51.476,51.526,51.055,41.490002,35100,33.537884
2012-01-05,51.093,51.13,50.721,41.330002,22200,33.40855
2012-01-06,51.105,51.105,50.412,40.869999,18400,33.036713
2012-01-09,51.006,51.006,50.536,41.09,22700,33.214546
2012-01-10,51.736,52.02,51.538,41.759998,46300,33.756126
2012-01-11,51.526,51.686,51.278,41.75,76800,33.748055
2012-01-12,52.02,52.119,51.761,42.130001,15600,34.055225
2012-01-13,51.785,51.798,51.34,41.790001,24200,33.780384
2012-01-17,52.627,52.701,52.367,42.400002,53200,34.273468
2012-01-18,52.726,53.307,52.713,43.080002,76400,34.823139
2012-01-19,54.074,54.42,53.74,43.759998,30900,35.37281
2012-01-20,54.458,54.693,54.26,44.200001,31600,35.728474
2012-01-23,55.027,55.274,54.829,44.540001,24900,36.003304
2012-01-24,54.495,54.792,54.408,44.279999,40700,35.79314
2012-01-25,54.878,55.46,54.458,44.740002,45600,36.164982
2012-01-26,56.128,56.128,55.336,44.830002,29300,36.237736
2012-01-27,55.348,55.732,55.286,44.93,43500,36.318558
2012-01-30,54.952,55.088,54.655,44.470001,40200,35.94672
2012-01-31,55.534,55.559,54.853,44.560001,24800,36.019478
2012-02-01,56.053,56.251,55.756,45.32,29200,36.633812
2012-02-02,56.288,56.412,56.128,45.459999,14300,36.746975
2012-02-03,56.709,56.882,56.474,45.889999,19000,37.094566
2012-02-06,56.35,56.474,56.239,45.650002,23900,36.900558
2012-02-07,56.486,56.585,56.14,45.689999,22400,36.932896
2012-02-08,56.845,57.117,56.808,46.110001,19300,37.2724
2012-02-09,57.105,57.488,57.093,46.279999,24600,37.409813
2012-02-10,56.635,56.635,56.301,45.599998,27700,36.860149
2012-02-13,57.055,57.055,56.622,45.93,10100,37.126888
2012-02-14,56.944,57.093,56.573,45.91,34000,37.110737
2012-02-15,57.612,57.921,57.439,46.470001,86800,37.5634
2012-02-16,57.513,58.082,57.377,46.950001,30700,37.951405
2012-02-17,58.726,58.726,58.28,47.259998,28700,38.201981
2012-02-21,58.528,58.528,58.119,47.080002,62300,38.056484
2012-02-22,58.317,58.317,57.996,47.009998,10300,37.999901
2012-02-23,58.268,58.565,58.082,47.290001,26200,38.226238
2012-02-24,59.01,59.134,58.787,47.650002,62700,38.517239
2012-02-27,58.503,58.763,58.119,47.400002,279700,38.315155
2012-02-28,59.06,59.369,59.06,47.990002,29000,38.792076
2012-02-29,59.653,59.653,58.824,47.639999,41200,38.509159
2012-03-01,59.097,59.183,58.837,47.799999,99000,38.638485
2012-03-02,59.072,59.233,58.899,47.849998,32400,38.678902
2012-03-05,59.146,59.146,58.565,47.540001,33400,38.428322
2012-03-06,57.526,57.526,56.771,46.080002,34200,37.248146
2012-03-07,57.575,57.798,57.303,46.669998,21500,37.725063
2012-03-08,58.676,59.159,58.565,47.77,30500,38.614246
2012-03-09,59.072,59.134,58.688,47.48,20500,38.379814
2012-03-12,58.849,58.849,58.367,47.389999,19400,38.307072
2012-03-13,59.208,59.765,59.047,48.310001,28700,39.050735
2012-03-14,59.678,59.678,58.998,47.77,40800,38.614246
2012-03-15,59.394,59.542,59.146,48.049999,12700,38.840572
2012-03-16,59.827,59.827,59.53,48.349998,15400,39.083073
2012-03-19,59.418,59.641,59.27,48.07,27000,38.856731
2012-03-20,59.022,59.022,58.627,47.560001,38300,38.444492
2012-03-21,58.639,58.639,58.255,47.310001,30800,38.242405
2012-03-22,58.02,58.02,57.6,46.77,24700,37.805901
2012-03-23,57.81,57.971,57.464,46.849998,21000,37.870567
2012-03-26,58.664,58.849,58.392,47.57,19700,38.452568
2012-03-27,59.109,59.134,58.8,47.580002,47300,38.460663
2012-03-28,58.787,58.787,58.107,47.16,21700,38.121159
2012-03-29,57.389,57.798,57.167,46.529999,64900,37.611904
2012-03-30,58.169,58.218,57.822,47.009998,21800,37.999901
2012-04-02,58.02,58.911,58.02,47.52,23900,38.412159
2012-04-03,58.874,58.874,58.02,47.150002,22900,38.113075
2012-04-04,57.649,57.649,57.093,46.400002,27700,37.506817
2012-04-05,57.179,57.773,57.179,46.549999,19500,37.628059
2012-04-09,57.216,57.439,57.093,46.360001,17300,37.474487
2012-04-10,57.439,57.439,56.412,45.689999,49400,36.932896
2012-04-11,57.427,57.513,57.105,46.240002,17500,37.377483
2012-04-12,57.612,58.218,57.612,46.990002,24700,37.983738
2012-04-13,58.255,58.255,57.686,46.639999,15800,37.700813
2012-04-16,57.897,57.959,57.538,46.689999,11300,37.741238
2012-04-17,58.144,58.478,57.872,47.150002,8100,38.113075
2012-04-18,58.342,58.392,58.07,47.119999,19000,38.088818
2012-04-19,58.392,58.404,57.822,46.950001,13200,37.951405
2012-04-20,58.404,58.8,58.268,47.360001,9500,38.282829
2012-04-23,57.798,57.81,57.352,46.709999,32100,37.757404
2012-04-24,58.107,58.54,58.107,47.040001,9700,38.024151
2012-04-25,59.022,59.022,58.688,47.669998,15300,38.533405
2012-04-26,58.874,59.369,58.763,47.900002,24900,38.719326
2012-04-27,59.455,59.455,59.121,47.950001,56000,38.759731
2012-04-30,59.344,59.344,58.973,47.889999,21900,38.711239
2012-05-01,59.146,59.604,58.787,47.93,29000,38.743568
2012-05-02,58.849,59.332,58.849,47.93,20000,38.743568
2012-05-03,59.344,59.344,58.837,47.619999,14400,38.492989
2012-05-04,58.812,58.812,58.144,47.049999,16800,38.032238
2012-05-07,58.169,58.54,58.144,47.25,18700,38.193901
2012-05-08,58.082,58.602,57.29,46.790001,39900,37.822067
2012-05-09,57.068,57.365,56.709,46.130001,29000,37.288567
2012-05-10,57.723,57.723,57.154,46.209999,22000,37.35323
2012-05-11,56.845,57.241,56.759,45.900002,12300,37.102654
2012-05-14,56.091,56.301,55.917,45.23,21000,36.561054
2012-05-15,56.091,56.091,55.398,44.82,35700,36.229641
2012-05-16,55.509,55.534,54.816,44.349998,24000,35.849724
2012-05-17,55.175,55.175,54.309,43.93,38800,35.51022
2012-05-18,54.618,54.643,53.827,43.509998,46000,35.170727
2012-05-21,54.321,55.15,54.321,44.52,16900,35.987141
2012-05-22,55.323,55.46,54.594,44.18,20300,35.712311
2012-05-23,54.556,54.668,53.839,44.130001,22900,35.671894
2012-05-24,54.915,54.915,53.851,43.779999,92500,35.388969
2012-05-25,54.062,54.42,54.062,43.869999,7600,35.461727
2012-05-29,55.336,55.559,55.039,44.790001,15900,36.205391
2012-05-30,54.668,54.668,54.346,43.950001,7500,35.526398
2012-05-31,54.73,54.928,54.247,44.32,26000,35.825481
2012-06-01,53.814,54.012,53.567,43.310001,30800,35.009056
2012-06-04,53.678,53.678,53.22,43.310001,30500,35.009056
2012-06-05,53.926,54.074,53.604,43.709999,29600,35.33239
2012-06-06,55.237,55.831,55.002,45.119999,30500,36.472141
2012-06-07,56.61,56.61,55.62,44.959999,27500,36.342808
2012-06-08,55.175,55.509,54.754,44.869999,19500,36.270061
2012-06-11,55.979,55.979,54.878,44.369999,20200,35.865891
2012-06-12,55.398,55.967,55.361,45.240002,24400,36.569145
2012-06-13,55.756,55.979,55.311,44.709999,49300,36.140728
2012-06-14,55.756,55.954,55.559,45.189999,15500,36.528732
2012-06-15,56.375,56.709,56.301,45.720001,20000,36.957146
2012-06-18,56.771,56.919,56.449,45.959999,36700,37.15115
2012-06-19,57.229,57.847,57.229,46.619999,47900,37.684647
2012-06-20,57.86,57.971,57.488,46.57,22700,37.644234
2012-06-21,57.501,57.501,56.103,45.380001,177200,36.682312
2012-06-22,56.239,56.882,56.239,45.830002,23700,37.046078
2012-06-25,56.561,56.561,55.843,45.419998,19700,36.714642
2012-06-26,56.66,56.82,56.326,45.849998,18400,37.062233
2012-06-27,57.538,57.6,57.303,46.52,12300,37.603817
2012-06-28,57.352,57.587,56.932,46.48,32700,37.57148
2012-06-29,59.01,59.183,58.33,47.799999,47000,38.638485
2012-07-02,59.554,59.604,59.134,48.18,29600,38.94566
2012-07-03,59.468,60.062,59.468,48.43,9000,39.147739
2012-07-05,60.049,60.049,59.381,48.18,61000,38.94566
2012-07-06,59.666,59.666,59.084,48.080002,29300,38.864819
2012-07-09,59.27,59.27,58.874,47.830002,20500,38.662735
2012-07-10,59.653,59.653,58.627,47.389999,22700,38.307072
2012-07-11,59.072,59.418,58.973,47.919998,11200,38.735489
2012-07-12,58.701,58.899,58.416,47.490002,42400,38.387905
2012-07-13,59.146,59.666,59.01,48.169998,68800,38.937569
2012-07-16,59.592,59.715,59.22,48.150002,15000,38.921406
2012-07-17,60.433,60.445,59.74,48.82,28300,39.462982
2012-07-18,60.198,60.606,59.888,48.900002,37900,39.52766
2012-07-19,60.556,60.816,60.396,49.119999,28100,39.705486
2012-07-20,60.099,60.099,59.728,48.330002,17000,39.06691
2012-07-23,58.923,59.22,58.565,47.84,36100,38.670822
2012-07-24,59.06,59.084,58.379,47.470001,18300,38.371742
2012-07-25,59.344,59.431,58.923,47.84,86400,38.670822
2012-07-26,60.309,60.495,60.012,48.790001,23500,39.438736
2012-07-27,60.779,61.534,60.606,49.580002,17600,40.077328
2012-07-30,61.15,61.262,60.915,49.360001,30500,39.89949
2012-07-31,61.274,61.361,60.866,49.200001,46600,39.770157
2012-08-01,61.744,61.744,61.076,49.43,49900,39.956078
2012-08-02,60.816,61.101,60.297,48.990002,31300,39.60041
2012-08-03,61.855,62.499,61.781,50.25,110400,40.618912
2012-08-06,62.486,62.66,62.288,50.349998,47000,40.699749
2012-08-07,62.61,62.709,62.239,50.419998,19600,40.756329
2012-08-08,62.128,62.35,61.855,50.25,47500,40.618912
2012-08-09,62.103,62.227,61.967,50.16,34900,40.546162
2012-08-10,62.004,62.152,61.756,50.240002,28600,40.610825
2012-08-13,62.227,62.227,61.794,50.130001,44600,40.521912
2012-08-14,62.165,62.165,61.707,49.959999,29100,40.384491
2012-08-15,61.954,61.954,61.645,49.959999,33600,40.384491
2012-08-16,61.917,62.165,61.67,50.110001,36300,40.505741
2012-08-17,62.227,62.227,61.905,50.200001,38400,40.578499
2012-08-20,62.103,62.103,61.645,50.119999,32800,40.513832
2012-08-21,62.227,62.424,61.818,50.040001,52900,40.449165
2012-08-22,61.979,62.326,61.707,50.27,32800,40.635075
2012-08-23,62.363,62.363,61.781,50,28900,40.416824
2012-08-24,61.855,62.14,61.633,50.110001,19200,40.505741
2012-08-27,62.202,62.202,61.62,49.869999,39400,40.311745
2012-08-28,61.695,61.868,61.596,49.939999,29300,40.368328
2012-08-29,62.202,62.202,61.744,49.93,17900,40.360241
2012-08-30,61.472,61.472,60.89,49.299999,21400,39.850998
2012-08-31,61.571,62.783,61.274,50.75,29500,41.023079
2012-09-04,61.893,61.893,61.2,49.73,41400,40.198586
2012-09-05,61.62,61.682,61.224,49.599998,45700,40.093494
2012-09-06,62.004,62.561,61.657,50.549999,86700,40.861416
2012-09-07,63.241,63.241,63.08,51.029999,33900,41.249416
2012-09-10,63.13,63.13,62.486,50.619999,61200,40.917992
2012-09-11,63.191,63.266,62.956,51.119999,16900,41.322166
2012-09-12,63.921,63.921,63.575,51.52,38100,41.6455
2012-09-13,63.872,64.985,63.6,52.310001,43600,42.284088
2012-09-14,65.641,65.888,65.307,52.880001,182200,42.744835
2012-09-17,65.369,65.369,64.763,52.450001,141200,42.397251
2012-09-18,64.824,64.899,64.602,52.349998,59100,42.316422
2012-09-19,64.973,65.01,64.639,52.439999,37700,42.389172
2012-09-20,64.503,64.589,64.169,52.200001,36600,42.195168
2012-09-21,65.084,65.084,64.577,52.200001,25600,42.195168
2012-09-24,62.825,62.947,62.532,51.439999,42700,42.175488
2012-09-25,63.362,63.545,62.349,51.119999,30600,41.913128
2012-09-26,62.752,62.752,62.203,51.200001,25300,41.978718
2012-09-27,63.081,63.423,62.764,51.860001,35400,42.519855
2012-09-28,63.191,63.191,62.532,51.43,43400,42.167286
2012-10-01,63.154,63.362,62.703,51.509998,91800,42.23288
2012-10-02,63.166,63.423,62.605,51.5,27000,42.224678
2012-10-03,62.825,63.288,62.813,51.68,24800,42.372265
2012-10-04,63.618,63.764,63.301,52.259998,28000,42.847797
2012-10-05,64.106,64.106,63.532,52.09,40600,42.708424
2012-10-08,63.374,63.374,63.093,51.790001,11700,42.462456
2012-10-09,63.24,63.301,62.776,51.610001,55800,42.314869
2012-10-10,63.179,63.179,62.764,51.540001,23100,42.257481
2012-10-11,63.447,63.447,63.057,51.75,43900,42.429661
2012-10-12,63.459,63.484,63.057,51.77,33700,42.446053
2012-10-15,63.654,63.813,63.252,52.220001,63400,42.815006
2012-10-16,64.337,64.557,64.228,52.889999,63300,43.36433
2012-10-17,64.898,65.033,64.557,53.220001,77900,43.634911
2012-10-18,64.752,64.837,64.398,52.889999,72700,43.36433
2012-10-19,64.459,64.459,63.593,52.400002,45500,42.962589
2012-10-22,64.447,64.569,64.154,52.919998,31100,43.388935
2012-10-23,63.971,63.971,63.264,52.130001,83700,42.741219
2012-10-24,64.362,64.594,64.093,52.630001,28200,43.151165
2012-10-25,64.886,64.886,64.398,53.07,25500,43.511917
2012-10-26,64.569,64.569,64.13,52.799999,34600,43.29055
2012-10-31,64.813,65.24,64.118,52.889999,58000,43.36433
2012-11-01,64.947,65.496,64.837,53.619999,79900,43.962868
2012-11-02,65.508,65.85,64.776,53.310001,56300,43.708694
2012-11-05,65.167,65.264,64.789,53.509998,51600,43.872677
2012-11-06,65.337,65.74,65.106,53.779999,61000,44.094044
2012-11-07,65.216,65.216,64.264,53.009998,88700,43.462734
2012-11-08,64.752,64.752,63.935,52.450001,48700,43.003586
2012-11-09,64.093,64.313,63.801,52.419998,28700,42.978992
2012-11-12,64.264,64.264,63.935,52.5,46800,43.044571
2012-11-13,63.776,63.996,63.545,52.220001,38500,42.815006
2012-11-14,64.154,64.179,62.996,51.950001,124100,42.593639
2012-11-15,63.349,63.606,63.24,52.09,39800,42.708424
2012-11-16,63.484,63.728,63.142,52.220001,38700,42.815006
2012-11-19,64.496,64.679,64.215,53.029999,64100,43.479126
2012-11-20,64.325,64.386,64.008,52.790001,27900,43.282352
2012-11-21,64.423,64.423,64.057,52.73,36100,43.233166
2012-11-23,64.947,65.435,64.947,53.650002,23700,43.987457
2012-11-26,65.35,65.35,64.789,53.560001,52300,43.91367
2012-11-27,65.508,65.52,65.094,53.389999,39000,43.774292
2012-11-28,65.081,65.655,64.85,53.790001,57100,44.102249
2012-11-29,66.021,66.167,65.813,54.25,30500,44.479397
2012-11-30,66.289,66.325,66.033,54.279999,86600,44.503994
2012-12-03,66.777,66.777,66.203,54.360001,70900,44.569588
2012-12-04,66.606,66.63,66.362,54.48,69400,44.667973
2012-12-05,66.63,66.838,66.325,54.529999,51000,44.708969
2012-12-06,66.789,66.813,66.472,54.779999,40300,44.91394
2012-12-07,67.094,67.277,66.935,55.099998,49900,45.176308
2012-12-10,67.411,67.448,67.143,55.27,163700,45.315693
2012-12-11,67.289,67.447,67.204,55.209999,60200,45.26651
2012-12-12,67.362,67.801,67.326,55.310001,1e+05,45.348492
2012-12-13,67.472,67.472,66.96,55.060001,61600,45.143509
2012-12-14,67.606,67.74,67.423,55.349998,107700,45.381283
2012-12-17,67.801,67.984,67.594,55.639999,86900,45.619061
2012-12-18,68.057,68.399,67.874,56.040001,108100,45.947014
2012-12-19,68.496,68.496,68.179,55.900002,174400,45.832233
2012-12-20,63.414,63.577,63.051,54.400002,129400,46.547562
2012-12-21,62.958,63.378,62.853,54.189999,130500,46.367874
2012-12-24,63.472,63.472,62.993,54.07,59800,46.265186
2012-12-26,63.787,64.126,63.32,54.349998,85600,46.504776
2012-12-27,63.717,63.834,63.262,54.52,117900,46.650234
2012-12-28,63.367,63.507,63.25,54.189999,116700,46.367874
2012-12-31,63.554,64.442,63.495,55.029999,153300,47.086624
2013-01-02,65.003,65.283,64.851,55.860001,158900,47.79681
2013-01-03,64.863,64.945,64.442,55.380001,747300,47.386101
2013-01-04,64.465,64.781,64.36,55.349998,158200,47.360428
2013-01-07,64.746,64.804,64.489,55.450001,209500,47.445995
2013-01-08,64.395,64.395,63.858,54.799999,195400,46.889812
2013-01-09,64.746,64.839,64.629,55.369999,178600,47.377548
2013-01-10,65.318,65.318,64.828,55.82,106000,47.762581
2013-01-11,64.886,64.956,64.629,55.470001,111400,47.463112
2013-01-14,65.178,65.178,64.828,55.599998,165200,47.574337
2013-01-15,65.026,65.225,64.933,55.68,204700,47.642799
2013-01-16,64.968,65.131,64.804,55.709999,84100,47.668461
2013-01-17,65.155,65.342,64.886,55.700001,140400,47.659912
2013-01-18,65.096,65.143,64.804,55.650002,144900,47.617126
2013-01-22,65.155,65.155,64.816,55.619999,193400,47.591446
2013-01-23,64.933,64.933,64.606,55.369999,150900,47.377548
2013-01-24,65.108,65.237,64.839,55.560001,115600,47.540112
2013-01-25,64.956,65.132,64.769,55.610001,124300,47.58289
2013-01-28,65.096,65.096,64.641,55.349998,224800,47.360428
2013-01-29,65.003,65.143,64.816,55.709999,76300,47.668461
2013-01-30,65.412,65.599,65.33,55.959999,81100,47.882378
2013-01-31,65.482,65.576,65.248,55.919998,158700,47.848148
2013-02-01,65.564,65.681,65.26,56.080002,108900,47.985058
2013-02-04,65.307,65.307,64.454,55.279999,144800,47.300537
2013-02-05,64.734,64.734,64.395,55.330002,142400,47.343315
2013-02-06,64.454,64.641,64.267,55.310001,134800,47.326202
2013-02-07,64.512,64.617,63.752,54.849998,115000,46.932598
2013-02-08,64.103,64.535,64.103,55.16,129900,47.197857
2013-02-11,64.606,64.629,64.36,55.259998,101600,47.283417
2013-02-12,64.594,64.746,64.36,55.310001,73700,47.326202
2013-02-13,65.085,65.085,64.734,55.5,95100,47.488777
2013-02-14,64.617,64.734,64.512,55.330002,93100,47.343315
2013-02-15,64.839,64.839,64.395,55.200001,109400,47.232075
2013-02-19,64.956,65.096,64.886,55.68,117700,47.642799
2013-02-20,65.155,65.155,64.384,55.119999,244900,47.163624
2013-02-21,64.325,64.348,63.752,54.709999,142100,46.812813
2013-02-22,64.465,64.465,63.939,54.93,157200,47.001049
2013-02-25,64.793,64.793,63.484,54.32,64700,46.479111
2013-02-26,64.045,64.524,63.986,54.990002,106000,47.052395
2013-02-27,64.524,65.365,64.524,55.880001,90600,47.813931
2013-02-28,65.377,65.809,65.295,55.869999,111400,47.805367
2013-03-01,65.704,65.833,65.424,56.259998,82500,48.139076
2013-03-04,65.599,65.716,65.342,56.189999,403300,48.079178
2013-03-05,65.903,65.961,65.704,56.330002,177400,48.198963
2013-03-06,66.265,66.277,65.926,56.560001,101400,48.395771
2013-03-07,66.452,66.452,66.172,56.68,112300,48.498447
2013-03-08,66.289,66.359,65.95,56.720001,84600,48.532677
2013-03-11,66.312,66.324,65.996,56.599998,59100,48.429996
2013-03-12,66.02,66.113,65.576,56.18,104400,48.070618
2013-03-13,65.646,65.646,65.283,55.990002,126100,47.908051
2013-03-14,65.961,66.289,65.915,56.720001,43400,48.532677
2013-03-15,66.289,66.289,66.031,56.650002,59000,48.472771
2013-03-18,65.692,66.031,65.494,56.189999,101600,48.079178
2013-03-19,65.716,65.716,64.933,55.790001,82900,47.736916
2013-03-20,65.903,65.926,65.669,56.290001,90000,48.164742
2013-03-21,65.552,65.681,65.248,55.880001,116100,47.813931
2013-03-22,65.716,66.031,65.716,56.439999,69400,48.293087
2013-03-25,66.546,66.546,65.728,56.400002,76700,48.258877
2013-03-26,66.335,66.733,66.277,57.099998,87000,48.857822
2013-03-27,66.896,67.118,66.674,57.41,126000,49.123081
2013-03-28,66.931,67.06,66.721,57.380001,107300,49.097412
2013-04-01,66.499,66.499,65.576,56.189999,104200,48.079178
2013-04-02,66.873,67.177,66.721,57.279999,110300,49.011837
2013-04-03,67.177,67.212,66.3,56.82,98100,48.61824
2013-04-04,67.504,67.784,67.387,58,81900,49.627914
2013-04-05,68.053,68.684,67.773,58.75,111400,50.269653
2013-04-08,68.708,68.977,68.416,59.02,85000,50.500675
2013-04-09,68.439,68.848,68.135,58.799999,103400,50.312435
2013-04-10,69.117,69.444,68.953,59.310001,155700,50.748817
2013-04-11,69.444,69.713,69.327,59.5,142500,50.911385
2013-04-12,70.134,70.227,69.748,59.990002,95800,51.330666
2013-04-15,69.561,69.561,68.497,58.66,134100,50.192638
2013-04-16,69.724,69.818,69.164,59.689999,68300,51.073959
2013-04-17,69.584,69.584,68.731,59.16,104500,50.620472
2013-04-18,69.502,69.502,68.953,59.099998,81100,50.56913
2013-04-19,70.262,70.461,70.122,60.240002,114800,51.544575
2013-04-22,70.321,70.356,69.806,60.09,104500,51.416229
2013-04-23,70.04,70.321,69.865,60.119999,62700,51.441895
2013-04-24,70.344,70.835,70.344,60.48,77000,51.749931
2013-04-25,71.092,71.232,70.858,60.75,69500,51.980957
2013-04-26,70.73,70.741,70.297,60.32,98200,51.613022
2013-04-29,71.127,71.384,70.835,61.080002,90300,52.263325
2013-04-30,71.559,71.735,71.197,61.32,129800,52.468674
2013-05-01,71.922,71.922,71.232,61.060001,111100,52.246216
2013-05-02,71.746,71.898,71.442,61.41,561900,52.545692
2013-05-03,71.922,72.576,71.898,62.049999,142500,53.0933
2013-05-06,72.518,72.518,72.237,61.98,134100,53.033413
2013-05-07,72.237,72.377,71.992,61.82,161100,52.896515
2013-05-08,72.237,72.319,71.992,61.860001,82700,52.930737
2013-05-09,71.922,72.085,71.314,61.18,96800,52.348892
2013-05-10,71.384,71.384,71.045,61,129800,52.19487
2013-05-13,70.881,70.917,70.648,60.599998,99900,51.852608
2013-05-14,70.262,70.461,69.421,60.220001,284000,51.527454
2013-05-15,69.865,70.005,69.549,59.73,180600,51.108192
2013-05-16,69.724,69.947,69.537,59.720001,75300,51.099644
2013-05-17,70.134,70.659,69.97,60.459999,75800,51.732815
2013-05-20,70.893,70.987,70.73,60.73,113400,51.963837
2013-05-21,70.519,70.624,70.087,60.310001,138800,51.604473
2013-05-22,70.332,70.601,69.058,59.310001,248200,50.748817
2013-05-23,67.504,67.784,66.324,57.98,216900,49.610802
2013-05-24,67.107,67.107,66.674,57.279999,130500,49.011837
2013-05-28,67.925,68.053,67.223,57.689999,133000,49.362652
2013-05-29,66.779,66.779,66.008,56.650002,210300,48.472771
2013-05-30,65.879,65.879,65.447,56.080002,254600,47.985058
2013-05-31,65.272,65.4,64.465,55.200001,198600,47.232075
2013-06-03,64.313,64.512,63.834,55.16,264600,47.197857
2013-06-04,65.26,65.622,64.699,55.59,124100,47.565788
2013-06-05,64.419,64.419,63.308,54.189999,233400,46.367874
2013-06-06,63.32,63.577,62.747,54.360001,155400,46.513332
2013-06-07,64.348,64.711,63.741,55.360001,161600,47.368984
2013-06-10,64.313,64.313,63.706,54.509998,95700,46.641682
2013-06-11,62.315,62.408,61.906,53.02,198700,45.36676
2013-06-12,62.292,62.502,61.544,52.669998,167400,45.067276
2013-06-13,61.953,63.075,61.929,53.950001,96500,46.162514
2013-06-14,63.215,63.53,62.841,53.93,58500,46.145393
2013-06-17,63.425,63.752,63.121,54.18,104300,46.359314
2013-06-18,63.46,64.045,63.46,54.709999,85200,46.812813
2013-06-19,63.764,64.056,62.42,53.41,142900,45.700459
2013-06-20,60.901,60.983,59.206,50.919998,184200,43.569889
2013-06-21,59.989,60.281,59.311,51.369999,154200,43.954922
2013-06-24,58.757,59.095,58.022,50.439999,207200,43.257694
2013-06-25,59.281,59.829,58.978,51.220001,158500,43.926624
2013-06-26,60.237,60.494,60.004,51.709999,122800,44.346863
2013-06-27,61.252,61.835,61.252,52.959999,90100,45.418854
2013-06-28,62.021,62.499,61.8,53.380001,123300,45.779057
2013-07-01,62.523,62.523,62.045,53.27,107800,45.684723
2013-07-02,62.371,62.896,62.068,53.48,71900,45.864819
2013-07-03,62.01,62.546,61.928,53.43,68700,45.821941
2013-07-05,61.963,62.943,61.963,53.529999,77500,45.907692
2013-07-08,62.231,62.395,61.881,53.209999,82300,45.633263
2013-07-09,62.22,62.581,62.161,53.529999,58000,45.907692
2013-07-10,62.29,62.511,62.033,53.220001,83500,45.641842
2013-07-11,63.654,64.54,63.479,55.349998,68300,47.468548
2013-07-12,63.899,63.969,63.549,54.650002,65600,46.868217
2013-07-15,64.144,64.47,63.957,55.290001,71200,47.417095
2013-07-16,64.179,64.237,63.899,54.880001,85800,47.065468
2013-07-17,64.423,64.423,64.015,55.150002,120900,47.29702
2013-07-18,64.307,64.365,64.039,54.970001,88600,47.142651
2013-07-19,64.272,64.307,64.015,55.110001,86700,47.262707
2013-07-22,64.353,64.68,64.237,55.369999,78900,47.485691
2013-07-23,64.715,65.03,64.482,55.57,83200,47.657219
2013-07-24,64.797,64.832,64.015,55.099998,69900,47.254143
2013-07-25,63.805,64.47,63.805,55.27,125800,47.39994
2013-07-26,64.097,64.144,63.561,55,53200,47.168381
2013-07-29,63.712,63.805,63.444,54.509998,60500,46.748154
2013-07-30,63.549,63.666,63.013,54.169998,45000,46.45657
2013-07-31,63.036,63.362,62.639,54.02,113000,46.327927
2013-08-01,63.572,64.12,63.572,54.830002,102900,47.022583
2013-08-02,64.039,64.295,63.829,55.080002,83100,47.236996
2013-08-05,64.377,64.377,64.085,55.049999,59700,47.211266
2013-08-06,64.435,64.715,64.167,55.099998,125000,47.254143
2013-08-07,63.91,63.934,63.619,54.619999,59600,46.842487
2013-08-08,64.167,64.633,63.957,55.23,35100,47.365631
2013-08-09,64.377,64.692,64.015,55.290001,52400,47.417095
2013-08-12,64.097,64.272,63.899,54.849998,51900,47.039738
2013-08-13,64.249,64.493,64.05,55.09,264200,47.245564
2013-08-14,64.284,64.482,64.284,55.169998,39500,47.314171
2013-08-15,63.712,63.77,63.339,54.619999,54900,46.842487
2013-08-16,63.875,63.969,63.549,54.57,64600,46.799606
2013-08-19,63.514,63.584,62.873,53.990002,105300,46.302193
2013-08-20,62.849,62.966,62.698,53.810001,72100,46.147831
2013-08-21,62.441,62.476,61.707,52.990002,88400,45.444592
2013-08-22,62.243,62.243,61.8,53.07,59600,45.513191
2013-08-23,62.091,62.453,61.975,53.529999,158400,45.907692
2013-08-26,62.395,62.476,62.08,53.310001,78300,45.719028
2013-08-27,61.322,61.52,60.972,52.360001,79000,44.904293
2013-08-28,61.135,61.427,60.995,52.419998,39300,44.955757
2013-08-29,61.217,61.485,61.159,52.52,55900,45.041519
2013-08-30,61.415,61.648,61.124,52.5,49600,45.024364
2013-09-03,62.103,62.5,61.777,53.18,67000,45.607529
2013-09-04,62.22,62.639,62.08,53.619999,73900,45.984875
2013-09-05,62.36,62.534,62.22,53.619999,115100,45.984875
2013-09-06,62.453,62.849,62.173,53.580002,72300,45.950584
2013-09-09,63.642,64.085,62.978,54.959999,61400,47.134068
2013-09-10,64.563,64.75,64.353,55.490002,111200,47.588612
2013-09-11,64.47,64.878,64.319,55.639999,187900,47.717251
2013-09-12,64.587,64.61,64.307,55.189999,82800,47.331329
2013-09-13,64.552,64.727,64.33,55.490002,354400,47.588612
2013-09-16,65.333,65.974,64.82,55.939999,105500,47.974533
2013-09-17,65.275,65.52,65.24,56.110001,80100,48.120323
2013-09-18,65.531,67.443,65.298,57.830002,129700,49.595409
2013-09-19,67.922,68.027,67.56,58.169998,80500,49.886993
2013-09-20,67.91,67.91,66.756,57.25,146000,49.098007
2013-09-23,66.617,66.861,66.337,57.349998,74600,49.260334
2013-09-24,66.349,66.559,66.035,56.889999,75900,48.865223
2013-09-25,66.838,66.838,65.918,56.73,120000,48.727795
2013-09-26,66.221,66.524,66.046,56.900002,101600,48.873817
2013-09-27,66.163,66.337,66.07,56.950001,154900,48.916763
2013-09-30,65.662,66.081,65.313,56.720001,152900,48.719204
2013-10-01,66.314,66.361,65.86,56.900002,131600,48.873817
2013-10-02,66.011,66.268,65.674,56.919998,150900,48.890987
2013-10-03,66.221,66.221,65.406,56.389999,74300,48.435749
2013-10-04,65.918,66,65.674,56.639999,54900,48.65049
2013-10-07,65.394,65.394,64.836,55.880001,80800,47.9977
2013-10-08,65.301,65.499,64.847,55.91,96800,48.02346
2013-10-09,65.976,66.174,65.604,56.700001,5561800,48.702026
2013-10-10,66.454,67.141,66.454,57.610001,172900,49.483662
2013-10-11,66.78,67.222,66.594,57.689999,368100,49.55238
2013-10-14,66.896,67.525,66.547,57.93,154900,49.758526
2013-10-15,66.92,66.92,66.465,57.259998,120900,49.183033
2013-10-16,66.978,67.292,66.652,57.720001,89000,49.578148
2013-10-17,67.478,67.967,67.315,58.330002,95700,50.1021
2013-10-18,68.282,68.584,68.095,58.73,53800,50.445671
2013-10-21,67.839,68.34,67.839,58.59,107600,50.325432
2013-10-22,68.398,68.829,68.328,59.029999,71100,50.703362
2013-10-23,68.049,68.107,67.641,58.32,64800,50.09351
2013-10-24,68.27,68.27,67.804,58.32,109900,50.09351
2013-10-25,68.06,68.084,67.828,58.360001,49800,50.127872
2013-10-28,67.886,67.991,67.7,58.189999,120700,49.98185
2013-10-29,67.944,67.967,67.734,58.360001,83600,50.127872
2013-10-30,67.769,67.944,67.257,58.09,81200,49.895954
2013-10-31,67.688,67.688,67.245,57.849998,53100,49.689812
2013-11-01,67.199,67.315,66.78,57.580002,65100,49.457893
2013-11-04,67.257,67.28,66.885,57.77,84900,49.621094
2013-11-05,66.78,66.791,66.454,57.240002,57900,49.165852
2013-11-06,66.838,66.943,66.57,57.23,84800,49.157261
2013-11-07,66.64,66.64,65.685,56.459999,93600,48.49588
2013-11-08,65.767,66.046,65.499,56.709999,78100,48.710613
2013-11-11,65.907,65.942,65.72,56.5,50000,48.530247
2013-11-12,65.895,65.895,65.441,56.389999,62200,48.435749
2013-11-13,65.546,66.058,65.196,56.720001,69400,48.719204
2013-11-14,66.244,66.384,65.965,56.849998,457600,48.830868
2013-11-15,67.013,67.327,66.617,57.77,216600,49.621094
2013-11-18,67.374,67.513,67.071,57.669998,119000,49.535194
2013-11-19,66.954,66.954,66.489,57.330002,119500,49.24316
2013-11-20,66.64,66.64,65.907,56.630001,49000,48.641899
2013-11-21,65.779,65.895,65.534,56.52,61000,48.547417
2013-11-22,65.779,66,65.627,56.669998,57900,48.676254
2013-11-25,65.662,65.662,65.196,56.009998,147900,48.10936
2013-11-26,65.08,65.441,65.068,56.150002,98700,48.229607
2013-11-27,65.662,65.802,65.371,56.52,56800,48.547417
2013-11-29,65.814,66.023,65.511,56.299999,40600,48.358444
2013-12-02,65.488,65.488,64.812,55.77,80800,47.90321
2013-12-03,64.777,64.789,64.358,55.5,72700,47.671295
2013-12-04,64.323,64.603,64.067,55.43,140800,47.611172
2013-12-05,64.288,64.288,63.939,54.98,106900,47.224644
2013-12-06,64.277,64.719,64.09,55.549999,130600,47.714241
2013-12-09,64.451,64.451,64.172,55.240002,104300,47.447975
2013-12-10,64.253,64.405,64.067,55.290001,67000,47.490921
2013-12-11,64.195,64.195,63.45,54.580002,149200,46.881081
2013-12-12,63.45,63.497,63.101,54.380001,62400,46.709278
2013-12-13,63.473,63.473,63.019,54.48,83800,46.795162
2013-12-16,63.136,63.706,63.136,54.459999,155600,46.777992
2013-12-17,63.45,63.485,62.67,54.110001,244400,46.477364
2013-12-18,63.217,63.916,62.891,54.59,371800,46.889664
2013-12-19,63.601,63.636,63.113,54.66,160000,46.94978
2013-12-20,60.207,60.32,59.925,53.279999,139500,47.123127
2013-12-23,60.592,60.671,60.377,53.459999,357700,47.28233
2013-12-24,60.501,60.501,60.162,53.259998,96100,47.105442
2013-12-26,60.354,60.682,60.343,53.669998,244200,47.468071
2013-12-27,61.055,61.055,60.603,53.860001,165900,47.636112
2013-12-30,61.055,61.451,60.897,54.25,186600,47.981045
2013-12-31,61.315,61.745,61.157,54.48,201700,48.184464
2014-01-02,61.293,61.327,60.501,53.650002,176300,47.450382
2014-01-03,60.75,60.897,60.58,53.689999,88200,47.485752
2014-01-06,60.694,60.739,60.4,53.509998,366200,47.326557
2014-01-07,60.716,60.716,60.501,53.599998,73700,47.406158
2014-01-08,60.716,60.716,60.4,53.540001,122400,47.353088
2014-01-09,60.547,60.558,60.343,53.529999,66500,47.344242
2014-01-10,60.807,61.168,60.569,54.060001,87600,47.812996
2014-01-13,61.055,61.101,60.388,53.529999,137900,47.344242
2014-01-14,60.547,60.92,60.501,53.860001,111700,47.636112
2014-01-15,61.055,61.112,60.773,53.880001,218500,47.653793
2014-01-16,60.784,60.795,60.614,53.759998,88400,47.547661
2014-01-17,61.055,61.248,60.942,53.970001,65600,47.733398
2014-01-21,61.293,61.293,60.739,53.93,102400,47.698029
2014-01-22,61.293,61.304,61.067,54.18,122600,47.919132
2014-01-23,60.727,60.773,60.151,53.41,128800,47.238113
2014-01-24,60.275,60.275,59.258,52.419998,396100,46.362507
2014-01-27,59.518,59.574,58.704,52.27,142000,46.229843
2014-01-28,59.461,60.083,59.178,53.139999,118500,46.999317
2014-01-29,59.009,59.031,58.545,51.860001,174700,45.867222
2014-01-30,58.907,59.201,58.783,52.27,196800,46.229843
2014-01-31,58.138,58.647,57.98,51.580002,176400,45.619583
2014-02-03,58.444,58.444,57.268,50.650002,164300,44.79705
2014-02-04,57.901,58.376,57.822,51.57,250900,45.610737
2014-02-05,58.229,58.364,57.89,51.580002,152200,45.619583
2014-02-06,58.636,59.156,58.387,52.27,174400,46.229843
2014-02-07,59.19,59.699,59.156,52.779999,112600,46.680908
2014-02-10,59.19,59.461,59.167,52.459999,187500,46.397888
2014-02-11,59.812,60.366,59.71,53.330002,185100,47.167366
2014-02-12,60.535,60.558,60.298,53.439999,107700,47.264645
2014-02-13,59.834,60.479,59.699,53.360001,85100,47.193893
2014-02-14,60.332,60.66,60.241,53.540001,52800,47.353088
2014-02-18,61.033,61.033,60.705,53.77,129700,47.556511
2014-02-19,60.784,61.112,60.558,53.599998,75700,47.406158
2014-02-20,60.784,61.033,60.547,53.919998,195600,47.689178
2014-02-21,61.055,61.078,60.795,53.84,67400,47.618427
2014-02-24,60.558,61.078,60.524,53.810001,120500,47.591892
2014-02-25,60.897,60.897,60.377,53.459999,82300,47.28233
2014-02-26,60.727,60.727,60.219,53.369999,90800,47.202728
2014-02-27,60.106,60.671,60.072,53.610001,66000,47.414997
2014-02-28,60.614,60.954,60.501,53.630001,80000,47.432686
2014-03-03,60.173,60.354,59.653,52.959999,89200,46.840107
2014-03-04,60.818,61.101,60.761,53.889999,99000,47.662643
2014-03-05,61.112,61.112,60.829,53.919998,44000,47.689178
2014-03-06,61.462,61.892,61.146,54.599998,80000,48.290592
2014-03-07,61.779,61.779,61.236,54.330002,82600,48.051796
2014-03-10,61.157,61.157,60.784,54.040001,105500,47.795315
2014-03-11,61.135,61.135,60.434,53.52,81700,47.3354
2014-03-12,59.993,60.4,59.936,53.360001,100600,47.193893
2014-03-13,60.479,60.479,59.246,52.57,85600,46.495182
2014-03-14,59.563,59.789,59.416,52.709999,112600,46.619011
2014-03-17,59.925,60.287,59.879,53.259998,95700,47.105442
2014-03-18,60.456,60.558,60.004,53.459999,91700,47.28233
2014-03-19,60.264,60.434,59.586,52.77,104600,46.672066
2014-03-20,59.077,59.269,58.749,52.259998,175600,46.221004
2014-03-21,59.518,59.891,59.416,52.580002,48800,46.504025
2014-03-24,59.8,59.925,59.28,52.560001,66600,46.48634
2014-03-25,59.891,60.128,59.687,52.959999,152500,46.840107
2014-03-26,60.32,60.32,59.676,52.869999,119600,46.760513
2014-03-27,60.151,60.411,60.072,53.369999,170600,47.202728
2014-03-28,60.614,61.055,60.614,53.82,70200,47.600731
2014-03-31,61.338,61.349,61.135,54.07,62200,47.821842
2014-04-01,61.53,61.621,61.383,54.43,112400,48.140244
2014-04-02,61.836,62.231,61.836,55,80800,48.644379
2014-04-03,62.209,62.231,61.734,54.84,91100,48.502861
2014-04-04,62.276,62.525,61.802,54.810001,141800,48.476334
2014-04-07,61.745,62.333,61.745,54.869999,89800,48.529396
2014-04-08,62.265,62.435,62.084,55.02,120000,48.66206
2014-04-09,62.491,62.83,62.197,55.560001,85700,49.139671
2014-04-10,62.751,62.751,61.892,54.790001,121300,48.458649
2014-04-11,62.016,62.163,61.711,54.709999,74100,48.387878
2014-04-14,62.05,62.209,61.881,54.970001,68900,48.617847
2014-04-15,61.982,62.129,61.293,54.790001,116800,48.458649
2014-04-16,62.299,62.491,62.107,55.200001,77800,48.821262
2014-04-17,62.729,62.864,62.559,55.599998,79200,49.175045
2014-04-21,62.695,62.853,62.39,55.27,69500,48.883179
2014-04-22,62.695,62.717,62.537,55.349998,71600,48.95393
2014-04-23,62.469,62.469,62.22,55.16,58900,48.785889
2014-04-24,62.525,62.548,62.209,55.130001,1243600,48.759357
2014-04-25,62.265,62.265,61.836,54.759998,98000,48.432102
2014-04-28,62.22,62.231,61.722,54.93,71000,48.582462
2014-04-29,62.638,62.661,62.231,55.290001,55600,48.900867
2014-04-30,62.356,62.559,62.186,55.290001,61700,48.900867
2014-05-01,62.74,62.74,62.582,55.450001,92200,49.042377
2014-05-02,62.751,62.887,62.559,55.48,141600,49.068913
2014-05-05,62.299,62.65,62.276,55.41,100300,49.006996
2014-05-06,62.763,62.898,62.582,55.490002,86700,49.077759
2014-05-07,62.932,63.045,62.627,55.720001,52200,49.281174
2014-05-08,62.989,63.17,62.808,55.630001,158700,49.201576
2014-05-09,63.113,63.147,62.83,55.77,150300,49.325401
2014-05-12,63.554,63.645,63.351,56.23,89700,49.732235
2014-05-13,63.927,64.029,63.78,56.549999,79200,50.015266
2014-05-14,64.04,64.334,64.04,56.75,119900,50.19215
2014-05-15,64.108,64.266,63.735,56.599998,71000,50.059486
2014-05-16,64.379,64.391,64.006,56.91,87100,50.333656
2014-05-19,64.165,64.289,64.018,56.849998,90100,50.280598
2014-05-20,63.972,63.972,63.509,56.279999,90900,49.776463
2014-05-21,64.052,64.108,63.825,56.639999,110100,50.094868
2014-05-22,64.108,64.142,63.95,56.639999,52100,50.094868
2014-05-23,64.289,64.685,64.289,57.130001,95300,50.528248
2014-05-27,64.447,64.787,64.425,57.23,226400,50.616684
2014-05-28,64.673,64.673,64.47,57.150002,87300,50.545933
2014-05-29,64.934,65.001,64.73,57.490002,56200,50.846638
2014-05-30,65.069,65.431,64.967,57.869999,544200,51.182724
2014-06-02,65.488,65.635,65.182,57.869999,212400,51.182724
2014-06-03,65.51,65.567,65.25,57.889999,147400,51.20042
2014-06-04,65.069,65.239,64.9,57.599998,176400,50.943924
2014-06-05,65.352,65.601,65.182,57.970001,98800,51.271172
2014-06-06,65.646,65.906,65.646,58.27,42900,51.53651
2014-06-09,65.917,66.03,65.759,58.32,83800,51.580723
2014-06-10,65.578,65.578,65.465,57.950001,136000,51.253487
2014-06-11,65.126,65.239,65.103,57.68,143500,51.014683
2014-06-12,65.544,65.544,65.024,57.580002,130200,50.926247
2014-06-13,65.386,65.386,64.99,57.650002,146300,50.988155
2014-06-16,65.171,65.171,64.9,57.52,129100,50.873173
2014-06-17,65.024,65.024,64.56,57.389999,99000,50.758198
2014-06-18,65.08,65.408,64.753,57.84,67400,51.156197
2014-06-19,65.612,65.748,65.374,57.990002,55200,51.288864
2014-06-20,65.872,65.872,65.589,58.220001,193800,51.492287
2014-06-23,65.544,65.567,65.295,57.900002,52600,51.209267
2014-06-24,64.651,64.775,64.269,57.240002,66600,50.935184
2014-06-25,64.314,64.887,64.314,57.630001,70300,51.282234
2014-06-26,64.853,65.179,64.685,57.889999,51400,51.513584
2014-06-27,65.089,65.179,64.898,58,92400,51.611473
2014-06-30,65.247,65.303,65.011,58.049999,74200,51.655968
2014-07-01,65.528,65.573,65.292,58.259998,87300,51.842834
2014-07-02,65.561,65.651,65.46,58.330002,110000,51.905128
2014-07-03,65.741,65.809,65.64,58.490002,46100,52.047508
2014-07-07,65.707,65.707,65.382,58.290001,112700,51.86953
2014-07-08,65.618,65.685,65.089,58.02,78800,51.629269
2014-07-09,65.483,65.663,65.314,58.389999,180700,51.958519
2014-07-10,65.157,65.651,65.011,58.369999,10854300,51.940716
2014-07-11,65.606,65.752,65.404,58.349998,240000,51.922924
2014-07-14,65.899,65.921,65.719,58.48,136300,52.038605
2014-07-15,66.011,66.022,65.539,58.549999,131500,52.100891
2014-07-16,66.303,66.326,66.202,59.009998,92500,52.510227
2014-07-17,66.146,66.146,65.539,58.369999,173500,51.940716
2014-07-18,66.022,66.303,65.966,58.950001,66700,52.456841
2014-07-21,65.977,66.191,65.752,58.880001,114000,52.394547
2014-07-22,66.449,66.584,66.393,59.150002,95800,52.634808
2014-07-23,66.921,66.932,66.55,59.439999,81600,52.89286
2014-07-24,66.899,66.899,66.595,59.41,108000,52.866169
2014-07-25,66.595,66.595,66.258,59.02,92400,52.519115
2014-07-28,66.191,66.607,66.191,59.220001,105400,52.697098
2014-07-29,66.831,66.921,66.55,59.220001,140700,52.697098
2014-07-30,66.809,66.809,66.303,59.220001,84000,52.697098
2014-07-31,66.483,66.483,65.865,58.650002,91100,52.18988
2014-08-01,65.775,65.932,65.494,58.509998,103200,52.065304
2014-08-04,65.887,66.033,65.55,58.66,112600,52.198784
2014-08-05,65.629,65.629,64.91,57.860001,131500,51.486893
2014-08-06,64.617,64.91,64.438,57.630001,88700,51.282234
2014-08-07,64.988,64.988,64.381,57.419998,108600,51.09536
2014-08-08,64.505,64.943,64.426,57.709999,121600,51.353413
2014-08-11,65.415,65.539,65.224,58.25,103100,51.833939
2014-08-12,65.471,65.539,65.247,58.32,119600,51.896225
2014-08-13,66.303,66.303,65.797,58.740002,90400,52.269966
2014-08-14,66.056,66.202,65.955,58.77,141600,52.296661
2014-08-15,66.438,66.494,65.809,58.91,91800,52.421242
2014-08-18,66.348,66.449,66.213,59.110001,83000,52.599209
2014-08-19,66.719,66.786,66.651,59.419998,86400,52.875065
2014-08-20,66.472,66.674,66.415,59.150002,92600,52.634808
2014-08-21,66.708,66.798,66.528,59.389999,137800,52.848377
2014-08-22,66.719,66.831,66.371,59.23,76700,52.705997
2014-08-25,66.562,66.887,66.528,59.41,105600,52.866169
2014-08-26,66.764,66.842,66.674,59.360001,108700,52.821678
2014-08-27,66.741,66.82,66.629,59.349998,68900,52.812775
2014-08-28,66.314,66.371,66.157,59,108500,52.501328
2014-08-29,66.135,66.359,65.988,58.799999,145400,52.323353
2014-09-02,66.191,66.359,66.067,58.919998,179600,52.430138
2014-09-03,66.764,67.022,66.764,59.529999,115900,52.972946
2014-09-04,66.82,66.865,66.359,59.200001,85900,52.679295
2014-09-05,66.314,66.483,66.157,59.16,217500,52.643707
2014-09-08,66.191,66.191,65.741,58.580002,165200,52.127594
2014-09-09,65.483,65.483,65.011,58.009998,129800,51.620365
2014-09-10,65.112,65.314,64.977,58.110001,188400,51.709358
2014-09-11,64.775,64.955,64.719,57.779999,121100,51.41571
2014-09-12,64.842,64.842,64.426,57.439999,228700,51.113155
2014-09-15,64.303,64.336,63.909,56.900002,105800,50.632637
2014-09-16,63.741,64.247,63.359,57.009998,168800,50.730511
2014-09-17,63.82,63.932,63.359,56.380001,250500,50.16991
2014-09-18,63.64,63.685,63.471,56.599998,123000,50.365681
2014-09-19,63.673,63.673,63.1,56.259998,99400,50.063126
2014-09-22,63.078,63.336,62.729,56.040001,217800,49.867363
2014-09-23,62.921,62.965,62.651,55.849998,127600,49.698288
2014-09-24,61.768,62.236,61.556,55.599998,164100,49.912842
2014-09-25,61.601,61.935,60.999,54.799999,168800,49.194675
2014-09-26,61.4,61.757,61.356,55.23,104600,49.580688
2014-09-29,60.754,61.144,60.543,54.529999,107400,48.952293
2014-09-30,60.71,60.766,60.465,54.450001,136600,48.880478
2014-10-01,60.353,60.487,60.03,53.990002,334600,48.467525
2014-10-02,59.886,60.086,59.173,53.700001,154700,48.207191
2014-10-03,60.309,60.309,59.663,53.869999,150000,48.359802
2014-10-06,60.197,60.576,60.053,54.080002,125400,48.548325
2014-10-07,60.287,60.32,59.596,53.560001,352700,48.081509
2014-10-08,59.841,60.732,59.529,54.459999,135700,48.88945
2014-10-09,60.532,60.532,59.64,53.560001,193100,48.081509
2014-10-10,59.618,59.952,59.206,53.18,204600,47.740379
2014-10-13,59.429,59.752,58.95,52.93,126700,47.515953
2014-10-14,59.484,59.718,59.106,53.150002,159100,47.713448
2014-10-15,59.05,59.295,58.114,53.139999,207900,47.704468
2014-10-16,58.237,59.384,58.192,52.98,154600,47.560837
2014-10-17,59.774,59.952,59.395,53.66,248900,48.171284
2014-10-20,59.407,60.209,59.407,53.98,641300,48.458553
2014-10-21,60.52,60.799,60.442,54.470001,109900,48.898434
2014-10-22,60.743,60.877,60.32,54.200001,151800,48.656048
2014-10-23,61.044,61.256,60.71,54.73,122900,49.131832
2014-10-24,61.055,61.189,60.799,54.880001,139800,49.266495
2014-10-27,60.899,60.955,60.621,54.610001,221400,49.024109
2014-10-28,61.267,61.545,61.044,55.099998,355200,49.463989
2014-10-29,61.757,61.757,60.944,54.959999,141600,49.33831
2014-10-30,61.311,61.868,61.267,55.41,147100,49.742279
2014-10-31,63.005,63.394,62.871,56.860001,157000,51.043968
2014-11-03,63.328,63.484,63.116,56.919998,288600,51.097828
2014-11-04,62.871,62.993,62.537,56.450001,164100,50.675903
2014-11-05,62.37,62.436,62.058,55.869999,266600,50.155228
2014-11-06,61.679,61.724,61.367,55.169998,193800,49.526825
2014-11-07,61.245,61.378,61.022,55.099998,216500,49.463989
2014-11-10,61.746,61.891,61.724,55.490002,132400,49.814098
2014-11-11,61.991,62.18,61.924,55.77,135100,50.065456
2014-11-12,62.091,62.18,61.98,55.77,100600,50.065456
2014-11-13,62.381,62.459,62.102,55.869999,79300,50.155228
2014-11-14,62.537,62.849,62.347,56.389999,117300,50.622036
2014-11-17,62.425,62.47,62.214,56.060001,163000,50.325798
2014-11-18,62.37,62.615,62.247,56.119999,106300,50.379662
2014-11-19,62.37,62.492,62.08,55.939999,104000,50.218063
2014-11-20,61.779,61.991,61.712,55.599998,87400,49.912842
2014-11-21,62.837,62.837,62.28,56.189999,154900,50.442486
2014-11-24,62.971,62.971,62.659,56.419998,589500,50.648975
2014-11-25,62.837,62.915,62.492,56.18,306400,50.433521
2014-11-26,62.726,62.882,62.592,56.41,68600,50.639996
2014-11-28,62.915,62.915,62.604,56.220001,44200,50.469437
2014-12-01,62.737,62.737,62.258,56.130001,119600,50.388634
2014-12-02,62.849,62.971,62.715,56.5,186500,50.720783
2014-12-03,62.971,62.971,62.782,56.459999,103000,50.684879
2014-12-04,62.526,62.57,62.236,56.009998,338600,50.280907
2014-12-05,62.414,62.559,62.214,56,581200,50.271927
2014-12-08,61.835,61.868,61.423,55.169998,212500,49.526825
2014-12-09,61.378,61.59,61.133,55.290001,290800,49.634556
2014-12-10,61.646,61.646,60.966,54.849998,359200,49.239559
2014-12-11,61.412,61.456,60.888,54.82,275700,49.212627
2014-12-12,61.066,61.222,60.442,54.299999,247200,48.745815
2014-12-15,60.487,60.676,59.551,53.57,263200,48.090488
2014-12-16,59.54,60.309,59.496,53.48,232900,48.009689
2014-12-17,59.752,60.777,59.663,54.200001,188600,48.656048
2014-12-18,60.71,61.089,60.454,54.650002,269300,49.06002
2014-12-19,61.1,61.233,60.91,54.82,205200,49.212627
2014-12-22,58.513,58.665,58.317,53.880001,144600,49.595551
2014-12-23,58.426,58.578,58.165,53.650002,333000,49.383842
2014-12-24,58.382,58.513,58.176,53.779999,104200,49.503502
2014-12-26,58.86,59.197,58.763,54.290001,250400,49.972954
2014-12-29,58.828,58.86,58.556,53.990002,482400,49.696804
2014-12-30,58.545,58.589,58.317,53.889999,199200,49.604752
2014-12-31,58.469,58.708,58.133,53.52,183500,49.264175
2015-01-02,58.763,58.871,58.285,53.77,247500,49.494297
2015-01-05,58.382,58.415,57.85,53.369999,136500,49.126099
2015-01-06,58.165,58.187,57.383,53.130001,165600,48.90519
2015-01-07,58.502,58.665,58.143,53.950001,143400,49.659988
2015-01-08,58.274,59.013,58.274,54.220001,136000,49.90852
2015-01-09,59.067,59.099,58.611,54.23,258400,49.917721
2015-01-12,59.154,59.154,58.73,54.150002,199200,49.844078
2015-01-13,59.447,59.751,58.915,54.59,146100,50.249092
2015-01-14,59.382,59.48,58.98,54.720001,155600,50.368755
2015-01-15,59.958,60.023,59.512,54.869999,277000,50.506824
2015-01-16,59.838,60.457,59.784,55.630001,298000,51.206394
2015-01-20,60.24,60.24,59.762,55.209999,226100,50.819798
2015-01-21,60.273,60.457,60.153,55.610001,126300,51.187988
2015-01-22,60.295,60.783,60.023,55.849998,279400,51.408901
2015-01-23,60.914,60.968,60.707,55.880001,234900,51.436516
2015-01-26,60.816,61.088,60.653,56.139999,210900,51.675835
2015-01-27,60.631,60.794,60.457,55.880001,234200,51.436516
2015-01-28,60.968,60.99,60.066,55.389999,161400,50.985477
2015-01-29,60.534,60.718,60.218,55.869999,149200,51.427307
2015-01-30,60.077,60.186,59.643,54.939999,275900,50.571262
2015-02-02,60.381,60.827,60.175,55.900002,591300,51.454926
2015-02-03,60.707,61.185,60.599,56.259998,268900,51.786293
2015-02-04,60.903,61.164,60.61,55.82,726500,51.381283
2015-02-05,61.359,61.653,61.24,56.740002,227000,52.228127
2015-02-06,61.424,61.435,60.925,56.209999,222800,51.740269
2015-02-09,60.512,60.577,60.284,55.549999,327600,51.132759
2015-02-10,60.751,60.751,60.403,55.880001,150200,51.436516
2015-02-11,60.544,60.653,60.273,55.75,152600,51.316853
2015-02-12,60.838,61.12,60.718,56.240002,275900,51.767887
2015-02-13,61.653,61.75,61.359,56.810001,203500,52.292557
2015-02-17,61.609,61.761,61.403,56.740002,324700,52.228127
2015-02-18,61.718,61.946,61.522,56.939999,206700,52.41222
2015-02-19,61.587,61.826,61.457,56.740002,298400,52.228127
2015-02-20,61.544,62.044,61.381,57.009998,152500,52.476658
2015-02-23,61.859,61.87,61.653,56.889999,246100,52.366199
2015-02-24,61.87,62.174,61.718,57.16,209100,52.614727
2015-02-25,62.25,62.326,62.185,57.259998,302400,52.706776
2015-02-26,62.478,62.478,62.044,57.200001,470500,52.651554
2015-02-27,62.131,62.174,61.881,56.959999,334500,52.43063
2015-03-02,62.163,62.196,62,57.25,301600,52.697578
2015-03-03,62.109,62.131,61.805,57.009998,296300,52.476658
2015-03-04,61.576,61.653,61.033,56.439999,289700,51.951984
2015-03-05,61.348,61.348,60.99,56.23,243900,51.758682
2015-03-06,60.773,60.773,60.066,55.34,441000,50.939457
2015-03-09,59.708,59.708,59.469,54.880001,429000,50.516037
2015-03-10,59.099,59.154,58.556,53.98,480700,49.687599
2015-03-11,58.98,59.002,58.741,54.16,426700,49.853291
2015-03-12,59.458,59.599,59.306,54.790001,241700,50.433193
2015-03-13,59.48,59.512,59.11,54.709999,792800,50.35955
2015-03-16,59.806,59.969,59.719,55.099998,577000,50.718544
2015-03-17,59.534,59.578,59.262,54.73,654600,50.37796
2015-03-18,59.491,60.664,59.306,55.73,1018600,51.298443
2015-03-19,60.544,60.544,60.197,55.560001,373600,51.141964
2015-03-20,61.066,61.424,60.773,56.439999,395700,51.951984
2015-03-23,61.555,61.62,61.207,56.619999,367200,52.117668
2015-03-24,61.902,61.989,61.761,56.93,346700,52.403011
2015-03-25,62.163,62.206,61.511,56.68,744200,52.191235
2015-03-26,61.37,61.392,60.925,56.360001,379100,51.89658
2015-03-27,61.49,61.761,61.49,56.740002,315900,52.246483
2015-03-30,61.729,61.892,61.642,56.91,338300,52.403011
2015-03-31,61.142,61.316,61.034,56.27,371000,51.813709
2015-04-01,61.718,61.718,61.327,56.82,447400,52.320148
2015-04-02,61.978,62.152,61.859,57.189999,272500,52.660847
2015-04-06,62.608,62.988,62.467,57.779999,302900,53.204121
2015-04-07,62.967,62.967,62.608,57.68,264400,53.112045
2015-04-08,63.499,63.597,63.14,58.34,268200,53.719772
2015-04-09,63.944,64.009,63.531,58.900002,400900,54.235424
2015-04-10,63.803,63.911,63.64,58.84,260600,54.180176
2015-04-13,63.89,63.944,63.271,58.32,232500,53.701355
2015-04-14,63.586,63.759,63.466,58.700001,490700,54.051266
2015-04-15,63.749,63.922,63.477,58.790001,305100,54.134136
2015-04-16,64.042,64.378,63.857,59.18,280100,54.49324
2015-04-17,63.662,63.662,63.314,58.529999,282200,53.894726
2015-04-20,63.358,63.499,63.292,58.380001,436200,53.756603
2015-04-21,63.781,63.814,63.531,58.619999,1597900,53.977592
2015-04-22,64.064,64.15,63.846,59.049999,718300,54.373543
2015-04-23,63.759,64.183,63.618,59.049999,275100,54.373543
2015-04-24,64.454,64.454,64.172,59.290001,298300,54.594532
2015-04-27,64.726,64.878,64.552,59.580002,345400,54.861572
2015-04-28,64.617,64.813,64.498,59.66,373000,54.935234
2015-04-29,64.454,64.52,64.226,59.330002,305900,54.631371
2015-04-30,64.498,64.585,64.129,59.130001,316600,54.447208
2015-05-01,64.237,64.509,64.085,59.400002,749300,54.695827
2015-05-04,64.954,65.008,64.802,59.849998,442800,55.110184
2015-05-05,64.617,64.65,63.857,58.860001,802000,54.198593
2015-05-06,63.792,63.901,63.054,58.16,571300,53.554028
2015-05-07,62.619,62.782,62.456,57.720001,294300,53.148876
2015-05-08,63.901,64.27,63.716,59.130001,228100,54.447208
2015-05-11,63.868,63.955,63.542,58.52,277200,53.885517
2015-05-12,63.26,63.423,63.021,58.299999,495900,53.682934
2015-05-13,63.835,64.031,63.651,58.720001,300900,54.069679
2015-05-14,64.389,64.498,64.15,59.389999,354200,54.686615
2015-05-15,64.704,65.117,64.617,59.950001,301000,55.202267
2015-05-18,64.791,65.019,64.628,59.59,335000,54.870781
2015-05-19,64.672,64.737,64.498,59.48,262300,54.769489
2015-05-20,64.53,64.889,64.4,59.57,328600,54.85236
2015-05-21,64.454,64.574,64.324,59.43,386100,54.723446
2015-05-22,64.487,64.628,64.4,59.450001,371700,54.741867
2015-05-26,64.454,64.454,63.749,58.849998,462100,54.189384
2015-05-27,64.661,64.737,63.759,58.959999,244500,54.290672
2015-05-28,63.26,63.499,62.608,58.470001,392700,53.839481
2015-05-29,63.151,63.151,62.641,57.75,320900,53.176498
2015-06-01,63.292,63.423,62.728,57.93,314300,53.342243
2015-06-02,62.891,63.184,62.728,57.98,228200,53.388279
2015-06-03,62.76,62.858,62.597,57.709999,302900,53.139664
2015-06-04,62.337,62.521,61.978,57.23,276600,52.697674
2015-06-05,61.522,61.663,61.251,56.669998,396900,52.182022
2015-06-08,61.338,61.425,61.034,56.349998,329800,51.887371
2015-06-09,61.153,61.218,60.958,56.330002,360800,51.868958
2015-06-10,61.631,61.978,61.49,56.970001,342700,52.458271
2015-06-11,61.989,62.022,61.718,57.049999,280100,52.531933
2015-06-12,61.826,61.913,61.653,56.939999,2e+05,52.430641
2015-06-15,61.555,61.642,61.283,56.759998,288900,52.264896
2015-06-16,61.381,61.577,61.262,56.66,408600,52.172813
2015-06-17,61.251,61.501,60.773,56.560001,367400,52.080742
2015-06-18,61.555,62.152,61.457,56.950001,8e+05,52.439854
2015-06-19,61.718,61.772,61.479,56.669998,586900,52.182022
2015-06-22,62.402,62.467,62.13,57.27,328700,52.734512
2015-06-23,62.239,62.413,62.152,57.450001,251300,52.900249
2015-06-24,62.217,62.228,61.924,57.09,357300,52.568764
2015-06-25,62.098,62.152,61.794,56.93,223100,52.42144
2015-06-26,60.817,61.033,60.591,56.299999,337900,52.201687
2015-06-29,59.976,60.612,59.35,55.110001,415800,51.098312
2015-06-30,60.17,60.17,59.609,55.459999,523200,51.42284
2015-07-01,60.224,60.332,59.89,55.720001,299900,51.663906
2015-07-02,60.073,60.073,59.771,55.540001,483200,51.497013
2015-07-06,58.779,58.93,58.455,54.400002,384100,50.439999
2015-07-07,58.218,58.444,57.538,54.110001,350200,50.171112
2015-07-08,57.226,57.247,56.6,52.560001,626300,48.733944
2015-07-09,58.229,58.326,57.689,53.490002,537900,49.596241
2015-07-10,58.984,59.081,58.671,54.720001,317700,50.736706
2015-07-13,59.836,59.965,59.318,55.110001,1133700,51.098312
2015-07-14,59.652,59.89,59.447,55.48,374100,51.44138
2015-07-15,59.695,59.803,59.318,55.130001,301100,51.116859
2015-07-16,60.289,60.483,60.041,55.830002,246400,51.765907
2015-07-17,60.321,60.375,60.073,55.959999,267500,51.886433
2015-07-20,60.375,60.397,60.073,55.849998,227600,51.784443
2015-07-21,60.181,60.181,59.987,55.709999,226400,51.654636
2015-07-22,59.857,59.933,59.523,55.5,246100,51.459923
2015-07-23,59.706,59.749,59.253,55.07,266900,51.06123
2015-07-24,59.426,59.544,58.865,54.709999,383700,50.727428
2015-07-27,58.714,58.779,58.423,54.310001,301800,50.356552
2015-07-28,58.887,59.178,58.617,54.860001,397500,50.866508
2015-07-29,58.887,59.383,58.811,54.990002,361900,50.987049
2015-07-30,58.973,59.189,58.811,54.84,242800,50.847969
2015-07-31,59.588,59.728,59.286,55.099998,369000,51.089039
2015-08-03,59.124,59.318,58.768,54.700001,380600,50.718155
2015-08-04,59.469,59.642,59.329,55.07,228500,51.06123
2015-08-05,59.846,59.933,59.588,55.369999,489600,51.339386
2015-08-06,59.491,59.491,59.113,54.939999,210600,50.940689
2015-08-07,59.286,59.48,59.189,55.119999,796200,51.10759
2015-08-10,59.447,60.17,59.447,55.740002,320900,51.682453
2015-08-11,59.232,59.34,58.919,54.889999,372000,50.894333
2015-08-12,58.649,58.865,58.337,54.560001,416200,50.588356
2015-08-13,58.865,59.167,58.682,54.740002,428000,50.755249
2015-08-14,59.21,59.447,58.994,55.060001,263100,51.051956
2015-08-17,58.887,59.199,58.779,54.889999,149000,50.894333
2015-08-18,58.509,58.865,58.455,54.5,551300,50.532722
2015-08-19,58.498,58.725,58.056,54.209999,302100,50.263828
2015-08-20,57.916,57.97,57.301,53.18,1998200,49.308807
2015-08-21,57.139,57.269,55.899,51.849998,745400,48.075619
2015-08-24,52.491,54.443,50.873,49.490002,681300,45.887424
2015-08-25,55.953,55.996,53.677,49.860001,1410400,46.23048
2015-08-26,54.745,54.831,53.613,50.830002,672100,47.129879
2015-08-27,55.565,56.309,55.457,52.169998,498400,48.372322
2015-08-28,55.651,55.78,55.414,51.529999,1233000,47.778915
2015-08-31,55.241,55.328,54.972,51,400800,47.287495
2015-09-01,53.925,54.141,53.311,49.59,387400,45.980141
2015-09-02,54.227,54.281,53.742,50.310001,1564300,46.647724
2015-09-03,54.238,54.594,54.076,50.25,289900,46.592091
2015-09-04,53.235,53.462,52.847,49.23,346300,45.646343
2015-09-08,54.26,54.637,54.217,50.650002,353000,46.962975
2015-09-09,54.939,55.047,53.99,50.07,354600,46.425198
2015-09-10,54.227,54.799,54.206,50.650002,306200,46.962975
2015-09-11,54.68,55.004,54.54,50.950001,232800,47.241138
2015-09-14,54.928,54.928,54.648,50.849998,161600,47.148422
2015-09-15,54.659,55.047,54.486,50.970001,339200,47.259682
2015-09-16,55.112,55.511,55.036,51.450001,318700,47.704739
2015-09-17,55.177,56.136,55.036,51.400002,417500,47.658379
2015-09-18,55.284,55.5,54.875,50.959999,253900,47.250404
2015-09-21,55.435,55.5,55.09,51.34,219900,47.602749
2015-09-22,54.605,54.648,54.217,50.5,259200,46.823898
2015-09-23,54.4,54.529,54.098,50.27,177600,46.610634
2015-09-24,54.163,54.54,53.839,50.490002,206400,46.814621
2015-09-25,54.865,55.015,54.371,50.810001,243700,47.341995
2015-09-28,54.403,54.478,53.663,50.029999,279500,46.615227
2015-09-29,53.792,53.953,53.577,50.150002,241900,46.727039
2015-09-30,54.511,54.736,54.178,50.970001,229500,47.491074
2015-10-01,55.101,55.155,54.564,51.23,161100,47.733318
2015-10-02,54.586,55.68,54.478,51.869999,192900,48.329639
2015-10-05,56.367,56.743,56.303,52.810001,234000,49.205482
2015-10-06,56.432,56.571,56.206,52.57,299100,48.981861
2015-10-07,56.732,56.915,56.303,52.869999,2026100,49.261391
2015-10-08,56.603,57.237,56.485,53.279999,199200,49.643398
2015-10-09,57.333,57.494,56.947,53.34,170900,49.699303
2015-10-12,57.312,57.365,57.054,53.259998,115000,49.624763
2015-10-13,56.646,56.84,56.357,52.59,177400,49.000504
2015-10-14,56.818,56.936,56.625,52.900002,182500,49.289341
2015-10-15,57.28,57.644,57.076,53.709999,105800,50.044048
2015-10-16,57.709,57.805,57.505,53.84,143400,50.16518
2015-10-19,57.473,57.537,57.312,53.560001,126300,49.904293
2015-10-20,57.451,57.516,57.28,53.450001,208900,49.801796
2015-10-21,57.505,57.516,56.925,53.080002,371500,49.457054
2015-10-22,57.634,58.138,57.559,54.099998,248900,50.407429
2015-10-23,58.471,58.61,58.138,54.459999,142800,50.742859
2015-10-26,58.246,58.256,58.074,54.23,116300,50.528561
2015-10-27,58.042,58.063,57.784,53.959999,120400,50.276989
2015-10-28,58.127,58.374,57.602,54.049999,109700,50.360847
2015-10-29,57.473,57.591,57.323,53.610001,129500,49.950882
2015-10-30,57.623,57.741,57.387,53.549999,314700,49.894978
2015-11-02,57.634,58.031,57.516,54.02,348800,50.332893
2015-11-03,57.548,57.988,57.43,53.900002,157700,50.221081
2015-11-04,57.451,57.505,56.915,53.139999,235100,49.512955
2015-11-05,57.226,57.226,56.915,53.27,173400,49.634083
2015-11-06,56.689,56.754,56.389,52.810001,225200,49.205482
2015-11-09,55.863,55.906,55.24,51.619999,208400,48.096699
2015-11-10,55.316,55.434,55.058,51.650002,268400,48.12466
2015-11-11,55.831,55.959,55.67,51.98,203600,48.432133
2015-11-12,55.852,55.874,55.466,51.720001,1131400,48.18988
2015-11-13,55.38,55.541,55.101,51.439999,1116900,47.928993
2015-11-16,55.273,55.949,55.273,52.110001,454800,48.553261
2015-11-17,56.142,56.249,55.906,52.209999,243300,48.646435
2015-11-18,56.045,56.507,56.045,52.630001,181000,49.037769
2015-11-19,56.593,56.872,56.593,52.91,154200,49.29866
2015-11-20,57.108,57.323,57.043,53.200001,215000,49.568863
2015-11-23,56.936,56.968,56.561,52.790001,702500,49.186852
2015-11-24,56.217,56.732,56.035,52.810001,354200,49.205482
2015-11-25,56.603,56.711,56.421,52.779999,291700,49.177536
2015-11-27,56.196,56.271,56.067,52.369999,234300,48.795513
2015-11-30,56.045,56.217,55.938,52.299999,812400,48.730293
2015-12-01,56.743,57.151,56.732,53.25,365600,49.615448
2015-12-02,56.775,56.872,56.303,52.5,388500,48.916645
2015-12-03,56.711,56.711,56.056,52.419998,416000,48.842102
2015-12-04,56.153,56.861,56.099,52.939999,653300,49.326611
2015-12-07,56.357,56.561,56.131,52.5,274100,48.916645
2015-12-08,55.788,55.949,55.616,52.040001,218000,48.488037
2015-12-09,55.82,56.196,55.444,51.869999,278800,48.329639
2015-12-10,55.562,55.734,55.369,51.669998,264700,48.143288
2015-12-11,54.575,54.639,54.21,50.59,417700,47.137005
2015-12-14,54.715,54.854,54.221,51,283200,47.519028
2015-12-15,54.961,55.187,54.865,51.25,292200,47.751961
2015-12-16,55.455,56.292,55.305,52.25,288200,48.683704
2015-12-17,55.777,55.97,55.401,51.619999,535100,48.096699
2015-12-18,55.798,55.809,55.434,51.73,414700,48.1992
2015-12-21,54.467,54.489,53.707,51.060001,250900,48.325073
2015-12-22,54.214,54.404,53.971,51.389999,413900,48.637394
2015-12-23,54.563,54.827,54.415,51.759998,924700,48.987579
2015-12-24,54.446,54.848,54.425,51.77,171400,48.99704
2015-12-28,54.626,54.626,54.267,51.439999,495300,48.684719
2015-12-29,54.7,55.196,54.573,51.91,449300,49.129547
2015-12-30,54.816,54.816,54.467,51.66,417100,48.892933
2015-12-31,54.32,54.478,53.992,51.099998,316100,48.362934
2016-01-04,53.316,53.517,52.851,50.560001,334200,47.851856
2016-01-05,53.517,53.601,53.21,50.639999,453400,47.927567
2016-01-06,52.861,53.02,52.629,50.009998,176400,47.331314
2016-01-07,51.815,52.365,51.689,48.919998,207600,46.299698
2016-01-08,51.784,51.879,50.864,48.169998,274500,45.58987
2016-01-11,51.403,51.414,50.621,48.259998,198200,45.675049
2016-01-12,51.34,51.372,50.717,48.299999,282200,45.71291
2016-01-13,51.382,51.467,50.357,47.759998,430300,45.201824
2016-01-14,50.664,51.266,50.389,48.34,235500,45.750763
2016-01-15,49.586,49.808,49.111,46.82,255600,44.312183
2016-01-19,50.072,50.135,49.343,46.91,462500,44.397354
2016-01-20,48.772,48.783,47.684,45.810001,605900,43.356281
2016-01-21,48.191,48.783,47.726,45.77,877400,43.31842
2016-01-22,49.227,49.639,49.153,46.93,396300,44.41629
2016-01-25,49.354,49.491,48.931,46.389999,400400,43.905212
2016-01-26,49.237,49.797,49.237,47.09,264700,44.567722
2016-01-27,49.818,49.987,49.195,46.709999,185600,44.208069
2016-01-28,50.093,50.093,49.554,47.080002,312100,44.558254
2016-01-29,50.685,51.414,50.547,48.66,245400,46.053623
2016-02-01,51.298,51.815,51.298,48.849998,285300,46.233444
2016-02-02,50.801,51.023,50.474,47.98,289600,45.410049
2016-02-03,51.372,51.646,50.632,48.880001,185100,46.261837
2016-02-04,51.551,51.953,51.382,48.790001,145200,46.176662
2016-02-05,51.361,51.372,50.611,48.07,149700,45.495228
2016-02-08,50.188,50.273,49.671,47.470001,244000,44.927364
2016-02-09,49.332,49.85,49.184,46.98,219900,44.463612
2016-02-10,49.924,50.241,49.67,47.049999,276700,44.529861
2016-02-11,49.396,49.533,48.973,46.630001,188600,44.132362
2016-02-12,49.354,49.882,49.237,47.209999,241600,44.68129
2016-02-16,50.886,51.234,50.685,48.360001,127200,45.769691
2016-02-17,51.245,51.752,51.097,48.860001,238600,46.242908
2016-02-18,51.583,51.604,51.224,48.619999,117500,46.015766
2016-02-19,51.53,51.984,51.488,49.18,167600,46.545769
2016-02-22,52.301,52.555,52.301,49.709999,120000,47.047379
2016-02-23,52.027,52.153,51.583,48.93,134100,46.309162
2016-02-24,51.361,52.291,51.15,49.43,720300,46.782387
2016-02-25,52.227,52.587,51.963,49.759998,424100,47.094704
2016-02-26,52.64,52.64,52.006,49.240002,256400,46.602562
2016-02-29,52.217,52.449,51.858,49.119999,423800,46.488987
2016-03-01,52.703,53.369,52.64,50.360001,382900,47.662571
2016-03-02,53.231,53.707,53.147,50.790001,153900,48.069534
2016-03-03,53.707,54.034,53.622,51.119999,401100,48.381859
2016-03-04,54.024,54.52,54.024,51.419998,170500,48.665791
2016-03-07,53.886,54.235,53.77,51.209999,360300,48.467041
2016-03-08,54.055,54.055,53.707,50.860001,155200,48.135784
2016-03-09,54.045,54.14,53.802,51.09,266500,48.353466
2016-03-10,54.224,54.415,53.517,50.990002,167700,48.258823
2016-03-11,54.806,55.27,54.784,52.25,248100,49.451332
2016-03-14,55.281,55.45,55.165,52.380001,133700,49.574371
2016-03-15,54.756,54.808,54.502,51.900002,117200,49.193333
2016-03-16,54.407,55.484,54.407,52.52,222800,49.780998
2016-03-17,55.716,56.349,55.568,53.25,263600,50.472927
2016-03-18,56.328,56.465,56.127,53.290001,523200,50.510845
2016-03-21,56.169,56.201,55.916,53.259998,237300,50.482407
2016-03-22,55.916,56.117,55.716,53.18,314600,50.406578
2016-03-23,55.874,56.032,55.399,52.529999,100600,49.790478
2016-03-24,55.093,55.209,54.893,52.290001,255800,49.562996
2016-03-28,55.505,55.505,55.22,52.529999,196200,49.790478
2016-03-29,55.368,56.38,55.156,53.439999,283100,50.653019
2016-03-30,56.623,56.866,56.528,53.700001,243700,50.89946
2016-03-31,56.623,56.707,56.444,53.509998,470500,50.719368
2016-04-01,55.579,56.222,55.42,53.240002,382100,50.463451
2016-04-04,56.423,56.454,55.979,53.130001,433400,50.359184
2016-04-05,55.737,55.916,55.515,52.77,3402500,50.017963
2016-04-06,55.884,56.328,55.758,53.389999,114900,50.605629
2016-04-07,56.074,56.201,55.6,52.849998,137000,50.093788
2016-04-08,56.707,56.728,56.359,53.549999,149200,50.757286
2016-04-11,56.897,57.172,56.718,53.759998,188200,50.956329
2016-04-12,57.066,57.361,56.718,54.220001,138400,51.392342
2016-04-13,57.625,57.72,57.456,54.650002,144900,51.799915
2016-04-14,57.435,57.594,57.414,54.439999,346400,51.600868
2016-04-15,57.425,57.467,57.182,54.23,304600,51.401821
2016-04-18,57.404,57.784,57.34,54.700001,176700,51.847309
2016-04-19,58.016,58.206,57.9,55.080002,127500,52.207493
2016-04-20,58.206,58.395,58.005,55.119999,151200,52.245403
2016-04-21,58.026,58.026,57.467,54.580002,259500,51.733566
2016-04-22,57.783,57.91,57.425,54.639999,211900,51.79044
2016-04-25,57.731,57.921,57.646,54.869999,142600,52.008442
2016-04-26,58.237,58.311,58.047,55.099998,274100,52.226444
2016-04-27,58.005,58.258,57.815,55.139999,201100,52.264362
2016-04-28,57.762,58.1,57.499,54.619999,690100,51.771481
2016-04-29,57.794,57.826,57.351,54.630001,226900,51.78096
2016-05-02,57.931,58.195,57.815,55.09,260600,52.216972
2016-05-03,57.741,57.889,57.256,54.290001,435200,51.458687
2016-05-04,57.087,57.087,56.686,53.900002,200100,51.089031
2016-05-05,57.077,57.172,56.665,53.880001,130400,51.070076
2016-05-06,56.634,56.845,56.507,53.84,336300,51.032158
2016-05-09,56.971,57.14,56.718,53.790001,174200,50.984772
2016-05-10,57.256,57.52,57.108,54.52,137100,51.676701
2016-05-11,57.098,57.129,56.781,53.830002,224300,51.022682
2016-05-12,56.929,56.929,56.37,53.57,132100,50.776241
2016-05-13,56.306,56.338,55.916,53.130001,164000,50.359184
2016-05-16,56.275,56.602,56.275,53.59,172900,50.7952
2016-05-17,56.602,56.707,56.243,53.43,178700,50.643543
2016-05-18,56.401,56.718,56.043,53.25,147300,50.472927
2016-05-19,55.505,55.779,55.441,52.73,185600,49.980045
2016-05-20,56.022,56.243,56.022,53.25,655000,50.472927
2016-05-23,56.074,56.18,55.969,53.09,132100,50.32127
2016-05-24,56.37,56.665,56.19,53.650002,152500,50.85207
2016-05-25,56.686,56.845,56.581,53.810001,127400,51.003731
2016-05-26,56.908,56.908,56.676,53.869999,370600,51.060593
2016-05-27,56.771,56.813,56.549,53.73,209700,50.927898
2016-05-31,56.739,56.897,56.496,53.700001,224800,50.89946
2016-06-01,56.623,56.781,56.517,53.790001,244100,50.984772
2016-06-02,56.623,56.781,56.412,53.82,1036200,51.013199
2016-06-03,57.182,57.636,57.119,54.630001,239200,51.78096
2016-06-06,57.826,58.132,57.826,55.02,130800,52.15062
2016-06-07,58.174,58.448,58.153,55.25,148500,52.368629
2016-06-08,58.733,58.733,58.49,55.509998,161100,52.615067
2016-06-09,58.3,58.374,58.111,55.25,185800,52.368629
2016-06-10,57.562,57.678,56.929,54.119999,162900,51.297558
2016-06-13,56.57,56.971,56.496,53.639999,233000,50.842587
2016-06-14,55.331,55.331,54.819,52.73,265300,50.432281
2016-06-15,55.415,55.645,55.3,52.970001,115200,50.661823
2016-06-16,54.735,55.247,54.327,52.799999,180600,50.499233
2016-06-17,55.185,55.383,54.902,52.889999,222400,50.585308
2016-06-20,56.669,56.763,56.335,53.950001,339500,51.599125
2016-06-21,56.784,57.046,56.628,54.290001,213300,51.924301
2016-06-22,56.931,57.056,56.638,54.189999,963400,51.828659
2016-06-23,57.443,57.673,57.171,55.119999,256600,52.718136
2016-06-24,54.223,55.111,54.118,51.810001,471400,49.552372
2016-06-27,53.815,53.92,53.052,51.16,1024600,48.930695
2016-06-28,55.028,55.028,54.557,52.549999,771800,50.260124
2016-06-29,55.77,56.011,55.707,53.509998,351800,51.178291
2016-06-30,56.094,56.523,55.979,54.060001,241800,51.70433
2016-07-01,56.669,56.826,56.523,54.16,268900,51.799969
2016-07-05,56.178,56.178,55.791,53.41,159500,51.082649
2016-07-06,55.519,55.854,55.143,53.419998,166800,51.092213
2016-07-07,55.603,55.948,55.425,53.200001,253400,50.881805
2016-07-08,56.094,56.356,55.948,53.900002,141400,51.551296
2016-07-11,56.743,57.088,56.743,54.360001,795500,51.991257
2016-07-12,57.454,57.569,57.286,54.84,252700,52.45034
2016-07-13,57.401,57.464,57.161,54.740002,172000,52.354698
2016-07-14,57.715,57.799,57.506,55.16,135500,52.756397
2016-07-15,57.412,57.412,57.119,54.689999,193300,52.306873
2016-07-18,57.433,57.506,57.297,54.990002,112200,52.593803
2016-07-19,57.244,57.265,57.098,54.73,160600,52.345131
2016-07-20,57.882,57.945,57.715,55.360001,134700,52.947678
2016-07-21,57.799,57.935,57.621,55.259998,109700,52.852036
2016-07-22,57.987,57.987,57.757,55.400002,198200,52.985943
2016-07-25,58.029,58.06,57.788,55.389999,293800,52.976372
2016-07-26,58.415,58.447,58.144,55.779999,150100,53.349377
2016-07-27,58.342,58.342,57.893,55.68,182100,53.253738
2016-07-28,58.489,58.687,58.384,56.099998,297100,53.65543
2016-07-29,58.708,58.949,58.572,56.240002,268500,53.789337
2016-08-01,58.917,58.928,58.687,56.18,578500,53.731949
2016-08-02,58.75,58.75,58.3,56.040001,627400,53.598049
2016-08-03,58.144,58.206,57.903,55.669998,191500,53.244171
2016-08-04,58.572,58.76,58.395,56.130001,105600,53.684128
2016-08-05,58.917,59.022,58.75,56.419998,177900,53.961491
2016-08-08,59.21,59.252,59.001,56.57,199700,54.104954
2016-08-09,59.356,59.555,59.2,56.830002,196200,54.353622
2016-08-10,59.691,59.806,59.586,57,215600,54.516216
2016-08-11,59.691,59.848,59.597,57.209999,118000,54.717068
2016-08-12,59.879,59.879,59.597,57.029999,120200,54.54491
2016-08-15,59.9,60.203,59.858,57.48,212900,54.9753
2016-08-16,59.921,59.921,59.67,57.119999,292000,54.630985
2016-08-17,59.43,59.628,59.147,56.959999,168800,54.477959
2016-08-18,59.733,59.911,59.649,57.299999,141100,54.803143
2016-08-19,59.534,59.607,59.262,56.990002,1226600,54.506657
2016-08-22,59.336,59.471,59.179,56.880001,105400,54.401447
2016-08-23,60.036,60.099,59.701,57.130001,234500,54.640553
2016-08-24,59.649,59.649,59.377,56.84,353700,54.36319
2016-08-25,59.492,59.492,59.367,56.849998,166400,54.372749
2016-08-26,59.524,59.848,58.677,56.32,195900,53.865845
2016-08-29,58.959,59.074,58.76,56.470001,153000,54.009312
2016-08-30,59.022,59.043,58.604,56.16,351700,53.712818
2016-08-31,58.593,58.625,58.321,55.93,138700,53.49284
2016-09-01,58.74,58.865,58.562,56.299999,271900,53.846722
2016-09-02,59.283,59.325,59.053,56.630001,200400,54.162342
2016-09-06,59.597,60.057,59.586,57.400002,216800,54.898785
2016-09-07,60.12,60.12,59.827,57.34,127500,54.8414
2016-09-08,60.13,60.141,59.796,57.220001,288900,54.726627
2016-09-09,59.231,59.336,58.447,55.900002,325700,53.464149
2016-09-12,58.06,58.865,57.83,56.240002,193900,53.789337
2016-09-13,57.347,57.471,56.651,54.740002,579000,52.709908
2016-09-14,56.921,57.181,56.817,54.740002,210500,52.709908
2016-09-15,56.931,57.368,56.796,55.150002,154300,53.104702
2016-09-16,56.869,57.014,56.609,54.650002,192800,52.623245
2016-09-19,57.316,57.451,57.035,54.970001,150700,52.931377
2016-09-20,57.544,57.596,57.264,55.189999,386300,53.143219
2016-09-21,57.752,58.178,57.419,55.970001,219500,53.894291
2016-09-22,58.707,58.801,58.52,56.490002,862800,54.395008
2016-09-23,58.385,58.427,58.178,56.040001,222200,53.961697
2016-09-26,58.157,58.157,57.928,55.810001,256200,53.740227
2016-09-27,58.105,58.51,58.074,56.27,335000,54.183167
2016-09-28,58.468,58.686,58.126,56.490002,211200,54.395008
2016-09-29,58.281,58.281,57.544,55.59,143000,53.528385
2016-09-30,58.136,58.458,58.063,56.169998,208500,54.086872
2016-10-03,57.876,58.313,57.804,55.880001,478600,53.807629
2016-10-04,57.824,57.835,57.17,55.16,164700,53.11433
2016-10-05,57.149,57.264,56.921,54.91,238200,52.8736
2016-10-06,56.402,56.485,56.256,54.369999,250400,52.353626
2016-10-07,56.277,56.277,55.664,53.959999,328100,51.958836
2016-10-10,56.017,56.329,56.017,54.09,168700,52.084015
2016-10-11,55.498,55.498,54.885,52.959999,177100,50.995918
2016-10-12,54.937,55.093,54.865,52.98,349800,51.015179
2016-10-13,54.906,55.374,54.802,53.200001,463600,51.227016
2016-10-14,55.426,55.509,55.156,53.110001,157800,51.140358
2016-10-17,55.031,55.093,54.896,52.889999,483200,50.928516
2016-10-18,55.727,55.779,55.581,53.630001,196300,51.641071
2016-10-19,55.903,56.017,55.81,53.889999,135400,51.89143
2016-10-20,55.966,56.184,55.914,54.009998,358300,52.006977
2016-10-21,55.758,55.976,55.644,53.889999,143600,51.89143
2016-10-24,56.298,56.298,56.049,54.09,169900,52.084015
2016-10-25,56.173,56.267,56.049,54.110001,164600,52.103271
2016-10-26,55.976,55.976,55.737,53.75,175800,51.756622
2016-10-27,55.779,55.779,55.405,53.349998,384700,51.371452
2016-10-28,55.218,55.332,55.01,53.110001,176400,51.140358
2016-10-31,55.342,55.581,55.342,53.450001,274000,51.467751
2016-11-01,55.54,55.737,55.083,53.310001,554900,51.332939
2016-11-02,55.394,55.612,55.114,53.240002,368000,51.265537
2016-11-03,55.644,55.685,55.28,53.330002,380500,51.3522
2016-11-04,55.062,55.124,54.865,52.84,363200,50.880367
2016-11-07,55.052,55.207,55.01,53.139999,783000,51.169243
2016-11-08,55.072,55.529,55.02,53.360001,203000,51.381084
2016-11-09,54.699,55.249,54.657,52.790001,617500,50.832226
2016-11-10,54.127,54.127,53.359,51.610001,318200,49.695988
2016-11-11,53.328,53.359,52.912,51.189999,330300,49.291561
2016-11-14,52.725,52.725,52.165,50.48,616200,48.607891
2016-11-15,52.393,52.829,52.393,50.830002,653400,48.944916
2016-11-16,52.175,52.268,52.03,50.189999,6809300,48.328648
2016-11-17,52.497,52.84,52.497,50.709999,587400,48.829365
2016-11-18,52.435,52.549,52.217,50.34,896900,48.473087
2016-11-21,52.268,52.538,52.268,50.52,372700,48.646412
2016-11-22,52.58,52.767,52.497,50.790001,311300,48.906399
2016-11-23,52.59,52.632,52.414,50.68,260900,48.800476
2016-11-25,52.736,52.808,52.632,50.700001,92200,48.819736
2016-11-28,52.85,53.089,52.84,51.009998,219100,49.118233
2016-11-29,53.068,53.369,52.985,51.27,220000,49.368595
2016-11-30,53.515,53.587,53.255,51.369999,641400,49.464886
2016-12-01,53.151,53.151,52.632,50.810001,405900,48.925655
2016-12-02,52.892,53.11,52.829,51,410000,49.108608
2016-12-05,52.902,53.172,52.902,51.18,352600,49.281933
2016-12-06,53.234,53.442,53.213,51.400002,468100,49.493774
2016-12-07,53.504,54.065,53.504,52,471300,50.071522
2016-12-08,54.024,54.075,53.816,52.029999,369800,50.100407
2016-12-09,53.951,54.065,53.868,52.060001,878500,50.129299
2016-12-12,53.515,53.67,53.483,51.59,309100,49.676727
2016-12-13,53.837,54.138,53.837,52.07,656900,50.138927
2016-12-14,53.702,53.837,52.933,51,322800,49.108608
2016-12-15,52.445,52.528,52.289,50.490002,330500,48.617523
2016-12-16,52.331,52.559,52.237,50.41,610500,48.540489
2016-12-19,52.32,52.538,52.32,50.450001,607100,48.579006
2016-12-20,49.051,49.232,49.051,48.889999,629300,48.649654
2016-12-21,49.111,49.252,49.021,48.810001,902800,48.570049
2016-12-22,48.941,49.061,48.85,48.73,822400,48.49044
2016-12-23,48.991,49.192,48.991,48.919998,537300,48.679508
2016-12-27,49.132,49.322,49.101,48.939999,924900,48.699409
2016-12-28,49.222,49.222,48.941,48.799999,809500,48.560097
2016-12-29,49.292,49.604,49.292,49.27,723300,49.02779
2016-12-30,49.855,50.026,49.684,49.57,561800,49.326313
2017-01-03,49.976,50.106,49.865,49.860001,512700,49.614887
2017-01-04,50.408,50.78,50.408,50.52,468600,50.271645
2017-01-05,50.92,51.413,50.92,51.119999,1449700,50.86869
2017-01-06,51.373,51.503,51.272,51.07,2760400,50.818939
2017-01-09,51.192,51.292,51.151,50.970001,334100,50.719433
2017-01-10,51.362,51.463,51.302,51.080002,353100,50.828892
2017-01-11,51.121,51.463,50.93,51.139999,547400,50.888596
2017-01-12,51.292,51.292,51.021,50.849998,6141600,50.600018
2017-01-13,50.95,51.192,50.95,50.889999,284800,50.639824
2017-01-17,51.101,51.101,50.9,50.84,253300,50.590069
2017-01-18,51.031,51.202,50.95,50.84,416800,50.590069
2017-01-19,50.76,50.83,50.538,50.490002,262300,50.241791
2017-01-20,50.669,50.87,50.669,50.59,311400,50.341301
2017-01-23,50.981,51.292,50.92,51,477800,50.749283
2017-01-24,51.162,51.443,51.162,51.130001,444400,50.878647
2017-01-25,51.272,51.503,51.172,51.209999,499900,50.958252
2017-01-26,51.413,51.443,51.232,51.029999,235600,50.779133
2017-01-27,51.352,51.352,51.172,50.939999,362800,50.689575
2017-01-30,51.051,51.111,50.84,50.84,356600,50.590069
2017-01-31,51.373,51.523,51.272,51.23,570800,50.978153
2017-02-01,51.594,51.694,51.483,51.349998,303500,51.097561
2017-02-02,51.684,51.714,51.483,51.349998,264900,51.097561
2017-02-03,51.795,51.925,51.674,51.619999,331700,51.366234
2017-02-06,51.714,51.714,51.553,51.419998,310400,51.167217
2017-02-07,51.734,51.925,51.714,51.599998,228100,51.346333
2017-02-08,52.237,52.367,52.217,52.080002,240400,51.823975
2017-02-09,52.508,52.659,52.448,52.360001,222300,52.1026
2017-02-10,52.357,52.719,52.357,52.419998,320400,52.1623
2017-02-13,52.558,52.609,52.438,52.25,229500,51.993137
2017-02-14,52.478,52.659,52.297,52.299999,366500,52.042892
2017-02-15,52.458,52.87,52.377,52.580002,1757800,52.321518
2017-02-16,52.749,52.83,52.639,52.549999,356700,52.291664
2017-02-17,52.558,52.719,52.538,52.43,345200,52.172253
2017-02-21,52.679,52.83,52.609,52.549999,1447500,52.291664
2017-02-22,52.96,53.051,52.83,52.779999,861300,52.520531
2017-02-23,53.252,53.332,53.131,52.98,235600,52.719551
2017-02-24,53.061,53.161,52.98,52.880001,258500,52.620041
2017-02-27,53.001,53.001,52.81,52.619999,392500,52.361317
2017-02-28,52.89,52.991,52.81,52.599998,396900,52.341415
2017-03-01,52.86,53.181,52.83,52.799999,379600,52.540432
2017-03-02,52.558,52.609,52.347,52.099998,321300,51.843876
2017-03-03,52.307,52.558,52.277,52.25,294600,51.993137
2017-03-06,52.478,52.488,52.337,52.200001,560600,51.943386
2017-03-07,52.327,52.458,52.307,52.09,779600,51.833923
2017-03-08,52.337,52.398,52.086,51.830002,330500,51.575207
2017-03-09,52.106,52.136,51.915,51.799999,196500,51.545349
2017-03-10,52.237,52.307,52.116,52.040001,248500,51.784172
2017-03-13,52.508,52.679,52.508,52.389999,831400,52.13245
2017-03-14,52.307,52.337,52.197,51.990002,206200,51.734417
2017-03-15,52.388,53.202,52.388,52.91,313100,52.649895
2017-03-16,53.503,53.583,53.463,53.27,196200,53.008125
2017-03-17,53.573,53.694,53.493,53.310001,174900,53.047928
2017-03-20,53.543,53.724,53.513,53.349998,479100,53.08773
2017-03-21,53.754,53.855,53.282,53.110001,512800,52.848911
2017-03-22,53.352,53.614,53.352,53.299999,875000,53.037975
2017-03-23,53.583,53.865,53.583,53.529999,168900,53.266846
2017-03-24,53.764,53.985,53.724,53.630001,202100,53.366356
2017-03-27,53.654,53.774,53.583,53.43,479600,53.167339
2017-03-28,53.614,53.835,53.614,53.450001,731400,53.187241
2017-03-29,53.614,53.784,53.583,53.5,214500,53.236992
2017-03-30,53.503,53.573,53.423,53.200001,474400,52.938469
2017-03-31,53.372,53.604,53.332,53.259998,263700,52.998173
2017-04-03,53.473,53.644,53.322,53.380001,392500,53.117584
2017-04-04,53.624,53.805,53.573,53.509998,197600,53.246941
2017-04-05,53.825,53.995,53.794,53.57,387400,53.306648
2017-04-06,53.985,54.086,53.925,53.75,256000,53.485764
2017-04-07,54.106,54.237,54.106,53.880001,237400,53.615128
2017-04-10,53.975,54.066,53.885,53.73,380200,53.465862
2017-04-11,54.206,54.387,54.036,54.099998,355100,53.834042
2017-04-12,54.508,54.689,54.428,54.419998,552900,54.15247
2017-04-13,54.84,54.86,54.598,54.360001,261800,54.092766
2017-04-17,55.02,55.242,55,54.900002,354100,54.630112
2017-04-18,54.84,55.041,54.83,54.75,230200,54.48085
2017-04-19,54.9,54.94,54.568,54.369999,327200,54.102715
2017-04-20,54.84,54.97,54.809,54.560001,231200,54.291782
2017-04-21,54.659,54.799,54.588,54.52,2718000,54.25198
2017-04-24,54.96,55.091,54.85,54.700001,405600,54.431095
2017-04-25,55.181,55.302,55.151,54.959999,314800,54.689816
2017-04-26,55.061,55.211,54.98,54.810001,1011600,54.540554
2017-04-27,55.01,55.061,54.88,54.759998,234100,54.490799
2017-04-28,54.88,54.88,54.699,54.459999,379300,54.192272
2017-05-01,54.95,54.99,54.819,54.630001,341000,54.361439
2017-05-02,55.161,55.372,55.121,55.099998,378000,54.829124
2017-05-03,55.211,55.282,55.041,54.830002,275800,54.560455
2017-05-04,54.96,54.96,54.779,54.619999,245500,54.351486
2017-05-05,54.85,55.272,54.84,54.990002,195100,54.719669
2017-05-08,55.382,55.412,55.171,54.990002,260000,54.719669
2017-05-09,55.362,55.433,55.282,55.099998,240600,54.829124
2017-05-10,55.613,55.613,55.292,55.189999,347200,54.918682
2017-05-11,55.332,55.463,55.282,55.189999,354400,54.918682
2017-05-12,55.272,55.553,55.272,55.259998,420900,54.988338
2017-05-15,55.694,55.824,55.674,55.509998,318900,55.23711
2017-05-16,55.794,55.824,55.694,55.549999,292700,55.276917
2017-05-17,55.774,55.824,55.623,55.389999,755500,55.117702
2017-05-18,55.483,55.644,55.221,55.07,228500,54.799274
2017-05-19,55.774,55.885,55.654,55.580002,510500,55.30677
2017-05-22,56.035,56.126,55.955,55.810001,519900,55.535637
2017-05-23,56.056,56.066,55.834,55.580002,423700,55.30677
2017-05-24,56.005,56.297,55.905,56.02,387000,55.744606
2017-05-25,56.518,56.548,56.397,56.169998,204700,55.893867
2017-05-26,56.468,56.468,56.357,56.139999,484800,55.864014
2017-05-30,56.417,56.669,56.417,56.369999,326400,56.092884
2017-05-31,56.93,56.93,56.669,56.439999,603500,56.16254
2017-06-01,57.181,57.251,57.03,56.939999,705200,56.66008
2017-06-02,57.593,57.794,57.412,57.48,1289600,57.197426
2017-06-05,57.754,57.754,57.613,57.389999,555300,57.107868
2017-06-06,57.935,57.945,57.784,57.599998,549100,57.316837
2017-06-07,58.055,58.086,57.854,57.73,347600,57.446198
2017-06-08,57.834,57.834,57.623,57.450001,378300,57.167576
2017-06-09,57.462,57.513,57.231,57.16,479500,56.879002
2017-06-12,57.352,57.422,57.141,57,393200,56.719788
2017-06-13,57.834,58.005,57.834,57.700001,243800,57.416348
2017-06-14,58.206,58.266,57.814,57.669998,388700,57.38649
2017-06-15,57.533,57.724,57.493,57.43,264400,57.147675
2017-06-16,57.804,57.864,57.653,57.57,281100,57.286983
2017-06-19,57.885,57.895,57.794,57.529999,372600,57.247181
2017-06-20,57.523,57.523,57.141,56.860001,373800,56.580475
2017-06-21,57.171,57.171,56.99,56.799999,449400,56.520771
2017-06-22,56.99,57.061,56.88,56.689999,208600,56.411308
2017-06-23,56.97,57.181,56.95,56.84,287500,56.560574
2017-06-26,57.372,57.503,57.181,56.900002,253700,56.620281
2017-06-27,57.05,57.05,56.789,56.549999,496500,56.271999
2017-06-28,56.41,56.49,56.29,56.439999,364600,56.439999
2017-06-29,56.47,56.47,55.98,56.209999,618000,56.209999
2017-06-30,56.32,56.41,56.13,56.25,442700,56.25
2017-07-03,56.22,56.24,56.1,56.099998,189000,56.099998
2017-07-05,55.81,55.99,55.68,55.990002,427100,55.990002
2017-07-06,55.84,55.84,55.63,55.66,357700,55.66
2017-07-07,55.56,55.66,55.4,55.619999,216641,55.619999
