"Date","VWOB.Open","VWOB.High","VWOB.Low","VWOB.Close","VWOB.Volume","VWOB.Adjusted"
2013-06-04,95.611,95.611,95.241,79.870003,12300,66.954292
2013-06-05,95.265,95.265,94.633,79.330002,25400,66.50164
2013-06-06,94.919,94.919,93.762,78.910004,56800,66.149559
2013-06-07,94.239,94.239,93.225,78.519997,45900,65.822601
2013-06-10,93.929,93.929,92.355,77.75,81000,65.177124
2013-06-11,92.164,92.164,90.911,76.5,33500,64.129272
2013-06-12,93.416,93.416,92.45,77.5,7300,64.96756
2013-06-13,93.035,93.333,92.629,78.239998,108500,65.587883
2013-06-14,93.81,94.597,93.81,79.160004,31100,66.359108
2013-06-17,95.134,95.134,93.905,78.720001,14500,65.990273
2013-06-18,93.75,93.75,93.178,78.110001,9600,65.478928
2013-06-19,93.476,93.547,91.865,77.209999,11300,64.724449
2013-06-20,92.45,92.45,89.885,75.489998,21400,63.282589
2013-06-21,91.615,91.615,89.348,75.220001,57800,63.056255
2013-06-24,90.362,90.362,87.666,74.459999,30200,62.419155
2013-06-25,89.11,89.468,88.871,74.589996,5300,62.528114
2013-06-26,89.706,89.706,89.36,74.910004,4100,62.796364
2013-06-27,90.649,90.661,90.231,75.870003,10700,63.601143
2013-06-28,89.814,90.708,89.814,76.029999,26400,63.735237
2013-07-01,90.388,90.911,90.388,76.400002,11500,64.205063
2013-07-02,91.506,91.506,91.078,76.540001,14900,64.322678
2013-07-03,91.768,91.768,90.995,76.540001,8600,64.322678
2013-07-05,91.09,91.09,89.888,75.68,13400,63.599972
2013-07-08,90.412,90.412,89.852,75.849998,25000,63.742809
2013-07-09,90.709,90.911,90.435,76.300003,2800,64.121002
2013-07-10,91.018,91.018,90.281,75.870003,15100,63.759636
2013-07-11,90.435,91.375,90.435,76.639999,149000,64.406723
2013-07-12,91.566,91.566,90.197,76.25,17000,64.078964
2013-07-15,91.839,91.839,90.995,76.620003,21800,64.389923
2013-07-16,91.792,92.22,91.399,76.879997,8300,64.608421
2013-07-17,91.935,91.935,91.637,77.239998,12000,64.910942
2013-07-18,92.458,92.589,92.268,77.75,7800,65.339561
2013-07-19,92.565,92.589,92.458,77.790001,9200,65.373184
2013-07-22,92.875,93.053,92.577,77.940002,151700,65.499222
2013-07-23,92.779,92.791,92.458,77.779999,27700,65.364761
2013-07-24,92.482,92.482,92.03,77.339996,9400,64.994987
2013-07-25,91.994,91.994,91.637,77.230003,5800,64.902557
2013-07-26,92.22,92.22,91.78,77.269997,46500,64.936165
2013-07-29,92.161,92.161,91.78,77.129997,7000,64.818542
2013-07-30,91.506,91.923,91.471,77.120003,8200,64.810089
2013-07-31,92.042,92.042,91.197,76.68,10000,64.440331
2013-08-01,90.792,91.052,90.744,76.519997,3600,64.525528
2013-08-02,91.017,91.112,90.744,76.699997,10100,64.677277
2013-08-05,90.732,91.076,90.685,76.739998,11400,64.711037
2013-08-06,90.91,90.91,90.661,76.599998,5900,64.592972
2013-08-07,91.041,91.041,90.495,76.459999,13100,64.474922
2013-08-08,90.78,90.993,90.72,76.730003,5400,64.702591
2013-08-09,90.839,91.064,90.839,76.790001,16200,64.753212
2013-08-12,91.064,91.064,90.981,76.790001,3100,64.753212
2013-08-13,90.803,90.886,90.685,76.470001,6000,64.483345
2013-08-14,90.839,90.839,90.732,76.57,6100,64.567673
2013-08-15,90.424,90.424,90.365,76.220001,7600,64.272545
2013-08-16,90.459,90.459,90.009,76.050003,10400,64.129189
2013-08-19,89.831,89.831,88.918,74.980003,43600,63.226921
2013-08-20,89.262,89.357,88.87,75.050003,6100,63.285934
2013-08-21,88.882,89.262,88.527,74.860001,9100,63.12569
2013-08-22,89.452,89.452,88.681,74.779999,4300,63.058239
2013-08-23,88.847,89.309,88.847,75.309998,1800,63.50518
2013-08-26,89.416,89.582,89.309,75.529999,3200,63.690689
2013-08-27,89.297,89.297,88.942,75.269997,7500,63.471432
2013-08-28,88.918,89.072,88.87,74.959999,3800,63.210045
2013-08-29,88.704,89.036,88.704,75.07,6200,63.302807
2013-08-30,89.119,89.119,88.764,74.849998,5200,63.117287
2013-09-03,87.983,87.983,87.746,74.32,3700,62.888824
2013-09-04,87.77,87.876,87.77,74.309998,6300,62.880329
2013-09-05,87.746,87.746,87.51,74.129997,6000,62.728031
2013-09-06,87.924,88.207,87.924,74.43,8800,62.981892
2013-09-09,88.834,88.834,88.254,74.720001,7700,63.227291
2013-09-10,88.16,88.266,87.817,74.68,12700,63.193443
2013-09-11,88.278,88.633,88.278,74.959999,9200,63.43037
2013-09-12,88.987,89.058,88.893,75.220001,15500,63.650394
2013-09-13,88.763,89.023,88.763,75.300003,11500,63.718094
2013-09-16,89.188,89.862,89.188,75.949997,6900,64.268089
2013-09-17,90.098,90.098,89.743,76.169998,15400,64.454254
2013-09-18,90.015,90.405,90.015,76.5,5800,64.73349
2013-09-19,90.417,91.658,90.37,77.290001,33400,65.402016
2013-09-20,91.587,91.587,90.89,77.300003,6000,65.410461
2013-09-23,91.823,91.823,91.41,77.349998,11600,65.452789
2013-09-24,91.717,91.717,90.642,77.160004,15000,65.292
2013-09-25,91.232,91.351,91.185,77.290001,2600,65.402016
2013-09-26,91.162,91.351,90.984,77.050003,8700,65.198921
2013-09-27,90.713,90.831,90.713,76.830002,11800,65.012756
2013-09-30,90.145,90.89,90.145,76.889999,13200,65.063507
2013-10-01,90.075,90.181,90.016,76.470001,8200,64.903114
2013-10-02,90.087,90.134,89.945,76.43,7700,64.869171
2013-10-03,90.075,90.075,89.992,76.410004,5900,64.852203
2013-10-04,90.145,90.546,90.145,76.629997,5300,65.03891
2013-10-07,90.77,90.77,90.558,76.970001,3800,65.327484
2013-10-08,90.723,90.723,90.534,76.879997,8900,65.251099
2013-10-09,90.228,90.911,90.11,77.110001,13100,65.446297
2013-10-10,90.888,90.888,90.593,77.07,12600,65.412346
2013-10-11,90.947,91.041,90.558,77.220001,7700,65.539658
2013-10-14,91.076,91.17,91.006,77.290001,16500,65.599098
2013-10-15,90.958,91.006,90.322,76.830002,21100,65.208641
2013-10-16,90.676,91.017,90.676,77.099998,9400,65.437843
2013-10-17,90.994,91.418,90.994,77.540001,13700,65.811264
2013-10-18,91.383,91.854,91.383,77.790001,8000,66.023438
2013-10-21,91.783,91.783,91.724,77.889999,8200,66.108322
2013-10-22,91.96,91.995,91.701,78.080002,4800,66.269569
2013-10-23,91.983,92.184,91.983,78.239998,9200,66.40538
2013-10-24,92.325,92.325,92.019,78.18,4400,66.354469
2013-10-25,91.83,92.396,91.83,78.330002,11800,66.481766
2013-10-28,92.172,92.184,91.83,78.110001,19200,66.295044
2013-10-29,92.926,92.926,91.901,78.099998,15200,66.286552
2013-10-30,91.559,92.066,91.559,77.830002,7600,66.057381
2013-10-31,92.09,92.09,91.795,78.050003,2600,66.244125
2013-11-01,91.34,91.34,90.671,77.230003,31200,65.781631
2013-11-04,91.058,91.058,90.988,77.519997,5400,66.028641
2013-11-05,91.105,91.105,90.401,77.099998,4000,65.670883
2013-11-06,90.694,90.694,90.401,77.029999,5400,65.611244
2013-11-07,90.718,90.776,90.401,77.050003,16300,65.628296
2013-11-08,90.401,90.401,89.497,76.5,15100,65.159813
2013-11-11,89.509,89.908,89.509,76.400002,12300,65.074638
2013-11-12,89.661,89.661,89.168,76.099998,8200,64.819092
2013-11-13,88.875,89.332,88.851,75.919998,20100,64.665802
2013-11-14,89.52,89.52,89.356,76.110001,6800,64.827652
2013-11-15,89.074,89.802,89.074,76.489998,26000,65.151329
2013-11-18,90.025,90.248,89.978,76.660004,149600,65.296097
2013-11-19,90.131,90.189,90.002,76.709999,32300,65.338699
2013-11-20,90.06,90.072,89.849,76.650002,22000,65.287613
2013-11-21,89.919,89.919,89.473,76.5,10200,65.159813
2013-11-22,89.872,90.013,89.825,76.650002,13200,65.287613
2013-11-25,90.049,90.131,89.908,76.75,10600,65.372757
2013-11-26,90.236,90.236,90.013,76.739998,22300,65.364243
2013-11-27,90.131,90.131,89.779,76.519997,8800,65.176872
2013-11-29,90.037,90.037,89.919,76.629997,3100,65.270554
2013-12-02,89.806,89.806,88.905,76.019997,18200,64.985008
2013-12-03,88.952,89.022,88.765,76.099998,14200,65.053421
2013-12-04,88.987,88.987,88.73,75.980003,9000,64.950859
2013-12-05,89.128,89.128,88.671,75.989998,14400,64.959396
2013-12-06,88.882,89.034,88.882,76.040001,7800,65.002144
2013-12-09,89.28,89.303,89.081,76.25,7000,65.181664
2013-12-10,89.642,89.642,89.444,76.589996,6800,65.472275
2013-12-11,89.256,89.373,88.976,76.059998,36800,65.019226
2013-12-12,89.444,89.444,88.882,76.110001,16400,65.061966
2013-12-13,89.455,89.455,88.999,76.349998,15000,65.267136
2013-12-16,89.479,89.502,89.21,76.309998,18100,65.232948
2013-12-17,89.42,89.444,89.245,76.43,52100,65.335518
2013-12-18,89.408,89.724,89.291,76.529999,229400,65.421021
2013-12-19,89.748,89.748,89.315,76.510002,31000,65.403954
2013-12-20,89.736,89.736,89.549,76.550003,16900,65.43811
2013-12-23,90.099,90.11,89.631,76.830002,21700,65.677467
2013-12-24,89.487,89.487,88.974,76.540001,8800,65.714409
2013-12-26,89.091,89.149,88.846,76.440002,20100,65.628502
2013-12-27,88.951,89.091,88.753,76.309998,10300,65.516907
2013-12-30,89.172,89.172,88.916,76.510002,44400,65.688622
2013-12-31,89.498,89.498,89.126,76.559998,41900,65.731552
2014-01-02,89.068,89.068,88.928,76.440002,12800,65.628502
2014-01-03,88.823,89.091,88.823,76.480003,20800,65.66288
2014-01-06,89.172,89.394,89.102,76.650002,19700,65.808815
2014-01-07,89.498,89.498,89.242,76.739998,30700,65.886086
2014-01-08,89.277,89.277,88.951,76.519997,45100,65.697205
2014-01-09,89.359,89.359,89.102,76.540001,11300,65.714409
2014-01-10,89.475,89.58,89.3,76.900002,12900,66.023438
2014-01-13,89.72,89.72,89.463,76.870003,8100,65.997704
2014-01-14,89.463,89.58,89.37,76.910004,12800,66.032059
2014-01-15,89.72,89.72,89.592,76.970001,16900,66.083557
2014-01-16,89.964,89.964,89.58,76.910004,12900,66.032059
2014-01-17,89.918,89.918,89.766,77.150002,12200,66.238106
2014-01-21,89.918,89.918,89.685,77.059998,13900,66.160835
2014-01-22,89.661,89.755,89.568,76.959999,12600,66.074974
2014-01-23,89.673,89.673,89.102,76.5,15500,65.680038
2014-01-24,89.091,89.091,88.811,76.25,22500,65.465408
2014-01-27,88.718,88.765,88.543,76.050003,39100,65.293678
2014-01-28,88.73,88.835,88.59,76.269997,30600,65.482574
2014-01-29,88.835,88.858,88.613,76.269997,11000,65.482574
2014-01-30,88.846,88.846,88.776,76.239998,5300,65.45681
2014-01-31,88.578,88.602,88.404,75.910004,17900,65.173492
2014-02-03,88.129,88.198,87.722,75.769997,11500,65.256142
2014-02-04,88.291,88.326,88.024,76.029999,15000,65.480072
2014-02-05,88.291,88.558,88.291,76.25,28500,65.669556
2014-02-06,88.315,88.663,88.315,76.290001,12500,65.704002
2014-02-07,88.837,88.953,88.547,76.599998,8800,65.970993
2014-02-10,89.081,89.081,88.965,76.660004,10300,66.02269
2014-02-11,89.29,89.29,89.023,76.720001,8300,66.074326
2014-02-12,89.127,89.162,89.011,76.690002,6000,66.048515
2014-02-13,88.93,89.034,88.86,76.68,16100,66.039902
2014-02-14,88.465,89.058,88.454,76.300003,50600,65.712631
2014-02-18,88.57,89.151,88.57,76.68,8600,66.039902
2014-02-19,88.988,89.197,88.593,76.730003,20500,66.082962
2014-02-20,89.185,89.185,88.373,76.370003,49700,65.772903
2014-02-21,88.512,89.139,88.512,76.760002,7000,66.108795
2014-02-24,89.232,89.534,89.22,77.080002,107300,66.384384
2014-02-25,89.464,89.894,89.441,77.349998,17100,66.616913
2014-02-26,89.592,90.068,89.592,77.540001,18100,66.780571
2014-02-27,89.569,90.184,89.569,77.629997,8900,66.858078
2014-02-28,90.161,90.451,90.149,77.82,10200,67.021713
2014-03-03,89.655,89.655,89.308,77.300003,11200,66.820305
2014-03-04,89.481,89.632,89.389,77.480003,10900,66.975883
2014-03-05,89.886,89.886,89.319,77.349998,7700,66.863525
2014-03-06,89.597,89.643,89.192,77.400002,12700,66.906738
2014-03-07,89.759,89.759,89.342,77.339996,17700,66.854874
2014-03-10,89.539,89.539,89.111,77.330002,19000,66.846222
2014-03-11,89.585,89.585,89.284,77.279999,8900,66.802994
2014-03-12,89.423,89.423,88.868,77.050003,20700,66.604187
2014-03-13,89.458,89.458,89.157,77.099998,6600,66.6474
2014-03-14,89.134,89.446,88.961,76.989998,5800,66.552315
2014-03-17,89.308,89.365,89.007,77,7100,66.560959
2014-03-18,89.4,89.4,89.123,77.150002,10000,66.690636
2014-03-19,89.041,89.597,89.041,77.290001,4100,66.811676
2014-03-20,89.18,89.423,89.042,77.050003,9900,66.604187
2014-03-21,89.377,89.377,89.099,77.099998,59400,66.6474
2014-03-24,89.47,89.504,89.122,77.230003,35600,66.759796
2014-03-25,89.123,89.516,89.123,77.25,12400,66.777077
2014-03-26,89.354,89.851,89.354,77.669998,7500,67.140144
2014-03-27,89.666,90.337,89.666,78.059998,27200,67.477272
2014-03-28,90.719,90.719,89.909,78.139999,11900,67.546425
2014-03-31,90.418,90.545,90.071,78.230003,25500,67.624207
2014-04-01,89.834,89.949,89.834,78.019997,114000,67.698845
2014-04-02,89.834,90.122,89.684,77.970001,16100,67.655434
2014-04-03,89.857,89.903,89.604,78,7700,67.68148
2014-04-04,89.892,90.237,89.869,78.300003,10600,67.941803
2014-04-07,90.468,90.468,89.972,78.300003,15300,67.941803
2014-04-08,90.26,90.479,90.237,78.5,12800,68.115334
2014-04-09,90.779,90.779,90.341,78.589996,14400,68.19342
2014-04-10,91.24,91.24,90.837,79.010002,37100,68.557877
2014-04-11,91.044,91.148,91.044,79.010002,9300,68.557877
2014-04-14,91.09,91.09,90.353,78.860001,16700,68.427727
2014-04-15,91.113,91.113,90.353,78.779999,8500,68.358299
2014-04-16,90.952,90.952,90.779,78.82,13300,68.393028
2014-04-17,90.906,91.136,90.825,78.989998,8800,68.54052
2014-04-21,91.056,91.252,90.525,79,15700,68.549202
2014-04-22,91.102,91.113,90.456,78.599998,83700,68.202103
2014-04-23,90.364,90.572,90.364,78.449997,120000,68.071945
2014-04-24,90.525,90.525,90.26,78.43,10900,68.054611
2014-04-25,90.433,90.433,89.972,78.300003,12200,67.941803
2014-04-28,90.387,90.479,89.961,78.160004,19900,67.82032
2014-04-29,90.422,90.433,90.226,78.370003,9400,68.002525
2014-04-30,90.422,90.721,90.318,78.550003,11500,68.158714
2014-05-01,89.987,90.274,89.757,78.610001,21000,68.453033
2014-05-02,90.308,90.366,90.033,78.639999,11800,68.479179
2014-05-05,90.504,90.641,90.148,78.720001,10500,68.548859
2014-05-06,90.182,90.573,90.171,78.660004,15400,68.49659
2014-05-07,90.619,90.871,90.607,79.010002,18900,68.801369
2014-05-08,90.802,91.434,90.802,79.540001,14900,69.262894
2014-05-09,91.56,91.56,91.308,79.599998,20300,69.315132
2014-05-12,91.422,91.422,91.227,79.510002,26800,69.236755
2014-05-13,91.17,91.491,91.17,79.610001,22600,69.323837
2014-05-14,91.445,91.664,91.445,79.809998,9800,69.497993
2014-05-15,92.249,92.249,91.549,79.959999,11800,69.628609
2014-05-16,91.755,91.778,91.503,79.839996,20000,69.524109
2014-05-19,91.79,91.79,91.606,79.870003,10000,69.550247
2014-05-20,91.732,91.744,91.709,79.879997,18400,69.55896
2014-05-21,91.916,91.928,91.641,80.050003,43000,69.706993
2014-05-22,91.928,91.939,91.859,80.040001,25700,69.698265
2014-05-23,92.088,92.088,92.008,80.139999,13000,69.785378
2014-05-27,92.238,92.238,92.123,80.279999,16800,69.90728
2014-05-28,92.479,92.628,92.33,80.639999,15600,70.220764
2014-05-29,93.042,93.042,92.743,80.910004,20300,70.455887
2014-05-30,92.904,92.915,92.846,80.910004,19100,70.455887
2014-06-02,92.396,92.396,92.11,80.699997,25900,70.528412
2014-06-03,92.659,92.659,91.835,80.32,350700,70.196297
2014-06-04,91.606,91.881,91.526,80.129997,14900,70.030258
2014-06-05,91.412,91.938,91.412,80.300003,12300,70.178833
2014-06-06,92.281,92.625,92.247,80.949997,23000,70.746902
2014-06-09,92.567,92.991,92.453,80.919998,14500,70.72068
2014-06-10,92.693,92.693,92.384,80.910004,15000,70.711952
2014-06-11,92.339,92.35,92.064,80.639999,15900,70.475975
2014-06-12,91.938,92.155,91.938,80.529999,33300,70.379814
2014-06-13,92.133,92.19,91.927,80.5,8200,70.353615
2014-06-16,92.018,92.041,91.778,80.339996,22800,70.213799
2014-06-17,91.869,91.938,91.778,80.239998,10200,70.126381
2014-06-18,91.927,91.938,91.412,80.230003,121400,70.117676
2014-06-19,92.236,92.236,91.618,80.190002,76200,70.082687
2014-06-20,91.892,91.892,91.606,80.239998,27600,70.126381
2014-06-23,91.938,92.178,91.778,80.379997,25200,70.248749
2014-06-24,92.133,92.178,92.087,80.559998,15400,70.406044
2014-06-25,92.361,92.373,92.339,80.720001,8800,70.545883
2014-06-26,92.281,92.544,92.224,80.790001,19500,70.607063
2014-06-27,92.442,92.442,92.293,80.720001,14400,70.545883
2014-06-30,92.361,92.384,92.293,80.720001,12300,70.545883
2014-07-01,91.709,91.709,91.424,80.300003,30000,70.441505
2014-07-02,91.436,91.595,91.436,80.300003,13000,70.441505
2014-07-03,91.424,91.538,91.367,80.269997,34200,70.415192
2014-07-07,91.504,91.675,91.447,80.300003,15100,70.441505
2014-07-08,91.652,91.88,91.595,80.559998,32400,70.669586
2014-07-09,91.88,91.96,91.812,80.660004,22100,70.757294
2014-07-10,91.88,92.348,91.755,80.660004,55600,70.757294
2014-07-11,92.051,92.12,91.926,80.730003,9800,70.818695
2014-07-14,92.222,92.222,91.892,80.75,11400,70.836243
2014-07-15,92.074,92.12,91.892,80.760002,12700,70.845016
2014-07-16,92.085,92.165,91.971,80.769997,18300,70.853783
2014-07-17,92.256,92.256,91.652,80.519997,14900,70.634491
2014-07-18,91.823,92.063,91.823,80.550003,14500,70.660789
2014-07-21,92.063,92.063,91.812,80.610001,9200,70.713455
2014-07-22,91.903,92.097,91.88,80.779999,8400,70.862556
2014-07-23,92.188,92.45,92.177,81.019997,17300,71.07309
2014-07-24,92.918,92.918,92.336,81.040001,10500,71.090683
2014-07-25,92.644,92.644,92.325,81.029999,22500,71.081863
2014-07-28,92.405,92.405,91.892,80.669998,79200,70.766052
2014-07-29,91.949,92.097,91.869,80.669998,14200,70.766052
2014-07-30,91.983,92.234,91.812,80.580002,64700,70.687103
2014-07-31,91.743,91.743,91.253,80.220001,258800,70.371323
2014-08-01,90.68,90.782,90.362,79.739998,80800,70.198784
2014-08-04,89.965,91.203,89.965,79.730003,125300,70.189987
2014-08-05,90.555,90.839,90.305,79.620003,16900,70.093132
2014-08-06,90.464,90.464,90.305,79.529999,24100,70.013878
2014-08-07,90.589,90.635,90.146,79.580002,8400,70.057922
2014-08-08,90.249,90.658,90.249,79.529999,11400,70.013878
2014-08-11,90.476,90.555,90.476,79.720001,12700,70.181168
2014-08-12,90.51,90.839,90.51,79.779999,13500,70.233994
2014-08-13,90.464,90.794,90.464,79.900002,19900,70.339645
2014-08-14,91.044,91.43,90.976,80.199997,9900,70.603752
2014-08-15,91.669,91.669,91.214,80.32,22600,70.709358
2014-08-18,91.589,91.589,91.305,80.57,51700,70.929443
2014-08-19,91.805,91.805,91.544,80.650002,28400,70.999901
2014-08-20,91.544,91.714,91.407,80.510002,15900,70.87664
2014-08-21,91.589,91.589,91.407,80.470001,6800,70.841415
2014-08-22,91.544,91.93,91.316,80.440002,122200,70.814995
2014-08-25,91.487,91.521,91.407,80.470001,41000,70.841415
2014-08-26,91.51,91.646,91.464,80.589996,20200,70.947052
2014-08-27,91.862,92.032,91.748,81.019997,15400,71.325615
2014-08-28,92.35,92.35,91.691,80.870003,12600,71.193558
2014-08-29,91.782,91.839,91.646,80.82,17900,71.149529
2014-09-02,91.085,91.085,90.61,80.050003,161500,70.721062
2014-09-03,90.666,90.87,90.553,80.099998,194900,70.765236
2014-09-04,90.96,91.006,90.61,80.050003,34100,70.721062
2014-09-05,90.632,90.926,90.632,80.330002,136000,70.96846
2014-09-08,90.926,90.926,90.496,79.970001,106700,70.650391
2014-09-09,90.451,90.485,90.236,79.730003,28000,70.438362
2014-09-10,90.134,90.259,90.044,79.739998,10100,70.447182
2014-09-11,90.394,90.394,90.327,79.82,7800,70.517853
2014-09-12,90.145,90.145,89.795,79.400002,224800,70.146812
2014-09-15,89.862,89.862,89.647,79.209999,12700,69.978973
2014-09-16,89.806,89.806,89.444,79.190002,36000,69.961311
2014-09-17,89.727,89.727,89.444,79.129997,10100,69.908272
2014-09-18,89.534,89.534,89.263,78.889999,33100,69.696266
2014-09-19,89.41,89.613,89.41,79.129997,23800,69.908272
2014-09-22,89.783,89.783,89.67,79.279999,66700,70.040794
2014-09-23,89.647,89.84,89.625,79.330002,80200,70.084938
2014-09-24,89.93,90.021,89.919,79.529999,13000,70.261681
2014-09-25,90.021,90.134,89.862,79.519997,79400,70.252815
2014-09-26,89.862,89.908,89.772,79.419998,73600,70.16449
2014-09-29,89.444,89.817,89.364,79.019997,230900,69.811111
2014-09-30,89.512,89.512,89.149,78.760002,20200,69.581421
2014-10-01,88.649,88.739,88.502,78.639999,151700,69.734802
2014-10-02,88.728,88.908,88.502,78.540001,22600,69.646126
2014-10-03,88.739,88.795,88.468,78.639999,23100,69.734802
2014-10-06,88.694,88.806,88.547,78.709999,73400,69.796883
2014-10-07,88.852,88.93,88.75,78.760002,29000,69.841232
2014-10-08,88.897,89.201,88.874,79.080002,126500,70.124977
2014-10-09,89.348,89.483,89.179,79.089996,12400,70.13385
2014-10-10,89.179,89.427,88.987,79.050003,80200,70.098381
2014-10-13,89.269,89.449,89.088,79.050003,30700,70.098381
2014-10-14,89.348,89.348,89.111,79.18,8000,70.213669
2014-10-15,89.179,89.483,89.111,79.150002,14000,70.187042
2014-10-16,89.246,89.246,88.806,78.989998,14500,70.045166
2014-10-17,89.314,89.393,89.1,79.230003,23700,70.258018
2014-10-20,89.472,89.573,89.359,79.43,128300,70.435333
2014-10-21,89.483,89.483,89.258,79.260002,48300,70.284592
2014-10-22,89.427,89.528,89.258,79.32,69500,70.337814
2014-10-23,89.461,89.461,89.37,79.279999,9200,70.302322
2014-10-24,89.472,89.539,89.359,79.360001,18300,70.373283
2014-10-27,89.427,89.528,89.37,79.370003,12000,70.382156
2014-10-28,89.539,89.697,89.528,79.449997,35100,70.453087
2014-10-29,89.754,89.9,89.641,79.589996,23300,70.577225
2014-10-30,89.754,89.934,89.754,79.660004,11500,70.63929
2014-10-31,89.934,89.934,89.821,79.739998,15200,70.710258
2014-11-03,89.547,89.547,88.974,79.199997,148900,70.49041
2014-11-04,89.042,89.087,88.896,79.120003,14000,70.41922
2014-11-05,88.907,89.177,88.761,79.040001,39600,70.348
2014-11-06,88.761,88.761,88.503,78.779999,22900,70.116577
2014-11-07,88.514,88.817,88.48,78.900002,22100,70.223396
2014-11-10,89.109,89.109,88.48,78.940002,65800,70.258995
2014-11-11,88.705,88.941,88.48,78.870003,117100,70.196693
2014-11-12,88.682,88.682,88.536,78.919998,48600,70.241203
2014-11-13,88.705,88.705,88.357,78.639999,36700,69.991997
2014-11-14,88.39,88.705,88.278,78.620003,30500,69.974182
2014-11-17,88.312,88.312,88.143,78.5,23700,69.867371
2014-11-18,88.267,88.267,88.132,78.529999,93400,69.894112
2014-11-19,88.3,88.491,88.267,78.669998,9900,70.0187
2014-11-20,88.357,88.469,88.345,78.660004,20400,70.009796
2014-11-21,89.031,89.064,88.581,78.910004,26300,70.232315
2014-11-24,89.109,89.109,88.604,79.059998,413400,70.365799
2014-11-25,88.918,88.986,88.806,79.139999,41800,70.436981
2014-11-26,89.008,89.121,88.873,79.300003,23600,70.579422
2014-11-28,89.345,89.345,88.795,79.040001,22700,70.348
2014-12-01,88.51,88.51,87.715,78.379997,130500,69.993469
2014-12-02,87.827,87.827,87.626,78.290001,12500,69.913132
2014-12-03,87.57,87.715,87.379,78.32,47200,69.939896
2014-12-04,87.827,87.827,87.637,78.279999,53400,69.904175
2014-12-05,87.727,87.727,87.155,77.879997,185800,69.546982
2014-12-08,87.2,87.2,86.08,77.07,195900,68.823662
2014-12-09,85.924,86.192,85.845,76.82,121000,68.600388
2014-12-10,85.968,86.148,85.565,76.559998,73200,68.368202
2014-12-11,85.745,86.125,85.285,76.209999,68900,68.055672
2014-12-12,85.106,85.33,83.986,75.019997,31000,66.992996
2014-12-15,83.986,84.166,82.889,74.089996,140000,66.162506
2014-12-16,82.867,83.068,81.915,73.690002,88500,65.805305
2014-12-17,82.721,84.681,82.721,74.900002,55000,66.885857
2014-12-18,84.916,85.968,84.49,76.029999,81300,67.89492
2014-12-19,85.487,85.711,85.073,76.370003,41000,68.19857
2014-12-22,85.733,86.058,85.353,76.75,34000,68.537888
2014-12-23,85.514,85.514,85.057,76.529999,34800,68.623985
2014-12-24,85.347,85.347,85.246,76.529999,20100,68.623985
2014-12-26,85.481,85.704,85.113,76.330002,38600,68.444641
2014-12-29,84.99,85.436,84.923,76.589996,44300,68.677765
2014-12-30,85.503,85.503,85.146,76.360001,30600,68.471535
2014-12-31,84.756,85.391,84.756,76.360001,21200,68.471535
2015-01-02,85.113,85.592,85.113,76.360001,41900,68.471535
2015-01-05,84.979,85.325,84.533,75.800003,39200,67.969383
2015-01-06,84.477,84.477,83.641,75.059998,34000,67.305832
2015-01-07,84.444,84.789,84.009,75.980003,13900,68.130814
2015-01-08,84.957,85.269,84.957,76.360001,57300,68.471535
2015-01-09,85.336,85.336,84.655,76,65800,68.148712
2015-01-12,84.756,84.912,84.633,75.93,29600,68.085945
2015-01-13,84.655,84.834,84.287,75.940002,23700,68.094948
2015-01-14,84.823,85.035,84.555,76.239998,8900,68.363937
2015-01-15,85.246,85.313,84.555,76.440002,20700,68.543289
2015-01-16,85.18,85.213,85.046,76.279999,22800,68.39978
2015-01-20,85.18,85.503,85.023,76.330002,35400,68.444641
2015-01-21,85.291,85.458,85.079,76.339996,33700,68.453598
2015-01-22,85.124,85.325,84.99,76.239998,20700,68.363937
2015-01-23,85.615,85.815,84.957,76.550003,52800,68.641907
2015-01-26,85.748,85.771,85.369,76.730003,24000,68.803314
2015-01-27,85.838,85.871,85.57,76.870003,29100,68.928833
2015-01-28,85.782,86.128,85.615,76.989998,50200,69.036446
2015-01-29,85.983,85.983,85.615,76.900002,13000,68.955757
2015-01-30,85.938,86.373,85.559,76.809998,23800,68.875031
2015-02-02,85.381,85.459,85.226,76.809998,28600,69.153236
2015-02-03,85.526,85.814,85.292,77.019997,37000,69.342316
2015-02-04,85.637,85.659,85.426,76.910004,22200,69.243279
2015-02-05,85.148,85.659,85.148,77.120003,30200,69.432335
2015-02-06,85.803,85.803,85.281,76.830002,132500,69.171249
2015-02-09,85.792,85.792,85.359,77.029999,27500,69.351326
2015-02-10,85.37,85.37,84.892,76.43,34200,68.811096
2015-02-11,85.492,85.492,84.859,76.510002,24600,68.883141
2015-02-12,85.226,85.381,85.115,76.860001,20000,69.198265
2015-02-13,85.281,85.781,85.281,77.150002,18600,69.459358
2015-02-17,85.792,85.903,85.537,77.120003,34100,69.432335
2015-02-18,85.803,85.892,85.559,77.120003,33600,69.432335
2015-02-19,85.837,85.837,85.559,77.029999,24100,69.351326
2015-02-20,85.881,85.881,85.548,77.019997,17200,69.342316
2015-02-23,85.548,85.703,85.337,76.919998,26700,69.252274
2015-02-24,85.681,85.914,85.415,77.169998,32400,69.477348
2015-02-25,86.025,86.203,85.959,77.610001,10800,69.873512
2015-02-26,86.336,86.336,86.136,77.550003,15200,69.819473
2015-02-27,86.236,86.248,86.048,77.639999,24900,69.900497
2015-03-02,86.306,86.306,85.543,77.32,31200,69.869781
2015-03-03,85.421,85.697,85.421,77.370003,20800,69.91497
2015-03-04,85.62,85.653,85.432,77.239998,18600,69.797493
2015-03-05,85.498,85.531,85.321,77.150002,22900,69.716171
2015-03-06,85.421,85.421,84.856,76.720001,134700,69.327599
2015-03-09,85.155,85.155,84.668,76.57,29300,69.192047
2015-03-10,84.735,84.735,84.491,76.349998,32500,68.993248
2015-03-11,84.436,84.69,84.381,76.300003,20300,68.948082
2015-03-12,84.768,84.923,84.69,76.540001,16100,69.164925
2015-03-13,84.558,84.856,84.447,76.349998,20000,68.993248
2015-03-16,84.646,84.646,84.226,76.110001,44800,68.776367
2015-03-17,84.104,84.226,83.993,75.940002,59100,68.622749
2015-03-18,83.883,84.978,83.883,76.309998,28200,68.9571
2015-03-19,84.657,84.956,84.657,76.669998,18400,69.282417
2015-03-20,85.144,85.365,85.111,77.110001,19500,69.680023
2015-03-23,85.487,85.863,85.465,77.400002,36900,69.942078
2015-03-24,85.609,85.886,85.609,77.510002,37400,70.041466
2015-03-25,85.93,86.229,85.93,77.730003,159900,70.240273
2015-03-26,86.195,86.195,85.62,77.489998,33500,70.023392
2015-03-27,86.052,86.052,85.631,77.440002,27800,69.978233
2015-03-30,86.007,86.007,85.874,77.650002,19400,70.167992
2015-03-31,86.151,86.207,85.886,77.760002,22800,70.267372
2015-04-01,85.915,85.981,85.529,77.900002,66100,70.678391
2015-04-02,86.179,86.179,85.904,78.089996,30500,70.850784
2015-04-06,86.477,86.477,86.3,78.379997,32500,71.113892
2015-04-07,86.19,86.344,86.047,78.269997,17700,71.014084
2015-04-08,86.664,86.752,86.51,78.690002,24300,71.395157
2015-04-09,87.061,87.072,86.796,78.959999,33200,71.640114
2015-04-10,87.061,87.061,86.785,78.860001,28900,71.549393
2015-04-13,86.686,87.105,86.686,79.019997,32100,71.694588
2015-04-14,87.292,87.358,87.149,79.080002,138000,71.749008
2015-04-15,87.568,87.568,86.896,78.940002,182200,71.621971
2015-04-16,87.006,87.006,86.807,78.800003,35300,71.494942
2015-04-17,87.182,87.182,86.609,78.629997,53900,71.340721
2015-04-20,86.763,86.763,86.521,78.519997,31500,71.240921
2015-04-21,86.642,86.642,86.521,78.540001,37100,71.259064
2015-04-22,86.774,87.006,86.565,78.580002,73800,71.295357
2015-04-23,86.631,87.061,86.609,78.980003,37300,71.658272
2015-04-24,87.182,87.336,87.072,79.239998,21400,71.894188
2015-04-27,87.557,87.557,87.259,79.220001,44100,71.876038
2015-04-28,87.513,87.513,87.182,79.18,62800,71.839737
2015-04-29,87.05,87.05,86.752,78.809998,27900,71.504028
2015-04-30,86.973,86.973,86.598,78.82,246900,71.5131
2015-05-01,86.173,86.173,85.788,78.419998,37800,71.419304
2015-05-04,86.14,86.14,85.92,78.32,31700,71.328224
2015-05-05,85.876,85.964,85.821,78.279999,89700,71.291779
2015-05-06,85.942,85.953,85.832,78.199997,19000,71.218948
2015-05-07,86.118,86.118,85.789,78.239998,33900,71.255363
2015-05-08,86.052,86.25,86.052,78.550003,32900,71.537689
2015-05-11,86.294,86.294,85.953,78.309998,52800,71.31913
2015-05-12,85.646,85.679,85.503,78.010002,19000,71.045898
2015-05-13,85.909,86.107,85.81,78.269997,23500,71.282715
2015-05-14,86.041,86.052,85.832,78.370003,32300,71.373756
2015-05-15,86.206,86.403,86.096,78.690002,22200,71.665207
2015-05-18,86.744,86.744,86.14,78.459999,37100,71.455711
2015-05-19,86.316,86.316,85.843,78.18,35400,71.200714
2015-05-20,86.063,86.129,85.832,78.419998,24600,71.419304
2015-05-21,86.206,86.37,86.162,78.620003,25200,71.601456
2015-05-22,86.491,86.491,86.151,78.629997,56900,71.610542
2015-05-26,86.414,86.469,86.239,78.669998,33300,71.646973
2015-05-27,86.063,86.359,86.063,78.650002,25200,71.628761
2015-05-28,86.502,86.502,85.832,78.379997,58100,71.382881
2015-05-29,86.096,86.722,85.92,78.43,73000,71.428398
2015-06-01,86.419,86.419,85.007,77.839996,75500,71.157799
2015-06-02,85.15,85.15,84.843,77.68,45800,71.011566
2015-06-03,85.029,85.029,84.559,77.370003,34100,70.728157
2015-06-04,84.745,84.745,84.406,77.349998,38200,70.709877
2015-06-05,84.57,84.57,83.815,76.830002,69200,70.234535
2015-06-08,84.056,84.165,83.739,76.669998,115700,70.088249
2015-06-09,83.892,83.892,83.399,76.400002,95400,69.841438
2015-06-10,83.465,83.465,83.093,76.110001,72900,69.576324
2015-06-11,83.345,83.531,83.17,76.360001,43000,69.804863
2015-06-12,83.684,83.782,83.553,76.529999,29900,69.960258
2015-06-15,83.684,83.684,83.268,76.260002,52600,69.713455
2015-06-16,83.137,83.509,83.137,76.239998,29500,69.695168
2015-06-17,83.432,83.673,83.246,76.43,19200,69.868851
2015-06-18,83.739,83.935,83.651,76.730003,23700,70.143089
2015-06-19,83.979,84.22,83.979,76.970001,45700,70.362495
2015-06-22,83.925,84.34,83.925,77.099998,43900,70.481346
2015-06-23,84.264,84.493,84.089,77.220001,29900,70.591034
2015-06-24,84.537,84.57,84.329,77.309998,31100,70.673325
2015-06-25,84.559,84.559,84.264,77.239998,34200,70.609329
2015-06-26,84.253,84.275,83.935,77.029999,23900,70.417366
2015-06-29,84.121,84.154,83.826,76.889999,31500,70.289375
2015-06-30,84.286,84.286,83.673,76.940002,83400,70.335068
2015-07-01,83.614,83.614,83.243,76.589996,41900,70.284592
2015-07-02,83.45,83.81,83.352,76.889999,34300,70.559891
2015-07-06,83.897,83.897,83.516,76.769997,63900,70.44976
2015-07-07,83.635,83.635,83.232,76.540001,169300,70.238724
2015-07-08,83.483,83.483,83.167,76.440002,26800,70.146935
2015-07-09,83.254,83.57,83.254,76.529999,16000,70.229538
2015-07-10,83.45,83.625,83.396,76.709999,32000,70.394722
2015-07-13,83.679,83.679,83.276,76.639999,25500,70.330475
2015-07-14,83.548,83.635,83.363,76.599998,41600,70.293777
2015-07-15,83.309,83.559,83.265,76.620003,35800,70.312134
2015-07-16,83.309,83.744,83.287,76.849998,164000,70.523201
2015-07-17,83.646,83.766,83.494,76.860001,34500,70.532387
2015-07-20,83.646,83.733,83.439,76.739998,48100,70.422256
2015-07-21,83.635,83.668,83.483,76.760002,42900,70.440582
2015-07-22,83.483,83.832,83.461,76.739998,33200,70.422256
2015-07-23,83.635,83.657,83.352,76.57,19400,70.266251
2015-07-24,83.472,83.472,83.167,76.459999,81400,70.165306
2015-07-27,83.058,83.254,82.883,76.239998,55600,69.96344
2015-07-28,83.287,83.287,82.818,76.199997,32500,69.926697
2015-07-29,82.971,83.309,82.971,76.379997,17700,70.091881
2015-07-30,83.091,83.548,83.091,76.669998,46200,70.358009
2015-07-31,83.777,83.821,83.548,76.839996,18300,70.514008
2015-08-03,83.185,83.185,82.838,76.43,82500,70.407181
2015-08-04,83.239,83.25,82.632,76.379997,49000,70.361115
2015-08-05,83.239,83.239,82.621,76.300003,85400,70.287407
2015-08-06,82.653,82.751,82.414,76.150002,50900,70.149223
2015-08-07,82.881,82.881,82.393,76.019997,26100,70.029457
2015-08-10,82.566,82.675,82.393,76.099998,87100,70.103165
2015-08-11,82.968,82.968,82.414,76.010002,79200,70.020271
2015-08-12,82.382,82.686,82.382,75.970001,100100,69.983414
2015-08-13,82.697,82.697,82.349,75.989998,52600,70.001823
2015-08-14,82.534,82.621,82.295,75.919998,27200,69.937355
2015-08-17,82.414,82.501,82.273,76,82700,70.011047
2015-08-18,82.469,82.469,82.176,75.800003,34700,69.826813
2015-08-19,82.306,82.306,81.937,75.580002,91100,69.624153
2015-08-20,82.024,82.078,81.655,75.330002,98100,69.393852
2015-08-21,81.633,81.807,81.416,75.18,83100,69.255653
2015-08-24,79.885,81.014,79.787,74.400002,268000,68.537132
2015-08-25,81.959,82.306,81.003,74.709999,154100,68.822678
2015-08-26,81.199,81.199,80.884,74.589996,44000,68.712158
2015-08-27,81.372,81.817,81.372,75.370003,73400,69.430702
2015-08-28,81.785,82.045,81.546,75.580002,44700,69.624153
2015-08-31,82.045,82.165,81.796,75.550003,25500,69.596504
2015-09-01,81.403,81.414,81.132,75.25,61300,69.599304
2015-09-02,81.23,81.23,80.841,74.809998,37100,69.192329
2015-09-03,80.927,81.392,80.927,75.209999,115600,69.562271
2015-09-04,81.565,81.565,81.241,75.290001,48500,69.636276
2015-09-08,81.651,81.651,81.197,75.18,53600,69.534538
2015-09-09,81.457,81.457,81.241,75.18,27900,69.534538
2015-09-10,81.36,81.435,81.241,75.209999,33200,69.562271
2015-09-11,81.305,81.392,81.176,75.18,19400,69.534538
2015-09-14,81.414,81.543,81.187,75.209999,47900,69.562271
2015-09-15,81.435,81.435,81.251,75.150002,82900,69.506798
2015-09-16,81.305,81.457,81.1,75.160004,15000,69.51606
2015-09-17,81.284,81.857,81.241,75.709999,23900,70.024742
2015-09-18,81.965,82.03,81.749,75.849998,42100,70.154236
2015-09-21,81.889,81.965,81.554,75.449997,34400,69.784248
2015-09-22,81.468,81.5,81.111,75.050003,145200,69.414299
2015-09-23,81.089,81.154,80.884,75.029999,89700,69.395805
2015-09-24,80.786,80.786,80.495,74.580002,63200,68.979599
2015-09-25,80.873,81.111,80.376,74.470001,405800,68.877861
2015-09-28,80.268,80.354,79.922,73.93,47300,68.378395
2015-09-29,80.084,80.084,79.684,73.769997,61100,68.230415
2015-09-30,80.03,80.332,80.019,74.190002,79300,68.618881
2015-10-01,80.011,80.108,79.688,74.120003,121800,68.820381
2015-10-02,80.237,80.431,79.925,74.68,69600,69.340324
2015-10-05,80.625,80.819,80.539,75.029999,47500,69.665306
2015-10-06,80.808,81.088,80.506,75.199997,28200,69.823128
2015-10-07,81.379,81.4,81.056,75.269997,135500,69.888153
2015-10-08,81.045,81.357,81.045,75.470001,125700,70.073853
2015-10-09,81.562,81.691,81.389,75.650002,34900,70.240967
2015-10-12,81.605,81.605,81.454,75.68,15800,70.268829
2015-10-13,81.605,81.605,81.282,75.639999,57000,70.231682
2015-10-14,81.572,81.799,81.454,75.949997,106100,70.519524
2015-10-15,81.766,82.1,81.249,76.230003,27300,70.779495
2015-10-16,82.036,82.316,82.036,76.43,14200,70.965202
2015-10-19,82.294,82.305,82.089,76.389999,40100,70.928062
2015-10-20,82.283,82.283,81.842,76.190002,44000,70.742378
2015-10-21,81.928,82.079,81.572,75.980003,95900,70.547394
2015-10-22,82.014,82.111,81.766,76.239998,58900,70.788788
2015-10-23,82.316,82.316,81.874,76.330002,46000,70.872345
2015-10-26,82.057,82.294,82.057,76.410004,51100,70.94664
2015-10-27,82.122,82.262,81.874,76.370003,43300,70.909492
2015-10-28,81.993,82.197,81.766,76.160004,29000,70.7145
2015-10-29,81.896,81.906,81.669,76,21400,70.565948
2015-10-30,81.799,81.939,81.519,75.949997,32200,70.519524
2015-11-02,81.759,81.941,81.297,75.959999,80100,70.795403
2015-11-03,81.512,81.92,81.48,76.099998,23700,70.925873
2015-11-04,81.898,81.931,81.566,76.169998,31900,70.991112
2015-11-05,81.587,81.727,81.394,76.150002,44700,70.972481
2015-11-06,81.566,81.802,80.986,75.699997,46200,70.55307
2015-11-09,81.222,81.222,80.471,75.32,47200,70.198914
2015-11-10,80.847,81.19,80.74,75.639999,109900,70.497154
2015-11-11,80.879,81.233,80.879,75.650002,9900,70.506462
2015-11-12,81.244,81.298,80.858,75.650002,133000,70.506462
2015-11-13,81.179,81.212,80.858,75.629997,200600,70.487839
2015-11-16,81.019,81.061,80.75,75.480003,77200,70.348038
2015-11-17,80.997,81.212,80.954,75.639999,63000,70.497154
2015-11-18,81.212,81.351,81.115,75.82,89900,70.664909
2015-11-19,81.405,81.813,81.405,75.980003,50800,70.814056
2015-11-20,81.619,81.641,81.469,76.019997,62100,70.851318
2015-11-23,81.426,81.598,81.426,76,104100,70.832687
2015-11-24,81.566,81.598,81.448,75.980003,29800,70.814056
2015-11-25,81.555,81.587,81.383,75.919998,46200,70.758118
2015-11-27,81.576,81.587,81.308,75.830002,121300,70.674232
2015-11-30,81.394,81.491,81.212,75.800003,32500,70.646271
2015-12-01,80.573,80.84,80.573,75.589996,37400,70.746414
2015-12-02,80.84,80.968,80.616,75.580002,342900,70.737076
2015-12-03,80.669,80.669,80.167,75.089996,38100,70.27845
2015-12-04,80.188,80.434,80.188,75.279999,24800,70.456291
2015-12-07,80.477,80.53,80.167,75.129997,110500,70.315895
2015-12-08,80.145,80.274,79.836,74.910004,107700,70.110001
2015-12-09,79.964,80.242,79.942,75,132500,70.194221
2015-12-10,80.081,80.113,79.804,74.849998,83600,70.053864
2015-12-11,79.857,79.857,79.12,74.099998,180300,69.351883
2015-12-14,78.981,79.494,78.981,74.169998,160300,69.417404
2015-12-15,79.323,79.494,79.195,74.309998,102000,69.548431
2015-12-16,79.355,79.462,78.992,74.339996,148600,69.576515
2015-12-17,79.344,79.739,79.344,74.440002,43400,69.670105
2015-12-18,79.44,79.536,79.237,74.220001,89600,69.464203
2015-12-21,79.195,79.462,79.12,74.089996,31000,69.342529
2015-12-22,79.312,79.462,79.109,74.32,63700,69.557785
2015-12-23,78.731,78.816,78.55,74.129997,104900,69.722397
2015-12-24,78.582,78.965,78.582,74.169998,12500,69.760002
2015-12-28,78.678,78.901,78.582,74.120003,100300,69.712975
2015-12-29,78.891,78.891,78.572,74.019997,88000,69.618927
2015-12-30,78.848,78.965,78.465,74.080002,86500,69.675369
2015-12-31,78.614,78.774,78.168,73.959999,51700,69.562492
2016-01-04,80.209,80.22,78.667,74.160004,421600,69.750603
2016-01-05,78.848,79.167,76.892,74.129997,180800,69.722397
2016-01-06,78.891,78.891,78.614,74.059998,66200,69.656548
2016-01-07,78.37,78.731,78.295,73.75,308700,69.36499
2016-01-08,78.699,78.699,78.327,73.830002,216900,69.440216
2016-01-11,78.497,78.497,78.146,73.709999,86300,69.327362
2016-01-12,78.221,78.487,77.944,73.519997,75600,69.148666
2016-01-13,77.976,78.2,77.668,73.050003,101700,68.706589
2016-01-14,77.402,77.806,77.37,72.949997,218800,68.612541
2016-01-15,77.466,77.466,76.839,72.32,214700,68.020004
2016-01-19,76.892,77.19,76.892,72.519997,107400,68.208115
2016-01-20,76.828,77.019,76.69,72.379997,107900,68.076439
2016-01-21,76.732,77.062,76.722,72.330002,96800,68.029396
2016-01-22,77.36,77.615,77.126,72.949997,85100,68.612541
2016-01-25,77.615,77.753,77.413,72.809998,34400,68.480865
2016-01-26,77.572,77.774,77.211,73.010002,100400,68.668983
2016-01-27,77.679,78.157,77.679,73.300003,86900,68.941734
2016-01-28,78.391,78.731,78.221,73.669998,289600,69.289734
2016-01-29,78.625,78.667,78.359,73.730003,95000,69.346169
2016-02-01,77.987,78.019,77.564,73.5,86600,69.374496
2016-02-02,77.85,78.04,77.373,73.330002,97000,69.214043
2016-02-03,77.839,77.881,77.532,73.5,98000,69.374496
2016-02-04,77.966,78.072,77.712,73.669998,64300,69.534935
2016-02-05,78.093,78.401,77.86,73.709999,33000,69.572708
2016-02-08,78.04,78.051,77.648,73.599998,71000,69.468895
2016-02-09,77.426,77.807,77.172,73,232200,68.902557
2016-02-10,77.807,77.807,77.267,73.139999,45800,69.034691
2016-02-11,77.066,77.436,77.066,73.080002,136100,68.978073
2016-02-12,77.67,77.723,77.331,73.209999,25900,69.100769
2016-02-16,77.542,78.189,77.542,73.470001,63400,69.346169
2016-02-17,77.924,78.369,77.85,73.949997,41800,69.799225
2016-02-18,78.136,78.623,78.136,74.18,67700,70.016327
2016-02-19,79.46,79.46,78.284,74.18,67500,70.016327
2016-02-22,78.56,78.846,78.56,74.32,43300,70.14846
2016-02-23,79.46,79.46,78.718,74.419998,64500,70.242836
2016-02-24,78.771,78.888,78.549,74.440002,70900,70.261726
2016-02-25,79.1,79.1,78.824,74.550003,26000,70.365547
2016-02-26,79.089,79.312,79.015,74.860001,48700,70.65815
2016-02-29,79.396,79.513,79.312,74.879997,102500,70.67704
2016-03-01,79.301,79.672,79.301,75.199997,89700,70.979065
2016-03-02,79.301,79.788,79.301,75.260002,139100,71.035698
2016-03-03,79.894,79.926,79.704,75.419998,82800,71.186714
2016-03-04,80.064,80.128,79.905,75.540001,53600,71.299988
2016-03-07,80.022,80.085,79.894,75.5,118500,71.262222
2016-03-08,79.63,79.894,79.471,75.019997,400200,70.809151
2016-03-09,79.481,79.905,79.481,75.360001,32300,71.130096
2016-03-10,80.053,80.075,79.841,75.43,26000,71.196159
2016-03-11,80.064,80.467,80.053,75.760002,50800,71.507645
2016-03-14,80.18,80.318,80.106,75.669998,45000,71.422684
2016-03-15,79.99,80.117,79.788,75.389999,43800,71.158409
2016-03-16,79.905,80.414,79.82,75.900002,57100,71.639786
2016-03-17,80.604,81.272,80.594,76.699997,48200,72.394875
2016-03-18,81.484,81.568,81.187,76.800003,137000,72.489273
2016-03-21,81.643,81.643,81.314,76.849998,88100,72.536453
2016-03-22,81.282,81.473,81.155,76.730003,69800,72.423195
2016-03-23,81.272,81.462,80.922,76.470001,196400,72.177788
2016-03-24,80.678,80.975,80.678,76.339996,43400,72.055077
2016-03-28,80.954,80.954,80.657,76.349998,41300,72.064514
2016-03-29,80.678,81.261,80.647,76.68,75200,72.375999
2016-03-30,81.409,81.452,81.208,76.779999,70200,72.47039
2016-03-31,81.431,81.674,81.388,76.940002,80500,72.621414
2016-04-01,81.303,81.473,81.07,76.809998,78000,72.498718
2016-04-04,81.356,81.621,81.102,76.68,47500,72.375999
2016-04-05,81.229,81.229,80.806,76.489998,96600,72.196663
2016-04-06,81.06,81.251,80.859,76.57,37600,72.272156
2016-04-07,81.081,81.399,80.795,76.330002,120200,72.045631
2016-04-08,81.251,81.251,80.933,76.589996,91400,72.291031
2016-04-11,81.229,81.42,81.166,76.849998,55700,72.536453
2016-04-12,81.537,81.643,81.462,77,36000,72.678024
2016-04-13,81.918,81.939,81.717,77.290001,58000,72.951752
2016-04-14,81.939,82.183,81.833,77.489998,46000,73.140533
2016-04-15,82.109,82.183,82.003,77.540001,51700,73.187744
2016-04-18,81.95,82.003,81.844,77.339996,36100,72.998947
2016-04-19,82.225,82.416,82.119,77.779999,69300,73.414253
2016-04-20,82.469,82.533,82.342,77.82,60300,73.452011
2016-04-21,82.543,82.543,82.183,77.599998,157700,73.244362
2016-04-22,82.321,82.321,82.14,77.660004,26100,73.300995
2016-04-25,82.416,82.48,81.971,77.459999,52800,73.112206
2016-04-26,82.193,82.289,81.971,77.440002,85800,73.093338
2016-04-27,82.225,82.374,82.003,77.709999,43400,73.348175
2016-04-28,82.427,82.744,82.374,77.989998,316300,73.612465
2016-04-29,82.797,82.797,82.458,77.970001,83900,73.593582
2016-05-02,82.29,82.29,81.815,77.639999,47400,73.564224
2016-05-03,81.931,81.931,81.572,77.480003,51000,73.412621
2016-05-04,81.773,81.773,81.488,77.309998,26200,73.251526
2016-05-05,81.773,81.836,81.678,77.470001,25700,73.403145
2016-05-06,81.794,81.899,81.541,77.540001,169800,73.469467
2016-05-09,81.826,81.857,81.446,77.489998,137100,73.422081
2016-05-10,81.92,81.994,81.72,77.669998,37300,73.592644
2016-05-11,82.184,82.184,81.963,77.690002,36100,73.611595
2016-05-12,82.385,82.385,82.132,77.93,77600,73.838982
2016-05-13,82.279,82.353,82.1,77.989998,27000,73.895844
2016-05-16,82.469,82.469,82.227,78.07,28200,73.971649
2016-05-17,82.353,82.395,82.184,78.010002,50100,73.914787
2016-05-18,82.374,82.374,81.815,77.519997,126500,73.450508
2016-05-19,82.058,82.058,81.287,77.309998,68700,73.251526
2016-05-20,81.804,81.878,81.636,77.379997,59600,73.317863
2016-05-23,81.91,81.91,81.456,77.400002,59000,73.336815
2016-05-24,81.826,81.836,81.53,77.389999,70500,73.327339
2016-05-25,81.699,81.984,81.657,77.589996,61200,73.516838
2016-05-26,82.089,82.132,81.815,77.519997,168400,73.450508
2016-05-27,82.1,82.1,81.804,77.510002,23900,73.441055
2016-05-31,81.815,82.005,81.667,77.379997,77100,73.317863
2016-06-01,81.273,81.315,81.02,77.260002,43600,73.521515
2016-06-02,81.388,81.514,81.168,77.510002,59900,73.759415
2016-06-03,81.756,81.987,81.609,77.989998,105600,74.216194
2016-06-06,82.019,82.239,81.903,78.18,49300,74.397003
2016-06-07,82.387,82.565,82.239,78.480003,100500,74.68248
2016-06-08,82.838,82.838,82.513,78.790001,58500,74.977478
2016-06-09,82.576,82.649,82.45,78.529999,41300,74.730057
2016-06-10,82.292,82.429,82.218,78.239998,43400,74.454094
2016-06-13,82.071,82.208,81.851,78.230003,42600,74.444572
2016-06-14,81.998,81.998,81.64,77.75,40900,73.987808
2016-06-15,81.819,82.05,81.714,78.080002,41000,74.301826
2016-06-16,82.082,82.103,81.83,78.029999,62200,74.254257
2016-06-17,82.082,82.134,81.819,78.010002,71000,74.235214
2016-06-20,82.187,82.492,82.187,78.470001,36000,74.672974
2016-06-21,82.492,82.492,82.218,78.5,42800,74.70153
2016-06-22,82.702,82.775,82.376,78.639999,29900,74.834724
2016-06-23,82.943,82.986,82.807,78.959999,29000,75.139259
2016-06-24,82.292,82.597,81.956,78.519997,44500,74.720543
2016-06-27,82.618,82.681,82.492,78.599998,76500,74.796661
2016-06-28,82.944,83.038,82.859,78.980003,39000,75.158272
2016-06-29,83.175,83.795,83.122,79.699997,46100,75.84343
2016-06-30,83.826,84.446,83.753,80.290001,139700,76.4049
2016-07-01,84.033,84.075,83.688,80.209999,79700,76.617912
2016-07-05,84.096,84.107,83.73,80.239998,86800,76.646553
2016-07-06,84.033,84.274,83.929,80.5,50300,76.894928
2016-07-07,84.316,84.316,83.782,80.410004,51200,76.80896
2016-07-08,84.295,84.494,83.96,80.699997,35100,77.085976
2016-07-11,84.777,84.787,84.578,80.940002,61500,77.315208
2016-07-12,84.483,84.787,84.326,80.739998,128300,77.124176
2016-07-13,84.536,84.766,84.431,80.720001,66800,77.105064
2016-07-14,84.756,84.777,84.515,80.900002,51600,77.277008
2016-07-15,84.745,84.756,84.442,80.839996,74400,77.219688
2016-07-18,84.798,84.798,84.379,80.760002,39100,77.143272
2016-07-19,84.557,84.661,84.473,80.769997,115400,77.152824
2016-07-20,84.463,84.651,84.316,80.779999,49700,77.162376
2016-07-21,84.557,84.682,84.326,80.809998,45000,77.191017
2016-07-22,84.431,84.682,84.379,80.860001,69700,77.238808
2016-07-25,84.651,84.651,84.347,80.57,52400,76.961784
2016-07-26,84.494,84.525,84.086,80.440002,80000,76.837608
2016-07-27,84.274,84.473,84.117,80.68,48800,77.066849
2016-07-28,84.536,84.578,84.295,80.629997,73100,77.019096
2016-07-29,84.431,84.609,84.274,80.760002,51500,77.143272
2016-08-01,84.064,84.064,83.72,80.360001,105800,77.057938
2016-08-02,83.845,83.908,83.605,80.360001,133000,77.057938
2016-08-03,83.647,83.814,83.522,80.32,61100,77.0196
2016-08-04,83.866,84.002,83.772,80.540001,70400,77.230545
2016-08-05,84.043,84.304,83.95,80.610001,111800,77.297653
2016-08-08,84.242,84.335,84.075,80.760002,53900,77.441498
2016-08-09,84.408,84.607,84.388,81.099998,67800,77.767517
2016-08-10,84.596,84.899,84.596,81.339996,66000,77.997681
2016-08-11,85.024,85.024,84.638,81.160004,56600,77.825073
2016-08-12,84.899,85.118,84.753,81.559998,51800,78.208611
2016-08-15,85.086,85.17,85.024,81.629997,90100,78.275757
2016-08-16,85.232,85.305,85.045,81.610001,158300,78.256554
2016-08-17,85.222,85.243,84.982,81.599998,72300,78.246986
2016-08-18,85.17,85.378,85.097,81.82,68700,78.457939
2016-08-19,85.243,85.316,85.097,81.709999,79700,78.352448
2016-08-22,85.211,85.274,85.107,81.75,165200,78.390816
2016-08-23,85.378,85.42,85.253,81.779999,128300,78.419586
2016-08-24,85.347,85.41,85.128,81.629997,336700,78.275757
2016-08-25,85.128,85.191,84.992,81.559998,79900,78.208611
2016-08-26,85.211,85.305,84.992,81.519997,120800,78.17025
2016-08-29,85.243,85.305,85.118,81.68,135400,78.3237
2016-08-30,85.357,85.357,85.149,81.709999,67000,78.352448
2016-08-31,85.107,85.284,85.034,81.709999,235400,78.352448
2016-09-01,84.415,84.457,84.228,81.139999,59700,78.087807
2016-09-02,84.55,84.613,84.395,81.260002,94000,78.203293
2016-09-06,84.717,84.925,84.571,81.709999,72900,78.63636
2016-09-07,85.122,85.205,84.987,81.959999,85500,78.876961
2016-09-08,85.205,85.288,84.925,81.760002,142100,78.684486
2016-09-09,84.675,84.717,84.26,81.089996,101400,78.039688
2016-09-12,83.989,84.156,83.854,80.989998,74700,77.943459
2016-09-13,84.104,84.27,83.459,80.379997,126400,77.356392
2016-09-14,83.543,83.782,83.345,80.279999,70400,77.260162
2016-09-15,83.47,83.761,83.47,80.510002,123100,77.481506
2016-09-16,83.792,83.792,83.418,80.5,61000,77.471878
2016-09-19,83.813,83.885,83.646,80.660004,132800,77.625854
2016-09-20,83.948,83.979,83.678,80.540001,106100,77.510376
2016-09-21,84.083,84.738,84.031,81.550003,120400,78.482384
2016-09-22,85.018,85.132,84.852,81.779999,96800,78.703728
2016-09-23,85.049,85.049,84.623,81.470001,132600,78.405388
2016-09-26,84.623,84.654,84.343,81.25,82500,78.193665
2016-09-27,84.582,84.654,84.467,81.459999,119300,78.395767
2016-09-28,84.696,84.789,84.509,81.599998,88800,78.53051
2016-09-29,84.758,84.841,84.478,81.300003,89600,78.241798
2016-09-30,84.738,84.831,84.571,81.629997,118000,78.559364
2016-10-03,84.143,84.247,83.957,81.379997,98300,78.610558
2016-10-04,84.361,84.361,83.864,81.010002,106000,78.253166
2016-10-05,83.999,84.04,83.636,81.029999,100500,78.272476
2016-10-06,83.812,84.009,83.719,81.099998,46600,78.340111
2016-10-07,83.843,83.905,83.688,80.839996,82500,78.088951
2016-10-10,83.781,84.061,83.75,81.190002,117600,78.42704
2016-10-11,83.885,83.926,83.45,80.699997,88800,77.953712
2016-10-12,83.719,83.781,83.408,80.900002,75100,78.146912
2016-10-13,83.688,83.833,83.595,80.889999,41800,78.137245
2016-10-14,83.75,83.75,83.512,80.669998,88100,77.924728
2016-10-17,83.512,83.605,83.388,80.639999,66000,77.895744
2016-10-18,83.336,83.626,83.336,80.760002,76900,78.011681
2016-10-19,83.595,83.75,83.471,80.769997,44200,78.021324
2016-10-20,83.781,84.061,83.616,80.980003,94700,78.224182
2016-10-21,83.854,83.978,83.595,81.019997,130700,78.262817
2016-10-24,83.978,84.143,83.812,80.970001,78600,78.214531
2016-10-25,83.926,84.061,83.895,81.050003,106500,78.291817
2016-10-26,83.729,83.864,83.543,80.849998,39400,78.098602
2016-10-27,83.584,83.771,82.943,80.120003,91400,77.393456
2016-10-28,83.077,83.222,82.912,80.190002,65600,77.461067
2016-10-31,83.077,83.139,82.829,80.209999,70900,77.480385
2016-11-01,82.349,82.514,82.101,79.720001,90100,77.291321
2016-11-02,82.153,82.514,82.153,79.790001,92800,77.3592
2016-11-03,82.266,82.534,82.225,79.769997,55400,77.33979
2016-11-04,82.256,82.514,82.215,79.879997,89700,77.446449
2016-11-07,82.741,82.834,82.555,80.209999,62900,77.766396
2016-11-08,82.885,83.04,82.699,80.360001,105700,77.911835
2016-11-09,82.101,82.235,81.771,79.389999,157000,76.971382
2016-11-10,81.544,81.544,78.45,76.550003,380200,74.217903
2016-11-11,78.873,79.946,78.832,76.910004,295500,74.566925
2016-11-14,78.584,79.11,78.182,76.449997,219600,74.120941
2016-11-15,79.677,79.873,79.316,77.360001,123000,75.003227
2016-11-16,79.089,79.719,79.089,77.290001,83400,74.935356
2016-11-17,79.358,80.121,79.007,77.220001,88300,74.867485
2016-11-18,79.688,79.832,79.172,76.809998,92800,74.469978
2016-11-21,79.574,79.729,79.43,77.120003,64900,74.770538
2016-11-22,79.646,79.822,79.646,77.330002,67800,74.974136
2016-11-23,79.481,79.481,79.059,77.019997,43100,74.673584
2016-11-25,79.244,79.688,79.203,76.940002,32600,74.596016
2016-11-28,79.688,79.781,79.512,77.199997,87700,74.848083
2016-11-29,79.636,79.791,79.523,77.300003,112900,74.945061
2016-11-30,79.626,79.739,79.42,77.019997,119100,74.673584
2016-12-01,78.63,78.651,78.302,76.309998,110400,74.290985
2016-12-02,78.374,79.123,78.23,76.43,218300,74.407799
2016-12-05,78.754,79,78.6,76.849998,58300,74.816689
2016-12-06,78.959,79.349,78.959,77.150002,134600,75.108757
2016-12-07,79.555,79.832,79.247,77.540001,187600,75.488441
2016-12-08,79.565,79.586,79.38,77.339996,120600,75.293732
2016-12-09,79.411,79.647,79.216,77.169998,83200,75.128227
2016-12-12,79.288,79.524,79.267,77.269997,133500,75.225586
2016-12-13,79.545,79.75,79.504,77.550003,127300,75.498184
2016-12-14,79.884,80.058,79.226,77.330002,91300,75.284012
2016-12-15,79.226,79.37,78.908,77,92500,74.962723
2016-12-16,79.165,79.247,78.918,76.989998,240200,74.952995
2016-12-19,79.195,79.524,79.103,77.419998,242300,75.371613
2016-12-20,79.524,79.565,79.319,77.349998,97300,75.303459
2016-12-21,79.75,79.853,79.514,77.739998,109100,75.683151
2016-12-22,79.126,79.157,78.799,77.279999,3e+05,75.555069
2016-12-23,79.014,79.188,78.932,77.360001,50400,75.633286
2016-12-27,79.249,79.249,78.236,77.300003,92400,75.574631
2016-12-28,79.044,79.29,78.881,77.370003,131700,75.643059
2016-12-29,79.392,79.494,79.126,77.43,85200,75.701721
2016-12-30,79.177,79.413,79.126,77.540001,61700,75.809265
2017-01-03,79.576,79.627,79.269,77.800003,136300,76.063477
2017-01-04,79.678,79.985,79.607,78.110001,35600,76.366547
2017-01-05,80.169,80.415,79.955,78.610001,69200,76.855377
2017-01-06,80.221,80.343,80.036,78.389999,74800,76.640289
2017-01-09,80.333,80.384,79.985,78.589996,105600,76.835823
2017-01-10,80.282,80.364,79.985,78.339996,171000,76.591408
2017-01-11,79.985,80.088,79.781,78.260002,127800,76.513206
2017-01-12,80.456,80.456,80.169,78.639999,121200,76.884712
2017-01-13,80.313,80.435,80.159,78.489998,131200,76.738068
2017-01-17,80.732,80.773,80.415,78.760002,149500,77.002045
2017-01-18,80.671,80.671,80.036,78.260002,113800,76.513206
2017-01-19,80.129,80.302,79.658,78.129997,150400,76.386093
2017-01-20,79.934,80.098,79.811,78.199997,151600,76.454529
2017-01-23,79.985,80.497,79.965,78.699997,109800,76.943367
2017-01-24,80.374,80.527,79.965,78.290001,82400,76.542526
2017-01-25,80.354,80.354,79.863,78.120003,86300,76.37632
2017-01-26,79.955,80.159,79.811,78.290001,101100,76.542526
2017-01-27,80.231,80.538,80.139,78.739998,68400,76.982475
2017-01-30,80.435,80.435,80.088,78.309998,142900,76.56208
2017-01-31,80.221,80.497,80.19,78.639999,114200,76.884712
2017-02-01,79.748,80.37,79.555,78.459999,231300,76.975952
2017-02-02,80.34,80.401,80.085,78.629997,71600,77.142731
2017-02-03,80.34,80.513,80.105,78.879997,150400,77.388008
2017-02-06,80.543,80.574,80.34,79.010002,91500,77.515549
2017-02-07,80.533,80.574,80.289,78.959999,176700,77.466492
2017-02-08,80.605,80.768,80.594,79.239998,69600,77.741203
2017-02-09,80.778,80.778,80.533,79.120003,73300,77.623474
2017-02-10,80.747,80.768,80.543,79.18,80100,77.682335
2017-02-13,80.87,80.9,80.727,79.339996,67600,77.83931
2017-02-14,81.012,81.012,80.533,79.160004,83000,77.66272
2017-02-15,80.523,80.666,80.37,79.139999,70600,77.643089
2017-02-16,80.676,80.768,80.554,79.209999,48200,77.711761
2017-02-17,80.707,80.707,80.533,79.150002,254000,77.652908
2017-02-21,80.88,81.033,80.666,79.5,270900,77.996284
2017-02-22,81.023,81.023,80.737,79.309998,157600,77.809868
2017-02-23,80.819,81.135,80.819,79.370003,560500,77.868744
2017-02-24,81.073,81.165,80.9,79.620003,83200,78.114014
2017-02-27,81.226,81.237,81.012,79.510002,118600,78.006096
2017-02-28,81.165,81.226,80.982,79.449997,142300,77.947227
2017-03-01,80.246,80.419,80.236,79.190002,92800,77.989586
2017-03-02,80.297,80.297,80.043,78.849998,75200,77.654732
2017-03-03,80.196,80.48,80.064,79.25,90600,78.048676
2017-03-06,80.378,80.399,80.216,79.129997,69700,77.930489
2017-03-07,80.47,80.5,80.216,79.07,247300,77.871399
2017-03-08,80.043,80.104,79.769,78.660004,76300,77.467613
2017-03-09,79.678,79.678,79.302,78.239998,99800,77.053978
2017-03-10,79.698,79.698,79.414,78.360001,52000,77.172157
2017-03-13,79.576,79.79,79.404,78.419998,53700,77.231239
2017-03-14,79.729,79.729,79.272,78.260002,43900,77.073685
2017-03-15,79.566,80.226,79.475,78.919998,68700,77.723663
2017-03-16,80.084,80.145,79.83,78.839996,47100,77.644882
2017-03-17,80.165,80.409,80.094,79.099998,95700,77.90094
2017-03-20,80.318,80.48,80.318,79.260002,58500,78.058517
2017-03-21,80.592,80.602,80.49,79.269997,76100,78.068359
2017-03-22,80.551,80.602,80.277,79.379997,96400,78.176697
2017-03-23,80.642,80.714,80.561,79.440002,40200,78.235786
2017-03-24,80.734,80.866,80.673,79.449997,51000,78.245636
2017-03-27,80.917,80.917,80.703,79.599998,47900,78.393364
2017-03-28,80.937,81.049,80.703,79.599998,70000,78.393364
2017-03-29,80.754,81.038,80.754,79.809998,88600,78.600182
2017-03-30,81.079,81.089,80.856,79.730003,55700,78.5214
2017-03-31,80.988,81.028,80.785,79.650002,88800,78.442596
2017-04-03,80.29,80.401,80.118,79.470001,127400,78.579056
2017-04-04,80.401,80.432,80.26,79.480003,32000,78.588943
2017-04-05,80.341,80.492,80.3,79.5,91600,78.608719
2017-04-06,80.543,80.624,80.452,79.690002,44200,78.796593
2017-04-07,80.553,80.644,80.31,79.489998,98000,78.598831
2017-04-10,80.452,80.533,80.31,79.589996,61800,78.697708
2017-04-11,80.695,80.695,80.422,79.739998,80900,78.846031
2017-04-12,80.695,80.877,80.594,79.970001,104000,79.073456
2017-04-13,80.897,80.897,80.685,79.860001,73700,78.964691
2017-04-17,81.109,81.14,80.836,80.169998,390100,79.27121
2017-04-18,80.806,81.089,80.786,80.120003,62200,79.221771
2017-04-19,81.18,81.18,80.846,80.029999,143900,79.132782
2017-04-20,81.13,81.13,80.836,80.019997,123200,79.122887
2017-04-21,80.978,81.079,80.927,80.139999,82800,79.241539
2017-04-24,81.069,81.281,81.049,80.370003,92800,79.468971
2017-04-25,81.241,81.241,81.049,80.220001,86600,79.320648
2017-04-26,80.937,81.14,80.937,80.080002,63500,79.182213
2017-04-27,80.958,81.19,80.958,80.230003,71000,79.330544
2017-04-28,81.2,81.352,81.13,80.43,47800,79.52829
2017-05-01,80.784,80.874,80.602,80.129997,93800,79.531273
2017-05-02,80.753,80.884,80.653,80.25,52900,79.650368
2017-05-03,80.854,80.995,80.804,80.339996,66700,79.7397
2017-05-04,80.713,80.894,80.481,79.970001,106700,79.372467
2017-05-05,80.522,80.643,80.401,79.889999,78600,79.29306
2017-05-08,80.713,80.713,80.36,79.93,62300,79.332764
2017-05-09,80.552,80.552,80.32,79.720001,54600,79.124336
2017-05-10,80.562,80.622,80.441,80.010002,55800,79.41217
2017-05-11,80.602,80.683,80.512,80.080002,47200,79.481644
2017-05-12,80.723,80.945,80.723,80.339996,88600,79.7397
2017-05-15,80.945,81.046,80.945,80.400002,91200,79.799255
2017-05-16,81.126,81.126,80.955,80.449997,58400,79.848877
2017-05-17,81.207,81.207,80.965,80.489998,74200,79.88858
2017-05-18,80.733,80.864,80.481,80.25,107200,79.650368
2017-05-19,80.814,80.955,80.733,80.279999,39100,79.680153
2017-05-22,81.036,81.036,80.844,80.239998,52300,79.640442
2017-05-23,80.985,81.096,80.884,80.309998,80600,79.709923
2017-05-24,81.106,81.217,80.965,80.580002,48400,79.977905
2017-05-25,81.318,81.318,81.015,80.480003,80500,79.878662
2017-05-26,81.277,81.277,81.066,80.660004,39000,80.057312
2017-05-30,81.318,81.368,81.197,80.660004,89500,80.057312
2017-05-31,81.398,81.439,81.227,80.739998,76600,80.136711
2017-06-01,80.766,80.856,80.745,80.519997,58800,80.215408
2017-06-02,80.806,81.217,80.806,80.870003,79100,80.564095
2017-06-05,81.127,81.207,81.027,80.779999,54600,80.474426
2017-06-06,81.207,81.298,81.077,80.910004,45400,80.603943
2017-06-07,81.237,81.237,80.966,80.699997,76200,80.39473
2017-06-08,81.047,81.047,80.705,80.629997,36700,80.324997
2017-06-09,81.057,81.087,80.836,80.57,75900,80.265221
2017-06-12,81.027,81.027,80.856,80.669998,86500,80.364845
2017-06-13,80.866,80.966,80.826,80.589996,34800,80.285141
2017-06-14,81.328,81.478,81.157,81.029999,102800,80.72348
2017-06-15,81.157,81.157,80.926,80.720001,41300,80.414658
2017-06-16,81.197,81.207,80.896,80.660004,67900,80.354889
2017-06-19,80.856,81.006,80.715,80.419998,92500,80.115791
2017-06-20,80.535,80.836,80.474,80.260002,189700,79.956398
2017-06-21,80.836,80.836,80.404,80.139999,45200,79.836853
2017-06-22,80.464,80.595,80.374,80.290001,77700,79.986282
2017-06-23,80.916,80.966,80.655,80.5,45900,80.195488
2017-06-26,80.986,81.006,80.856,80.580002,43600,80.275185
2017-06-27,81.087,81.087,80.505,80.330002,76300,80.026131
2017-06-28,80.946,80.946,80.404,80.379997,94500,80.075943
2017-06-29,80.334,80.595,80.304,80,53100,79.69738
2017-06-30,80.244,80.444,80.244,80.099998,39600,79.796997
2017-07-03,80.06,80.06,79.45,79.690002,77200,79.690002
2017-07-05,79.34,79.59,79.32,79.360001,90400,79.360001
2017-07-06,79.49,79.49,79.02,79.129997,176400,79.129997
2017-07-07,79.13,79.215,78.9,79.099998,62340,79.099998
