"Date","ZMLP.Open","ZMLP.High","ZMLP.Low","ZMLP.Close","ZMLP.Volume","ZMLP.Adjusted"
2014-01-24,49.129,49.129,49.129,39.939999,1000,32.46973
2014-01-27,49.129,49.129,49.129,39.939999,0,32.46973
2014-01-28,48.821,48.821,48.821,39.689999,900,32.266479
2014-01-29,48.92,48.92,48.92,39.77,1600,32.331524
2014-01-30,48.92,48.92,48.92,39.77,0,32.331524
2014-01-31,49.018,49.24,49.018,40.029999,2800,32.542896
2014-02-03,49.203,49.203,48.44,39.380001,2400,32.014465
2014-02-04,48.379,48.379,48.354,39.310001,200,31.957567
2014-02-05,48.465,48.465,47.948,39.130001,1600,31.811234
2014-02-06,48.821,48.821,48.772,39.650002,2100,32.233971
2014-02-07,49.129,49.141,49.129,39.950001,3200,32.477859
2014-02-10,48.465,48.465,48.465,39.400002,3300,32.030727
2014-02-11,48.465,48.465,48.465,39.400002,0,32.030727
2014-02-12,48.465,48.686,48.465,39.580002,1300,32.177067
2014-02-13,48.686,48.686,48.686,39.580002,0,32.177067
2014-02-14,49.031,49.031,48.809,39.73,2300,32.299004
2014-02-18,49.19,49.19,48.944,39.799999,1500,32.355915
2014-02-19,49.19,49.19,48.502,39.43,2800,32.055115
2014-02-20,48.551,48.551,48.391,39.43,10800,32.055115
2014-02-21,48.588,48.735,48.526,39.529999,12600,32.136417
2014-02-24,49.449,49.449,48.391,39.529999,21500,32.136417
2014-02-25,48.625,48.674,48.268,39.41,14000,32.03886
2014-02-26,48.403,48.858,48.28,39.709999,6600,32.282745
2014-02-27,48.846,48.846,48.489,39.52,8300,32.128277
2014-02-28,48.539,48.539,48.416,39.439999,24000,32.063251
2014-03-03,48.342,48.514,48.28,39.439999,25700,32.063251
2014-03-04,48.6,48.637,48.6,39.509998,900,32.120155
2014-03-05,48.6,48.649,48.379,39.549999,8000,32.152668
2014-03-06,48.957,49.08,48.944,39.869999,7900,32.412823
2014-03-07,49.018,49.092,48.944,39.91,4900,32.445343
2014-03-10,49.129,49.129,48.981,39.82,3200,32.372177
2014-03-11,48.981,48.981,48.981,39.82,0,32.372177
2014-03-12,49.129,49.129,48.871,39.779999,6400,32.339653
2014-03-13,49.227,50.088,48.563,39.48,4400,32.095768
2014-03-14,48.871,49.203,48.846,40,19800,32.518509
2014-03-17,49.264,49.436,49.24,40.040001,10700,32.551029
2014-03-18,50.334,50.334,49.387,40.32,6500,32.778656
2014-03-19,49.449,49.449,49.117,40,9200,32.518509
2014-03-20,49.264,49.412,49.104,40.169998,61400,32.656712
2014-03-21,49.424,49.523,49.35,40.119999,2800,32.616066
2014-03-24,49.19,49.277,49.018,39.959999,7500,32.485989
2014-03-25,48.016,48.016,47.822,39.419998,18500,32.494232
2014-03-26,48.016,49.848,47.773,39.470001,41000,32.53545
2014-03-27,47.883,48.004,47.798,39.57,13800,32.617878
2014-03-28,47.992,48.162,47.931,39.639999,13700,32.675583
2014-03-31,47.943,48.513,47.943,39.950001,16300,32.931118
2014-04-01,48.453,48.732,48.319,40.16,14600,33.104229
2014-04-02,48.914,49.096,48.78,40.459999,16800,33.351509
2014-04-03,49.132,49.205,48.926,40.41,14100,33.310291
2014-04-04,49.435,49.435,49.205,40.630001,5700,33.491653
2014-04-07,49.266,49.338,48.914,40.400002,8100,33.302059
2014-04-08,49.035,49.156,48.999,40.389999,12800,33.293808
2014-04-09,49.375,49.375,49.047,40.619999,22200,33.483398
2014-04-10,50.309,50.309,48.95,40.389999,11400,33.293808
2014-04-11,48.877,49.108,48.877,40.450001,3900,33.343266
2014-04-14,49.399,49.411,49.278,40.619999,2300,33.483398
2014-04-15,49.314,49.399,49.181,40.580002,1000,33.450436
2014-04-16,49.35,49.46,49.326,40.73,9500,33.574074
2014-04-17,49.472,49.666,49.472,40.939999,2800,33.747181
2014-04-21,49.532,49.884,48.38,41.119999,2400,33.895554
2014-04-22,49.933,50.103,49.909,41.189999,5700,33.953262
2014-04-23,49.969,50.018,49.884,41.119999,3300,33.895554
2014-04-24,49.981,49.981,49.787,41.150002,6500,33.920288
2014-04-25,49.86,49.884,49.69,41.07,15800,33.854343
2014-04-28,49.86,49.981,49.836,41.200001,3700,33.961502
2014-04-29,50.078,50.285,50.078,41.43,3300,34.151089
2014-04-30,50.224,50.26,50.188,41.400002,1100,34.126369
2014-05-01,50.406,50.406,50.297,41.470001,17100,34.184063
2014-05-02,50.467,50.467,50.345,41.560001,2300,34.258255
2014-05-05,50.479,50.503,50.479,41.630001,2400,34.315956
2014-05-06,50.576,50.576,50.418,41.560001,3800,34.258255
2014-05-07,50.467,50.551,50.406,41.57,7300,34.266491
2014-05-08,50.382,50.382,50.127,41.360001,6600,34.093391
2014-05-09,50.054,50.066,49.957,41.27,2300,34.019203
2014-05-12,50.297,50.418,50.26,41.540001,1100,34.241768
2014-05-13,50.357,50.406,50.345,41.540001,3200,34.241768
2014-05-14,50.406,50.527,50.321,41.619999,15200,34.307705
2014-05-15,50.175,50.515,50.163,41.599998,8200,34.291229
2014-05-16,50.418,50.624,50.418,41.700001,8600,34.373661
2014-05-19,50.6,50.697,50.503,41.66,5600,34.340683
2014-05-20,50.527,50.636,50.527,41.720001,6500,34.390141
2014-05-21,50.624,50.673,50.491,41.650002,35700,34.332447
2014-05-22,50.649,50.661,50.551,41.73,16600,34.398384
2014-05-23,50.624,50.661,50.564,41.689999,18200,34.365414
2014-05-27,50.649,50.649,50.479,41.650002,3100,34.332447
2014-05-28,50.6,50.77,50.588,41.849998,19500,34.497307
2014-05-29,51.012,51.037,50.83,42.07,11400,34.67865
2014-05-30,51.012,51.061,50.928,42.09,27300,34.695133
2014-06-02,51.134,51.134,50.976,42.09,4600,34.695133
2014-06-03,51.146,51.146,50.976,42.110001,37400,34.71162
2014-06-04,51.073,51.194,51.061,42.200001,22000,34.785809
2014-06-05,51.231,51.328,51.194,42.310001,19000,34.876488
2014-06-06,51.995,51.995,51.328,42.43,28000,34.975395
2014-06-09,51.534,51.619,51.534,42.52,7300,35.049591
2014-06-10,51.631,51.631,51.461,42.439999,7900,34.983643
2014-06-11,51.389,51.389,51.316,42.32,3800,34.884727
2014-06-12,51.316,51.777,51.231,42.330002,14100,34.892967
2014-06-13,51.413,51.486,51.376,42.439999,4300,34.983643
2014-06-16,51.716,51.765,51.595,42.66,25200,35.164989
2014-06-17,51.801,51.874,51.789,42.689999,14600,35.18972
2014-06-18,51.752,51.752,51.619,42.580002,12400,35.099049
2014-06-19,51.728,51.922,51.728,42.759998,11300,35.247421
2014-06-20,51.85,51.995,51.85,42.860001,6900,35.329853
2014-06-23,52.092,52.298,51.983,43.110001,15000,35.535927
2014-06-24,50.471,50.673,50.363,42.380001,21800,35.561104
2014-06-25,50.363,50.435,50.22,42.290001,19500,35.485588
2014-06-26,50.423,50.435,50.28,42.27,12200,35.468807
2014-06-27,50.447,50.638,50.352,42.470001,15500,35.636623
2014-06-30,50.566,50.721,50.566,42.560001,10700,35.712143
2014-07-01,50.649,50.804,50.649,42.610001,14500,35.754097
2014-07-02,51.639,51.639,50.602,42.540001,5800,35.695358
2014-07-03,51.615,51.615,50.614,42.490002,5200,35.653404
2014-07-07,51.007,51.007,50.363,42.349998,4900,35.535923
2014-07-08,50.399,50.435,50.268,42.220001,5200,35.426849
2014-07-09,50.411,50.506,50.328,42.380001,6100,35.561104
2014-07-10,50.161,50.292,50.161,42.189999,18600,35.401676
2014-07-11,50.161,50.22,50.113,42.139999,13200,35.359715
2014-07-14,50.411,50.411,50.232,42.150002,3900,35.368111
2014-07-15,50.292,50.316,50.149,42.220001,3000,35.426849
2014-07-16,50.471,50.626,50.471,42.459999,11800,35.628231
2014-07-17,50.602,50.649,50.518,42.470001,3900,35.636623
2014-07-18,50.709,50.804,50.578,42.509998,21300,35.670185
2014-07-21,50.614,50.733,50.614,42.57,13400,35.720531
2014-07-22,50.828,50.912,50.816,42.720001,8100,35.846397
2014-07-23,50.924,51.257,50.912,42.830002,47600,35.938698
2014-07-24,51.019,51.055,50.9,42.77,12800,35.888351
2014-07-25,50.9,50.971,50.852,42.740002,139600,35.863178
2014-07-28,51.138,51.138,50.781,42.709999,23300,35.838005
2014-07-29,50.947,50.959,50.709,42.549999,59800,35.703754
2014-07-30,50.828,50.828,50.34,42.330002,39200,35.51915
2014-07-31,51.341,51.341,49.315,41.799999,23500,35.074421
2014-08-01,49.708,49.863,49.458,41.610001,19000,34.914993
2014-08-04,49.791,50.042,49.565,41.970001,10300,35.217072
2014-08-05,50.22,50.22,49.458,41.529999,9000,34.84787
2014-08-06,49.267,49.422,49.196,41.419998,9400,34.755562
2014-08-07,49.446,49.517,49.255,41.330002,7600,34.680054
2014-08-08,49.398,49.66,49.303,41.650002,17800,34.948559
2014-08-11,51.078,51.078,50.447,42.52,14700,35.678574
2014-08-12,50.208,50.661,50.208,42.389999,6400,35.569496
2014-08-13,50.483,50.649,50.411,42.5,16200,35.661797
2014-08-14,50.566,50.864,50.566,42.560001,23100,35.712143
2014-08-15,50.721,51.031,50.721,42.779999,22600,35.896751
2014-08-18,51.519,51.519,50.9,42.779999,22600,35.896751
2014-08-19,51.067,51.245,51.067,42.98,10500,36.064564
2014-08-20,51.317,51.4,51.317,43.110001,13100,36.173649
2014-08-21,51.412,51.448,51.317,43.169998,21300,36.223988
2014-08-22,51.293,51.293,51.198,43,10100,36.081348
2014-08-25,51.198,51.436,51.198,43.130001,22000,36.19043
2014-08-26,51.376,51.496,51.364,43.150002,13400,36.207211
2014-08-27,51.484,51.591,51.376,43.25,11300,36.291122
2014-08-28,51.508,51.591,50.852,43.259998,25200,36.299507
2014-08-29,51.817,51.817,51.543,43.41,16700,36.425373
2014-09-02,51.901,51.901,51.531,43.310001,23800,36.341476
2014-09-03,51.627,51.627,51.376,43.119999,15900,36.182037
2014-09-04,51.281,51.341,51.114,42.91,23800,36.005825
2014-09-05,51.555,51.555,51.078,43.07,12100,36.140083
2014-09-08,51.591,51.591,51.174,43.009998,5700,36.089737
2014-09-09,51.138,51.364,51.138,43.099998,20600,36.165257
2014-09-10,51.496,51.496,51.293,43.119999,14500,36.182037
2014-09-11,51.329,51.329,51.031,42.990002,18200,36.07296
2014-09-12,51.901,51.901,50.649,42.59,13300,35.737316
2014-09-15,51.055,51.055,50.495,42.549999,15600,35.703754
2014-09-16,50.626,51.078,50.626,42.759998,11000,35.879963
2014-09-17,50.888,51.067,50.888,42.82,16100,35.930309
2014-09-18,51.067,51.162,50.9,42.889999,11800,35.989044
2014-09-19,51.472,51.472,51.102,43.169998,21500,36.223988
2014-09-22,51.484,51.484,50.935,42.82,13200,35.930309
2014-09-23,49.727,49.727,48.978,41.84,21500,35.742371
2014-09-24,48.931,48.931,48.603,41.66,14800,35.588604
2014-09-25,48.814,48.814,48.416,41.419998,25100,35.383579
2014-09-26,48.521,48.826,48.252,41.700001,11400,35.622772
2014-09-29,49.013,49.025,48.697,41.849998,10300,35.750912
2014-09-30,49.036,49.036,48.779,41.82,33700,35.725285
2014-10-01,48.99,49.095,48.697,41.630001,14500,35.562973
2014-10-02,49.095,49.095,48.053,41.630001,22900,35.562973
2014-10-03,48.849,48.849,48.404,41.490002,6000,35.443382
2014-10-06,48.697,48.697,48.205,41.279999,14200,35.263985
2014-10-07,48.51,48.51,47.854,40.939999,6700,34.973534
2014-10-08,47.936,47.936,46.484,40.599998,64800,34.683086
2014-10-09,47.234,47.245,46.602,39.93,110700,34.110729
2014-10-10,46.59,46.59,43.734,38.970001,47900,33.290638
2014-10-13,45.15,45.15,43.488,37.150002,21500,31.735878
2014-10-14,44.26,44.26,41.72,36.5,25800,31.180609
2014-10-15,42.352,44.155,41.334,37.720001,43100,32.222809
2014-10-16,43.991,46.648,43.897,39.740002,41600,33.948418
2014-10-17,47.07,47.737,45.759,39.709999,44700,33.922787
2014-10-20,46.531,47.011,46.356,40.139999,13400,34.290119
2014-10-21,47.281,47.597,47.117,40.599998,10400,34.683086
2014-10-22,47.901,47.901,47.093,40.290001,10700,34.418262
2014-10-23,47.913,47.913,47.362,40.57,8600,34.657459
2014-10-24,47.456,47.538,47.316,40.57,31800,34.657459
2014-10-27,47.468,47.468,46.812,40.110001,15100,34.264492
2014-10-28,46.847,47.281,46.847,40.369999,12200,34.486603
2014-10-29,47.433,47.48,47.128,40.529999,23700,34.623283
2014-10-30,47.491,48.334,46.988,40.290001,24000,34.418262
2014-10-31,47.491,47.491,46.976,40.200001,8700,34.341377
2014-11-03,47.175,47.421,47.163,40.34,11400,34.460972
2014-11-04,47.281,47.281,45.876,39.52,23700,33.760479
2014-11-05,46.73,46.73,45.958,39.689999,23700,33.905701
2014-11-06,46.473,46.473,46.028,39.549999,20000,33.786106
2014-11-07,46.52,47.058,46.485,40.150002,14100,34.298664
2014-11-10,46.953,47.269,46.695,39.93,11200,34.110729
2014-11-11,46.707,46.707,46.25,39.669998,6400,33.888615
2014-11-12,46.52,46.625,46.239,39.57,21000,33.803192
2014-11-13,46.508,46.531,45.782,39.119999,30800,33.418777
2014-11-14,46.005,46.414,45.993,39.630001,10400,33.854443
2014-11-17,46.18,46.883,46.18,40.009998,13500,34.179066
2014-11-18,47.023,47.046,46.812,40.150002,13500,34.298664
2014-11-19,47.058,47.14,46.836,40.18,19500,34.324291
2014-11-20,47.035,47.62,47,40.669998,34900,34.742882
2014-11-21,47.772,48.053,47.62,40.720001,21500,34.785599
2014-11-24,47.831,47.831,47.093,40.330002,40700,34.452431
2014-11-25,47.409,47.409,46.859,40.07,15400,34.23032
2014-11-26,47.117,47.117,46.379,40.09,33600,34.24741
2014-11-28,46.953,46.953,44.6,38.189999,15700,32.62431
2014-12-01,44.682,44.682,41.837,36.25,36500,30.967039
2014-12-02,42.516,44.026,42.423,37.360001,43000,31.915272
2014-12-03,43.886,44.834,43.886,38.099998,40000,32.547421
2014-12-04,44.881,44.881,44.132,37.700001,22400,32.205719
2014-12-05,44.424,44.424,43.359,37.130001,66800,31.718792
2014-12-08,43.324,43.324,40.643,35.060001,46700,29.950468
2014-12-09,40.526,41.837,40.386,35.68,60200,30.48011
2014-12-10,41.58,41.58,39.742,34.349998,97000,29.343937
2014-12-11,40.222,40.924,39.789,34.139999,42200,29.164543
2014-12-12,39.59,39.765,38.478,33.240002,41100,28.395708
2014-12-15,39.356,39.356,37.014,31.74,31400,27.114311
2014-12-16,36.757,38.606,36.289,32.970001,40400,28.165054
2014-12-17,38.77,40.749,38.77,34.490002,162600,29.463539
2014-12-18,41.849,42.692,39.812,34.330002,35600,29.326853
2014-12-19,40.667,40.667,39.917,34.389999,49100,29.378107
2014-12-22,40.503,40.503,39.496,33.990002,186900,29.036404
2014-12-23,39.929,39.929,37.983,33.59,34000,29.350971
2014-12-24,38.453,38.453,38.109,33.52,10500,29.28981
2014-12-26,38.338,38.395,38.109,33.41,24700,29.193686
2014-12-29,38.533,38.533,37.938,33.380001,26500,29.167477
2014-12-30,38.121,38.121,37.812,33.240002,79500,29.045141
2014-12-31,38.613,38.613,37.674,33.119999,47800,28.940285
2015-01-02,38.109,39.162,38.109,34.18,22500,29.866514
2015-01-05,38.91,38.956,37.732,33.110001,24500,28.931551
2015-01-06,37.892,38.018,36.702,32.560001,29400,28.450958
2015-01-07,38.098,38.098,36.793,32.369999,47500,28.284933
2015-01-08,37.537,37.743,37.194,32.919998,104600,28.765524
2015-01-09,37.503,37.789,37.171,32.990002,16600,28.826694
2015-01-12,37.434,37.434,36.118,31.790001,17000,27.778131
2015-01-13,36.805,36.805,35.351,31.209999,34800,27.271326
2015-01-14,35.134,35.763,34.825,31.25,63100,27.306276
2015-01-15,36.45,36.45,35.66,31.280001,17600,27.332493
2015-01-16,35.821,36.667,35.821,32.040001,20700,27.996582
2015-01-20,36.542,36.828,36.221,32.150002,16800,28.092699
2015-01-21,37.274,37.743,37.011,32.900002,10700,28.748053
2015-01-22,37.743,38.109,37.251,32.759998,19500,28.625715
2015-01-23,37.869,37.961,37.388,32.799999,131500,28.660669
2015-01-26,38.018,38.361,37.709,33.459999,27700,29.237375
2015-01-27,38.338,38.395,37.961,33.549999,72500,29.316017
2015-01-28,38.796,38.796,37.377,32.779999,23000,28.643192
2015-01-29,37.972,37.972,36.896,32.959999,36100,28.800474
2015-01-30,37.961,38.304,37.514,33.259998,51300,29.062618
2015-02-02,38.51,38.51,37.915,33.439999,18000,29.2199
2015-02-03,38.453,39.689,38.35,34.040001,152700,29.744181
2015-02-04,38.624,38.682,38.304,33.68,85900,29.429613
2015-02-05,38.899,39.391,38.624,34.349998,25400,30.01506
2015-02-06,39.849,39.849,39.174,34.419998,198500,30.076227
2015-02-09,39.666,39.734,39.116,34.200001,18500,29.883987
2015-02-10,38.899,38.899,38.247,33.810001,22800,29.543207
2015-02-11,38.819,38.819,38.086,33.389999,13900,29.176214
2015-02-12,38.991,38.991,38.51,33.93,20300,29.648066
2015-02-13,39.048,39.563,39.048,34.34,25800,30.006325
2015-02-17,39.689,39.837,39.105,34.650002,36000,30.277205
2015-02-18,39.574,39.574,39.254,34.389999,21200,30.050014
2015-02-19,39.128,39.139,38.785,34.029999,30500,29.735443
2015-02-20,39.116,39.116,38.91,34.150002,7900,29.840302
2015-02-23,39.242,39.242,38.716,33.959999,63200,29.674278
2015-02-24,39.002,39.002,38.739,33.970001,23100,29.68302
2015-02-25,38.842,39.105,38.83,34.07,12800,29.770397
2015-02-26,38.785,39.082,38.59,33.84,78300,29.569424
2015-02-27,39.071,39.094,38.75,34.16,13600,29.849039
2015-03-02,39.105,39.105,38.441,33.720001,64700,29.464565
2015-03-03,38.624,39.483,38.567,34.139999,9100,29.831562
2015-03-04,39.082,39.082,38.51,34.049999,40000,29.752918
2015-03-05,38.807,39.162,38.739,34.119999,24600,29.814085
2015-03-06,38.727,38.956,38.373,33.599998,14600,29.359709
2015-03-09,38.361,38.395,37.571,32.869999,22700,28.721836
2015-03-10,36.965,37.205,36.77,32.509998,169000,28.407265
2015-03-11,37.663,37.663,36.851,32.380001,105000,28.293674
2015-03-12,37.308,37.308,36.896,32.290001,18000,28.215029
2015-03-13,37.137,37.137,36.221,31.84,130500,27.821821
2015-03-16,36.461,36.461,35.935,31.719999,85700,27.716963
2015-03-17,36.21,36.427,36.095,31.75,49900,27.743177
2015-03-18,36.049,37.194,36.049,32.259998,24600,28.188816
2015-03-19,36.553,36.839,36.553,32.169998,17600,28.110172
2015-03-20,37.056,37.331,37.011,32.540001,92600,28.433483
2015-03-23,37.4,37.926,37.262,33.060001,29500,28.887857
2015-03-24,37.068,37.068,36.599,32.02,24600,27.979105
2015-03-25,36.782,36.793,36.507,32.02,108400,27.979105
2015-03-26,36.839,36.919,36.393,31.959999,33300,27.926676
2015-03-27,36.828,36.828,36.301,31.790001,18400,27.778131
2015-03-30,36.656,36.656,36.267,31.91,25200,27.882988
2015-03-31,36.278,39.105,36.255,31.82,26400,27.804344
2015-04-01,36.427,36.622,36.393,31.809999,95100,27.795607
2015-04-02,36.37,36.656,36.37,31.959999,21800,27.926676
2015-04-06,36.965,37.045,36.645,32.34,27800,28.25872
2015-04-07,37.011,37.446,36.919,32.41,24700,28.319887
2015-04-08,37.125,37.125,36.725,32.119999,21300,28.066484
2015-04-09,36.919,36.919,36.667,32.169998,28800,28.110172
2015-04-10,36.999,36.999,36.816,32.310001,24300,28.23251
2015-04-13,36.988,37.045,36.851,32.299999,28200,28.223766
2015-04-14,37.034,37.56,37.034,32.790001,19800,28.65193
2015-04-15,37.674,38.281,37.583,33.299999,24000,29.09757
2015-04-16,37.983,38.258,37.88,33.240002,13400,29.045141
2015-04-17,38.098,38.098,37.526,32.959999,25500,28.800474
2015-04-20,38.052,38.338,37.858,33.279999,20500,29.080091
2015-04-21,38.327,38.327,37.869,33.200001,11700,29.010189
2015-04-22,38.109,38.281,37.995,33.439999,11400,29.2199
2015-04-23,38.338,38.601,38.338,33.720001,18300,29.464565
2015-04-24,38.624,38.624,38.178,33.599998,18000,29.359709
2015-04-27,38.682,38.682,38.075,33.360001,41800,29.149998
2015-04-28,38.292,38.441,38.052,33.59,26500,29.350971
2015-04-29,38.487,38.968,38.292,33.939999,12800,29.656799
2015-04-30,38.899,38.979,38.59,33.880001,19400,29.604374
2015-05-01,38.945,38.945,38.338,33.709999,22400,29.45583
2015-05-04,38.739,38.739,38.361,33.610001,64500,29.36845
2015-05-05,38.796,38.796,38.373,33.529999,25900,29.298542
2015-05-06,38.647,38.647,37.766,33.099998,17300,28.922808
2015-05-07,37.766,37.789,37.034,32.509998,21600,28.407265
2015-05-08,37.56,37.56,37.056,32.630001,13800,28.512123
2015-05-11,37.446,37.446,37.079,32.619999,9600,28.503386
2015-05-12,37.251,37.583,37.182,32.700001,18100,28.573288
2015-05-13,37.743,37.743,37.171,32.779999,30500,28.643192
2015-05-14,37.777,37.8,37.457,32.73,15700,28.599503
2015-05-15,37.64,37.732,37.308,32.939999,17600,28.782997
2015-05-18,37.583,37.812,37.583,33.029999,8900,28.861643
2015-05-19,37.594,37.606,37.388,32.759998,16300,28.625715
2015-05-20,37.331,37.423,37.217,32.580002,33600,28.468433
2015-05-21,37.411,37.571,37.4,32.830002,24100,28.686886
2015-05-22,37.663,37.663,37.423,32.82,33100,28.678143
2015-05-26,37.217,37.217,36.988,32.490002,24600,28.389793
2015-05-27,37.205,37.205,36.954,32.450001,14000,28.354839
2015-05-28,37.262,37.262,36.702,32.139999,29000,28.08396
2015-05-29,36.645,36.931,36.645,32.209999,17200,28.145124
2015-06-01,36.976,36.976,36.622,32.16,27400,28.101437
2015-06-02,36.713,37.056,36.713,32.349998,21200,28.267458
2015-06-03,36.954,36.954,36.542,31.940001,14000,27.909201
2015-06-04,36.439,36.439,35.718,31.209999,45100,27.271326
2015-06-05,35.912,36.015,35.809,31.35,16400,27.39366
2015-06-08,35.992,35.992,35.374,30.91,43600,27.009184
2015-06-09,35.477,35.489,35.317,30.940001,12100,27.0354
2015-06-10,35.512,35.649,35.294,30.870001,17900,26.974232
2015-06-11,35.351,35.351,34.985,30.73,85900,26.851902
2015-06-12,35.008,35.054,34.871,30.59,18100,26.72957
2015-06-15,35.191,35.191,34.71,30.51,22400,26.659664
2015-06-16,34.653,34.939,34.653,30.450001,12500,26.607237
2015-06-17,35.134,35.134,34.527,30.33,21600,26.502382
2015-06-18,34.539,34.848,34.539,30.309999,19000,26.484903
2015-06-19,34.516,34.768,34.356,30.02,58500,26.231503
2015-06-22,34.344,34.63,34.344,30.25,18200,26.432478
2015-06-23,33.532,33.944,33.474,29.58,35000,25.847031
2015-06-24,33.989,33.989,33.589,29.440001,68700,25.724697
2015-06-25,33.864,33.886,33.36,29.17,16100,25.48877
2015-06-26,33.303,33.406,33.097,29.030001,22700,25.36644
2015-06-29,32.902,32.948,32.433,28.34,60500,24.763517
2015-06-30,32.845,32.845,32.135,28.190001,38300,24.63245
2015-07-01,32.502,32.502,31.884,28.059999,67800,24.518852
2015-07-02,32.216,32.353,31.975,28,35900,24.466425
2015-07-06,31.746,32.09,31.723,27.76,27700,24.256714
2015-07-07,31.769,32.158,31.186,28.08,20800,24.536329
2015-07-08,32.044,32.067,31.414,27.549999,26800,24.073214
2015-07-09,31.701,31.941,31.678,27.77,22300,24.265451
2015-07-10,32.021,32.124,31.826,28.049999,16900,24.510115
2015-07-13,32.33,32.433,32.113,28.219999,13800,24.658659
2015-07-14,32.147,32.547,32.147,28.33,20600,24.754782
2015-07-15,32.296,32.41,32.021,27.99,12800,24.457687
2015-07-16,32.158,32.158,31.758,27.799999,30400,24.291664
2015-07-17,31.975,31.975,31.186,27.48,19300,24.012047
2015-07-20,31.357,31.357,30.636,26.77,89200,23.391649
2015-07-21,30.613,31.22,30.613,26.889999,21100,23.496504
2015-07-22,30.922,30.922,30.018,26.32,14900,22.99844
2015-07-23,30.121,30.304,29.778,26.09,22900,22.797466
2015-07-24,29.675,30.018,29.675,26.17,49500,22.867367
2015-07-27,30.247,30.247,29.561,26.209999,15300,22.902321
2015-07-28,29.984,30.888,29.984,26.85,38400,23.461554
2015-07-29,30.899,31.414,30.613,27.389999,81800,23.933405
2015-07-30,31.346,31.346,30.911,27.17,11900,23.741171
2015-07-31,31.094,31.094,30.579,26.76,35700,23.382914
2015-08-03,30.625,30.625,29.732,26.01,201100,22.727562
2015-08-04,29.755,29.812,28.382,25.66,53700,22.421732
2015-08-05,29.744,29.847,28.462,24.870001,26600,21.731426
2015-08-06,28.611,29.469,27.729,24.870001,96200,21.731426
2015-08-07,28.302,28.759,28.164,24.620001,64200,21.51298
2015-08-10,28.267,29.332,28.267,25.629999,42100,22.395514
2015-08-11,29.377,29.4,28.691,25.540001,18400,22.316875
2015-08-12,29.091,29.892,29.091,26.120001,21600,22.823681
2015-08-13,30.098,30.098,29.171,25.59,29800,22.360565
2015-08-14,29.297,29.652,29.297,25.879999,12000,22.613968
2015-08-17,29.538,29.938,29.412,26.02,37500,22.736298
2015-08-18,29.892,29.892,29.274,25.65,21000,22.412992
2015-08-19,29.412,29.412,28.347,24.93,24000,21.783857
2015-08-20,28.611,28.611,28.325,24.799999,7600,21.670261
2015-08-21,27.832,28.027,27.02,23.610001,50500,20.63044
2015-08-24,26.001,27.1,23.999,22.879999,59300,19.992563
2015-08-25,27.306,27.398,26.837,23.51,35200,20.54306
2015-08-26,27.008,27.317,26.814,23.870001,15700,20.85763
2015-08-27,29.068,29.068,27.867,24.85,25800,21.713951
2015-08-28,28.382,29.309,28.382,25.469999,213500,22.255709
2015-08-31,29.114,29.355,28.382,25.530001,26100,22.308138
2015-09-01,29.183,29.183,28.45,24.9,17200,21.757641
2015-09-02,29.046,29.046,28.096,24.870001,46300,21.731426
2015-09-03,29.057,29.057,28.542,25,16100,21.845022
2015-09-04,28.473,28.576,28.199,24.77,23000,21.644049
2015-09-08,28.325,28.576,28.233,24.67,14700,21.556667
2015-09-09,28.656,28.656,27.901,24.379999,18100,21.303263
2015-09-10,27.924,27.924,27.638,24.35,20700,21.277052
2015-09-11,27.569,27.569,27.123,23.82,34100,20.813936
2015-09-14,27.352,27.398,27.123,23.780001,29000,20.778988
2015-09-15,27.42,27.42,27.192,23.799999,13200,20.796459
2015-09-16,27.615,27.775,27.478,24.27,8500,21.20715
2015-09-17,27.935,28.599,27.752,24.469999,7300,21.381907
2015-09-18,27.752,28.508,27.569,24.23,17500,21.172194
2015-09-21,29.412,29.412,27.718,24.370001,80900,21.294529
2015-09-22,27.661,27.867,26.745,23.440001,117900,20.481894
2015-09-23,26.963,26.974,26.15,22.860001,56000,19.975088
2015-09-24,26.024,26.333,25.441,22.58,35200,19.730425
2015-09-25,25.875,26.23,25.612,22.48,31900,19.643045
2015-09-28,25.612,25.692,24.285,21.280001,70000,18.594484
2015-09-29,24.445,24.628,23.106,20.27,106500,17.711945
2015-09-30,24.102,24.594,23.438,21.440001,369600,18.734293
2015-10-01,24.662,25.154,24.605,21.76,85700,19.013908
2015-10-02,24.731,25.75,24.731,22.43,8600,19.599356
2015-10-05,26.104,26.413,26.104,23.07,14100,20.158587
2015-10-06,26.471,27.123,26.436,23.459999,14700,20.499369
2015-10-07,27.226,27.443,26.963,23.700001,15300,20.70908
2015-10-08,27.031,27.798,27.031,24.23,11100,21.172194
2015-10-09,27.924,28.038,27.592,24.129999,17500,21.084816
2015-10-12,27.764,27.764,27.146,23.76,19500,20.761507
2015-10-13,27.214,27.237,26.745,23.370001,7100,20.420729
2015-10-14,26.917,27.054,26.802,23.639999,5000,20.656654
2015-10-15,27.123,27.386,26.768,23.860001,19400,20.84889
2015-10-16,27.157,27.592,27.157,24.030001,12400,20.997435
2015-10-19,27.501,27.501,26.986,23.700001,7200,20.70908
2015-10-20,27.203,27.272,27.043,23.83,58300,20.822674
2015-10-21,26.917,27.26,26.905,23.620001,7000,20.639177
2015-10-22,26.986,26.986,26.425,23.34,27200,20.394512
2015-10-23,26.825,26.825,26.333,23.1,16100,20.184801
2015-10-26,26.402,26.402,26.036,22.76,31300,19.887711
2015-10-27,25.715,25.818,25.292,22.219999,13200,19.415854
2015-10-28,25.475,26.276,25.475,22.809999,11000,19.931398
2015-10-29,26.207,26.539,26.207,23.190001,25300,20.263445
2015-10-30,26.539,26.814,26.242,23.299999,25200,20.35956
2015-11-02,26.551,27.031,26.551,23.459999,23800,20.499369
2015-11-03,27.146,27.249,26.917,23.809999,20200,20.805201
2015-11-04,27.306,27.306,26.39,23.190001,14500,20.263445
2015-11-05,26.287,26.471,25.99,22.73,40800,19.861494
2015-11-06,25.887,26.081,25.681,22.440001,11900,19.608091
2015-11-09,25.383,25.715,25.246,22.059999,10600,19.276047
2015-11-10,25.074,25.406,25.063,21.9,7000,19.13624
2015-11-11,25.063,25.246,24.479,21.549999,11400,18.830408
2015-11-12,24.525,24.525,23.964,20.969999,45600,18.323606
2015-11-13,24.067,24.182,23.701,21.110001,73200,18.445936
2015-11-16,24.754,24.788,24.285,21.65,115300,18.917789
2015-11-17,24.777,24.8,24.285,21.290001,173500,18.603222
2015-11-18,24.594,24.765,24.296,21.530001,172200,18.812935
2015-11-19,24.662,24.662,24.193,21.200001,114400,18.524578
2015-11-20,24.262,24.285,23.678,20.790001,19200,18.166321
2015-11-23,23.587,23.918,23.507,20.610001,30700,18.009035
2015-11-24,23.484,24.136,23.484,20.68,70000,18.070206
2015-11-25,23.655,23.953,23.507,20.76,58000,18.140106
2015-11-27,23.781,23.861,23.598,20.82,14000,18.192533
2015-11-30,23.712,23.987,23.655,20.799999,39700,18.175056
2015-12-01,23.953,23.999,23.209,20.42,38800,17.843014
2015-12-02,23.381,23.381,22.442,19.780001,84300,17.283781
2015-12-03,22.751,22.751,21.801,19.25,259800,16.820667
2015-12-04,22.03,22.03,21.069,18.450001,51900,16.121628
2015-12-07,21,21,19.1,17.139999,107000,14.976947
2015-12-08,18.929,20.108,18.883,17.219999,170100,15.046851
2015-12-09,19.707,20.954,19.707,18.23,53500,15.92939
2015-12-10,20.863,21.012,20.176,17.629999,51500,15.405109
2015-12-11,19.764,20.073,19.02,16.799999,65400,14.679854
2015-12-14,19.238,19.238,18.265,16.16,34100,14.120622
2015-12-15,18.883,18.906,18.357,16.15,38400,14.111883
2015-12-16,18.608,18.94,18.391,16.41,29300,14.339071
2015-12-17,18.597,18.597,17.441,15.33,63000,13.395368
2015-12-18,17.864,18.139,17.613,15.45,66500,13.500223
2015-12-21,17.75,18.357,17.475,15.98,60400,13.963338
2015-12-22,18.059,19.203,17.899,16.6,60500,14.505095
2015-12-23,19.009,20.005,19.009,17.450001,586600,15.247828
2015-12-24,20.153,20.233,19.844,17.379999,45900,15.18666
2015-12-28,19.478,19.57,19.284,16.93,32900,14.793449
2015-12-29,19.959,19.959,19.089,16.780001,40400,14.662379
2015-12-30,19.1,19.272,18.883,16.709999,47300,14.601213
2015-12-31,19.169,19.947,18.975,17.389999,36800,15.195397
2016-01-04,20.005,20.027,19.57,17.450001,36200,15.247828
2016-01-05,20.039,20.05,19.707,17.41,49900,15.212874
2016-01-06,19.455,19.627,18.986,16.59,14000,14.496357
2016-01-07,18.368,18.894,18.219,15.94,29600,13.928386
2016-01-08,18.448,18.952,18.311,16.24,48600,14.190526
2016-01-11,18.517,18.528,17.533,15.46,60000,13.508962
2016-01-12,18.07,18.448,16.743,15.26,291400,13.334202
2016-01-13,17.567,17.761,16.388,14.46,29900,12.63516
2016-01-14,16.583,17.327,16.32,15.09,32100,13.185657
2016-01-15,16.709,16.743,16.32,14.37,20100,12.55652
2016-01-19,16.434,16.743,15.232,13.47,47100,11.770099
2016-01-20,15.198,15.209,13.893,12.81,38700,11.19339
2016-01-21,14.82,15.679,14.797,13.55,15700,11.840001
2016-01-22,15.85,17.269,15.85,14.98,21100,13.089536
2016-01-25,16.846,17.578,16.72,14.65,18300,12.801183
2016-01-26,17.155,17.315,16.48,15.04,24200,13.141965
2016-01-27,17.166,17.372,16.812,14.99,24500,13.098275
2016-01-28,17.601,17.956,17.258,15.39,12700,13.447795
2016-01-29,17.945,18.093,17.681,15.57,51700,13.605081
2016-02-01,17.613,17.613,17.006,15.12,25500,13.211869
2016-02-02,17.212,17.212,16.72,14.88,13300,13.002157
2016-02-03,16.915,17.121,16.4,14.96,8100,13.072062
2016-02-04,17.098,17.624,17.098,15.01,7000,13.115751
2016-02-05,16.834,17.327,16.777,14.7,16200,12.844873
2016-02-08,16.777,16.777,15.312,13.46,20400,11.761359
2016-02-09,15.267,15.267,14.477,12.92,19400,11.289507
2016-02-10,14.797,15.038,14.683,12.91,11500,11.28077
2016-02-11,14.305,14.488,13.664,12.16,44300,10.625418
2016-02-12,14.397,14.775,14.305,12.81,19300,11.19339
2016-02-16,15.164,15.587,14.878,13.58,23400,11.866215
2016-02-17,15.782,16.457,15.644,14.19,41700,12.399234
2016-02-18,16.354,16.354,15.919,14.07,34000,12.294378
2016-02-19,16.136,16.136,15.404,13.65,11100,11.927382
2016-02-22,15.484,16.365,15.484,14.26,12500,12.460401
2016-02-23,16.239,16.32,15.576,13.61,7600,11.89243
2016-02-24,15.45,16.033,14.992,14,51600,12.233212
2016-02-25,15.713,15.919,15.45,13.84,13100,12.093404
2016-02-26,16.354,16.423,15.908,13.99,13400,12.224475
2016-02-29,16.022,16.342,16.022,14.18,17300,12.390497
2016-03-01,16.228,16.388,16.114,14.27,16900,12.46914
2016-03-02,16.308,16.754,16.171,14.63,52500,12.783706
2016-03-03,16.503,17.51,16.503,15.17,55400,13.25556
2016-03-04,17.372,17.784,17.189,15.23,32400,13.307987
2016-03-07,17.384,18.162,17.372,15.87,18000,13.867219
2016-03-08,18.242,18.242,17.235,15.09,18300,13.185657
2016-03-09,17.395,17.647,17.269,15.41,15300,13.465272
2016-03-10,17.807,17.807,17.166,15.17,87500,13.25556
2016-03-11,17.498,17.67,17.349,15.36,63300,13.42158
2016-03-14,17.51,17.624,17.201,15.35,24200,13.412845
2016-03-15,17.315,17.338,16.949,15.15,19800,13.238084
2016-03-16,17.441,18.162,17.441,15.84,18600,13.841006
2016-03-17,18.093,18.814,18.093,16.360001,28900,14.295383
2016-03-18,18.883,19.1,18.654,16.459999,13900,14.382762
2016-03-21,18.917,18.917,18.322,16.15,55300,14.111883
2016-03-22,17.545,17.913,17.478,16.02,13300,14.353803
2016-03-23,17.913,17.913,17.054,15.28,41300,13.690767
2016-03-24,16.473,17.121,16.418,15.26,22200,13.672848
2016-03-28,17.043,17.087,16.808,15.07,9800,13.502609
2016-03-29,16.63,16.92,16.406,15.16,14300,13.583249
2016-03-30,17.232,17.456,16.998,15.37,13400,13.771407
2016-03-31,17.176,17.467,17.176,15.61,40300,13.986444
2016-04-01,16.853,17.087,16.741,15.04,31200,13.47573
2016-04-04,16.752,16.853,16.529,14.89,14300,13.341331
2016-04-05,16.618,16.652,16.485,14.84,11600,13.296531
2016-04-06,16.741,17.065,16.708,15.29,9500,13.699728
2016-04-07,16.775,17.143,16.775,15.26,16600,13.672848
2016-04-08,17.578,17.645,17.377,15.66,29400,14.031245
2016-04-11,17.712,17.746,17.456,15.7,8100,14.067084
2016-04-12,17.623,18.293,17.601,16.379999,13100,14.676358
2016-04-13,18.248,18.382,18.136,16.4,18200,14.69428
2016-04-14,18.27,18.27,18.036,16.24,10500,14.55092
2016-04-15,18.114,18.214,17.868,16.07,20500,14.398602
2016-04-18,17.645,18.147,17.299,16.26,20400,14.568842
2016-04-19,18.214,18.772,18.214,16.809999,17100,15.061635
2016-04-20,18.739,19.208,18.694,17.040001,35400,15.267717
2016-04-21,19.275,19.543,19.275,17.469999,19600,15.65299
2016-04-22,19.632,20.022,19.632,17.77,27800,15.921791
2016-04-25,19.844,19.844,19.554,17.52,8400,15.697792
2016-04-26,19.699,19.911,19.643,17.790001,16300,15.939711
2016-04-27,20.156,20.525,20.045,18.27,26600,16.369785
2016-04-28,20.424,20.424,20,17.92,13400,16.056189
2016-04-29,20.212,20.302,19.911,18.07,8000,16.190586
2016-05-02,20.034,20.156,19.71,17.799999,13100,15.948667
2016-05-03,19.42,19.453,19.219,17.43,34300,15.617152
2016-05-04,19.531,19.598,19.264,17.459999,13300,15.644029
2016-05-05,19.598,19.889,19.565,17.559999,18100,15.733629
2016-05-06,19.676,19.755,19.665,17.66,11900,15.823231
2016-05-09,19.531,19.531,18.985,17.290001,46200,15.491714
2016-05-10,19.409,19.587,19.386,17.440001,8600,15.626113
2016-05-11,19.531,19.911,19.353,17.709999,11600,15.868029
2016-05-12,19.71,19.911,19.71,17.84,9400,15.98451
2016-05-13,19.755,20.101,19.755,17.83,8000,15.975549
2016-05-16,19.9,20.313,19.9,18.200001,7400,16.307066
2016-05-17,20.458,20.804,20.346,18.5,8500,16.575865
2016-05-18,20.413,20.525,20.145,18.059999,127100,16.181629
2016-05-19,20.134,20.603,20.034,18.370001,9900,16.459387
2016-05-20,20.636,20.927,20.402,18.700001,25700,16.755066
2016-05-23,20.871,20.949,20.647,18.66,11000,16.719221
2016-05-24,20.703,20.748,20.581,18.459999,4000,16.540024
2016-05-25,20.893,21.016,20.781,18.68,10200,16.737143
2016-05-26,21.005,21.005,20.525,18.42,13800,16.504187
2016-05-27,20.313,20.547,20.313,18.389999,55900,16.477304
2016-05-31,20.525,20.893,20.514,18.540001,10900,16.611704
2016-06-01,20.592,21.083,20.592,18.860001,17000,16.898422
2016-06-02,21.06,21.351,21.06,19.049999,19300,17.068659
2016-06-03,21.496,21.496,21.116,19.059999,7200,17.077621
2016-06-06,21.641,21.786,21.406,19.4,10200,17.382257
2016-06-07,21.853,22.031,21.853,19.629999,28100,17.588335
2016-06-08,22.054,22.076,21.719,19.530001,11400,17.498739
2016-06-09,21.708,21.708,21.44,19.41,12400,17.391216
2016-06-10,21.239,21.272,20.893,18.75,6100,16.799864
2016-06-13,20.726,20.781,20.502,18.48,17100,16.557945
2016-06-14,20.48,20.48,20.134,18.280001,29600,16.378744
2016-06-15,20.201,20.703,20.201,18.48,9600,16.557945
2016-06-16,20.38,20.502,20.156,18.35,11200,16.441467
2016-06-17,20.558,20.804,20.558,18.58,6500,16.647543
2016-06-20,21.183,21.183,20.86,18.83,17100,16.871542
2016-06-21,20.318,20.482,20.078,18.690001,5300,17.109556
2016-06-22,20.351,20.558,20.285,18.65,3400,17.072937
2016-06-23,20.755,20.842,20.46,19.07,15000,17.457422
2016-06-24,20.263,20.711,20.121,18.530001,13900,16.963087
2016-06-27,19.772,19.958,19.248,17.77,13600,16.267351
2016-06-28,19.925,20.285,19.466,18.530001,22100,16.963087
2016-06-29,20.7,20.7,20.253,18.870001,10200,17.274336
2016-06-30,20.395,20.635,20.384,18.860001,5100,17.265179
2016-07-01,20.668,20.799,20.668,18.940001,12500,17.338417
2016-07-05,20.307,20.427,20.143,18.639999,15700,17.063784
2016-07-06,20.242,20.504,20.176,18.77,14600,17.182793
2016-07-07,20.733,20.864,20.362,18.639999,11900,17.063784
2016-07-08,20.438,20.7,20.406,18.940001,16000,17.338417
2016-07-11,20.602,20.722,20.493,18.76,11300,17.173635
2016-07-12,20.908,21.268,20.908,19.440001,18000,17.796135
2016-07-13,20.974,20.974,20.875,19.190001,15800,17.567274
2016-07-14,21.356,21.356,20.984,19.33,23500,17.695436
2016-07-15,21.323,21.323,20.941,19.280001,6900,17.649666
2016-07-18,20.919,21.236,20.919,19.43,18500,17.786978
2016-07-19,21.247,21.247,21.05,19.360001,5100,17.7229
2016-07-20,21.083,21.214,20.897,19.389999,37800,17.750362
2016-07-21,21.258,21.345,20.974,19.25,20200,17.622202
2016-07-22,21.225,21.225,21.006,19.389999,36600,17.750362
2016-07-25,21.148,21.148,20.963,19.24,17000,17.613047
2016-07-26,21.017,21.083,20.919,19.190001,19600,17.567274
2016-07-27,21.094,21.137,20.81,19.08,60600,17.466578
2016-07-28,20.81,20.821,20.624,18.92,14500,17.320107
2016-07-29,20.449,20.995,20.449,19.219999,15500,17.59474
2016-08-01,21.094,21.094,20.34,18.629999,8200,17.054628
2016-08-02,20.537,20.591,20.111,18.65,20600,17.072937
2016-08-03,20.296,20.81,20.296,19.049999,6700,17.439114
2016-08-04,20.853,20.952,20.679,19.040001,19300,17.429962
2016-08-05,20.788,20.995,20.711,19.17,7200,17.548967
2016-08-08,21.072,21.323,21.072,19.379999,20600,17.741209
2016-08-09,21.334,21.334,20.984,19.33,69300,17.695436
2016-08-10,21.268,21.268,20.81,19.07,91400,17.457422
2016-08-11,20.864,21.039,20.864,19.25,1300,17.622202
2016-08-12,20.995,21.356,20.995,19.389999,53100,17.750362
2016-08-15,21.378,21.443,21.301,19.620001,29500,17.960915
2016-08-16,21.498,21.52,21.389,19.58,70100,17.924295
2016-08-17,21.279,21.356,21.181,19.52,19500,17.869371
2016-08-18,21.465,21.629,21.465,19.75,8500,18.079922
2016-08-19,21.552,21.552,21.334,19.66,14400,17.997532
2016-08-22,21.258,21.279,21.17,19.41,15200,17.768671
2016-08-23,21.192,21.323,21.083,19.51,3100,17.860216
2016-08-24,21.301,21.301,21.05,19.27,12000,17.640509
2016-08-25,21.017,21.116,21.006,19.299999,8700,17.667973
2016-08-26,21.039,21.214,20.919,19.26,16300,17.631355
2016-08-29,20.886,21.214,20.886,19.42,6800,17.777826
2016-08-30,21.258,21.279,21.17,19.42,32200,17.777826
2016-08-31,21.006,21.137,20.974,19.34,68200,17.704592
2016-09-01,21.017,21.072,20.919,19.219999,11300,17.59474
2016-09-02,21.039,21.29,21.039,19.469999,5400,17.823599
2016-09-06,21.116,21.465,21.116,19.610001,40100,17.951761
2016-09-07,21.454,21.552,21.432,19.709999,14800,18.043303
2016-09-08,21.52,21.749,21.52,19.84,5200,18.16231
2016-09-09,21.465,21.531,21.159,19.469999,12500,17.823599
2016-09-12,21.028,21.203,20.995,19.32,5200,17.686283
2016-09-13,20.646,20.842,20.406,18.73,22500,17.146173
2016-09-14,20.362,20.69,20.362,18.709999,26300,17.127863
2016-09-15,20.449,20.449,20.318,18.6,6000,17.027166
2016-09-16,20.187,20.34,20.187,18.57,2300,16.999702
2016-09-19,20.493,20.711,20.493,18.809999,11600,17.219408
2016-09-20,19.651,19.843,19.629,18.469999,7400,17.275528
2016-09-21,19.79,20.111,19.768,18.809999,6600,17.59354
2016-09-22,20.239,20.292,20.228,18.950001,2600,17.724487
2016-09-23,20.41,20.41,20.153,18.879999,9700,17.659012
2016-09-26,20.217,20.335,20.153,18.870001,9800,17.64966
2016-09-27,20.207,20.207,19.875,18.629999,10700,17.425179
2016-09-28,20.046,20.175,19.672,18.85,17200,17.630953
2016-09-29,20.292,20.292,19.993,18.77,18600,17.556128
2016-09-30,20.014,20.185,20.014,18.83,5300,17.612247
2016-10-03,20.25,20.25,19.875,18.639999,11300,17.434534
2016-10-04,20.089,20.089,19.64,18.379999,15000,17.191347
2016-10-05,19.833,19.972,19.694,18.58,21000,17.378412
2016-10-06,19.982,19.982,19.747,18.530001,5400,17.33165
2016-10-07,20.014,20.014,19.715,18.450001,2800,17.256821
2016-10-10,19.875,20.046,19.875,18.75,10300,17.53742
2016-10-11,20.046,20.046,19.747,18.610001,6400,17.406473
2016-10-12,19.801,19.833,19.704,18.43,3800,17.238113
2016-10-13,19.865,19.865,19.619,18.49,96500,17.294235
2016-10-14,19.865,19.886,19.79,18.57,10000,17.369061
2016-10-17,19.854,19.907,19.779,18.57,10200,17.369061
2016-10-18,20.046,20.046,19.886,18.75,9800,17.53742
2016-10-19,20.089,20.282,20.078,18.84,14000,17.621601
2016-10-20,20.025,20.239,20.025,18.9,10600,17.677719
2016-10-21,20.132,20.175,19.993,18.74,15800,17.528067
2016-10-24,20.1,20.185,19.972,18.74,5800,17.528067
2016-10-25,20.036,20.078,19.801,18.530001,6100,17.33165
2016-10-26,19.651,19.801,19.651,18.51,18800,17.312943
2016-10-27,19.779,19.822,19.715,18.450001,5100,17.256821
2016-10-28,19.704,19.822,19.48,18.219999,13500,17.041695
2016-10-31,19.565,19.565,19.245,18.09,19500,16.920103
2016-11-01,19.458,19.458,18.967,17.75,18400,16.602091
2016-11-02,18.785,18.86,18.71,17.59,3100,16.45244
2016-11-03,18.945,18.945,18.614,17.459999,7900,16.330845
2016-11-04,18.592,18.657,18.507,17.4,13300,16.274725
2016-11-07,18.657,18.86,18.657,17.530001,21700,16.39632
2016-11-08,18.774,18.924,18.678,17.530001,24200,16.39632
2016-11-09,18.881,19.544,18.881,18.200001,23700,17.022991
2016-11-10,19.319,19.694,19.319,18.309999,13500,17.125875
2016-11-11,19.587,19.587,19.202,18.309999,27700,17.125875
2016-11-14,19.555,19.726,19.523,18.450001,11900,17.256821
2016-11-15,19.779,20.025,19.779,18.709999,25500,17.500008
2016-11-16,20.046,20.046,19.555,18.290001,14700,17.10717
2016-11-17,19.64,19.801,19.629,18.41,20000,17.219408
2016-11-18,19.758,19.929,19.672,18.639999,8400,17.434534
2016-11-21,20.121,20.25,19.972,18.790001,32900,17.574833
2016-11-22,20.239,20.239,19.94,18.75,13300,17.53742
2016-11-23,19.929,20.1,19.897,18.799999,9200,17.584187
2016-11-25,20.089,20.089,19.907,18.67,5600,17.462593
2016-11-28,19.982,19.982,19.458,18.200001,9400,17.022991
2016-11-29,19.148,19.351,19.148,18.049999,18800,16.882689
2016-11-30,19.929,20.014,19.79,18.620001,28500,17.415829
2016-12-01,20.1,20.1,19.523,18.370001,10800,17.181995
2016-12-02,19.779,19.822,19.64,18.52,10400,17.322294
2016-12-05,19.886,19.886,19.79,18.559999,4900,17.359707
2016-12-06,19.875,19.907,19.758,18.58,16000,17.378412
2016-12-07,19.736,20.057,19.736,18.75,9500,17.53742
2016-12-08,20.036,20.228,20.004,18.91,12400,17.687073
2016-12-09,20.196,20.228,20.078,18.889999,29700,17.668367
2016-12-12,20.463,20.463,20.046,18.77,27600,17.556128
2016-12-13,20.207,20.207,19.95,18.85,20300,17.630953
2016-12-14,20.004,20.078,19.758,18.540001,10900,17.341002
2016-12-15,19.662,20.014,19.662,18.67,5000,17.462593
2016-12-16,20.196,20.228,20.1,18.83,28500,17.612247
2016-12-19,20.046,20.185,19.972,18.780001,13600,17.565479
2016-12-20,19.473,19.473,19.326,18.559999,12400,17.737503
2016-12-21,19.358,19.578,19.337,18.690001,18500,17.861744
2016-12-22,19.703,19.776,19.557,18.84,17000,18.005095
2016-12-23,19.714,19.85,19.714,18.959999,18600,18.119776
2016-12-27,19.923,19.933,19.839,18.99,57700,18.148447
2016-12-28,19.975,19.975,19.735,18.870001,43300,18.033766
2016-12-29,19.85,19.85,19.64,18.85,31000,18.014652
2016-12-30,19.787,19.787,19.619,18.870001,30200,18.033766
2017-01-03,19.787,20.069,19.787,19.110001,39600,18.263128
2017-01-04,20.153,20.352,20.101,19.4,13400,18.540277
2017-01-05,20.394,20.425,20.247,19.379999,14300,18.521164
2017-01-06,20.289,20.446,20.289,19.49,13300,18.626289
2017-01-09,20.383,20.383,20.132,19.26,37400,18.406483
2017-01-10,20.195,20.216,19.965,19.08,12400,18.234459
2017-01-11,20.122,20.289,20.111,19.360001,12700,18.502052
2017-01-12,20.195,20.279,20.143,19.280001,7700,18.425596
2017-01-13,20.237,20.3,20.216,19.379999,8600,18.521164
2017-01-17,20.31,20.404,20.289,19.43,7700,18.568949
2017-01-18,20.3,20.3,20.143,19.280001,15600,18.425596
2017-01-19,20.195,20.195,20.017,19.16,32300,18.310913
2017-01-20,20.247,20.279,20.101,19.25,6000,18.396925
2017-01-23,20.153,20.164,20.038,19.25,5400,18.396925
2017-01-24,20.101,20.53,20.101,19.610001,32900,18.740973
2017-01-25,20.634,20.812,20.53,19.85,21800,18.970335
2017-01-26,20.823,20.99,20.802,20.040001,10200,19.151917
2017-01-27,20.927,20.969,20.77,20,14900,19.113688
2017-01-30,20.927,20.927,20.53,19.67,9800,18.798313
2017-01-31,20.519,20.582,20.321,19.67,19000,18.798313
2017-02-01,20.906,20.98,20.645,19.870001,19500,18.98945
2017-02-02,20.844,20.844,20.697,19.870001,25000,18.98945
2017-02-03,20.739,21.032,20.666,20.08,13500,19.190144
2017-02-06,21.053,21.053,20.844,19.99,14100,19.104132
2017-02-07,20.791,20.812,20.572,19.790001,22300,18.912996
2017-02-08,20.624,20.739,20.404,19.809999,153200,18.932108
2017-02-09,20.77,20.906,20.77,19.940001,107600,19.056347
2017-02-10,20.927,20.98,20.823,20.040001,86000,19.151917
2017-02-13,21.022,21.022,20.802,20.01,41300,19.123245
2017-02-14,21.022,21.022,20.844,20.07,22900,19.180586
2017-02-15,21.011,21.032,20.886,20.07,48800,19.180586
2017-02-16,21.084,21.084,20.708,19.860001,88600,18.979893
2017-02-17,20.739,20.77,20.613,19.76,24700,18.884325
2017-02-21,20.76,20.812,20.666,19.77,60500,18.893883
2017-02-22,20.666,20.666,20.404,19.530001,29800,18.664516
2017-02-23,20.655,20.655,20.268,19.51,9800,18.645403
2017-02-24,20.331,20.331,20.111,19.35,14200,18.492495
2017-02-27,20.31,20.321,20.195,19.299999,11200,18.444708
2017-02-28,20.216,20.321,20.132,19.4,9100,18.540277
2017-03-01,20.593,20.614,20.373,19.690001,31700,18.817427
2017-03-02,20.603,20.603,20.415,19.540001,32400,18.674074
2017-03-03,20.477,20.53,20.415,19.559999,29700,18.693186
2017-03-06,20.415,20.415,20.247,19.43,13700,18.568949
2017-03-07,20.436,20.436,20.237,19.389999,7500,18.530722
2017-03-08,20.258,20.331,19.944,19.059999,17900,18.215345
2017-03-09,19.881,19.881,19.578,18.85,31300,18.014652
2017-03-10,19.829,19.86,19.64,18.9,19200,18.062435
2017-03-13,19.86,19.86,19.776,18.959999,6500,18.119776
2017-03-14,19.693,19.693,19.483,18.74,32700,17.909525
2017-03-15,19.797,19.954,19.682,19.02,132800,18.177118
2017-03-16,19.871,19.975,19.85,19.059999,3800,18.215345
2017-03-17,19.85,19.85,19.682,18.84,34200,18.005095
2017-03-20,19.714,19.714,19.588,18.84,6900,18.005095
2017-03-21,18.783,18.844,18.466,18.15,40600,17.721933
2017-03-22,18.537,18.568,18.466,18.1,14600,17.673113
2017-03-23,18.558,18.773,18.517,18.209999,11500,17.780518
2017-03-24,18.701,18.824,18.691,18.309999,11200,17.87816
2017-03-27,18.568,18.629,18.506,18.16,22200,17.731697
2017-03-28,18.588,18.773,18.568,18.280001,17900,17.848869
2017-03-29,18.793,19.06,18.742,18.540001,28500,18.102737
2017-03-30,18.967,19.049,18.916,18.52,8600,18.083208
2017-03-31,18.916,19.234,18.916,18.780001,3800,18.337076
2017-04-03,19.223,19.295,19.09,18.84,12000,18.39566
2017-04-04,19.438,19.438,19.295,18.870001,12800,18.424953
2017-04-05,19.449,19.52,19.223,18.780001,14000,18.337076
2017-04-06,19.316,19.397,19.254,18.940001,12700,18.493303
2017-04-07,19.418,19.428,19.285,18.83,10300,18.385897
2017-04-10,19.357,19.357,19.254,18.799999,5800,18.356604
2017-04-11,19.244,19.244,19.06,18.65,10200,18.210142
2017-04-12,19.08,19.121,19.029,18.59,7600,18.151556
2017-04-13,19.039,19.049,18.834,18.4,14000,17.966038
2017-04-17,18.906,18.906,18.803,18.440001,8300,18.005095
2017-04-18,18.916,18.916,18.885,18.459999,1400,18.024622
2017-04-19,18.947,18.947,18.763,18.34,18500,17.907454
2017-04-20,18.875,18.978,18.803,18.5,8000,18.063679
2017-04-21,18.855,18.947,18.855,18.469999,6200,18.034386
2017-04-24,18.937,19.09,18.937,18.620001,4100,18.180849
2017-04-25,18.978,19.019,18.926,18.57,11000,18.132029
2017-04-26,18.988,19.06,18.957,18.51,9700,18.073444
2017-04-27,18.947,18.957,18.814,18.379999,10800,17.946508
2017-04-28,18.855,18.926,18.814,18.389999,10600,17.956272
2017-05-01,18.947,18.998,18.844,18.51,7800,18.073444
2017-05-02,18.957,18.988,18.865,18.43,3800,17.995331
2017-05-03,18.947,18.947,18.742,18.299999,6300,17.868395
2017-05-04,18.834,18.834,18.199,17.83,69200,17.409481
2017-05-05,18.302,18.701,18.302,18.26,5700,17.82934
2017-05-08,18.803,18.803,18.609,18.27,2700,17.839104
2017-05-09,18.793,18.793,18.466,18.030001,25400,17.604765
2017-05-10,18.527,18.803,18.527,18.309999,7500,17.87816
2017-05-11,18.834,18.834,18.568,18.15,20900,17.721933
2017-05-12,18.558,18.691,18.558,18.18,54200,17.751226
2017-05-15,18.783,18.824,18.629,18.209999,10700,17.780518
2017-05-16,18.701,18.711,18.517,18.110001,61900,17.682878
2017-05-17,18.537,18.537,18.271,17.85,37000,17.42901
2017-05-18,18.25,18.312,18.128,17.860001,70900,17.438774
2017-05-19,18.343,18.65,18.343,18.15,56000,17.721933
2017-05-22,18.609,18.65,18.466,18.16,25900,17.731697
2017-05-23,18.599,18.701,18.547,18.24,58500,17.809811
2017-05-24,18.67,18.732,18.496,18.09,41200,17.663349
2017-05-25,18.496,18.568,18.312,17.91,28100,17.487595
2017-05-26,18.291,18.363,18.24,17.92,20500,17.497358
2017-05-30,18.23,18.23,17.994,17.65,45300,17.233727
2017-05-31,18.025,18.025,17.831,17.48,50400,17.067736
2017-06-01,18.035,18.169,17.943,17.66,21500,17.24349
2017-06-02,18.076,18.189,17.933,17.57,34000,17.155613
2017-06-05,17.923,18.056,17.923,17.59,17000,17.175142
2017-06-06,18.025,18.076,17.861,17.65,26000,17.233727
2017-06-07,18.076,18.169,17.738,17.33,16100,16.921274
2017-06-08,17.677,17.81,17.626,17.219999,19500,16.813868
2017-06-09,17.687,17.882,17.636,17.370001,8300,16.960331
2017-06-12,17.923,17.964,17.851,17.52,12700,17.106792
2017-06-13,17.943,18.035,17.912,17.58,37100,17.165377
2017-06-14,17.923,17.923,17.626,17.209999,11600,16.804104
2017-06-15,17.615,17.615,17.267,16.860001,38000,16.462358
2017-06-16,17.267,17.615,17.257,17.200001,69400,16.79434
2017-06-19,17.554,17.554,17.349,16.959999,72900,16.559999
2017-06-20,16.68,16.68,16.1,16.15,133800,16.15
2017-06-21,16.2,16.23,16.01,16.030001,43200,16.030001
2017-06-22,16.21,16.39,16.07,16.280001,27300,16.280001
2017-06-23,16.29,16.65,16.29,16.58,17700,16.58
2017-06-26,16.65,16.87,16.62,16.84,11700,16.84
2017-06-27,16.91,17.08,16.71,16.780001,60200,16.780001
2017-06-28,16.84,17.07,16.8,16.940001,43800,16.940001
2017-06-29,17.07,17.15,17.02,17.08,22100,17.08
2017-06-30,NA,NA,NA,NA,NA,NA
2017-07-03,17.14,17.64,17.14,17.530001,25100,17.530001
2017-07-07,17.19,17.175,16.99,17.1441,17277,17.1441
